25-11-12 06:58:31.637 :       Model Name : BSRNet
25-11-12 06:58:37.773 :       Input Path : /root/media/quoc-huy/blur-DAN/Set5/LRbic/
25-11-12 06:58:37.773 :      Output Path : /root/quoc-huy/BSRGAN/testsets/experimental-results/Set5
25-11-12 06:58:37.773 : ---1 --> BSRNet --> x4--> baby.png
25-11-12 06:58:38.313 : ----PSNR/SSIM for (/root/media/quoc-huy/blur-DAN/Set5/LRbic/, x4)---- : 29.8063dB / 0.8449
25-11-12 06:58:38.314 : ---2 --> BSRNet --> x4--> bird.png
25-11-12 06:58:38.384 : ----PSNR/SSIM for (/root/media/quoc-huy/blur-DAN/Set5/LRbic/, x4)---- : 28.4801dB / 0.8477
25-11-12 06:58:38.385 : ---3 --> BSRNet --> x4--> butterfly.png
25-11-12 06:58:38.485 : ----PSNR/SSIM for (/root/media/quoc-huy/blur-DAN/Set5/LRbic/, x4)---- : 21.5046dB / 0.8195
25-11-12 06:58:38.486 : ---4 --> BSRNet --> x4--> head.png
25-11-12 06:58:38.554 : ----PSNR/SSIM for (/root/media/quoc-huy/blur-DAN/Set5/LRbic/, x4)---- : 29.1734dB / 0.6345
25-11-12 06:58:38.554 : ---5 --> BSRNet --> x4--> woman.png
25-11-12 06:58:38.645 : ----PSNR/SSIM for (/root/media/quoc-huy/blur-DAN/Set5/LRbic/, x4)---- : 25.5709dB / 0.8504
25-11-12 06:58:38.645 : ----Average PSNR/SSIM for (/root/media/quoc-huy/blur-DAN/Set5/LRbic/, x4)---- : 26.9071dB / 0.7994
25-11-12 06:58:38.645 :  
25-11-12 06:59:03.974 :       Model Name : BSRNet
25-11-12 06:59:09.664 :       Input Path : /root/media/quoc-huy/blur-DAN/Set14/LRbic/
25-11-12 06:59:09.665 :      Output Path : /root/quoc-huy/BSRGAN/testsets/experimental-results/Set14
25-11-12 06:59:09.665 : ---1 --> BSRNet --> x4--> baboon.png
25-11-12 06:59:10.137 : ----PSNR/SSIM for (/root/media/quoc-huy/blur-DAN/Set14/LRbic/, x4)---- : 19.9062dB / 0.4199
25-11-12 06:59:10.137 : ---2 --> BSRNet --> x4--> barbara.png
25-11-12 06:59:10.412 : ----PSNR/SSIM for (/root/media/quoc-huy/blur-DAN/Set14/LRbic/, x4)---- : 21.7210dB / 0.6849
25-11-12 06:59:10.412 : ---3 --> BSRNet --> x4--> bridge.png
25-11-12 06:59:10.580 : ----PSNR/SSIM for (/root/media/quoc-huy/blur-DAN/Set14/LRbic/, x4)---- : 22.1568dB / 0.5385
25-11-12 06:59:10.580 : ---4 --> BSRNet --> x4--> coastguard.png
25-11-12 06:59:10.651 : ----PSNR/SSIM for (/root/media/quoc-huy/blur-DAN/Set14/LRbic/, x4)---- : 22.6685dB / 0.5013
25-11-12 06:59:10.651 : ---5 --> BSRNet --> x4--> comic.png
25-11-12 06:59:10.712 : ----PSNR/SSIM for (/root/media/quoc-huy/blur-DAN/Set14/LRbic/, x4)---- : 19.5729dB / 0.5761
25-11-12 06:59:10.713 : ---6 --> BSRNet --> x4--> face.png
25-11-12 06:59:10.767 : ----PSNR/SSIM for (/root/media/quoc-huy/blur-DAN/Set14/LRbic/, x4)---- : 29.2142dB / 0.6355
25-11-12 06:59:10.768 : ---7 --> BSRNet --> x4--> flowers.png
25-11-12 06:59:10.920 : ----PSNR/SSIM for (/root/media/quoc-huy/blur-DAN/Set14/LRbic/, x4)---- : 23.6055dB / 0.6951
25-11-12 06:59:10.920 : ---8 --> BSRNet --> x4--> foreman.png
25-11-12 06:59:11.045 : ----PSNR/SSIM for (/root/media/quoc-huy/blur-DAN/Set14/LRbic/, x4)---- : 25.3874dB / 0.8692
25-11-12 06:59:11.046 : ---9 --> BSRNet --> x4--> lenna.png
25-11-12 06:59:11.265 : ----PSNR/SSIM for (/root/media/quoc-huy/blur-DAN/Set14/LRbic/, x4)---- : 28.6709dB / 0.8032
25-11-12 06:59:11.266 : --10 --> BSRNet --> x4--> man.png
25-11-12 06:59:11.490 : ----PSNR/SSIM for (/root/media/quoc-huy/blur-DAN/Set14/LRbic/, x4)---- : 23.9348dB / 0.6303
25-11-12 06:59:11.491 : --11 --> BSRNet --> x4--> monarch.png
25-11-12 06:59:11.800 : ----PSNR/SSIM for (/root/media/quoc-huy/blur-DAN/Set14/LRbic/, x4)---- : 26.1594dB / 0.8856
25-11-12 06:59:11.800 : --12 --> BSRNet --> x4--> pepper.png
25-11-12 06:59:12.003 : ----PSNR/SSIM for (/root/media/quoc-huy/blur-DAN/Set14/LRbic/, x4)---- : 27.1755dB / 0.8185
25-11-12 06:59:12.004 : --13 --> BSRNet --> x4--> ppt3.png
25-11-12 06:59:12.246 : ----PSNR/SSIM for (/root/media/quoc-huy/blur-DAN/Set14/LRbic/, x4)---- : 19.9115dB / 0.8497
25-11-12 06:59:12.247 : --14 --> BSRNet --> x4--> zebra.png
25-11-12 06:59:12.421 : ----PSNR/SSIM for (/root/media/quoc-huy/blur-DAN/Set14/LRbic/, x4)---- : 23.0482dB / 0.6443
25-11-12 06:59:12.421 : ----Average PSNR/SSIM for (/root/media/quoc-huy/blur-DAN/Set14/LRbic/, x4)---- : 23.7952dB / 0.6823
25-11-12 06:59:12.421 :  
25-11-12 07:00:06.909 :       Model Name : BSRNet
25-11-12 07:00:13.329 :       Input Path : /root/media/quoc-huy/blur-DAN/BSD100/LRbic/
25-11-12 07:00:13.330 :      Output Path : /root/quoc-huy/BSRGAN/testsets/experimental-results/BSD100
25-11-12 07:00:13.330 : ---1 --> BSRNet --> x4--> 101085.png
25-11-12 07:00:13.613 : ----PSNR/SSIM for (/root/media/quoc-huy/blur-DAN/BSD100/LRbic/, x4)---- : 20.6843dB / 0.4605
25-11-12 07:00:13.613 : ---2 --> BSRNet --> x4--> 101087.png
25-11-12 07:00:13.741 : ----PSNR/SSIM for (/root/media/quoc-huy/blur-DAN/BSD100/LRbic/, x4)---- : 24.6768dB / 0.7553
25-11-12 07:00:13.742 : ---3 --> BSRNet --> x4--> 102061.png
25-11-12 07:00:13.842 : ----PSNR/SSIM for (/root/media/quoc-huy/blur-DAN/BSD100/LRbic/, x4)---- : 22.6171dB / 0.7472
25-11-12 07:00:13.843 : ---4 --> BSRNet --> x4--> 103070.png
25-11-12 07:00:13.923 : ----PSNR/SSIM for (/root/media/quoc-huy/blur-DAN/BSD100/LRbic/, x4)---- : 27.1584dB / 0.7944
25-11-12 07:00:13.923 : ---5 --> BSRNet --> x4--> 105025.png
25-11-12 07:00:14.000 : ----PSNR/SSIM for (/root/media/quoc-huy/blur-DAN/BSD100/LRbic/, x4)---- : 23.3051dB / 0.6327
25-11-12 07:00:14.000 : ---6 --> BSRNet --> x4--> 106024.png
25-11-12 07:00:14.120 : ----PSNR/SSIM for (/root/media/quoc-huy/blur-DAN/BSD100/LRbic/, x4)---- : 29.5211dB / 0.8625
25-11-12 07:00:14.120 : ---7 --> BSRNet --> x4--> 108005.png
25-11-12 07:00:14.236 : ----PSNR/SSIM for (/root/media/quoc-huy/blur-DAN/BSD100/LRbic/, x4)---- : 22.7883dB / 0.6495
25-11-12 07:00:14.237 : ---8 --> BSRNet --> x4--> 108070.png
25-11-12 07:00:14.336 : ----PSNR/SSIM for (/root/media/quoc-huy/blur-DAN/BSD100/LRbic/, x4)---- : 20.1853dB / 0.4737
25-11-12 07:00:14.337 : ---9 --> BSRNet --> x4--> 108082.png
25-11-12 07:00:14.427 : ----PSNR/SSIM for (/root/media/quoc-huy/blur-DAN/BSD100/LRbic/, x4)---- : 23.9872dB / 0.7229
25-11-12 07:00:14.428 : --10 --> BSRNet --> x4--> 109053.png
25-11-12 07:00:14.512 : ----PSNR/SSIM for (/root/media/quoc-huy/blur-DAN/BSD100/LRbic/, x4)---- : 26.1249dB / 0.7374
25-11-12 07:00:14.512 : --11 --> BSRNet --> x4--> 119082.png
25-11-12 07:00:14.616 : ----PSNR/SSIM for (/root/media/quoc-huy/blur-DAN/BSD100/LRbic/, x4)---- : 19.6859dB / 0.6024
25-11-12 07:00:14.616 : --12 --> BSRNet --> x4--> 12084.png
25-11-12 07:00:14.713 : ----PSNR/SSIM for (/root/media/quoc-huy/blur-DAN/BSD100/LRbic/, x4)---- : 23.9052dB / 0.6096
25-11-12 07:00:14.713 : --13 --> BSRNet --> x4--> 123074.png
25-11-12 07:00:14.805 : ----PSNR/SSIM for (/root/media/quoc-huy/blur-DAN/BSD100/LRbic/, x4)---- : 26.9964dB / 0.7476
25-11-12 07:00:14.805 : --14 --> BSRNet --> x4--> 126007.png
25-11-12 07:00:14.922 : ----PSNR/SSIM for (/root/media/quoc-huy/blur-DAN/BSD100/LRbic/, x4)---- : 25.0679dB / 0.7569
25-11-12 07:00:14.922 : --15 --> BSRNet --> x4--> 130026.png
25-11-12 07:00:15.039 : ----PSNR/SSIM for (/root/media/quoc-huy/blur-DAN/BSD100/LRbic/, x4)---- : 22.0876dB / 0.5901
25-11-12 07:00:15.039 : --16 --> BSRNet --> x4--> 134035.png
25-11-12 07:00:15.156 : ----PSNR/SSIM for (/root/media/quoc-huy/blur-DAN/BSD100/LRbic/, x4)---- : 20.8162dB / 0.6482
25-11-12 07:00:15.157 : --17 --> BSRNet --> x4--> 14037.png
25-11-12 07:00:15.272 : ----PSNR/SSIM for (/root/media/quoc-huy/blur-DAN/BSD100/LRbic/, x4)---- : 30.2570dB / 0.8447
25-11-12 07:00:15.272 : --18 --> BSRNet --> x4--> 143090.png
25-11-12 07:00:15.406 : ----PSNR/SSIM for (/root/media/quoc-huy/blur-DAN/BSD100/LRbic/, x4)---- : 28.4128dB / 0.8521
25-11-12 07:00:15.407 : --19 --> BSRNet --> x4--> 145086.png
25-11-12 07:00:15.507 : ----PSNR/SSIM for (/root/media/quoc-huy/blur-DAN/BSD100/LRbic/, x4)---- : 22.6042dB / 0.6560
25-11-12 07:00:15.507 : --20 --> BSRNet --> x4--> 147091.png
25-11-12 07:00:15.604 : ----PSNR/SSIM for (/root/media/quoc-huy/blur-DAN/BSD100/LRbic/, x4)---- : 22.3065dB / 0.7309
25-11-12 07:00:15.605 : --21 --> BSRNet --> x4--> 148026.png
25-11-12 07:00:15.703 : ----PSNR/SSIM for (/root/media/quoc-huy/blur-DAN/BSD100/LRbic/, x4)---- : 18.4822dB / 0.5580
25-11-12 07:00:15.704 : --22 --> BSRNet --> x4--> 148089.png
25-11-12 07:00:15.805 : ----PSNR/SSIM for (/root/media/quoc-huy/blur-DAN/BSD100/LRbic/, x4)---- : 19.9711dB / 0.4986
25-11-12 07:00:15.805 : --23 --> BSRNet --> x4--> 156065.png
25-11-12 07:00:15.898 : ----PSNR/SSIM for (/root/media/quoc-huy/blur-DAN/BSD100/LRbic/, x4)---- : 22.2010dB / 0.4791
25-11-12 07:00:15.898 : --24 --> BSRNet --> x4--> 157055.png
25-11-12 07:00:15.993 : ----PSNR/SSIM for (/root/media/quoc-huy/blur-DAN/BSD100/LRbic/, x4)---- : 22.8373dB / 0.7034
25-11-12 07:00:15.993 : --25 --> BSRNet --> x4--> 159008.png
25-11-12 07:00:16.088 : ----PSNR/SSIM for (/root/media/quoc-huy/blur-DAN/BSD100/LRbic/, x4)---- : 23.2773dB / 0.7356
25-11-12 07:00:16.089 : --26 --> BSRNet --> x4--> 160068.png
25-11-12 07:00:16.180 : ----PSNR/SSIM for (/root/media/quoc-huy/blur-DAN/BSD100/LRbic/, x4)---- : 23.6693dB / 0.7921
25-11-12 07:00:16.180 : --27 --> BSRNet --> x4--> 16077.png
25-11-12 07:00:16.269 : ----PSNR/SSIM for (/root/media/quoc-huy/blur-DAN/BSD100/LRbic/, x4)---- : 24.1987dB / 0.6593
25-11-12 07:00:16.269 : --28 --> BSRNet --> x4--> 163085.png
25-11-12 07:00:16.368 : ----PSNR/SSIM for (/root/media/quoc-huy/blur-DAN/BSD100/LRbic/, x4)---- : 26.3822dB / 0.7388
25-11-12 07:00:16.368 : --29 --> BSRNet --> x4--> 167062.png
25-11-12 07:00:16.457 : ----PSNR/SSIM for (/root/media/quoc-huy/blur-DAN/BSD100/LRbic/, x4)---- : 26.9958dB / 0.8301
25-11-12 07:00:16.457 : --30 --> BSRNet --> x4--> 167083.png
25-11-12 07:00:16.610 : ----PSNR/SSIM for (/root/media/quoc-huy/blur-DAN/BSD100/LRbic/, x4)---- : 17.1905dB / 0.4049
25-11-12 07:00:16.611 : --31 --> BSRNet --> x4--> 170057.png
25-11-12 07:00:16.715 : ----PSNR/SSIM for (/root/media/quoc-huy/blur-DAN/BSD100/LRbic/, x4)---- : 25.9994dB / 0.7400
25-11-12 07:00:16.715 : --32 --> BSRNet --> x4--> 175032.png
25-11-12 07:00:16.793 : ----PSNR/SSIM for (/root/media/quoc-huy/blur-DAN/BSD100/LRbic/, x4)---- : 18.2472dB / 0.3356
25-11-12 07:00:16.793 : --33 --> BSRNet --> x4--> 175043.png
25-11-12 07:00:16.937 : ----PSNR/SSIM for (/root/media/quoc-huy/blur-DAN/BSD100/LRbic/, x4)---- : 22.0845dB / 0.5728
25-11-12 07:00:16.937 : --34 --> BSRNet --> x4--> 182053.png
25-11-12 07:00:17.024 : ----PSNR/SSIM for (/root/media/quoc-huy/blur-DAN/BSD100/LRbic/, x4)---- : 20.8561dB / 0.6952
25-11-12 07:00:17.024 : --35 --> BSRNet --> x4--> 189080.png
25-11-12 07:00:17.131 : ----PSNR/SSIM for (/root/media/quoc-huy/blur-DAN/BSD100/LRbic/, x4)---- : 30.1174dB / 0.8483
25-11-12 07:00:17.131 : --36 --> BSRNet --> x4--> 19021.png
25-11-12 07:00:17.237 : ----PSNR/SSIM for (/root/media/quoc-huy/blur-DAN/BSD100/LRbic/, x4)---- : 23.3354dB / 0.6596
25-11-12 07:00:17.237 : --37 --> BSRNet --> x4--> 196073.png
25-11-12 07:00:17.393 : ----PSNR/SSIM for (/root/media/quoc-huy/blur-DAN/BSD100/LRbic/, x4)---- : 25.8114dB / 0.4090
25-11-12 07:00:17.394 : --38 --> BSRNet --> x4--> 197017.png
25-11-12 07:00:17.496 : ----PSNR/SSIM for (/root/media/quoc-huy/blur-DAN/BSD100/LRbic/, x4)---- : 24.8512dB / 0.6479
25-11-12 07:00:17.496 : --39 --> BSRNet --> x4--> 208001.png
25-11-12 07:00:17.575 : ----PSNR/SSIM for (/root/media/quoc-huy/blur-DAN/BSD100/LRbic/, x4)---- : 24.9783dB / 0.6457
25-11-12 07:00:17.575 : --40 --> BSRNet --> x4--> 210088.png
25-11-12 07:00:17.690 : ----PSNR/SSIM for (/root/media/quoc-huy/blur-DAN/BSD100/LRbic/, x4)---- : 28.9385dB / 0.8976
25-11-12 07:00:17.691 : --41 --> BSRNet --> x4--> 21077.png
25-11-12 07:00:17.829 : ----PSNR/SSIM for (/root/media/quoc-huy/blur-DAN/BSD100/LRbic/, x4)---- : 22.5738dB / 0.6490
25-11-12 07:00:17.829 : --42 --> BSRNet --> x4--> 216081.png
25-11-12 07:00:17.937 : ----PSNR/SSIM for (/root/media/quoc-huy/blur-DAN/BSD100/LRbic/, x4)---- : 22.1669dB / 0.6229
25-11-12 07:00:17.937 : --43 --> BSRNet --> x4--> 219090.png
25-11-12 07:00:18.046 : ----PSNR/SSIM for (/root/media/quoc-huy/blur-DAN/BSD100/LRbic/, x4)---- : 23.0435dB / 0.6863
25-11-12 07:00:18.048 : --44 --> BSRNet --> x4--> 220075.png
25-11-12 07:00:18.200 : ----PSNR/SSIM for (/root/media/quoc-huy/blur-DAN/BSD100/LRbic/, x4)---- : 23.6167dB / 0.8061
25-11-12 07:00:18.201 : --45 --> BSRNet --> x4--> 223061.png
25-11-12 07:00:18.311 : ----PSNR/SSIM for (/root/media/quoc-huy/blur-DAN/BSD100/LRbic/, x4)---- : 21.7476dB / 0.5905
25-11-12 07:00:18.311 : --46 --> BSRNet --> x4--> 227092.png
25-11-12 07:00:18.387 : ----PSNR/SSIM for (/root/media/quoc-huy/blur-DAN/BSD100/LRbic/, x4)---- : 31.3063dB / 0.8257
25-11-12 07:00:18.388 : --47 --> BSRNet --> x4--> 229036.png
25-11-12 07:00:18.479 : ----PSNR/SSIM for (/root/media/quoc-huy/blur-DAN/BSD100/LRbic/, x4)---- : 19.4389dB / 0.4999
25-11-12 07:00:18.480 : --48 --> BSRNet --> x4--> 236037.png
25-11-12 07:00:18.646 : ----PSNR/SSIM for (/root/media/quoc-huy/blur-DAN/BSD100/LRbic/, x4)---- : 22.0064dB / 0.5428
25-11-12 07:00:18.646 : --49 --> BSRNet --> x4--> 24077.png
25-11-12 07:00:18.750 : ----PSNR/SSIM for (/root/media/quoc-huy/blur-DAN/BSD100/LRbic/, x4)---- : 21.2873dB / 0.7662
25-11-12 07:00:18.750 : --50 --> BSRNet --> x4--> 241004.png
25-11-12 07:00:18.855 : ----PSNR/SSIM for (/root/media/quoc-huy/blur-DAN/BSD100/LRbic/, x4)---- : 28.6553dB / 0.7816
25-11-12 07:00:18.855 : --51 --> BSRNet --> x4--> 241048.png
25-11-12 07:00:19.006 : ----PSNR/SSIM for (/root/media/quoc-huy/blur-DAN/BSD100/LRbic/, x4)---- : 21.8027dB / 0.5354
25-11-12 07:00:19.007 : --52 --> BSRNet --> x4--> 253027.png
25-11-12 07:00:19.127 : ----PSNR/SSIM for (/root/media/quoc-huy/blur-DAN/BSD100/LRbic/, x4)---- : 19.0303dB / 0.6135
25-11-12 07:00:19.128 : --53 --> BSRNet --> x4--> 253055.png
25-11-12 07:00:19.205 : ----PSNR/SSIM for (/root/media/quoc-huy/blur-DAN/BSD100/LRbic/, x4)---- : 28.9429dB / 0.7908
25-11-12 07:00:19.205 : --54 --> BSRNet --> x4--> 260058.png
25-11-12 07:00:19.279 : ----PSNR/SSIM for (/root/media/quoc-huy/blur-DAN/BSD100/LRbic/, x4)---- : 29.5198dB / 0.7373
25-11-12 07:00:19.279 : --55 --> BSRNet --> x4--> 271035.png
25-11-12 07:00:19.434 : ----PSNR/SSIM for (/root/media/quoc-huy/blur-DAN/BSD100/LRbic/, x4)---- : 23.5991dB / 0.6781
25-11-12 07:00:19.435 : --56 --> BSRNet --> x4--> 285079.png
25-11-12 07:00:19.523 : ----PSNR/SSIM for (/root/media/quoc-huy/blur-DAN/BSD100/LRbic/, x4)---- : 21.8931dB / 0.5839
25-11-12 07:00:19.523 : --57 --> BSRNet --> x4--> 291000.png
25-11-12 07:00:19.626 : ----PSNR/SSIM for (/root/media/quoc-huy/blur-DAN/BSD100/LRbic/, x4)---- : 18.6146dB / 0.3226
25-11-12 07:00:19.626 : --58 --> BSRNet --> x4--> 295087.png
25-11-12 07:00:19.725 : ----PSNR/SSIM for (/root/media/quoc-huy/blur-DAN/BSD100/LRbic/, x4)---- : 24.5293dB / 0.6568
25-11-12 07:00:19.725 : --59 --> BSRNet --> x4--> 296007.png
25-11-12 07:00:19.870 : ----PSNR/SSIM for (/root/media/quoc-huy/blur-DAN/BSD100/LRbic/, x4)---- : 29.0890dB / 0.7347
25-11-12 07:00:19.871 : --60 --> BSRNet --> x4--> 296059.png
25-11-12 07:00:19.974 : ----PSNR/SSIM for (/root/media/quoc-huy/blur-DAN/BSD100/LRbic/, x4)---- : 27.7362dB / 0.7219
25-11-12 07:00:19.974 : --61 --> BSRNet --> x4--> 299086.png
25-11-12 07:00:20.051 : ----PSNR/SSIM for (/root/media/quoc-huy/blur-DAN/BSD100/LRbic/, x4)---- : 28.8334dB / 0.7589
25-11-12 07:00:20.051 : --62 --> BSRNet --> x4--> 300091.png
25-11-12 07:00:20.125 : ----PSNR/SSIM for (/root/media/quoc-huy/blur-DAN/BSD100/LRbic/, x4)---- : 25.3630dB / 0.7152
25-11-12 07:00:20.126 : --63 --> BSRNet --> x4--> 302008.png
25-11-12 07:00:20.279 : ----PSNR/SSIM for (/root/media/quoc-huy/blur-DAN/BSD100/LRbic/, x4)---- : 27.1539dB / 0.8923
25-11-12 07:00:20.279 : --64 --> BSRNet --> x4--> 304034.png
25-11-12 07:00:20.361 : ----PSNR/SSIM for (/root/media/quoc-huy/blur-DAN/BSD100/LRbic/, x4)---- : 21.3127dB / 0.5715
25-11-12 07:00:20.361 : --65 --> BSRNet --> x4--> 304074.png
25-11-12 07:00:20.467 : ----PSNR/SSIM for (/root/media/quoc-huy/blur-DAN/BSD100/LRbic/, x4)---- : 22.7646dB / 0.5190
25-11-12 07:00:20.467 : --66 --> BSRNet --> x4--> 306005.png
25-11-12 07:00:20.580 : ----PSNR/SSIM for (/root/media/quoc-huy/blur-DAN/BSD100/LRbic/, x4)---- : 24.7430dB / 0.6892
25-11-12 07:00:20.580 : --67 --> BSRNet --> x4--> 3096.png
25-11-12 07:00:20.679 : ----PSNR/SSIM for (/root/media/quoc-huy/blur-DAN/BSD100/LRbic/, x4)---- : 33.7271dB / 0.9623
25-11-12 07:00:20.679 : --68 --> BSRNet --> x4--> 33039.png
25-11-12 07:00:20.782 : ----PSNR/SSIM for (/root/media/quoc-huy/blur-DAN/BSD100/LRbic/, x4)---- : 17.8137dB / 0.4757
25-11-12 07:00:20.782 : --69 --> BSRNet --> x4--> 351093.png
25-11-12 07:00:20.888 : ----PSNR/SSIM for (/root/media/quoc-huy/blur-DAN/BSD100/LRbic/, x4)---- : 19.5357dB / 0.5698
25-11-12 07:00:20.888 : --70 --> BSRNet --> x4--> 361010.png
25-11-12 07:00:20.999 : ----PSNR/SSIM for (/root/media/quoc-huy/blur-DAN/BSD100/LRbic/, x4)---- : 24.3662dB / 0.7168
25-11-12 07:00:21.000 : --71 --> BSRNet --> x4--> 37073.png
25-11-12 07:00:21.101 : ----PSNR/SSIM for (/root/media/quoc-huy/blur-DAN/BSD100/LRbic/, x4)---- : 26.4242dB / 0.7313
25-11-12 07:00:21.101 : --72 --> BSRNet --> x4--> 376043.png
25-11-12 07:00:21.194 : ----PSNR/SSIM for (/root/media/quoc-huy/blur-DAN/BSD100/LRbic/, x4)---- : 22.5636dB / 0.4894
25-11-12 07:00:21.194 : --73 --> BSRNet --> x4--> 38082.png
25-11-12 07:00:21.286 : ----PSNR/SSIM for (/root/media/quoc-huy/blur-DAN/BSD100/LRbic/, x4)---- : 24.3648dB / 0.5138
25-11-12 07:00:21.286 : --74 --> BSRNet --> x4--> 38092.png
25-11-12 07:00:21.378 : ----PSNR/SSIM for (/root/media/quoc-huy/blur-DAN/BSD100/LRbic/, x4)---- : 22.8938dB / 0.6328
25-11-12 07:00:21.378 : --75 --> BSRNet --> x4--> 385039.png
25-11-12 07:00:21.474 : ----PSNR/SSIM for (/root/media/quoc-huy/blur-DAN/BSD100/LRbic/, x4)---- : 20.2292dB / 0.6097
25-11-12 07:00:21.474 : --76 --> BSRNet --> x4--> 41033.png
25-11-12 07:00:21.562 : ----PSNR/SSIM for (/root/media/quoc-huy/blur-DAN/BSD100/LRbic/, x4)---- : 26.9053dB / 0.7123
25-11-12 07:00:21.562 : --77 --> BSRNet --> x4--> 41069.png
25-11-12 07:00:21.645 : ----PSNR/SSIM for (/root/media/quoc-huy/blur-DAN/BSD100/LRbic/, x4)---- : 21.0168dB / 0.3912
25-11-12 07:00:21.646 : --78 --> BSRNet --> x4--> 42012.png
25-11-12 07:00:21.735 : ----PSNR/SSIM for (/root/media/quoc-huy/blur-DAN/BSD100/LRbic/, x4)---- : 26.0732dB / 0.7548
25-11-12 07:00:21.735 : --79 --> BSRNet --> x4--> 42049.png
25-11-12 07:00:21.820 : ----PSNR/SSIM for (/root/media/quoc-huy/blur-DAN/BSD100/LRbic/, x4)---- : 25.4653dB / 0.9022
25-11-12 07:00:21.821 : --80 --> BSRNet --> x4--> 43074.png
25-11-12 07:00:21.906 : ----PSNR/SSIM for (/root/media/quoc-huy/blur-DAN/BSD100/LRbic/, x4)---- : 26.8476dB / 0.7776
25-11-12 07:00:21.906 : --81 --> BSRNet --> x4--> 45096.png
25-11-12 07:00:21.995 : ----PSNR/SSIM for (/root/media/quoc-huy/blur-DAN/BSD100/LRbic/, x4)---- : 31.6018dB / 0.9035
25-11-12 07:00:21.995 : --82 --> BSRNet --> x4--> 54082.png
25-11-12 07:00:22.089 : ----PSNR/SSIM for (/root/media/quoc-huy/blur-DAN/BSD100/LRbic/, x4)---- : 25.3770dB / 0.6511
25-11-12 07:00:22.090 : --83 --> BSRNet --> x4--> 55073.png
25-11-12 07:00:22.193 : ----PSNR/SSIM for (/root/media/quoc-huy/blur-DAN/BSD100/LRbic/, x4)---- : 19.1248dB / 0.4135
25-11-12 07:00:22.194 : --84 --> BSRNet --> x4--> 58060.png
25-11-12 07:00:22.298 : ----PSNR/SSIM for (/root/media/quoc-huy/blur-DAN/BSD100/LRbic/, x4)---- : 18.0696dB / 0.4905
25-11-12 07:00:22.298 : --85 --> BSRNet --> x4--> 62096.png
25-11-12 07:00:22.415 : ----PSNR/SSIM for (/root/media/quoc-huy/blur-DAN/BSD100/LRbic/, x4)---- : 21.1225dB / 0.6917
25-11-12 07:00:22.415 : --86 --> BSRNet --> x4--> 65033.png
25-11-12 07:00:22.533 : ----PSNR/SSIM for (/root/media/quoc-huy/blur-DAN/BSD100/LRbic/, x4)---- : 21.8502dB / 0.4875
25-11-12 07:00:22.533 : --87 --> BSRNet --> x4--> 66053.png
25-11-12 07:00:22.621 : ----PSNR/SSIM for (/root/media/quoc-huy/blur-DAN/BSD100/LRbic/, x4)---- : 24.2770dB / 0.6145
25-11-12 07:00:22.621 : --88 --> BSRNet --> x4--> 69015.png
25-11-12 07:00:22.748 : ----PSNR/SSIM for (/root/media/quoc-huy/blur-DAN/BSD100/LRbic/, x4)---- : 27.1930dB / 0.7060
25-11-12 07:00:22.749 : --89 --> BSRNet --> x4--> 69020.png
25-11-12 07:00:22.852 : ----PSNR/SSIM for (/root/media/quoc-huy/blur-DAN/BSD100/LRbic/, x4)---- : 24.6509dB / 0.4593
25-11-12 07:00:22.853 : --90 --> BSRNet --> x4--> 69040.png
25-11-12 07:00:22.984 : ----PSNR/SSIM for (/root/media/quoc-huy/blur-DAN/BSD100/LRbic/, x4)---- : 22.1171dB / 0.5540
25-11-12 07:00:22.985 : --91 --> BSRNet --> x4--> 76053.png
25-11-12 07:00:23.108 : ----PSNR/SSIM for (/root/media/quoc-huy/blur-DAN/BSD100/LRbic/, x4)---- : 25.9486dB / 0.6284
25-11-12 07:00:23.109 : --92 --> BSRNet --> x4--> 78004.png
25-11-12 07:00:23.241 : ----PSNR/SSIM for (/root/media/quoc-huy/blur-DAN/BSD100/LRbic/, x4)---- : 22.2202dB / 0.6515
25-11-12 07:00:23.242 : --93 --> BSRNet --> x4--> 8023.png
25-11-12 07:00:23.383 : ----PSNR/SSIM for (/root/media/quoc-huy/blur-DAN/BSD100/LRbic/, x4)---- : 27.1716dB / 0.8118
25-11-12 07:00:23.384 : --94 --> BSRNet --> x4--> 85048.png
25-11-12 07:00:23.479 : ----PSNR/SSIM for (/root/media/quoc-huy/blur-DAN/BSD100/LRbic/, x4)---- : 22.1404dB / 0.6180
25-11-12 07:00:23.479 : --95 --> BSRNet --> x4--> 86000.png
25-11-12 07:00:23.582 : ----PSNR/SSIM for (/root/media/quoc-huy/blur-DAN/BSD100/LRbic/, x4)---- : 22.1072dB / 0.7064
25-11-12 07:00:23.582 : --96 --> BSRNet --> x4--> 86016.png
25-11-12 07:00:23.678 : ----PSNR/SSIM for (/root/media/quoc-huy/blur-DAN/BSD100/LRbic/, x4)---- : 19.6451dB / 0.2355
25-11-12 07:00:23.679 : --97 --> BSRNet --> x4--> 86068.png
25-11-12 07:00:23.755 : ----PSNR/SSIM for (/root/media/quoc-huy/blur-DAN/BSD100/LRbic/, x4)---- : 24.5038dB / 0.4636
25-11-12 07:00:23.756 : --98 --> BSRNet --> x4--> 87046.png
25-11-12 07:00:23.931 : ----PSNR/SSIM for (/root/media/quoc-huy/blur-DAN/BSD100/LRbic/, x4)---- : 22.8959dB / 0.7058
25-11-12 07:00:23.931 : --99 --> BSRNet --> x4--> 89072.png
25-11-12 07:00:24.038 : ----PSNR/SSIM for (/root/media/quoc-huy/blur-DAN/BSD100/LRbic/, x4)---- : 23.1199dB / 0.6390
25-11-12 07:00:24.039 : -100 --> BSRNet --> x4--> 97033.png
25-11-12 07:00:24.115 : ----PSNR/SSIM for (/root/media/quoc-huy/blur-DAN/BSD100/LRbic/, x4)---- : 21.0563dB / 0.6171
25-11-12 07:00:24.116 : ----Average PSNR/SSIM for (/root/media/quoc-huy/blur-DAN/BSD100/LRbic/, x4)---- : 23.8880dB / 0.6531
25-11-12 07:00:24.116 :  
25-11-12 07:00:56.305 :       Model Name : BSRNet
25-11-12 07:01:01.519 :       Input Path : /root/media/quoc-huy/blur-DAN/Urban100/LRbic/
25-11-12 07:01:01.519 :      Output Path : /root/quoc-huy/BSRGAN/testsets/experimental-results/Urban100
25-11-12 07:01:01.520 : ---1 --> BSRNet --> x4--> img_001.png
25-11-12 07:01:02.382 : ----PSNR/SSIM for (/root/media/quoc-huy/blur-DAN/Urban100/LRbic/, x4)---- : 23.0839dB / 0.6441
25-11-12 07:01:02.383 : ---2 --> BSRNet --> x4--> img_002.png
25-11-12 07:01:03.020 : ----PSNR/SSIM for (/root/media/quoc-huy/blur-DAN/Urban100/LRbic/, x4)---- : 22.3673dB / 0.7394
25-11-12 07:01:03.021 : ---3 --> BSRNet --> x4--> img_003.png
25-11-12 07:01:03.525 : ----PSNR/SSIM for (/root/media/quoc-huy/blur-DAN/Urban100/LRbic/, x4)---- : 20.0056dB / 0.5538
25-11-12 07:01:03.525 : ---4 --> BSRNet --> x4--> img_004.png
25-11-12 07:01:04.021 : ----PSNR/SSIM for (/root/media/quoc-huy/blur-DAN/Urban100/LRbic/, x4)---- : 18.6786dB / 0.6868
25-11-12 07:01:04.021 : ---5 --> BSRNet --> x4--> img_005.png
25-11-12 07:01:04.525 : ----PSNR/SSIM for (/root/media/quoc-huy/blur-DAN/Urban100/LRbic/, x4)---- : 22.7124dB / 0.8913
25-11-12 07:01:04.525 : ---6 --> BSRNet --> x4--> img_006.png
25-11-12 07:01:05.136 : ----PSNR/SSIM for (/root/media/quoc-huy/blur-DAN/Urban100/LRbic/, x4)---- : 19.0431dB / 0.5037
25-11-12 07:01:05.136 : ---7 --> BSRNet --> x4--> img_007.png
25-11-12 07:01:05.741 : ----PSNR/SSIM for (/root/media/quoc-huy/blur-DAN/Urban100/LRbic/, x4)---- : 24.9507dB / 0.7896
25-11-12 07:01:05.741 : ---8 --> BSRNet --> x4--> img_008.png
25-11-12 07:01:06.255 : ----PSNR/SSIM for (/root/media/quoc-huy/blur-DAN/Urban100/LRbic/, x4)---- : 17.9063dB / 0.5428
25-11-12 07:01:06.256 : ---9 --> BSRNet --> x4--> img_009.png
25-11-12 07:01:06.869 : ----PSNR/SSIM for (/root/media/quoc-huy/blur-DAN/Urban100/LRbic/, x4)---- : 28.6235dB / 0.8629
25-11-12 07:01:06.870 : --10 --> BSRNet --> x4--> img_010.png
25-11-12 07:01:07.363 : ----PSNR/SSIM for (/root/media/quoc-huy/blur-DAN/Urban100/LRbic/, x4)---- : 22.6787dB / 0.8052
25-11-12 07:01:07.364 : --11 --> BSRNet --> x4--> img_011.png
25-11-12 07:01:07.736 : ----PSNR/SSIM for (/root/media/quoc-huy/blur-DAN/Urban100/LRbic/, x4)---- : 13.0834dB / 0.6116
25-11-12 07:01:07.736 : --12 --> BSRNet --> x4--> img_012.png
25-11-12 07:01:08.657 : ----PSNR/SSIM for (/root/media/quoc-huy/blur-DAN/Urban100/LRbic/, x4)---- : 20.1646dB / 0.6205
25-11-12 07:01:08.658 : --13 --> BSRNet --> x4--> img_013.png
25-11-12 07:01:09.357 : ----PSNR/SSIM for (/root/media/quoc-huy/blur-DAN/Urban100/LRbic/, x4)---- : 24.4362dB / 0.7419
25-11-12 07:01:09.357 : --14 --> BSRNet --> x4--> img_014.png
25-11-12 07:01:10.125 : ----PSNR/SSIM for (/root/media/quoc-huy/blur-DAN/Urban100/LRbic/, x4)---- : 19.0786dB / 0.6027
25-11-12 07:01:10.125 : --15 --> BSRNet --> x4--> img_015.png
25-11-12 07:01:10.667 : ----PSNR/SSIM for (/root/media/quoc-huy/blur-DAN/Urban100/LRbic/, x4)---- : 22.0842dB / 0.6170
25-11-12 07:01:10.667 : --16 --> BSRNet --> x4--> img_016.png
25-11-12 07:01:11.395 : ----PSNR/SSIM for (/root/media/quoc-huy/blur-DAN/Urban100/LRbic/, x4)---- : 24.7276dB / 0.8534
25-11-12 07:01:11.395 : --17 --> BSRNet --> x4--> img_017.png
25-11-12 07:01:11.860 : ----PSNR/SSIM for (/root/media/quoc-huy/blur-DAN/Urban100/LRbic/, x4)---- : 21.6311dB / 0.7533
25-11-12 07:01:11.860 : --18 --> BSRNet --> x4--> img_018.png
25-11-12 07:01:12.343 : ----PSNR/SSIM for (/root/media/quoc-huy/blur-DAN/Urban100/LRbic/, x4)---- : 22.9245dB / 0.5952
25-11-12 07:01:12.344 : --19 --> BSRNet --> x4--> img_019.png
25-11-12 07:01:12.915 : ----PSNR/SSIM for (/root/media/quoc-huy/blur-DAN/Urban100/LRbic/, x4)---- : 16.9663dB / 0.6286
25-11-12 07:01:12.916 : --20 --> BSRNet --> x4--> img_020.png
25-11-12 07:01:13.794 : ----PSNR/SSIM for (/root/media/quoc-huy/blur-DAN/Urban100/LRbic/, x4)---- : 18.6760dB / 0.6072
25-11-12 07:01:13.794 : --21 --> BSRNet --> x4--> img_021.png
25-11-12 07:01:14.540 : ----PSNR/SSIM for (/root/media/quoc-huy/blur-DAN/Urban100/LRbic/, x4)---- : 25.6742dB / 0.7044
25-11-12 07:01:14.540 : --22 --> BSRNet --> x4--> img_022.png
25-11-12 07:01:14.982 : ----PSNR/SSIM for (/root/media/quoc-huy/blur-DAN/Urban100/LRbic/, x4)---- : 22.6401dB / 0.6911
25-11-12 07:01:14.983 : --23 --> BSRNet --> x4--> img_023.png
25-11-12 07:01:15.714 : ----PSNR/SSIM for (/root/media/quoc-huy/blur-DAN/Urban100/LRbic/, x4)---- : 25.7474dB / 0.8401
25-11-12 07:01:15.714 : --24 --> BSRNet --> x4--> img_024.png
25-11-12 07:01:16.157 : ----PSNR/SSIM for (/root/media/quoc-huy/blur-DAN/Urban100/LRbic/, x4)---- : 15.6152dB / 0.4953
25-11-12 07:01:16.157 : --25 --> BSRNet --> x4--> img_025.png
25-11-12 07:01:16.577 : ----PSNR/SSIM for (/root/media/quoc-huy/blur-DAN/Urban100/LRbic/, x4)---- : 26.6061dB / 0.8298
25-11-12 07:01:16.577 : --26 --> BSRNet --> x4--> img_026.png
25-11-12 07:01:17.151 : ----PSNR/SSIM for (/root/media/quoc-huy/blur-DAN/Urban100/LRbic/, x4)---- : 23.7924dB / 0.6184
25-11-12 07:01:17.152 : --27 --> BSRNet --> x4--> img_027.png
25-11-12 07:01:17.842 : ----PSNR/SSIM for (/root/media/quoc-huy/blur-DAN/Urban100/LRbic/, x4)---- : 24.3428dB / 0.7232
25-11-12 07:01:17.843 : --28 --> BSRNet --> x4--> img_028.png
25-11-12 07:01:18.817 : ----PSNR/SSIM for (/root/media/quoc-huy/blur-DAN/Urban100/LRbic/, x4)---- : 26.5973dB / 0.8107
25-11-12 07:01:18.817 : --29 --> BSRNet --> x4--> img_029.png
25-11-12 07:01:19.552 : ----PSNR/SSIM for (/root/media/quoc-huy/blur-DAN/Urban100/LRbic/, x4)---- : 21.6234dB / 0.7325
25-11-12 07:01:19.552 : --30 --> BSRNet --> x4--> img_030.png
25-11-12 07:01:20.077 : ----PSNR/SSIM for (/root/media/quoc-huy/blur-DAN/Urban100/LRbic/, x4)---- : 19.7793dB / 0.6649
25-11-12 07:01:20.077 : --31 --> BSRNet --> x4--> img_031.png
25-11-12 07:01:20.619 : ----PSNR/SSIM for (/root/media/quoc-huy/blur-DAN/Urban100/LRbic/, x4)---- : 20.7570dB / 0.6841
25-11-12 07:01:20.619 : --32 --> BSRNet --> x4--> img_032.png
25-11-12 07:01:21.259 : ----PSNR/SSIM for (/root/media/quoc-huy/blur-DAN/Urban100/LRbic/, x4)---- : 24.5232dB / 0.7707
25-11-12 07:01:21.260 : --33 --> BSRNet --> x4--> img_033.png
25-11-12 07:01:21.745 : ----PSNR/SSIM for (/root/media/quoc-huy/blur-DAN/Urban100/LRbic/, x4)---- : 22.2855dB / 0.6731
25-11-12 07:01:21.745 : --34 --> BSRNet --> x4--> img_034.png
25-11-12 07:01:22.184 : ----PSNR/SSIM for (/root/media/quoc-huy/blur-DAN/Urban100/LRbic/, x4)---- : 19.1859dB / 0.4292
25-11-12 07:01:22.185 : --35 --> BSRNet --> x4--> img_035.png
25-11-12 07:01:22.743 : ----PSNR/SSIM for (/root/media/quoc-huy/blur-DAN/Urban100/LRbic/, x4)---- : 21.5565dB / 0.7719
25-11-12 07:01:22.743 : --36 --> BSRNet --> x4--> img_036.png
25-11-12 07:01:23.142 : ----PSNR/SSIM for (/root/media/quoc-huy/blur-DAN/Urban100/LRbic/, x4)---- : 24.1483dB / 0.8124
25-11-12 07:01:23.142 : --37 --> BSRNet --> x4--> img_037.png
25-11-12 07:01:23.795 : ----PSNR/SSIM for (/root/media/quoc-huy/blur-DAN/Urban100/LRbic/, x4)---- : 21.5562dB / 0.6940
25-11-12 07:01:23.796 : --38 --> BSRNet --> x4--> img_038.png
25-11-12 07:01:24.422 : ----PSNR/SSIM for (/root/media/quoc-huy/blur-DAN/Urban100/LRbic/, x4)---- : 23.0728dB / 0.5348
25-11-12 07:01:24.422 : --39 --> BSRNet --> x4--> img_039.png
25-11-12 07:01:25.034 : ----PSNR/SSIM for (/root/media/quoc-huy/blur-DAN/Urban100/LRbic/, x4)---- : 19.0022dB / 0.6031
25-11-12 07:01:25.035 : --40 --> BSRNet --> x4--> img_040.png
25-11-12 07:01:25.515 : ----PSNR/SSIM for (/root/media/quoc-huy/blur-DAN/Urban100/LRbic/, x4)---- : 19.7028dB / 0.7926
25-11-12 07:01:25.515 : --41 --> BSRNet --> x4--> img_041.png
25-11-12 07:01:26.040 : ----PSNR/SSIM for (/root/media/quoc-huy/blur-DAN/Urban100/LRbic/, x4)---- : 19.7256dB / 0.7248
25-11-12 07:01:26.040 : --42 --> BSRNet --> x4--> img_042.png
25-11-12 07:01:26.527 : ----PSNR/SSIM for (/root/media/quoc-huy/blur-DAN/Urban100/LRbic/, x4)---- : 24.9069dB / 0.8297
25-11-12 07:01:26.528 : --43 --> BSRNet --> x4--> img_043.png
25-11-12 07:01:27.039 : ----PSNR/SSIM for (/root/media/quoc-huy/blur-DAN/Urban100/LRbic/, x4)---- : 22.4311dB / 0.8275
25-11-12 07:01:27.040 : --44 --> BSRNet --> x4--> img_044.png
25-11-12 07:01:27.498 : ----PSNR/SSIM for (/root/media/quoc-huy/blur-DAN/Urban100/LRbic/, x4)---- : 24.8565dB / 0.7468
25-11-12 07:01:27.498 : --45 --> BSRNet --> x4--> img_045.png
25-11-12 07:01:27.938 : ----PSNR/SSIM for (/root/media/quoc-huy/blur-DAN/Urban100/LRbic/, x4)---- : 20.6022dB / 0.6014
25-11-12 07:01:27.938 : --46 --> BSRNet --> x4--> img_046.png
25-11-12 07:01:28.421 : ----PSNR/SSIM for (/root/media/quoc-huy/blur-DAN/Urban100/LRbic/, x4)---- : 19.7792dB / 0.6880
25-11-12 07:01:28.421 : --47 --> BSRNet --> x4--> img_047.png
25-11-12 07:01:28.944 : ----PSNR/SSIM for (/root/media/quoc-huy/blur-DAN/Urban100/LRbic/, x4)---- : 18.3301dB / 0.6473
25-11-12 07:01:28.945 : --48 --> BSRNet --> x4--> img_048.png
25-11-12 07:01:29.642 : ----PSNR/SSIM for (/root/media/quoc-huy/blur-DAN/Urban100/LRbic/, x4)---- : 16.2780dB / 0.6946
25-11-12 07:01:29.642 : --49 --> BSRNet --> x4--> img_049.png
25-11-12 07:01:30.623 : ----PSNR/SSIM for (/root/media/quoc-huy/blur-DAN/Urban100/LRbic/, x4)---- : 18.7256dB / 0.6013
25-11-12 07:01:30.623 : --50 --> BSRNet --> x4--> img_050.png
25-11-12 07:01:31.641 : ----PSNR/SSIM for (/root/media/quoc-huy/blur-DAN/Urban100/LRbic/, x4)---- : 21.3037dB / 0.6586
25-11-12 07:01:31.641 : --51 --> BSRNet --> x4--> img_051.png
25-11-12 07:01:32.208 : ----PSNR/SSIM for (/root/media/quoc-huy/blur-DAN/Urban100/LRbic/, x4)---- : 23.2904dB / 0.7722
25-11-12 07:01:32.208 : --52 --> BSRNet --> x4--> img_052.png
25-11-12 07:01:32.822 : ----PSNR/SSIM for (/root/media/quoc-huy/blur-DAN/Urban100/LRbic/, x4)---- : 22.5380dB / 0.7971
25-11-12 07:01:32.823 : --53 --> BSRNet --> x4--> img_053.png
25-11-12 07:01:33.291 : ----PSNR/SSIM for (/root/media/quoc-huy/blur-DAN/Urban100/LRbic/, x4)---- : 17.9280dB / 0.6132
25-11-12 07:01:33.292 : --54 --> BSRNet --> x4--> img_054.png
25-11-12 07:01:33.769 : ----PSNR/SSIM for (/root/media/quoc-huy/blur-DAN/Urban100/LRbic/, x4)---- : 17.6609dB / 0.5596
25-11-12 07:01:33.770 : --55 --> BSRNet --> x4--> img_055.png
25-11-12 07:01:34.416 : ----PSNR/SSIM for (/root/media/quoc-huy/blur-DAN/Urban100/LRbic/, x4)---- : 25.0642dB / 0.8772
25-11-12 07:01:34.416 : --56 --> BSRNet --> x4--> img_056.png
25-11-12 07:01:35.031 : ----PSNR/SSIM for (/root/media/quoc-huy/blur-DAN/Urban100/LRbic/, x4)---- : 20.1412dB / 0.6609
25-11-12 07:01:35.032 : --57 --> BSRNet --> x4--> img_057.png
25-11-12 07:01:35.552 : ----PSNR/SSIM for (/root/media/quoc-huy/blur-DAN/Urban100/LRbic/, x4)---- : 24.9719dB / 0.8061
25-11-12 07:01:35.552 : --58 --> BSRNet --> x4--> img_058.png
25-11-12 07:01:36.071 : ----PSNR/SSIM for (/root/media/quoc-huy/blur-DAN/Urban100/LRbic/, x4)---- : 21.6073dB / 0.7724
25-11-12 07:01:36.071 : --59 --> BSRNet --> x4--> img_059.png
25-11-12 07:01:36.548 : ----PSNR/SSIM for (/root/media/quoc-huy/blur-DAN/Urban100/LRbic/, x4)---- : 18.6819dB / 0.6737
25-11-12 07:01:36.548 : --60 --> BSRNet --> x4--> img_060.png
25-11-12 07:01:36.952 : ----PSNR/SSIM for (/root/media/quoc-huy/blur-DAN/Urban100/LRbic/, x4)---- : 18.6561dB / 0.4461
25-11-12 07:01:36.952 : --61 --> BSRNet --> x4--> img_061.png
25-11-12 07:01:37.475 : ----PSNR/SSIM for (/root/media/quoc-huy/blur-DAN/Urban100/LRbic/, x4)---- : 20.9913dB / 0.6625
25-11-12 07:01:37.476 : --62 --> BSRNet --> x4--> img_062.png
25-11-12 07:01:38.058 : ----PSNR/SSIM for (/root/media/quoc-huy/blur-DAN/Urban100/LRbic/, x4)---- : 17.4531dB / 0.6346
25-11-12 07:01:38.059 : --63 --> BSRNet --> x4--> img_063.png
25-11-12 07:01:38.776 : ----PSNR/SSIM for (/root/media/quoc-huy/blur-DAN/Urban100/LRbic/, x4)---- : 18.0137dB / 0.4904
25-11-12 07:01:38.776 : --64 --> BSRNet --> x4--> img_064.png
25-11-12 07:01:39.238 : ----PSNR/SSIM for (/root/media/quoc-huy/blur-DAN/Urban100/LRbic/, x4)---- : 22.5316dB / 0.7031
25-11-12 07:01:39.239 : --65 --> BSRNet --> x4--> img_065.png
25-11-12 07:01:39.686 : ----PSNR/SSIM for (/root/media/quoc-huy/blur-DAN/Urban100/LRbic/, x4)---- : 21.6482dB / 0.6444
25-11-12 07:01:39.686 : --66 --> BSRNet --> x4--> img_066.png
25-11-12 07:01:40.300 : ----PSNR/SSIM for (/root/media/quoc-huy/blur-DAN/Urban100/LRbic/, x4)---- : 18.9320dB / 0.5512
25-11-12 07:01:40.300 : --67 --> BSRNet --> x4--> img_067.png
25-11-12 07:01:40.903 : ----PSNR/SSIM for (/root/media/quoc-huy/blur-DAN/Urban100/LRbic/, x4)---- : 14.5762dB / 0.7472
25-11-12 07:01:40.903 : --68 --> BSRNet --> x4--> img_068.png
25-11-12 07:01:41.786 : ----PSNR/SSIM for (/root/media/quoc-huy/blur-DAN/Urban100/LRbic/, x4)---- : 26.0425dB / 0.8061
25-11-12 07:01:41.786 : --69 --> BSRNet --> x4--> img_069.png
25-11-12 07:01:42.981 : ----PSNR/SSIM for (/root/media/quoc-huy/blur-DAN/Urban100/LRbic/, x4)---- : 21.0588dB / 0.6616
25-11-12 07:01:42.981 : --70 --> BSRNet --> x4--> img_070.png
25-11-12 07:01:43.741 : ----PSNR/SSIM for (/root/media/quoc-huy/blur-DAN/Urban100/LRbic/, x4)---- : 19.1418dB / 0.5227
25-11-12 07:01:43.741 : --71 --> BSRNet --> x4--> img_071.png
25-11-12 07:01:44.378 : ----PSNR/SSIM for (/root/media/quoc-huy/blur-DAN/Urban100/LRbic/, x4)---- : 23.8511dB / 0.5425
25-11-12 07:01:44.379 : --72 --> BSRNet --> x4--> img_072.png
25-11-12 07:01:44.815 : ----PSNR/SSIM for (/root/media/quoc-huy/blur-DAN/Urban100/LRbic/, x4)---- : 15.2347dB / 0.6506
25-11-12 07:01:44.815 : --73 --> BSRNet --> x4--> img_073.png
25-11-12 07:01:45.344 : ----PSNR/SSIM for (/root/media/quoc-huy/blur-DAN/Urban100/LRbic/, x4)---- : 17.0471dB / 0.4122
25-11-12 07:01:45.344 : --74 --> BSRNet --> x4--> img_074.png
25-11-12 07:01:45.886 : ----PSNR/SSIM for (/root/media/quoc-huy/blur-DAN/Urban100/LRbic/, x4)---- : 20.2905dB / 0.5907
25-11-12 07:01:45.886 : --75 --> BSRNet --> x4--> img_075.png
25-11-12 07:01:46.364 : ----PSNR/SSIM for (/root/media/quoc-huy/blur-DAN/Urban100/LRbic/, x4)---- : 26.5750dB / 0.8218
25-11-12 07:01:46.364 : --76 --> BSRNet --> x4--> img_076.png
25-11-12 07:01:46.789 : ----PSNR/SSIM for (/root/media/quoc-huy/blur-DAN/Urban100/LRbic/, x4)---- : 19.1939dB / 0.6108
25-11-12 07:01:46.789 : --77 --> BSRNet --> x4--> img_077.png
25-11-12 07:01:47.473 : ----PSNR/SSIM for (/root/media/quoc-huy/blur-DAN/Urban100/LRbic/, x4)---- : 19.5793dB / 0.5852
25-11-12 07:01:47.473 : --78 --> BSRNet --> x4--> img_078.png
25-11-12 07:01:47.994 : ----PSNR/SSIM for (/root/media/quoc-huy/blur-DAN/Urban100/LRbic/, x4)---- : 23.7006dB / 0.6723
25-11-12 07:01:47.994 : --79 --> BSRNet --> x4--> img_079.png
25-11-12 07:01:48.498 : ----PSNR/SSIM for (/root/media/quoc-huy/blur-DAN/Urban100/LRbic/, x4)---- : 21.4523dB / 0.5989
25-11-12 07:01:48.498 : --80 --> BSRNet --> x4--> img_080.png
25-11-12 07:01:49.128 : ----PSNR/SSIM for (/root/media/quoc-huy/blur-DAN/Urban100/LRbic/, x4)---- : 29.6848dB / 0.9111
25-11-12 07:01:49.128 : --81 --> BSRNet --> x4--> img_081.png
25-11-12 07:01:49.806 : ----PSNR/SSIM for (/root/media/quoc-huy/blur-DAN/Urban100/LRbic/, x4)---- : 27.6869dB / 0.8804
25-11-12 07:01:49.807 : --82 --> BSRNet --> x4--> img_082.png
25-11-12 07:01:50.499 : ----PSNR/SSIM for (/root/media/quoc-huy/blur-DAN/Urban100/LRbic/, x4)---- : 27.2136dB / 0.8809
25-11-12 07:01:50.499 : --83 --> BSRNet --> x4--> img_083.png
25-11-12 07:01:51.131 : ----PSNR/SSIM for (/root/media/quoc-huy/blur-DAN/Urban100/LRbic/, x4)---- : 18.2413dB / 0.5654
25-11-12 07:01:51.131 : --84 --> BSRNet --> x4--> img_084.png
25-11-12 07:01:51.893 : ----PSNR/SSIM for (/root/media/quoc-huy/blur-DAN/Urban100/LRbic/, x4)---- : 24.8621dB / 0.7378
25-11-12 07:01:51.893 : --85 --> BSRNet --> x4--> img_085.png
25-11-12 07:01:52.517 : ----PSNR/SSIM for (/root/media/quoc-huy/blur-DAN/Urban100/LRbic/, x4)---- : 24.0206dB / 0.8480
25-11-12 07:01:52.518 : --86 --> BSRNet --> x4--> img_086.png
25-11-12 07:01:53.349 : ----PSNR/SSIM for (/root/media/quoc-huy/blur-DAN/Urban100/LRbic/, x4)---- : 25.8541dB / 0.8304
25-11-12 07:01:53.349 : --87 --> BSRNet --> x4--> img_087.png
25-11-12 07:01:54.447 : ----PSNR/SSIM for (/root/media/quoc-huy/blur-DAN/Urban100/LRbic/, x4)---- : 21.3365dB / 0.7757
25-11-12 07:01:54.447 : --88 --> BSRNet --> x4--> img_088.png
25-11-12 07:01:55.074 : ----PSNR/SSIM for (/root/media/quoc-huy/blur-DAN/Urban100/LRbic/, x4)---- : 16.2295dB / 0.4074
25-11-12 07:01:55.074 : --89 --> BSRNet --> x4--> img_089.png
25-11-12 07:01:55.759 : ----PSNR/SSIM for (/root/media/quoc-huy/blur-DAN/Urban100/LRbic/, x4)---- : 23.2147dB / 0.6437
25-11-12 07:01:55.760 : --90 --> BSRNet --> x4--> img_090.png
25-11-12 07:01:56.237 : ----PSNR/SSIM for (/root/media/quoc-huy/blur-DAN/Urban100/LRbic/, x4)---- : 30.9278dB / 0.9359
25-11-12 07:01:56.237 : --91 --> BSRNet --> x4--> img_091.png
25-11-12 07:01:56.731 : ----PSNR/SSIM for (/root/media/quoc-huy/blur-DAN/Urban100/LRbic/, x4)---- : 20.1372dB / 0.5200
25-11-12 07:01:56.731 : --92 --> BSRNet --> x4--> img_092.png
25-11-12 07:01:57.346 : ----PSNR/SSIM for (/root/media/quoc-huy/blur-DAN/Urban100/LRbic/, x4)---- : 14.9968dB / 0.5026
25-11-12 07:01:57.347 : --93 --> BSRNet --> x4--> img_093.png
25-11-12 07:01:57.951 : ----PSNR/SSIM for (/root/media/quoc-huy/blur-DAN/Urban100/LRbic/, x4)---- : 24.4409dB / 0.8636
25-11-12 07:01:57.952 : --94 --> BSRNet --> x4--> img_094.png
25-11-12 07:01:58.504 : ----PSNR/SSIM for (/root/media/quoc-huy/blur-DAN/Urban100/LRbic/, x4)---- : 23.0205dB / 0.6975
25-11-12 07:01:58.504 : --95 --> BSRNet --> x4--> img_095.png
25-11-12 07:01:59.007 : ----PSNR/SSIM for (/root/media/quoc-huy/blur-DAN/Urban100/LRbic/, x4)---- : 16.7406dB / 0.2826
25-11-12 07:01:59.007 : --96 --> BSRNet --> x4--> img_096.png
25-11-12 07:01:59.598 : ----PSNR/SSIM for (/root/media/quoc-huy/blur-DAN/Urban100/LRbic/, x4)---- : 19.1670dB / 0.7391
25-11-12 07:01:59.599 : --97 --> BSRNet --> x4--> img_097.png
25-11-12 07:02:00.150 : ----PSNR/SSIM for (/root/media/quoc-huy/blur-DAN/Urban100/LRbic/, x4)---- : 20.7191dB / 0.6623
25-11-12 07:02:00.150 : --98 --> BSRNet --> x4--> img_098.png
25-11-12 07:02:00.609 : ----PSNR/SSIM for (/root/media/quoc-huy/blur-DAN/Urban100/LRbic/, x4)---- : 17.4455dB / 0.3939
25-11-12 07:02:00.609 : --99 --> BSRNet --> x4--> img_099.png
25-11-12 07:02:01.162 : ----PSNR/SSIM for (/root/media/quoc-huy/blur-DAN/Urban100/LRbic/, x4)---- : 20.0506dB / 0.5893
25-11-12 07:02:01.162 : -100 --> BSRNet --> x4--> img_100.png
25-11-12 07:02:01.796 : ----PSNR/SSIM for (/root/media/quoc-huy/blur-DAN/Urban100/LRbic/, x4)---- : 21.8483dB / 0.6412
25-11-12 07:02:01.796 : ----Average PSNR/SSIM for (/root/media/quoc-huy/blur-DAN/Urban100/LRbic/, x4)---- : 21.4466dB / 0.6774
25-11-12 07:02:01.796 :  
25-11-12 07:02:29.978 :       Model Name : BSRGAN
25-11-12 07:02:37.219 :       Input Path : /root/media/quoc-huy/blur-DAN/Urban100/LRbic/
25-11-12 07:02:37.219 :      Output Path : /root/quoc-huy/BSRGAN/testsets/experimental-results/Urban100
25-11-12 07:02:37.219 : ---1 --> BSRGAN --> x4--> img_001.png
25-11-12 07:02:38.556 : ----PSNR/SSIM for (/root/media/quoc-huy/blur-DAN/Urban100/LRbic/, x4)---- : 22.4599dB / 0.6017
25-11-12 07:02:38.556 : ---2 --> BSRGAN --> x4--> img_002.png
25-11-12 07:02:39.307 : ----PSNR/SSIM for (/root/media/quoc-huy/blur-DAN/Urban100/LRbic/, x4)---- : 20.7155dB / 0.6434
25-11-12 07:02:39.307 : ---3 --> BSRGAN --> x4--> img_003.png
25-11-12 07:02:39.803 : ----PSNR/SSIM for (/root/media/quoc-huy/blur-DAN/Urban100/LRbic/, x4)---- : 19.0998dB / 0.4960
25-11-12 07:02:39.803 : ---4 --> BSRGAN --> x4--> img_004.png
25-11-12 07:02:40.250 : ----PSNR/SSIM for (/root/media/quoc-huy/blur-DAN/Urban100/LRbic/, x4)---- : 17.6487dB / 0.6137
25-11-12 07:02:40.250 : ---5 --> BSRGAN --> x4--> img_005.png
25-11-12 07:02:40.897 : ----PSNR/SSIM for (/root/media/quoc-huy/blur-DAN/Urban100/LRbic/, x4)---- : 20.8337dB / 0.8464
25-11-12 07:02:40.897 : ---6 --> BSRGAN --> x4--> img_006.png
25-11-12 07:02:41.703 : ----PSNR/SSIM for (/root/media/quoc-huy/blur-DAN/Urban100/LRbic/, x4)---- : 18.0273dB / 0.4361
25-11-12 07:02:41.703 : ---7 --> BSRGAN --> x4--> img_007.png
25-11-12 07:02:42.186 : ----PSNR/SSIM for (/root/media/quoc-huy/blur-DAN/Urban100/LRbic/, x4)---- : 23.1289dB / 0.7081
25-11-12 07:02:42.186 : ---8 --> BSRGAN --> x4--> img_008.png
25-11-12 07:02:42.609 : ----PSNR/SSIM for (/root/media/quoc-huy/blur-DAN/Urban100/LRbic/, x4)---- : 16.8110dB / 0.4514
25-11-12 07:02:42.609 : ---9 --> BSRGAN --> x4--> img_009.png
25-11-12 07:02:43.228 : ----PSNR/SSIM for (/root/media/quoc-huy/blur-DAN/Urban100/LRbic/, x4)---- : 27.4461dB / 0.8428
25-11-12 07:02:43.229 : --10 --> BSRGAN --> x4--> img_010.png
25-11-12 07:02:43.865 : ----PSNR/SSIM for (/root/media/quoc-huy/blur-DAN/Urban100/LRbic/, x4)---- : 21.6147dB / 0.7689
25-11-12 07:02:43.865 : --11 --> BSRGAN --> x4--> img_011.png
25-11-12 07:02:44.271 : ----PSNR/SSIM for (/root/media/quoc-huy/blur-DAN/Urban100/LRbic/, x4)---- : 12.7099dB / 0.5839
25-11-12 07:02:44.271 : --12 --> BSRGAN --> x4--> img_012.png
25-11-12 07:02:44.832 : ----PSNR/SSIM for (/root/media/quoc-huy/blur-DAN/Urban100/LRbic/, x4)---- : 18.9723dB / 0.5596
25-11-12 07:02:44.832 : --13 --> BSRGAN --> x4--> img_013.png
25-11-12 07:02:45.385 : ----PSNR/SSIM for (/root/media/quoc-huy/blur-DAN/Urban100/LRbic/, x4)---- : 22.8517dB / 0.6744
25-11-12 07:02:45.385 : --14 --> BSRGAN --> x4--> img_014.png
25-11-12 07:02:46.031 : ----PSNR/SSIM for (/root/media/quoc-huy/blur-DAN/Urban100/LRbic/, x4)---- : 18.3429dB / 0.5514
25-11-12 07:02:46.031 : --15 --> BSRGAN --> x4--> img_015.png
25-11-12 07:02:46.535 : ----PSNR/SSIM for (/root/media/quoc-huy/blur-DAN/Urban100/LRbic/, x4)---- : 21.1892dB / 0.5796
25-11-12 07:02:46.536 : --16 --> BSRGAN --> x4--> img_016.png
25-11-12 07:02:47.375 : ----PSNR/SSIM for (/root/media/quoc-huy/blur-DAN/Urban100/LRbic/, x4)---- : 23.2682dB / 0.8214
25-11-12 07:02:47.376 : --17 --> BSRGAN --> x4--> img_017.png
25-11-12 07:02:48.003 : ----PSNR/SSIM for (/root/media/quoc-huy/blur-DAN/Urban100/LRbic/, x4)---- : 19.9858dB / 0.6751
25-11-12 07:02:48.003 : --18 --> BSRGAN --> x4--> img_018.png
25-11-12 07:02:48.884 : ----PSNR/SSIM for (/root/media/quoc-huy/blur-DAN/Urban100/LRbic/, x4)---- : 21.6340dB / 0.5210
25-11-12 07:02:48.884 : --19 --> BSRGAN --> x4--> img_019.png
25-11-12 07:02:49.482 : ----PSNR/SSIM for (/root/media/quoc-huy/blur-DAN/Urban100/LRbic/, x4)---- : 16.1513dB / 0.5872
25-11-12 07:02:49.483 : --20 --> BSRGAN --> x4--> img_020.png
25-11-12 07:02:50.741 : ----PSNR/SSIM for (/root/media/quoc-huy/blur-DAN/Urban100/LRbic/, x4)---- : 17.6375dB / 0.5468
25-11-12 07:02:50.742 : --21 --> BSRGAN --> x4--> img_021.png
25-11-12 07:02:51.395 : ----PSNR/SSIM for (/root/media/quoc-huy/blur-DAN/Urban100/LRbic/, x4)---- : 24.4432dB / 0.6632
25-11-12 07:02:51.396 : --22 --> BSRGAN --> x4--> img_022.png
25-11-12 07:02:51.861 : ----PSNR/SSIM for (/root/media/quoc-huy/blur-DAN/Urban100/LRbic/, x4)---- : 21.5301dB / 0.6488
25-11-12 07:02:51.862 : --23 --> BSRGAN --> x4--> img_023.png
25-11-12 07:02:52.506 : ----PSNR/SSIM for (/root/media/quoc-huy/blur-DAN/Urban100/LRbic/, x4)---- : 22.9036dB / 0.7535
25-11-12 07:02:52.506 : --24 --> BSRGAN --> x4--> img_024.png
25-11-12 07:02:53.003 : ----PSNR/SSIM for (/root/media/quoc-huy/blur-DAN/Urban100/LRbic/, x4)---- : 15.1544dB / 0.4432
25-11-12 07:02:53.004 : --25 --> BSRGAN --> x4--> img_025.png
25-11-12 07:02:53.522 : ----PSNR/SSIM for (/root/media/quoc-huy/blur-DAN/Urban100/LRbic/, x4)---- : 25.2439dB / 0.7890
25-11-12 07:02:53.522 : --26 --> BSRGAN --> x4--> img_026.png
25-11-12 07:02:54.058 : ----PSNR/SSIM for (/root/media/quoc-huy/blur-DAN/Urban100/LRbic/, x4)---- : 23.1438dB / 0.5884
25-11-12 07:02:54.059 : --27 --> BSRGAN --> x4--> img_027.png
25-11-12 07:02:54.749 : ----PSNR/SSIM for (/root/media/quoc-huy/blur-DAN/Urban100/LRbic/, x4)---- : 23.5252dB / 0.6822
25-11-12 07:02:54.750 : --28 --> BSRGAN --> x4--> img_028.png
25-11-12 07:02:55.206 : ----PSNR/SSIM for (/root/media/quoc-huy/blur-DAN/Urban100/LRbic/, x4)---- : 25.8248dB / 0.7858
25-11-12 07:02:55.207 : --29 --> BSRGAN --> x4--> img_029.png
25-11-12 07:02:55.706 : ----PSNR/SSIM for (/root/media/quoc-huy/blur-DAN/Urban100/LRbic/, x4)---- : 20.9182dB / 0.7045
25-11-12 07:02:55.706 : --30 --> BSRGAN --> x4--> img_030.png
25-11-12 07:02:56.204 : ----PSNR/SSIM for (/root/media/quoc-huy/blur-DAN/Urban100/LRbic/, x4)---- : 18.3096dB / 0.5973
25-11-12 07:02:56.204 : --31 --> BSRGAN --> x4--> img_031.png
25-11-12 07:02:56.736 : ----PSNR/SSIM for (/root/media/quoc-huy/blur-DAN/Urban100/LRbic/, x4)---- : 19.6444dB / 0.6339
25-11-12 07:02:56.737 : --32 --> BSRGAN --> x4--> img_032.png
25-11-12 07:02:57.161 : ----PSNR/SSIM for (/root/media/quoc-huy/blur-DAN/Urban100/LRbic/, x4)---- : 23.1854dB / 0.7055
25-11-12 07:02:57.162 : --33 --> BSRGAN --> x4--> img_033.png
25-11-12 07:02:57.586 : ----PSNR/SSIM for (/root/media/quoc-huy/blur-DAN/Urban100/LRbic/, x4)---- : 21.5856dB / 0.6374
25-11-12 07:02:57.586 : --34 --> BSRGAN --> x4--> img_034.png
25-11-12 07:02:58.057 : ----PSNR/SSIM for (/root/media/quoc-huy/blur-DAN/Urban100/LRbic/, x4)---- : 18.3132dB / 0.4020
25-11-12 07:02:58.058 : --35 --> BSRGAN --> x4--> img_035.png
25-11-12 07:02:58.621 : ----PSNR/SSIM for (/root/media/quoc-huy/blur-DAN/Urban100/LRbic/, x4)---- : 20.3957dB / 0.7082
25-11-12 07:02:58.622 : --36 --> BSRGAN --> x4--> img_036.png
25-11-12 07:02:59.923 : ----PSNR/SSIM for (/root/media/quoc-huy/blur-DAN/Urban100/LRbic/, x4)---- : 23.1690dB / 0.7737
25-11-12 07:02:59.923 : --37 --> BSRGAN --> x4--> img_037.png
25-11-12 07:03:00.731 : ----PSNR/SSIM for (/root/media/quoc-huy/blur-DAN/Urban100/LRbic/, x4)---- : 20.3095dB / 0.6005
25-11-12 07:03:00.732 : --38 --> BSRGAN --> x4--> img_038.png
25-11-12 07:03:01.439 : ----PSNR/SSIM for (/root/media/quoc-huy/blur-DAN/Urban100/LRbic/, x4)---- : 22.1053dB / 0.4608
25-11-12 07:03:01.440 : --39 --> BSRGAN --> x4--> img_039.png
25-11-12 07:03:02.384 : ----PSNR/SSIM for (/root/media/quoc-huy/blur-DAN/Urban100/LRbic/, x4)---- : 18.3499dB / 0.5658
25-11-12 07:03:02.384 : --40 --> BSRGAN --> x4--> img_040.png
25-11-12 07:03:02.821 : ----PSNR/SSIM for (/root/media/quoc-huy/blur-DAN/Urban100/LRbic/, x4)---- : 18.0949dB / 0.7421
25-11-12 07:03:02.821 : --41 --> BSRGAN --> x4--> img_041.png
25-11-12 07:03:03.293 : ----PSNR/SSIM for (/root/media/quoc-huy/blur-DAN/Urban100/LRbic/, x4)---- : 19.1185dB / 0.6895
25-11-12 07:03:03.293 : --42 --> BSRGAN --> x4--> img_042.png
25-11-12 07:03:03.949 : ----PSNR/SSIM for (/root/media/quoc-huy/blur-DAN/Urban100/LRbic/, x4)---- : 22.4620dB / 0.7630
25-11-12 07:03:03.949 : --43 --> BSRGAN --> x4--> img_043.png
25-11-12 07:03:04.466 : ----PSNR/SSIM for (/root/media/quoc-huy/blur-DAN/Urban100/LRbic/, x4)---- : 22.1374dB / 0.8023
25-11-12 07:03:04.466 : --44 --> BSRGAN --> x4--> img_044.png
25-11-12 07:03:04.887 : ----PSNR/SSIM for (/root/media/quoc-huy/blur-DAN/Urban100/LRbic/, x4)---- : 22.3603dB / 0.6584
25-11-12 07:03:04.888 : --45 --> BSRGAN --> x4--> img_045.png
25-11-12 07:03:05.540 : ----PSNR/SSIM for (/root/media/quoc-huy/blur-DAN/Urban100/LRbic/, x4)---- : 17.6476dB / 0.4270
25-11-12 07:03:05.540 : --46 --> BSRGAN --> x4--> img_046.png
25-11-12 07:03:06.001 : ----PSNR/SSIM for (/root/media/quoc-huy/blur-DAN/Urban100/LRbic/, x4)---- : 18.7025dB / 0.6489
25-11-12 07:03:06.001 : --47 --> BSRGAN --> x4--> img_047.png
25-11-12 07:03:06.454 : ----PSNR/SSIM for (/root/media/quoc-huy/blur-DAN/Urban100/LRbic/, x4)---- : 17.1601dB / 0.5946
25-11-12 07:03:06.455 : --48 --> BSRGAN --> x4--> img_048.png
25-11-12 07:03:06.923 : ----PSNR/SSIM for (/root/media/quoc-huy/blur-DAN/Urban100/LRbic/, x4)---- : 15.4377dB / 0.6584
25-11-12 07:03:06.924 : --49 --> BSRGAN --> x4--> img_049.png
25-11-12 07:03:07.336 : ----PSNR/SSIM for (/root/media/quoc-huy/blur-DAN/Urban100/LRbic/, x4)---- : 17.8789dB / 0.5553
25-11-12 07:03:07.336 : --50 --> BSRGAN --> x4--> img_050.png
25-11-12 07:03:07.830 : ----PSNR/SSIM for (/root/media/quoc-huy/blur-DAN/Urban100/LRbic/, x4)---- : 20.4600dB / 0.6069
25-11-12 07:03:07.830 : --51 --> BSRGAN --> x4--> img_051.png
25-11-12 07:03:08.370 : ----PSNR/SSIM for (/root/media/quoc-huy/blur-DAN/Urban100/LRbic/, x4)---- : 21.4508dB / 0.7034
25-11-12 07:03:08.370 : --52 --> BSRGAN --> x4--> img_052.png
25-11-12 07:03:08.804 : ----PSNR/SSIM for (/root/media/quoc-huy/blur-DAN/Urban100/LRbic/, x4)---- : 21.5436dB / 0.7577
25-11-12 07:03:08.804 : --53 --> BSRGAN --> x4--> img_053.png
25-11-12 07:03:09.195 : ----PSNR/SSIM for (/root/media/quoc-huy/blur-DAN/Urban100/LRbic/, x4)---- : 16.9920dB / 0.5348
25-11-12 07:03:09.195 : --54 --> BSRGAN --> x4--> img_054.png
25-11-12 07:03:09.779 : ----PSNR/SSIM for (/root/media/quoc-huy/blur-DAN/Urban100/LRbic/, x4)---- : 16.7764dB / 0.5015
25-11-12 07:03:09.780 : --55 --> BSRGAN --> x4--> img_055.png
25-11-12 07:03:10.463 : ----PSNR/SSIM for (/root/media/quoc-huy/blur-DAN/Urban100/LRbic/, x4)---- : 23.4296dB / 0.8311
25-11-12 07:03:10.463 : --56 --> BSRGAN --> x4--> img_056.png
25-11-12 07:03:11.379 : ----PSNR/SSIM for (/root/media/quoc-huy/blur-DAN/Urban100/LRbic/, x4)---- : 18.9003dB / 0.5821
25-11-12 07:03:11.379 : --57 --> BSRGAN --> x4--> img_057.png
25-11-12 07:03:11.926 : ----PSNR/SSIM for (/root/media/quoc-huy/blur-DAN/Urban100/LRbic/, x4)---- : 24.1317dB / 0.7577
25-11-12 07:03:11.926 : --58 --> BSRGAN --> x4--> img_058.png
25-11-12 07:03:12.380 : ----PSNR/SSIM for (/root/media/quoc-huy/blur-DAN/Urban100/LRbic/, x4)---- : 19.1646dB / 0.6624
25-11-12 07:03:12.380 : --59 --> BSRGAN --> x4--> img_059.png
25-11-12 07:03:13.291 : ----PSNR/SSIM for (/root/media/quoc-huy/blur-DAN/Urban100/LRbic/, x4)---- : 17.4666dB / 0.6240
25-11-12 07:03:13.291 : --60 --> BSRGAN --> x4--> img_060.png
25-11-12 07:03:13.922 : ----PSNR/SSIM for (/root/media/quoc-huy/blur-DAN/Urban100/LRbic/, x4)---- : 18.1087dB / 0.3957
25-11-12 07:03:13.922 : --61 --> BSRGAN --> x4--> img_061.png
25-11-12 07:03:14.458 : ----PSNR/SSIM for (/root/media/quoc-huy/blur-DAN/Urban100/LRbic/, x4)---- : 19.3404dB / 0.5754
25-11-12 07:03:14.458 : --62 --> BSRGAN --> x4--> img_062.png
25-11-12 07:03:14.946 : ----PSNR/SSIM for (/root/media/quoc-huy/blur-DAN/Urban100/LRbic/, x4)---- : 16.6927dB / 0.5889
25-11-12 07:03:14.947 : --63 --> BSRGAN --> x4--> img_063.png
25-11-12 07:03:15.700 : ----PSNR/SSIM for (/root/media/quoc-huy/blur-DAN/Urban100/LRbic/, x4)---- : 17.0048dB / 0.4532
25-11-12 07:03:15.700 : --64 --> BSRGAN --> x4--> img_064.png
25-11-12 07:03:16.191 : ----PSNR/SSIM for (/root/media/quoc-huy/blur-DAN/Urban100/LRbic/, x4)---- : 20.9106dB / 0.5901
25-11-12 07:03:16.192 : --65 --> BSRGAN --> x4--> img_065.png
25-11-12 07:03:16.718 : ----PSNR/SSIM for (/root/media/quoc-huy/blur-DAN/Urban100/LRbic/, x4)---- : 20.3477dB / 0.5621
25-11-12 07:03:16.718 : --66 --> BSRGAN --> x4--> img_066.png
25-11-12 07:03:17.345 : ----PSNR/SSIM for (/root/media/quoc-huy/blur-DAN/Urban100/LRbic/, x4)---- : 18.2316dB / 0.5011
25-11-12 07:03:17.345 : --67 --> BSRGAN --> x4--> img_067.png
25-11-12 07:03:17.844 : ----PSNR/SSIM for (/root/media/quoc-huy/blur-DAN/Urban100/LRbic/, x4)---- : 14.1318dB / 0.7102
25-11-12 07:03:17.845 : --68 --> BSRGAN --> x4--> img_068.png
25-11-12 07:03:18.667 : ----PSNR/SSIM for (/root/media/quoc-huy/blur-DAN/Urban100/LRbic/, x4)---- : 24.3719dB / 0.7317
25-11-12 07:03:18.668 : --69 --> BSRGAN --> x4--> img_069.png
25-11-12 07:03:19.369 : ----PSNR/SSIM for (/root/media/quoc-huy/blur-DAN/Urban100/LRbic/, x4)---- : 19.9154dB / 0.5981
25-11-12 07:03:19.369 : --70 --> BSRGAN --> x4--> img_070.png
25-11-12 07:03:19.957 : ----PSNR/SSIM for (/root/media/quoc-huy/blur-DAN/Urban100/LRbic/, x4)---- : 18.5189dB / 0.4728
25-11-12 07:03:19.957 : --71 --> BSRGAN --> x4--> img_071.png
25-11-12 07:03:20.477 : ----PSNR/SSIM for (/root/media/quoc-huy/blur-DAN/Urban100/LRbic/, x4)---- : 23.4395dB / 0.4898
25-11-12 07:03:20.477 : --72 --> BSRGAN --> x4--> img_072.png
25-11-12 07:03:20.875 : ----PSNR/SSIM for (/root/media/quoc-huy/blur-DAN/Urban100/LRbic/, x4)---- : 14.4003dB / 0.6020
25-11-12 07:03:20.876 : --73 --> BSRGAN --> x4--> img_073.png
25-11-12 07:03:21.490 : ----PSNR/SSIM for (/root/media/quoc-huy/blur-DAN/Urban100/LRbic/, x4)---- : 15.9320dB / 0.3433
25-11-12 07:03:21.490 : --74 --> BSRGAN --> x4--> img_074.png
25-11-12 07:03:22.046 : ----PSNR/SSIM for (/root/media/quoc-huy/blur-DAN/Urban100/LRbic/, x4)---- : 19.2836dB / 0.5350
25-11-12 07:03:22.047 : --75 --> BSRGAN --> x4--> img_075.png
25-11-12 07:03:22.769 : ----PSNR/SSIM for (/root/media/quoc-huy/blur-DAN/Urban100/LRbic/, x4)---- : 25.3050dB / 0.7919
25-11-12 07:03:22.769 : --76 --> BSRGAN --> x4--> img_076.png
25-11-12 07:03:23.372 : ----PSNR/SSIM for (/root/media/quoc-huy/blur-DAN/Urban100/LRbic/, x4)---- : 17.8073dB / 0.5519
25-11-12 07:03:23.372 : --77 --> BSRGAN --> x4--> img_077.png
25-11-12 07:03:23.948 : ----PSNR/SSIM for (/root/media/quoc-huy/blur-DAN/Urban100/LRbic/, x4)---- : 18.6294dB / 0.5335
25-11-12 07:03:23.949 : --78 --> BSRGAN --> x4--> img_078.png
25-11-12 07:03:24.577 : ----PSNR/SSIM for (/root/media/quoc-huy/blur-DAN/Urban100/LRbic/, x4)---- : 22.3068dB / 0.6111
25-11-12 07:03:24.578 : --79 --> BSRGAN --> x4--> img_079.png
25-11-12 07:03:25.365 : ----PSNR/SSIM for (/root/media/quoc-huy/blur-DAN/Urban100/LRbic/, x4)---- : 20.4580dB / 0.5387
25-11-12 07:03:25.365 : --80 --> BSRGAN --> x4--> img_080.png
25-11-12 07:03:25.984 : ----PSNR/SSIM for (/root/media/quoc-huy/blur-DAN/Urban100/LRbic/, x4)---- : 27.8981dB / 0.8660
25-11-12 07:03:25.984 : --81 --> BSRGAN --> x4--> img_081.png
25-11-12 07:03:26.660 : ----PSNR/SSIM for (/root/media/quoc-huy/blur-DAN/Urban100/LRbic/, x4)---- : 25.3958dB / 0.8375
25-11-12 07:03:26.661 : --82 --> BSRGAN --> x4--> img_082.png
25-11-12 07:03:27.358 : ----PSNR/SSIM for (/root/media/quoc-huy/blur-DAN/Urban100/LRbic/, x4)---- : 24.6180dB / 0.8348
25-11-12 07:03:27.358 : --83 --> BSRGAN --> x4--> img_083.png
25-11-12 07:03:28.123 : ----PSNR/SSIM for (/root/media/quoc-huy/blur-DAN/Urban100/LRbic/, x4)---- : 17.4976dB / 0.5061
25-11-12 07:03:28.123 : --84 --> BSRGAN --> x4--> img_084.png
25-11-12 07:03:28.933 : ----PSNR/SSIM for (/root/media/quoc-huy/blur-DAN/Urban100/LRbic/, x4)---- : 23.0459dB / 0.6483
25-11-12 07:03:28.934 : --85 --> BSRGAN --> x4--> img_085.png
25-11-12 07:03:29.453 : ----PSNR/SSIM for (/root/media/quoc-huy/blur-DAN/Urban100/LRbic/, x4)---- : 22.3515dB / 0.8138
25-11-12 07:03:29.453 : --86 --> BSRGAN --> x4--> img_086.png
25-11-12 07:03:30.088 : ----PSNR/SSIM for (/root/media/quoc-huy/blur-DAN/Urban100/LRbic/, x4)---- : 23.5744dB / 0.7739
25-11-12 07:03:30.090 : --87 --> BSRGAN --> x4--> img_087.png
25-11-12 07:03:30.843 : ----PSNR/SSIM for (/root/media/quoc-huy/blur-DAN/Urban100/LRbic/, x4)---- : 20.4891dB / 0.7318
25-11-12 07:03:30.843 : --88 --> BSRGAN --> x4--> img_088.png
25-11-12 07:03:31.354 : ----PSNR/SSIM for (/root/media/quoc-huy/blur-DAN/Urban100/LRbic/, x4)---- : 15.5572dB / 0.3562
25-11-12 07:03:31.355 : --89 --> BSRGAN --> x4--> img_089.png
25-11-12 07:03:31.835 : ----PSNR/SSIM for (/root/media/quoc-huy/blur-DAN/Urban100/LRbic/, x4)---- : 21.8723dB / 0.5569
25-11-12 07:03:31.835 : --90 --> BSRGAN --> x4--> img_090.png
25-11-12 07:03:32.284 : ----PSNR/SSIM for (/root/media/quoc-huy/blur-DAN/Urban100/LRbic/, x4)---- : 28.3097dB / 0.8771
25-11-12 07:03:32.284 : --91 --> BSRGAN --> x4--> img_091.png
25-11-12 07:03:32.834 : ----PSNR/SSIM for (/root/media/quoc-huy/blur-DAN/Urban100/LRbic/, x4)---- : 18.7164dB / 0.4382
25-11-12 07:03:32.834 : --92 --> BSRGAN --> x4--> img_092.png
25-11-12 07:03:33.405 : ----PSNR/SSIM for (/root/media/quoc-huy/blur-DAN/Urban100/LRbic/, x4)---- : 14.4613dB / 0.4683
25-11-12 07:03:33.405 : --93 --> BSRGAN --> x4--> img_093.png
25-11-12 07:03:34.420 : ----PSNR/SSIM for (/root/media/quoc-huy/blur-DAN/Urban100/LRbic/, x4)---- : 22.0444dB / 0.8129
25-11-12 07:03:34.420 : --94 --> BSRGAN --> x4--> img_094.png
25-11-12 07:03:35.129 : ----PSNR/SSIM for (/root/media/quoc-huy/blur-DAN/Urban100/LRbic/, x4)---- : 22.0941dB / 0.6437
25-11-12 07:03:35.130 : --95 --> BSRGAN --> x4--> img_095.png
25-11-12 07:03:36.193 : ----PSNR/SSIM for (/root/media/quoc-huy/blur-DAN/Urban100/LRbic/, x4)---- : 16.3755dB / 0.2349
25-11-12 07:03:36.193 : --96 --> BSRGAN --> x4--> img_096.png
25-11-12 07:03:36.891 : ----PSNR/SSIM for (/root/media/quoc-huy/blur-DAN/Urban100/LRbic/, x4)---- : 18.3498dB / 0.6997
25-11-12 07:03:36.891 : --97 --> BSRGAN --> x4--> img_097.png
25-11-12 07:03:37.417 : ----PSNR/SSIM for (/root/media/quoc-huy/blur-DAN/Urban100/LRbic/, x4)---- : 19.7495dB / 0.6009
25-11-12 07:03:37.417 : --98 --> BSRGAN --> x4--> img_098.png
25-11-12 07:03:37.873 : ----PSNR/SSIM for (/root/media/quoc-huy/blur-DAN/Urban100/LRbic/, x4)---- : 16.5060dB / 0.3344
25-11-12 07:03:37.873 : --99 --> BSRGAN --> x4--> img_099.png
25-11-12 07:03:38.540 : ----PSNR/SSIM for (/root/media/quoc-huy/blur-DAN/Urban100/LRbic/, x4)---- : 19.2011dB / 0.5386
25-11-12 07:03:38.540 : -100 --> BSRGAN --> x4--> img_100.png
25-11-12 07:03:39.359 : ----PSNR/SSIM for (/root/media/quoc-huy/blur-DAN/Urban100/LRbic/, x4)---- : 20.6582dB / 0.6049
25-11-12 07:03:39.359 : ----Average PSNR/SSIM for (/root/media/quoc-huy/blur-DAN/Urban100/LRbic/, x4)---- : 20.2380dB / 0.6211
25-11-12 07:03:39.360 :  
25-11-12 07:04:38.493 :       Model Name : BSRGAN
25-11-12 07:04:43.386 :       Input Path : /root/media/quoc-huy/blur-DAN/BSD100/LRbic/
25-11-12 07:04:43.387 :      Output Path : /root/quoc-huy/BSRGAN/experimental-results/Bic/BSD100
25-11-12 07:04:43.388 : ---1 --> BSRGAN --> x4--> 101085.png
25-11-12 07:04:43.928 : ----PSNR/SSIM for (/root/media/quoc-huy/blur-DAN/BSD100/LRbic/, x4)---- : 19.9311dB / 0.4097
25-11-12 07:04:43.929 : ---2 --> BSRGAN --> x4--> 101087.png
25-11-12 07:04:44.047 : ----PSNR/SSIM for (/root/media/quoc-huy/blur-DAN/BSD100/LRbic/, x4)---- : 23.6631dB / 0.7119
25-11-12 07:04:44.047 : ---3 --> BSRGAN --> x4--> 102061.png
25-11-12 07:04:44.134 : ----PSNR/SSIM for (/root/media/quoc-huy/blur-DAN/BSD100/LRbic/, x4)---- : 21.6950dB / 0.6991
25-11-12 07:04:44.134 : ---4 --> BSRGAN --> x4--> 103070.png
25-11-12 07:04:44.288 : ----PSNR/SSIM for (/root/media/quoc-huy/blur-DAN/BSD100/LRbic/, x4)---- : 24.9176dB / 0.7001
25-11-12 07:04:44.288 : ---5 --> BSRGAN --> x4--> 105025.png
25-11-12 07:04:44.401 : ----PSNR/SSIM for (/root/media/quoc-huy/blur-DAN/BSD100/LRbic/, x4)---- : 22.3433dB / 0.5694
25-11-12 07:04:44.401 : ---6 --> BSRGAN --> x4--> 106024.png
25-11-12 07:04:44.510 : ----PSNR/SSIM for (/root/media/quoc-huy/blur-DAN/BSD100/LRbic/, x4)---- : 27.2478dB / 0.8134
25-11-12 07:04:44.510 : ---7 --> BSRGAN --> x4--> 108005.png
25-11-12 07:04:44.611 : ----PSNR/SSIM for (/root/media/quoc-huy/blur-DAN/BSD100/LRbic/, x4)---- : 21.6904dB / 0.5721
25-11-12 07:04:44.611 : ---8 --> BSRGAN --> x4--> 108070.png
25-11-12 07:04:44.773 : ----PSNR/SSIM for (/root/media/quoc-huy/blur-DAN/BSD100/LRbic/, x4)---- : 19.3953dB / 0.3860
25-11-12 07:04:44.774 : ---9 --> BSRGAN --> x4--> 108082.png
25-11-12 07:04:44.872 : ----PSNR/SSIM for (/root/media/quoc-huy/blur-DAN/BSD100/LRbic/, x4)---- : 22.5425dB / 0.6488
25-11-12 07:04:44.872 : --10 --> BSRGAN --> x4--> 109053.png
25-11-12 07:04:44.949 : ----PSNR/SSIM for (/root/media/quoc-huy/blur-DAN/BSD100/LRbic/, x4)---- : 24.7539dB / 0.6677
25-11-12 07:04:44.949 : --11 --> BSRGAN --> x4--> 119082.png
25-11-12 07:04:45.044 : ----PSNR/SSIM for (/root/media/quoc-huy/blur-DAN/BSD100/LRbic/, x4)---- : 18.7496dB / 0.5423
25-11-12 07:04:45.045 : --12 --> BSRGAN --> x4--> 12084.png
25-11-12 07:04:45.207 : ----PSNR/SSIM for (/root/media/quoc-huy/blur-DAN/BSD100/LRbic/, x4)---- : 22.3275dB / 0.4975
25-11-12 07:04:45.207 : --13 --> BSRGAN --> x4--> 123074.png
25-11-12 07:04:45.308 : ----PSNR/SSIM for (/root/media/quoc-huy/blur-DAN/BSD100/LRbic/, x4)---- : 24.7734dB / 0.6250
25-11-12 07:04:45.309 : --14 --> BSRGAN --> x4--> 126007.png
25-11-12 07:04:45.415 : ----PSNR/SSIM for (/root/media/quoc-huy/blur-DAN/BSD100/LRbic/, x4)---- : 23.9957dB / 0.7128
25-11-12 07:04:45.415 : --15 --> BSRGAN --> x4--> 130026.png
25-11-12 07:04:45.514 : ----PSNR/SSIM for (/root/media/quoc-huy/blur-DAN/BSD100/LRbic/, x4)---- : 21.0377dB / 0.5105
25-11-12 07:04:45.514 : --16 --> BSRGAN --> x4--> 134035.png
25-11-12 07:04:45.625 : ----PSNR/SSIM for (/root/media/quoc-huy/blur-DAN/BSD100/LRbic/, x4)---- : 19.4219dB / 0.5588
25-11-12 07:04:45.625 : --17 --> BSRGAN --> x4--> 14037.png
25-11-12 07:04:45.723 : ----PSNR/SSIM for (/root/media/quoc-huy/blur-DAN/BSD100/LRbic/, x4)---- : 28.7499dB / 0.8043
25-11-12 07:04:45.724 : --18 --> BSRGAN --> x4--> 143090.png
25-11-12 07:04:45.825 : ----PSNR/SSIM for (/root/media/quoc-huy/blur-DAN/BSD100/LRbic/, x4)---- : 27.2244dB / 0.8112
25-11-12 07:04:45.825 : --19 --> BSRGAN --> x4--> 145086.png
25-11-12 07:04:45.980 : ----PSNR/SSIM for (/root/media/quoc-huy/blur-DAN/BSD100/LRbic/, x4)---- : 21.6761dB / 0.6156
25-11-12 07:04:45.981 : --20 --> BSRGAN --> x4--> 147091.png
25-11-12 07:04:46.069 : ----PSNR/SSIM for (/root/media/quoc-huy/blur-DAN/BSD100/LRbic/, x4)---- : 21.3602dB / 0.6944
25-11-12 07:04:46.069 : --21 --> BSRGAN --> x4--> 148026.png
25-11-12 07:04:46.165 : ----PSNR/SSIM for (/root/media/quoc-huy/blur-DAN/BSD100/LRbic/, x4)---- : 17.3744dB / 0.4886
25-11-12 07:04:46.166 : --22 --> BSRGAN --> x4--> 148089.png
25-11-12 07:04:46.257 : ----PSNR/SSIM for (/root/media/quoc-huy/blur-DAN/BSD100/LRbic/, x4)---- : 18.9968dB / 0.4277
25-11-12 07:04:46.258 : --23 --> BSRGAN --> x4--> 156065.png
25-11-12 07:04:46.358 : ----PSNR/SSIM for (/root/media/quoc-huy/blur-DAN/BSD100/LRbic/, x4)---- : 21.1884dB / 0.4044
25-11-12 07:04:46.358 : --24 --> BSRGAN --> x4--> 157055.png
25-11-12 07:04:46.449 : ----PSNR/SSIM for (/root/media/quoc-huy/blur-DAN/BSD100/LRbic/, x4)---- : 21.9116dB / 0.6434
25-11-12 07:04:46.449 : --25 --> BSRGAN --> x4--> 159008.png
25-11-12 07:04:46.536 : ----PSNR/SSIM for (/root/media/quoc-huy/blur-DAN/BSD100/LRbic/, x4)---- : 21.4830dB / 0.6422
25-11-12 07:04:46.536 : --26 --> BSRGAN --> x4--> 160068.png
25-11-12 07:04:46.625 : ----PSNR/SSIM for (/root/media/quoc-huy/blur-DAN/BSD100/LRbic/, x4)---- : 22.0909dB / 0.7473
25-11-12 07:04:46.625 : --27 --> BSRGAN --> x4--> 16077.png
25-11-12 07:04:46.715 : ----PSNR/SSIM for (/root/media/quoc-huy/blur-DAN/BSD100/LRbic/, x4)---- : 22.8430dB / 0.5861
25-11-12 07:04:46.715 : --28 --> BSRGAN --> x4--> 163085.png
25-11-12 07:04:46.805 : ----PSNR/SSIM for (/root/media/quoc-huy/blur-DAN/BSD100/LRbic/, x4)---- : 24.7292dB / 0.6787
25-11-12 07:04:46.805 : --29 --> BSRGAN --> x4--> 167062.png
25-11-12 07:04:46.894 : ----PSNR/SSIM for (/root/media/quoc-huy/blur-DAN/BSD100/LRbic/, x4)---- : 25.2570dB / 0.7948
25-11-12 07:04:46.894 : --30 --> BSRGAN --> x4--> 167083.png
25-11-12 07:04:46.985 : ----PSNR/SSIM for (/root/media/quoc-huy/blur-DAN/BSD100/LRbic/, x4)---- : 16.3860dB / 0.3630
25-11-12 07:04:46.985 : --31 --> BSRGAN --> x4--> 170057.png
25-11-12 07:04:47.080 : ----PSNR/SSIM for (/root/media/quoc-huy/blur-DAN/BSD100/LRbic/, x4)---- : 24.4978dB / 0.6225
25-11-12 07:04:47.081 : --32 --> BSRGAN --> x4--> 175032.png
25-11-12 07:04:47.187 : ----PSNR/SSIM for (/root/media/quoc-huy/blur-DAN/BSD100/LRbic/, x4)---- : 17.3183dB / 0.2549
25-11-12 07:04:47.188 : --33 --> BSRGAN --> x4--> 175043.png
25-11-12 07:04:47.299 : ----PSNR/SSIM for (/root/media/quoc-huy/blur-DAN/BSD100/LRbic/, x4)---- : 20.5138dB / 0.4238
25-11-12 07:04:47.299 : --34 --> BSRGAN --> x4--> 182053.png
25-11-12 07:04:47.436 : ----PSNR/SSIM for (/root/media/quoc-huy/blur-DAN/BSD100/LRbic/, x4)---- : 19.8654dB / 0.6509
25-11-12 07:04:47.436 : --35 --> BSRGAN --> x4--> 189080.png
25-11-12 07:04:47.530 : ----PSNR/SSIM for (/root/media/quoc-huy/blur-DAN/BSD100/LRbic/, x4)---- : 28.3769dB / 0.8164
25-11-12 07:04:47.530 : --36 --> BSRGAN --> x4--> 19021.png
25-11-12 07:04:47.649 : ----PSNR/SSIM for (/root/media/quoc-huy/blur-DAN/BSD100/LRbic/, x4)---- : 21.9627dB / 0.5758
25-11-12 07:04:47.650 : --37 --> BSRGAN --> x4--> 196073.png
25-11-12 07:04:47.741 : ----PSNR/SSIM for (/root/media/quoc-huy/blur-DAN/BSD100/LRbic/, x4)---- : 25.4524dB / 0.3819
25-11-12 07:04:47.741 : --38 --> BSRGAN --> x4--> 197017.png
25-11-12 07:04:47.884 : ----PSNR/SSIM for (/root/media/quoc-huy/blur-DAN/BSD100/LRbic/, x4)---- : 23.7458dB / 0.5947
25-11-12 07:04:47.885 : --39 --> BSRGAN --> x4--> 208001.png
25-11-12 07:04:48.011 : ----PSNR/SSIM for (/root/media/quoc-huy/blur-DAN/BSD100/LRbic/, x4)---- : 23.6389dB / 0.5622
25-11-12 07:04:48.012 : --40 --> BSRGAN --> x4--> 210088.png
25-11-12 07:04:48.142 : ----PSNR/SSIM for (/root/media/quoc-huy/blur-DAN/BSD100/LRbic/, x4)---- : 27.5937dB / 0.8592
25-11-12 07:04:48.143 : --41 --> BSRGAN --> x4--> 21077.png
25-11-12 07:04:48.284 : ----PSNR/SSIM for (/root/media/quoc-huy/blur-DAN/BSD100/LRbic/, x4)---- : 21.6485dB / 0.5864
25-11-12 07:04:48.284 : --42 --> BSRGAN --> x4--> 216081.png
25-11-12 07:04:48.393 : ----PSNR/SSIM for (/root/media/quoc-huy/blur-DAN/BSD100/LRbic/, x4)---- : 21.0783dB / 0.5674
25-11-12 07:04:48.393 : --43 --> BSRGAN --> x4--> 219090.png
25-11-12 07:04:48.495 : ----PSNR/SSIM for (/root/media/quoc-huy/blur-DAN/BSD100/LRbic/, x4)---- : 22.0200dB / 0.6433
25-11-12 07:04:48.495 : --44 --> BSRGAN --> x4--> 220075.png
25-11-12 07:04:48.575 : ----PSNR/SSIM for (/root/media/quoc-huy/blur-DAN/BSD100/LRbic/, x4)---- : 22.4570dB / 0.7559
25-11-12 07:04:48.575 : --45 --> BSRGAN --> x4--> 223061.png
25-11-12 07:04:48.650 : ----PSNR/SSIM for (/root/media/quoc-huy/blur-DAN/BSD100/LRbic/, x4)---- : 20.8254dB / 0.5229
25-11-12 07:04:48.651 : --46 --> BSRGAN --> x4--> 227092.png
25-11-12 07:04:48.762 : ----PSNR/SSIM for (/root/media/quoc-huy/blur-DAN/BSD100/LRbic/, x4)---- : 29.3683dB / 0.7737
25-11-12 07:04:48.763 : --47 --> BSRGAN --> x4--> 229036.png
25-11-12 07:04:48.875 : ----PSNR/SSIM for (/root/media/quoc-huy/blur-DAN/BSD100/LRbic/, x4)---- : 18.6957dB / 0.4408
25-11-12 07:04:48.875 : --48 --> BSRGAN --> x4--> 236037.png
25-11-12 07:04:48.963 : ----PSNR/SSIM for (/root/media/quoc-huy/blur-DAN/BSD100/LRbic/, x4)---- : 20.8641dB / 0.4383
25-11-12 07:04:48.963 : --49 --> BSRGAN --> x4--> 24077.png
25-11-12 07:04:49.040 : ----PSNR/SSIM for (/root/media/quoc-huy/blur-DAN/BSD100/LRbic/, x4)---- : 20.2856dB / 0.7041
25-11-12 07:04:49.041 : --50 --> BSRGAN --> x4--> 241004.png
25-11-12 07:04:49.114 : ----PSNR/SSIM for (/root/media/quoc-huy/blur-DAN/BSD100/LRbic/, x4)---- : 27.0125dB / 0.7331
25-11-12 07:04:49.114 : --51 --> BSRGAN --> x4--> 241048.png
25-11-12 07:04:49.231 : ----PSNR/SSIM for (/root/media/quoc-huy/blur-DAN/BSD100/LRbic/, x4)---- : 20.9558dB / 0.4730
25-11-12 07:04:49.231 : --52 --> BSRGAN --> x4--> 253027.png
25-11-12 07:04:49.324 : ----PSNR/SSIM for (/root/media/quoc-huy/blur-DAN/BSD100/LRbic/, x4)---- : 18.0645dB / 0.5594
25-11-12 07:04:49.324 : --53 --> BSRGAN --> x4--> 253055.png
25-11-12 07:04:49.414 : ----PSNR/SSIM for (/root/media/quoc-huy/blur-DAN/BSD100/LRbic/, x4)---- : 27.2725dB / 0.7521
25-11-12 07:04:49.414 : --54 --> BSRGAN --> x4--> 260058.png
25-11-12 07:04:49.490 : ----PSNR/SSIM for (/root/media/quoc-huy/blur-DAN/BSD100/LRbic/, x4)---- : 27.7022dB / 0.6554
25-11-12 07:04:49.490 : --55 --> BSRGAN --> x4--> 271035.png
25-11-12 07:04:49.565 : ----PSNR/SSIM for (/root/media/quoc-huy/blur-DAN/BSD100/LRbic/, x4)---- : 22.4301dB / 0.6147
25-11-12 07:04:49.565 : --56 --> BSRGAN --> x4--> 285079.png
25-11-12 07:04:49.696 : ----PSNR/SSIM for (/root/media/quoc-huy/blur-DAN/BSD100/LRbic/, x4)---- : 20.8981dB / 0.5218
25-11-12 07:04:49.696 : --57 --> BSRGAN --> x4--> 291000.png
25-11-12 07:04:49.787 : ----PSNR/SSIM for (/root/media/quoc-huy/blur-DAN/BSD100/LRbic/, x4)---- : 18.0247dB / 0.2571
25-11-12 07:04:49.787 : --58 --> BSRGAN --> x4--> 295087.png
25-11-12 07:04:49.864 : ----PSNR/SSIM for (/root/media/quoc-huy/blur-DAN/BSD100/LRbic/, x4)---- : 23.1249dB / 0.5925
25-11-12 07:04:49.864 : --59 --> BSRGAN --> x4--> 296007.png
25-11-12 07:04:49.939 : ----PSNR/SSIM for (/root/media/quoc-huy/blur-DAN/BSD100/LRbic/, x4)---- : 27.8545dB / 0.6835
25-11-12 07:04:49.939 : --60 --> BSRGAN --> x4--> 296059.png
25-11-12 07:04:50.056 : ----PSNR/SSIM for (/root/media/quoc-huy/blur-DAN/BSD100/LRbic/, x4)---- : 26.4793dB / 0.6707
25-11-12 07:04:50.056 : --61 --> BSRGAN --> x4--> 299086.png
25-11-12 07:04:50.169 : ----PSNR/SSIM for (/root/media/quoc-huy/blur-DAN/BSD100/LRbic/, x4)---- : 27.3488dB / 0.7091
25-11-12 07:04:50.170 : --62 --> BSRGAN --> x4--> 300091.png
25-11-12 07:04:50.258 : ----PSNR/SSIM for (/root/media/quoc-huy/blur-DAN/BSD100/LRbic/, x4)---- : 24.2586dB / 0.6747
25-11-12 07:04:50.258 : --63 --> BSRGAN --> x4--> 302008.png
25-11-12 07:04:50.334 : ----PSNR/SSIM for (/root/media/quoc-huy/blur-DAN/BSD100/LRbic/, x4)---- : 24.2534dB / 0.8050
25-11-12 07:04:50.334 : --64 --> BSRGAN --> x4--> 304034.png
25-11-12 07:04:50.409 : ----PSNR/SSIM for (/root/media/quoc-huy/blur-DAN/BSD100/LRbic/, x4)---- : 20.0685dB / 0.4640
25-11-12 07:04:50.409 : --65 --> BSRGAN --> x4--> 304074.png
25-11-12 07:04:50.528 : ----PSNR/SSIM for (/root/media/quoc-huy/blur-DAN/BSD100/LRbic/, x4)---- : 21.7502dB / 0.4331
25-11-12 07:04:50.529 : --66 --> BSRGAN --> x4--> 306005.png
25-11-12 07:04:50.619 : ----PSNR/SSIM for (/root/media/quoc-huy/blur-DAN/BSD100/LRbic/, x4)---- : 23.0456dB / 0.6112
25-11-12 07:04:50.619 : --67 --> BSRGAN --> x4--> 3096.png
25-11-12 07:04:50.711 : ----PSNR/SSIM for (/root/media/quoc-huy/blur-DAN/BSD100/LRbic/, x4)---- : 31.2915dB / 0.9470
25-11-12 07:04:50.711 : --68 --> BSRGAN --> x4--> 33039.png
25-11-12 07:04:50.805 : ----PSNR/SSIM for (/root/media/quoc-huy/blur-DAN/BSD100/LRbic/, x4)---- : 16.6697dB / 0.3778
25-11-12 07:04:50.805 : --69 --> BSRGAN --> x4--> 351093.png
25-11-12 07:04:50.892 : ----PSNR/SSIM for (/root/media/quoc-huy/blur-DAN/BSD100/LRbic/, x4)---- : 18.7615dB / 0.5126
25-11-12 07:04:50.892 : --70 --> BSRGAN --> x4--> 361010.png
25-11-12 07:04:50.993 : ----PSNR/SSIM for (/root/media/quoc-huy/blur-DAN/BSD100/LRbic/, x4)---- : 23.1719dB / 0.6517
25-11-12 07:04:50.993 : --71 --> BSRGAN --> x4--> 37073.png
25-11-12 07:04:51.088 : ----PSNR/SSIM for (/root/media/quoc-huy/blur-DAN/BSD100/LRbic/, x4)---- : 25.4133dB / 0.6953
25-11-12 07:04:51.088 : --72 --> BSRGAN --> x4--> 376043.png
25-11-12 07:04:51.179 : ----PSNR/SSIM for (/root/media/quoc-huy/blur-DAN/BSD100/LRbic/, x4)---- : 21.4915dB / 0.3975
25-11-12 07:04:51.179 : --73 --> BSRGAN --> x4--> 38082.png
25-11-12 07:04:51.290 : ----PSNR/SSIM for (/root/media/quoc-huy/blur-DAN/BSD100/LRbic/, x4)---- : 23.0935dB / 0.4043
25-11-12 07:04:51.290 : --74 --> BSRGAN --> x4--> 38092.png
25-11-12 07:04:51.405 : ----PSNR/SSIM for (/root/media/quoc-huy/blur-DAN/BSD100/LRbic/, x4)---- : 21.7931dB / 0.5545
25-11-12 07:04:51.405 : --75 --> BSRGAN --> x4--> 385039.png
25-11-12 07:04:51.526 : ----PSNR/SSIM for (/root/media/quoc-huy/blur-DAN/BSD100/LRbic/, x4)---- : 19.3077dB / 0.5606
25-11-12 07:04:51.526 : --76 --> BSRGAN --> x4--> 41033.png
25-11-12 07:04:51.632 : ----PSNR/SSIM for (/root/media/quoc-huy/blur-DAN/BSD100/LRbic/, x4)---- : 25.6834dB / 0.6368
25-11-12 07:04:51.632 : --77 --> BSRGAN --> x4--> 41069.png
25-11-12 07:04:51.769 : ----PSNR/SSIM for (/root/media/quoc-huy/blur-DAN/BSD100/LRbic/, x4)---- : 20.1670dB / 0.3016
25-11-12 07:04:51.769 : --78 --> BSRGAN --> x4--> 42012.png
25-11-12 07:04:51.876 : ----PSNR/SSIM for (/root/media/quoc-huy/blur-DAN/BSD100/LRbic/, x4)---- : 24.4835dB / 0.6689
25-11-12 07:04:51.877 : --79 --> BSRGAN --> x4--> 42049.png
25-11-12 07:04:51.978 : ----PSNR/SSIM for (/root/media/quoc-huy/blur-DAN/BSD100/LRbic/, x4)---- : 23.8709dB / 0.8743
25-11-12 07:04:51.978 : --80 --> BSRGAN --> x4--> 43074.png
25-11-12 07:04:52.076 : ----PSNR/SSIM for (/root/media/quoc-huy/blur-DAN/BSD100/LRbic/, x4)---- : 25.9521dB / 0.7237
25-11-12 07:04:52.076 : --81 --> BSRGAN --> x4--> 45096.png
25-11-12 07:04:52.173 : ----PSNR/SSIM for (/root/media/quoc-huy/blur-DAN/BSD100/LRbic/, x4)---- : 29.3672dB / 0.8715
25-11-12 07:04:52.173 : --82 --> BSRGAN --> x4--> 54082.png
25-11-12 07:04:52.269 : ----PSNR/SSIM for (/root/media/quoc-huy/blur-DAN/BSD100/LRbic/, x4)---- : 24.3573dB / 0.5989
25-11-12 07:04:52.269 : --83 --> BSRGAN --> x4--> 55073.png
25-11-12 07:04:52.364 : ----PSNR/SSIM for (/root/media/quoc-huy/blur-DAN/BSD100/LRbic/, x4)---- : 18.2826dB / 0.3324
25-11-12 07:04:52.364 : --84 --> BSRGAN --> x4--> 58060.png
25-11-12 07:04:52.457 : ----PSNR/SSIM for (/root/media/quoc-huy/blur-DAN/BSD100/LRbic/, x4)---- : 17.0195dB / 0.4373
25-11-12 07:04:52.458 : --85 --> BSRGAN --> x4--> 62096.png
25-11-12 07:04:52.551 : ----PSNR/SSIM for (/root/media/quoc-huy/blur-DAN/BSD100/LRbic/, x4)---- : 20.6675dB / 0.6585
25-11-12 07:04:52.552 : --86 --> BSRGAN --> x4--> 65033.png
25-11-12 07:04:52.650 : ----PSNR/SSIM for (/root/media/quoc-huy/blur-DAN/BSD100/LRbic/, x4)---- : 20.7130dB / 0.3902
25-11-12 07:04:52.650 : --87 --> BSRGAN --> x4--> 66053.png
25-11-12 07:04:52.741 : ----PSNR/SSIM for (/root/media/quoc-huy/blur-DAN/BSD100/LRbic/, x4)---- : 22.9786dB / 0.5495
25-11-12 07:04:52.741 : --88 --> BSRGAN --> x4--> 69015.png
25-11-12 07:04:52.834 : ----PSNR/SSIM for (/root/media/quoc-huy/blur-DAN/BSD100/LRbic/, x4)---- : 25.7615dB / 0.6460
25-11-12 07:04:52.835 : --89 --> BSRGAN --> x4--> 69020.png
25-11-12 07:04:52.998 : ----PSNR/SSIM for (/root/media/quoc-huy/blur-DAN/BSD100/LRbic/, x4)---- : 23.4659dB / 0.3802
25-11-12 07:04:52.998 : --90 --> BSRGAN --> x4--> 69040.png
25-11-12 07:04:53.104 : ----PSNR/SSIM for (/root/media/quoc-huy/blur-DAN/BSD100/LRbic/, x4)---- : 20.9130dB / 0.4349
25-11-12 07:04:53.104 : --91 --> BSRGAN --> x4--> 76053.png
25-11-12 07:04:53.182 : ----PSNR/SSIM for (/root/media/quoc-huy/blur-DAN/BSD100/LRbic/, x4)---- : 24.8704dB / 0.5617
25-11-12 07:04:53.182 : --92 --> BSRGAN --> x4--> 78004.png
25-11-12 07:04:53.304 : ----PSNR/SSIM for (/root/media/quoc-huy/blur-DAN/BSD100/LRbic/, x4)---- : 21.5183dB / 0.6019
25-11-12 07:04:53.304 : --93 --> BSRGAN --> x4--> 8023.png
25-11-12 07:04:53.385 : ----PSNR/SSIM for (/root/media/quoc-huy/blur-DAN/BSD100/LRbic/, x4)---- : 25.8702dB / 0.7474
25-11-12 07:04:53.385 : --94 --> BSRGAN --> x4--> 85048.png
25-11-12 07:04:53.492 : ----PSNR/SSIM for (/root/media/quoc-huy/blur-DAN/BSD100/LRbic/, x4)---- : 21.1358dB / 0.5418
25-11-12 07:04:53.492 : --95 --> BSRGAN --> x4--> 86000.png
25-11-12 07:04:53.594 : ----PSNR/SSIM for (/root/media/quoc-huy/blur-DAN/BSD100/LRbic/, x4)---- : 20.9096dB / 0.6512
25-11-12 07:04:53.595 : --96 --> BSRGAN --> x4--> 86016.png
25-11-12 07:04:53.741 : ----PSNR/SSIM for (/root/media/quoc-huy/blur-DAN/BSD100/LRbic/, x4)---- : 19.1433dB / 0.1766
25-11-12 07:04:53.742 : --97 --> BSRGAN --> x4--> 86068.png
25-11-12 07:04:53.854 : ----PSNR/SSIM for (/root/media/quoc-huy/blur-DAN/BSD100/LRbic/, x4)---- : 23.7148dB / 0.4004
25-11-12 07:04:53.854 : --98 --> BSRGAN --> x4--> 87046.png
25-11-12 07:04:53.933 : ----PSNR/SSIM for (/root/media/quoc-huy/blur-DAN/BSD100/LRbic/, x4)---- : 21.5948dB / 0.6292
25-11-12 07:04:53.933 : --99 --> BSRGAN --> x4--> 89072.png
25-11-12 07:04:54.076 : ----PSNR/SSIM for (/root/media/quoc-huy/blur-DAN/BSD100/LRbic/, x4)---- : 22.1090dB / 0.5761
25-11-12 07:04:54.077 : -100 --> BSRGAN --> x4--> 97033.png
25-11-12 07:04:54.186 : ----PSNR/SSIM for (/root/media/quoc-huy/blur-DAN/BSD100/LRbic/, x4)---- : 20.2136dB / 0.5507
25-11-12 07:04:54.186 : ----Average PSNR/SSIM for (/root/media/quoc-huy/blur-DAN/BSD100/LRbic/, x4)---- : 22.6627dB / 0.5876
25-11-12 07:04:54.186 :  
25-11-12 07:05:29.578 :       Model Name : BSRGAN
25-11-12 07:05:34.870 :       Input Path : /root/media/quoc-huy/blur-DAN/Set14/LRbic/
25-11-12 07:05:34.870 :      Output Path : /root/quoc-huy/BSRGAN/experimental-results/Bic/Set14
25-11-12 07:05:34.871 : ---1 --> BSRGAN --> x4--> baboon.png
25-11-12 07:05:35.363 : ----PSNR/SSIM for (/root/media/quoc-huy/blur-DAN/Set14/LRbic/, x4)---- : 18.8867dB / 0.3496
25-11-12 07:05:35.363 : ---2 --> BSRGAN --> x4--> barbara.png
25-11-12 07:05:35.656 : ----PSNR/SSIM for (/root/media/quoc-huy/blur-DAN/Set14/LRbic/, x4)---- : 20.6141dB / 0.6257
25-11-12 07:05:35.656 : ---3 --> BSRGAN --> x4--> bridge.png
25-11-12 07:05:35.850 : ----PSNR/SSIM for (/root/media/quoc-huy/blur-DAN/Set14/LRbic/, x4)---- : 21.0258dB / 0.4385
25-11-12 07:05:35.851 : ---4 --> BSRGAN --> x4--> coastguard.png
25-11-12 07:05:35.954 : ----PSNR/SSIM for (/root/media/quoc-huy/blur-DAN/Set14/LRbic/, x4)---- : 21.7193dB / 0.4100
25-11-12 07:05:35.955 : ---5 --> BSRGAN --> x4--> comic.png
25-11-12 07:05:36.059 : ----PSNR/SSIM for (/root/media/quoc-huy/blur-DAN/Set14/LRbic/, x4)---- : 18.4488dB / 0.4887
25-11-12 07:05:36.059 : ---6 --> BSRGAN --> x4--> face.png
25-11-12 07:05:36.115 : ----PSNR/SSIM for (/root/media/quoc-huy/blur-DAN/Set14/LRbic/, x4)---- : 27.8553dB / 0.5998
25-11-12 07:05:36.116 : ---7 --> BSRGAN --> x4--> flowers.png
25-11-12 07:05:36.225 : ----PSNR/SSIM for (/root/media/quoc-huy/blur-DAN/Set14/LRbic/, x4)---- : 22.3779dB / 0.6385
25-11-12 07:05:36.225 : ---8 --> BSRGAN --> x4--> foreman.png
25-11-12 07:05:36.336 : ----PSNR/SSIM for (/root/media/quoc-huy/blur-DAN/Set14/LRbic/, x4)---- : 24.2576dB / 0.8229
25-11-12 07:05:36.337 : ---9 --> BSRGAN --> x4--> lenna.png
25-11-12 07:05:36.465 : ----PSNR/SSIM for (/root/media/quoc-huy/blur-DAN/Set14/LRbic/, x4)---- : 26.8368dB / 0.7671
25-11-12 07:05:36.465 : --10 --> BSRGAN --> x4--> man.png
25-11-12 07:05:36.698 : ----PSNR/SSIM for (/root/media/quoc-huy/blur-DAN/Set14/LRbic/, x4)---- : 22.7216dB / 0.5804
25-11-12 07:05:36.698 : --11 --> BSRGAN --> x4--> monarch.png
25-11-12 07:05:36.977 : ----PSNR/SSIM for (/root/media/quoc-huy/blur-DAN/Set14/LRbic/, x4)---- : 24.7439dB / 0.8563
25-11-12 07:05:36.977 : --12 --> BSRGAN --> x4--> pepper.png
25-11-12 07:05:37.240 : ----PSNR/SSIM for (/root/media/quoc-huy/blur-DAN/Set14/LRbic/, x4)---- : 25.9941dB / 0.7855
25-11-12 07:05:37.240 : --13 --> BSRGAN --> x4--> ppt3.png
25-11-12 07:05:37.542 : ----PSNR/SSIM for (/root/media/quoc-huy/blur-DAN/Set14/LRbic/, x4)---- : 19.3620dB / 0.8257
25-11-12 07:05:37.542 : --14 --> BSRGAN --> x4--> zebra.png
25-11-12 07:05:37.729 : ----PSNR/SSIM for (/root/media/quoc-huy/blur-DAN/Set14/LRbic/, x4)---- : 21.0275dB / 0.5414
25-11-12 07:05:37.730 : ----Average PSNR/SSIM for (/root/media/quoc-huy/blur-DAN/Set14/LRbic/, x4)---- : 22.5622dB / 0.6236
25-11-12 07:05:37.730 :  
25-11-12 07:06:09.121 :       Model Name : BSRGAN
25-11-12 07:06:15.451 :       Model Name : BSRGAN
25-11-12 07:06:20.395 :       Input Path : /root/media/quoc-huy/blur-DAN/Set5/LRbic/
25-11-12 07:06:20.395 :      Output Path : /root/quoc-huy/BSRGAN/experimental-results/Bic/Set5
25-11-12 07:06:20.396 : ---1 --> BSRGAN --> x4--> baby.png
25-11-12 07:06:20.908 : ----PSNR/SSIM for (/root/media/quoc-huy/blur-DAN/Set5/LRbic/, x4)---- : 26.8095dB / 0.7537
25-11-12 07:06:20.908 : ---2 --> BSRGAN --> x4--> bird.png
25-11-12 07:06:20.975 : ----PSNR/SSIM for (/root/media/quoc-huy/blur-DAN/Set5/LRbic/, x4)---- : 26.2178dB / 0.7788
25-11-12 07:06:20.976 : ---3 --> BSRGAN --> x4--> butterfly.png
25-11-12 07:06:21.038 : ----PSNR/SSIM for (/root/media/quoc-huy/blur-DAN/Set5/LRbic/, x4)---- : 19.7718dB / 0.7547
25-11-12 07:06:21.038 : ---4 --> BSRGAN --> x4--> head.png
25-11-12 07:06:21.102 : ----PSNR/SSIM for (/root/media/quoc-huy/blur-DAN/Set5/LRbic/, x4)---- : 27.8158dB / 0.5988
25-11-12 07:06:21.102 : ---5 --> BSRGAN --> x4--> woman.png
25-11-12 07:06:21.181 : ----PSNR/SSIM for (/root/media/quoc-huy/blur-DAN/Set5/LRbic/, x4)---- : 23.8557dB / 0.8041
25-11-12 07:06:21.182 : ----Average PSNR/SSIM for (/root/media/quoc-huy/blur-DAN/Set5/LRbic/, x4)---- : 24.8941dB / 0.7380
25-11-12 07:06:21.182 :  
25-11-12 07:07:41.395 :       Model Name : BSRNet_regiondependent
25-11-12 07:07:48.800 :       Input Path : /root/media/quoc-huy/blur-DAN/Set5/LRbic/
25-11-12 07:07:48.801 :      Output Path : /root/quoc-huy/BSRGAN/experimental-results/Bic/Set5
25-11-12 07:07:48.802 : ---1 --> BSRNet_regiondependent --> x4--> baby.png
25-11-12 07:07:49.392 : ----PSNR/SSIM for (/root/media/quoc-huy/blur-DAN/Set5/LRbic/, x4)---- : 28.3460dB / 0.8330
25-11-12 07:07:49.392 : ---2 --> BSRNet_regiondependent --> x4--> bird.png
25-11-12 07:07:49.450 : ----PSNR/SSIM for (/root/media/quoc-huy/blur-DAN/Set5/LRbic/, x4)---- : 26.4857dB / 0.8439
25-11-12 07:07:49.450 : ---3 --> BSRNet_regiondependent --> x4--> butterfly.png
25-11-12 07:07:49.493 : ----PSNR/SSIM for (/root/media/quoc-huy/blur-DAN/Set5/LRbic/, x4)---- : 20.4727dB / 0.8079
25-11-12 07:07:49.494 : ---4 --> BSRNet_regiondependent --> x4--> head.png
25-11-12 07:07:49.567 : ----PSNR/SSIM for (/root/media/quoc-huy/blur-DAN/Set5/LRbic/, x4)---- : 28.4805dB / 0.7017
25-11-12 07:07:49.567 : ---5 --> BSRNet_regiondependent --> x4--> woman.png
25-11-12 07:07:49.645 : ----PSNR/SSIM for (/root/media/quoc-huy/blur-DAN/Set5/LRbic/, x4)---- : 24.8841dB / 0.8464
25-11-12 07:07:49.646 : ----Average PSNR/SSIM for (/root/media/quoc-huy/blur-DAN/Set5/LRbic/, x4)---- : 25.7338dB / 0.8066
25-11-12 07:07:49.646 :  
25-11-12 07:08:13.692 :       Model Name : BSRNet_regiondependent
25-11-12 07:08:20.904 :       Input Path : /root/media/quoc-huy/blur-DAN/Set14/LRbic/
25-11-12 07:08:20.905 :      Output Path : /root/quoc-huy/BSRGAN/experimental-results/Bic/Set14
25-11-12 07:08:20.905 : ---1 --> BSRNet_regiondependent --> x4--> baboon.png
25-11-12 07:08:21.390 : ----PSNR/SSIM for (/root/media/quoc-huy/blur-DAN/Set14/LRbic/, x4)---- : 19.7477dB / 0.4201
25-11-12 07:08:21.390 : ---2 --> BSRNet_regiondependent --> x4--> barbara.png
25-11-12 07:08:21.709 : ----PSNR/SSIM for (/root/media/quoc-huy/blur-DAN/Set14/LRbic/, x4)---- : 20.9330dB / 0.6743
25-11-12 07:08:21.709 : ---3 --> BSRNet_regiondependent --> x4--> bridge.png
25-11-12 07:08:21.944 : ----PSNR/SSIM for (/root/media/quoc-huy/blur-DAN/Set14/LRbic/, x4)---- : 21.2197dB / 0.5337
25-11-12 07:08:21.944 : ---4 --> BSRNet_regiondependent --> x4--> coastguard.png
25-11-12 07:08:22.027 : ----PSNR/SSIM for (/root/media/quoc-huy/blur-DAN/Set14/LRbic/, x4)---- : 22.4664dB / 0.4938
25-11-12 07:08:22.028 : ---5 --> BSRNet_regiondependent --> x4--> comic.png
25-11-12 07:08:22.105 : ----PSNR/SSIM for (/root/media/quoc-huy/blur-DAN/Set14/LRbic/, x4)---- : 19.0656dB / 0.5992
25-11-12 07:08:22.106 : ---6 --> BSRNet_regiondependent --> x4--> face.png
25-11-12 07:08:22.174 : ----PSNR/SSIM for (/root/media/quoc-huy/blur-DAN/Set14/LRbic/, x4)---- : 28.5918dB / 0.7017
25-11-12 07:08:22.174 : ---7 --> BSRNet_regiondependent --> x4--> flowers.png
25-11-12 07:08:22.337 : ----PSNR/SSIM for (/root/media/quoc-huy/blur-DAN/Set14/LRbic/, x4)---- : 22.8343dB / 0.7046
25-11-12 07:08:22.337 : ---8 --> BSRNet_regiondependent --> x4--> foreman.png
25-11-12 07:08:22.397 : ----PSNR/SSIM for (/root/media/quoc-huy/blur-DAN/Set14/LRbic/, x4)---- : 23.4573dB / 0.8670
25-11-12 07:08:22.397 : ---9 --> BSRNet_regiondependent --> x4--> lenna.png
25-11-12 07:08:22.656 : ----PSNR/SSIM for (/root/media/quoc-huy/blur-DAN/Set14/LRbic/, x4)---- : 26.9789dB / 0.7984
25-11-12 07:08:22.656 : --10 --> BSRNet_regiondependent --> x4--> man.png
25-11-12 07:08:22.818 : ----PSNR/SSIM for (/root/media/quoc-huy/blur-DAN/Set14/LRbic/, x4)---- : 19.4944dB / 0.5957
25-11-12 07:08:22.818 : --11 --> BSRNet_regiondependent --> x4--> monarch.png
25-11-12 07:08:23.122 : ----PSNR/SSIM for (/root/media/quoc-huy/blur-DAN/Set14/LRbic/, x4)---- : 23.4372dB / 0.8752
25-11-12 07:08:23.122 : --12 --> BSRNet_regiondependent --> x4--> pepper.png
25-11-12 07:08:23.255 : ----PSNR/SSIM for (/root/media/quoc-huy/blur-DAN/Set14/LRbic/, x4)---- : 19.3290dB / 0.7877
25-11-12 07:08:23.255 : --13 --> BSRNet_regiondependent --> x4--> ppt3.png
25-11-12 07:08:23.522 : ----PSNR/SSIM for (/root/media/quoc-huy/blur-DAN/Set14/LRbic/, x4)---- : 20.0657dB / 0.8546
25-11-12 07:08:23.522 : --14 --> BSRNet_regiondependent --> x4--> zebra.png
25-11-12 07:08:23.648 : ----PSNR/SSIM for (/root/media/quoc-huy/blur-DAN/Set14/LRbic/, x4)---- : 22.3702dB / 0.6513
25-11-12 07:08:23.648 : ----Average PSNR/SSIM for (/root/media/quoc-huy/blur-DAN/Set14/LRbic/, x4)---- : 22.1422dB / 0.6827
25-11-12 07:08:23.648 :  
25-11-12 07:08:48.370 :       Model Name : BSRNet_regiondependent
25-11-12 07:08:54.725 :       Input Path : /root/media/quoc-huy/blur-DAN/BSD100/LRbic/
25-11-12 07:08:54.725 :      Output Path : /root/quoc-huy/BSRGAN/experimental-results/Bic/BSD100
25-11-12 07:08:54.726 : ---1 --> BSRNet_regiondependent --> x4--> 101085.png
25-11-12 07:08:55.095 : ----PSNR/SSIM for (/root/media/quoc-huy/blur-DAN/BSD100/LRbic/, x4)---- : 20.5291dB / 0.4539
25-11-12 07:08:55.096 : ---2 --> BSRNet_regiondependent --> x4--> 101087.png
25-11-12 07:08:55.179 : ----PSNR/SSIM for (/root/media/quoc-huy/blur-DAN/BSD100/LRbic/, x4)---- : 24.4220dB / 0.7548
25-11-12 07:08:55.179 : ---3 --> BSRNet_regiondependent --> x4--> 102061.png
25-11-12 07:08:55.317 : ----PSNR/SSIM for (/root/media/quoc-huy/blur-DAN/BSD100/LRbic/, x4)---- : 20.1285dB / 0.7198
25-11-12 07:08:55.318 : ---4 --> BSRNet_regiondependent --> x4--> 103070.png
25-11-12 07:08:55.409 : ----PSNR/SSIM for (/root/media/quoc-huy/blur-DAN/BSD100/LRbic/, x4)---- : 20.7721dB / 0.7403
25-11-12 07:08:55.410 : ---5 --> BSRNet_regiondependent --> x4--> 105025.png
25-11-12 07:08:55.488 : ----PSNR/SSIM for (/root/media/quoc-huy/blur-DAN/BSD100/LRbic/, x4)---- : 15.9750dB / 0.6024
25-11-12 07:08:55.489 : ---6 --> BSRNet_regiondependent --> x4--> 106024.png
25-11-12 07:08:55.565 : ----PSNR/SSIM for (/root/media/quoc-huy/blur-DAN/BSD100/LRbic/, x4)---- : 19.2180dB / 0.8309
25-11-12 07:08:55.565 : ---7 --> BSRNet_regiondependent --> x4--> 108005.png
25-11-12 07:08:55.681 : ----PSNR/SSIM for (/root/media/quoc-huy/blur-DAN/BSD100/LRbic/, x4)---- : 19.4615dB / 0.6090
25-11-12 07:08:55.682 : ---8 --> BSRNet_regiondependent --> x4--> 108070.png
25-11-12 07:08:55.796 : ----PSNR/SSIM for (/root/media/quoc-huy/blur-DAN/BSD100/LRbic/, x4)---- : 17.0011dB / 0.3986
25-11-12 07:08:55.796 : ---9 --> BSRNet_regiondependent --> x4--> 108082.png
25-11-12 07:08:55.886 : ----PSNR/SSIM for (/root/media/quoc-huy/blur-DAN/BSD100/LRbic/, x4)---- : 18.8207dB / 0.4933
25-11-12 07:08:55.887 : --10 --> BSRNet_regiondependent --> x4--> 109053.png
25-11-12 07:08:55.963 : ----PSNR/SSIM for (/root/media/quoc-huy/blur-DAN/BSD100/LRbic/, x4)---- : 18.4138dB / 0.6764
25-11-12 07:08:55.963 : --11 --> BSRNet_regiondependent --> x4--> 119082.png
25-11-12 07:08:56.082 : ----PSNR/SSIM for (/root/media/quoc-huy/blur-DAN/BSD100/LRbic/, x4)---- : 19.2634dB / 0.5951
25-11-12 07:08:56.082 : --12 --> BSRNet_regiondependent --> x4--> 12084.png
25-11-12 07:08:56.192 : ----PSNR/SSIM for (/root/media/quoc-huy/blur-DAN/BSD100/LRbic/, x4)---- : 22.4894dB / 0.6306
25-11-12 07:08:56.192 : --13 --> BSRNet_regiondependent --> x4--> 123074.png
25-11-12 07:08:56.282 : ----PSNR/SSIM for (/root/media/quoc-huy/blur-DAN/BSD100/LRbic/, x4)---- : 21.7903dB / 0.7088
25-11-12 07:08:56.283 : --14 --> BSRNet_regiondependent --> x4--> 126007.png
25-11-12 07:08:56.357 : ----PSNR/SSIM for (/root/media/quoc-huy/blur-DAN/BSD100/LRbic/, x4)---- : 20.2857dB / 0.7105
25-11-12 07:08:56.358 : --15 --> BSRNet_regiondependent --> x4--> 130026.png
25-11-12 07:08:56.430 : ----PSNR/SSIM for (/root/media/quoc-huy/blur-DAN/BSD100/LRbic/, x4)---- : 18.0384dB / 0.4771
25-11-12 07:08:56.431 : --16 --> BSRNet_regiondependent --> x4--> 134035.png
25-11-12 07:08:56.564 : ----PSNR/SSIM for (/root/media/quoc-huy/blur-DAN/BSD100/LRbic/, x4)---- : 20.0136dB / 0.6424
25-11-12 07:08:56.565 : --17 --> BSRNet_regiondependent --> x4--> 14037.png
25-11-12 07:08:56.659 : ----PSNR/SSIM for (/root/media/quoc-huy/blur-DAN/BSD100/LRbic/, x4)---- : 29.1045dB / 0.7792
25-11-12 07:08:56.659 : --18 --> BSRNet_regiondependent --> x4--> 143090.png
25-11-12 07:08:56.744 : ----PSNR/SSIM for (/root/media/quoc-huy/blur-DAN/BSD100/LRbic/, x4)---- : 24.4233dB / 0.8284
25-11-12 07:08:56.744 : --19 --> BSRNet_regiondependent --> x4--> 145086.png
25-11-12 07:08:56.834 : ----PSNR/SSIM for (/root/media/quoc-huy/blur-DAN/BSD100/LRbic/, x4)---- : 22.5053dB / 0.6498
25-11-12 07:08:56.835 : --20 --> BSRNet_regiondependent --> x4--> 147091.png
25-11-12 07:08:56.944 : ----PSNR/SSIM for (/root/media/quoc-huy/blur-DAN/BSD100/LRbic/, x4)---- : 22.1313dB / 0.7132
25-11-12 07:08:56.944 : --21 --> BSRNet_regiondependent --> x4--> 148026.png
25-11-12 07:08:57.040 : ----PSNR/SSIM for (/root/media/quoc-huy/blur-DAN/BSD100/LRbic/, x4)---- : 18.4495dB / 0.5551
25-11-12 07:08:57.041 : --22 --> BSRNet_regiondependent --> x4--> 148089.png
25-11-12 07:08:57.133 : ----PSNR/SSIM for (/root/media/quoc-huy/blur-DAN/BSD100/LRbic/, x4)---- : 19.8425dB / 0.4882
25-11-12 07:08:57.133 : --23 --> BSRNet_regiondependent --> x4--> 156065.png
25-11-12 07:08:57.224 : ----PSNR/SSIM for (/root/media/quoc-huy/blur-DAN/BSD100/LRbic/, x4)---- : 21.7906dB / 0.4635
25-11-12 07:08:57.224 : --24 --> BSRNet_regiondependent --> x4--> 157055.png
25-11-12 07:08:57.336 : ----PSNR/SSIM for (/root/media/quoc-huy/blur-DAN/BSD100/LRbic/, x4)---- : 17.3545dB / 0.6650
25-11-12 07:08:57.337 : --25 --> BSRNet_regiondependent --> x4--> 159008.png
25-11-12 07:08:57.520 : ----PSNR/SSIM for (/root/media/quoc-huy/blur-DAN/BSD100/LRbic/, x4)---- : 22.3656dB / 0.7064
25-11-12 07:08:57.520 : --26 --> BSRNet_regiondependent --> x4--> 160068.png
25-11-12 07:08:57.635 : ----PSNR/SSIM for (/root/media/quoc-huy/blur-DAN/BSD100/LRbic/, x4)---- : 23.4845dB / 0.7893
25-11-12 07:08:57.636 : --27 --> BSRNet_regiondependent --> x4--> 16077.png
25-11-12 07:08:57.774 : ----PSNR/SSIM for (/root/media/quoc-huy/blur-DAN/BSD100/LRbic/, x4)---- : 20.4339dB / 0.6322
25-11-12 07:08:57.774 : --28 --> BSRNet_regiondependent --> x4--> 163085.png
25-11-12 07:08:57.869 : ----PSNR/SSIM for (/root/media/quoc-huy/blur-DAN/BSD100/LRbic/, x4)---- : 16.0832dB / 0.6617
25-11-12 07:08:57.869 : --29 --> BSRNet_regiondependent --> x4--> 167062.png
25-11-12 07:08:57.960 : ----PSNR/SSIM for (/root/media/quoc-huy/blur-DAN/BSD100/LRbic/, x4)---- : 25.9255dB / 0.7275
25-11-12 07:08:57.960 : --30 --> BSRNet_regiondependent --> x4--> 167083.png
25-11-12 07:08:58.063 : ----PSNR/SSIM for (/root/media/quoc-huy/blur-DAN/BSD100/LRbic/, x4)---- : 16.9509dB / 0.4042
25-11-12 07:08:58.063 : --31 --> BSRNet_regiondependent --> x4--> 170057.png
25-11-12 07:08:58.168 : ----PSNR/SSIM for (/root/media/quoc-huy/blur-DAN/BSD100/LRbic/, x4)---- : 24.4301dB / 0.7376
25-11-12 07:08:58.169 : --32 --> BSRNet_regiondependent --> x4--> 175032.png
25-11-12 07:08:58.261 : ----PSNR/SSIM for (/root/media/quoc-huy/blur-DAN/BSD100/LRbic/, x4)---- : 17.8226dB / 0.3122
25-11-12 07:08:58.262 : --33 --> BSRNet_regiondependent --> x4--> 175043.png
25-11-12 07:08:58.356 : ----PSNR/SSIM for (/root/media/quoc-huy/blur-DAN/BSD100/LRbic/, x4)---- : 20.7138dB / 0.5712
25-11-12 07:08:58.356 : --34 --> BSRNet_regiondependent --> x4--> 182053.png
25-11-12 07:08:58.450 : ----PSNR/SSIM for (/root/media/quoc-huy/blur-DAN/BSD100/LRbic/, x4)---- : 19.9972dB / 0.6840
25-11-12 07:08:58.450 : --35 --> BSRNet_regiondependent --> x4--> 189080.png
25-11-12 07:08:58.541 : ----PSNR/SSIM for (/root/media/quoc-huy/blur-DAN/BSD100/LRbic/, x4)---- : 26.5476dB / 0.8404
25-11-12 07:08:58.541 : --36 --> BSRNet_regiondependent --> x4--> 19021.png
25-11-12 07:08:58.636 : ----PSNR/SSIM for (/root/media/quoc-huy/blur-DAN/BSD100/LRbic/, x4)---- : 19.4502dB / 0.5755
25-11-12 07:08:58.636 : --37 --> BSRNet_regiondependent --> x4--> 196073.png
25-11-12 07:08:58.728 : ----PSNR/SSIM for (/root/media/quoc-huy/blur-DAN/BSD100/LRbic/, x4)---- : 19.5791dB / 0.3946
25-11-12 07:08:58.728 : --38 --> BSRNet_regiondependent --> x4--> 197017.png
25-11-12 07:08:58.825 : ----PSNR/SSIM for (/root/media/quoc-huy/blur-DAN/BSD100/LRbic/, x4)---- : 24.5673dB / 0.6376
25-11-12 07:08:58.825 : --39 --> BSRNet_regiondependent --> x4--> 208001.png
25-11-12 07:08:58.978 : ----PSNR/SSIM for (/root/media/quoc-huy/blur-DAN/BSD100/LRbic/, x4)---- : 22.5440dB / 0.6145
25-11-12 07:08:58.979 : --40 --> BSRNet_regiondependent --> x4--> 210088.png
25-11-12 07:08:59.078 : ----PSNR/SSIM for (/root/media/quoc-huy/blur-DAN/BSD100/LRbic/, x4)---- : 18.9577dB / 0.8429
25-11-12 07:08:59.079 : --41 --> BSRNet_regiondependent --> x4--> 21077.png
25-11-12 07:08:59.156 : ----PSNR/SSIM for (/root/media/quoc-huy/blur-DAN/BSD100/LRbic/, x4)---- : 17.4995dB / 0.6075
25-11-12 07:08:59.156 : --42 --> BSRNet_regiondependent --> x4--> 216081.png
25-11-12 07:08:59.247 : ----PSNR/SSIM for (/root/media/quoc-huy/blur-DAN/BSD100/LRbic/, x4)---- : 22.1322dB / 0.6214
25-11-12 07:08:59.248 : --43 --> BSRNet_regiondependent --> x4--> 219090.png
25-11-12 07:08:59.368 : ----PSNR/SSIM for (/root/media/quoc-huy/blur-DAN/BSD100/LRbic/, x4)---- : 22.9737dB / 0.6777
25-11-12 07:08:59.368 : --44 --> BSRNet_regiondependent --> x4--> 220075.png
25-11-12 07:08:59.442 : ----PSNR/SSIM for (/root/media/quoc-huy/blur-DAN/BSD100/LRbic/, x4)---- : 22.7549dB / 0.7962
25-11-12 07:08:59.442 : --45 --> BSRNet_regiondependent --> x4--> 223061.png
25-11-12 07:08:59.554 : ----PSNR/SSIM for (/root/media/quoc-huy/blur-DAN/BSD100/LRbic/, x4)---- : 18.1792dB / 0.5611
25-11-12 07:08:59.555 : --46 --> BSRNet_regiondependent --> x4--> 227092.png
25-11-12 07:08:59.671 : ----PSNR/SSIM for (/root/media/quoc-huy/blur-DAN/BSD100/LRbic/, x4)---- : 23.2129dB / 0.8101
25-11-12 07:08:59.672 : --47 --> BSRNet_regiondependent --> x4--> 229036.png
25-11-12 07:08:59.816 : ----PSNR/SSIM for (/root/media/quoc-huy/blur-DAN/BSD100/LRbic/, x4)---- : 18.8858dB / 0.4988
25-11-12 07:08:59.816 : --48 --> BSRNet_regiondependent --> x4--> 236037.png
25-11-12 07:08:59.911 : ----PSNR/SSIM for (/root/media/quoc-huy/blur-DAN/BSD100/LRbic/, x4)---- : 16.0124dB / 0.4948
25-11-12 07:08:59.911 : --49 --> BSRNet_regiondependent --> x4--> 24077.png
25-11-12 07:08:59.988 : ----PSNR/SSIM for (/root/media/quoc-huy/blur-DAN/BSD100/LRbic/, x4)---- : 21.4162dB / 0.7778
25-11-12 07:08:59.988 : --50 --> BSRNet_regiondependent --> x4--> 241004.png
25-11-12 07:09:00.114 : ----PSNR/SSIM for (/root/media/quoc-huy/blur-DAN/BSD100/LRbic/, x4)---- : 27.0858dB / 0.7736
25-11-12 07:09:00.114 : --51 --> BSRNet_regiondependent --> x4--> 241048.png
25-11-12 07:09:00.188 : ----PSNR/SSIM for (/root/media/quoc-huy/blur-DAN/BSD100/LRbic/, x4)---- : 16.5505dB / 0.5140
25-11-12 07:09:00.188 : --52 --> BSRNet_regiondependent --> x4--> 253027.png
25-11-12 07:09:00.292 : ----PSNR/SSIM for (/root/media/quoc-huy/blur-DAN/BSD100/LRbic/, x4)---- : 17.5249dB / 0.5907
25-11-12 07:09:00.293 : --53 --> BSRNet_regiondependent --> x4--> 253055.png
25-11-12 07:09:00.404 : ----PSNR/SSIM for (/root/media/quoc-huy/blur-DAN/BSD100/LRbic/, x4)---- : 17.7452dB / 0.7577
25-11-12 07:09:00.405 : --54 --> BSRNet_regiondependent --> x4--> 260058.png
25-11-12 07:09:00.550 : ----PSNR/SSIM for (/root/media/quoc-huy/blur-DAN/BSD100/LRbic/, x4)---- : 24.9404dB / 0.7124
25-11-12 07:09:00.551 : --55 --> BSRNet_regiondependent --> x4--> 271035.png
25-11-12 07:09:00.665 : ----PSNR/SSIM for (/root/media/quoc-huy/blur-DAN/BSD100/LRbic/, x4)---- : 17.1313dB / 0.6322
25-11-12 07:09:00.665 : --56 --> BSRNet_regiondependent --> x4--> 285079.png
25-11-12 07:09:00.743 : ----PSNR/SSIM for (/root/media/quoc-huy/blur-DAN/BSD100/LRbic/, x4)---- : 18.1843dB / 0.5353
25-11-12 07:09:00.743 : --57 --> BSRNet_regiondependent --> x4--> 291000.png
25-11-12 07:09:00.837 : ----PSNR/SSIM for (/root/media/quoc-huy/blur-DAN/BSD100/LRbic/, x4)---- : 15.8660dB / 0.3050
25-11-12 07:09:00.838 : --58 --> BSRNet_regiondependent --> x4--> 295087.png
25-11-12 07:09:00.969 : ----PSNR/SSIM for (/root/media/quoc-huy/blur-DAN/BSD100/LRbic/, x4)---- : 24.0707dB / 0.6616
25-11-12 07:09:00.969 : --59 --> BSRNet_regiondependent --> x4--> 296007.png
25-11-12 07:09:01.043 : ----PSNR/SSIM for (/root/media/quoc-huy/blur-DAN/BSD100/LRbic/, x4)---- : 26.4369dB / 0.7313
25-11-12 07:09:01.043 : --60 --> BSRNet_regiondependent --> x4--> 296059.png
25-11-12 07:09:01.145 : ----PSNR/SSIM for (/root/media/quoc-huy/blur-DAN/BSD100/LRbic/, x4)---- : 24.4131dB / 0.7080
25-11-12 07:09:01.146 : --61 --> BSRNet_regiondependent --> x4--> 299086.png
25-11-12 07:09:01.271 : ----PSNR/SSIM for (/root/media/quoc-huy/blur-DAN/BSD100/LRbic/, x4)---- : 24.1471dB / 0.7473
25-11-12 07:09:01.272 : --62 --> BSRNet_regiondependent --> x4--> 300091.png
25-11-12 07:09:01.430 : ----PSNR/SSIM for (/root/media/quoc-huy/blur-DAN/BSD100/LRbic/, x4)---- : 25.1353dB / 0.7117
25-11-12 07:09:01.431 : --63 --> BSRNet_regiondependent --> x4--> 302008.png
25-11-12 07:09:01.526 : ----PSNR/SSIM for (/root/media/quoc-huy/blur-DAN/BSD100/LRbic/, x4)---- : 25.5857dB / 0.6702
25-11-12 07:09:01.526 : --64 --> BSRNet_regiondependent --> x4--> 304034.png
25-11-12 07:09:01.603 : ----PSNR/SSIM for (/root/media/quoc-huy/blur-DAN/BSD100/LRbic/, x4)---- : 21.2530dB / 0.5747
25-11-12 07:09:01.603 : --65 --> BSRNet_regiondependent --> x4--> 304074.png
25-11-12 07:09:01.745 : ----PSNR/SSIM for (/root/media/quoc-huy/blur-DAN/BSD100/LRbic/, x4)---- : 20.3259dB / 0.4921
25-11-12 07:09:01.745 : --66 --> BSRNet_regiondependent --> x4--> 306005.png
25-11-12 07:09:01.820 : ----PSNR/SSIM for (/root/media/quoc-huy/blur-DAN/BSD100/LRbic/, x4)---- : 24.5828dB / 0.6918
25-11-12 07:09:01.820 : --67 --> BSRNet_regiondependent --> x4--> 3096.png
25-11-12 07:09:01.931 : ----PSNR/SSIM for (/root/media/quoc-huy/blur-DAN/BSD100/LRbic/, x4)---- : 13.5133dB / 0.8893
25-11-12 07:09:01.931 : --68 --> BSRNet_regiondependent --> x4--> 33039.png
25-11-12 07:09:02.059 : ----PSNR/SSIM for (/root/media/quoc-huy/blur-DAN/BSD100/LRbic/, x4)---- : 17.3683dB / 0.4691
25-11-12 07:09:02.060 : --69 --> BSRNet_regiondependent --> x4--> 351093.png
25-11-12 07:09:02.215 : ----PSNR/SSIM for (/root/media/quoc-huy/blur-DAN/BSD100/LRbic/, x4)---- : 19.4732dB / 0.5635
25-11-12 07:09:02.216 : --70 --> BSRNet_regiondependent --> x4--> 361010.png
25-11-12 07:09:02.327 : ----PSNR/SSIM for (/root/media/quoc-huy/blur-DAN/BSD100/LRbic/, x4)---- : 24.1357dB / 0.7059
25-11-12 07:09:02.327 : --71 --> BSRNet_regiondependent --> x4--> 37073.png
25-11-12 07:09:02.405 : ----PSNR/SSIM for (/root/media/quoc-huy/blur-DAN/BSD100/LRbic/, x4)---- : 26.2174dB / 0.7244
25-11-12 07:09:02.405 : --72 --> BSRNet_regiondependent --> x4--> 376043.png
25-11-12 07:09:02.549 : ----PSNR/SSIM for (/root/media/quoc-huy/blur-DAN/BSD100/LRbic/, x4)---- : 22.0299dB / 0.4702
25-11-12 07:09:02.549 : --73 --> BSRNet_regiondependent --> x4--> 38082.png
25-11-12 07:09:02.626 : ----PSNR/SSIM for (/root/media/quoc-huy/blur-DAN/BSD100/LRbic/, x4)---- : 23.6529dB / 0.5118
25-11-12 07:09:02.626 : --74 --> BSRNet_regiondependent --> x4--> 38092.png
25-11-12 07:09:02.741 : ----PSNR/SSIM for (/root/media/quoc-huy/blur-DAN/BSD100/LRbic/, x4)---- : 21.7208dB / 0.6194
25-11-12 07:09:02.742 : --75 --> BSRNet_regiondependent --> x4--> 385039.png
25-11-12 07:09:02.856 : ----PSNR/SSIM for (/root/media/quoc-huy/blur-DAN/BSD100/LRbic/, x4)---- : 19.9863dB / 0.6011
25-11-12 07:09:02.856 : --76 --> BSRNet_regiondependent --> x4--> 41033.png
25-11-12 07:09:02.973 : ----PSNR/SSIM for (/root/media/quoc-huy/blur-DAN/BSD100/LRbic/, x4)---- : 24.3618dB / 0.7006
25-11-12 07:09:02.974 : --77 --> BSRNet_regiondependent --> x4--> 41069.png
25-11-12 07:09:03.076 : ----PSNR/SSIM for (/root/media/quoc-huy/blur-DAN/BSD100/LRbic/, x4)---- : 20.7209dB / 0.3566
25-11-12 07:09:03.077 : --78 --> BSRNet_regiondependent --> x4--> 42012.png
25-11-12 07:09:03.181 : ----PSNR/SSIM for (/root/media/quoc-huy/blur-DAN/BSD100/LRbic/, x4)---- : 25.2860dB / 0.7322
25-11-12 07:09:03.182 : --79 --> BSRNet_regiondependent --> x4--> 42049.png
25-11-12 07:09:03.293 : ----PSNR/SSIM for (/root/media/quoc-huy/blur-DAN/BSD100/LRbic/, x4)---- : 20.5903dB / 0.8902
25-11-12 07:09:03.293 : --80 --> BSRNet_regiondependent --> x4--> 43074.png
25-11-12 07:09:03.401 : ----PSNR/SSIM for (/root/media/quoc-huy/blur-DAN/BSD100/LRbic/, x4)---- : 26.7072dB / 0.7528
25-11-12 07:09:03.401 : --81 --> BSRNet_regiondependent --> x4--> 45096.png
25-11-12 07:09:03.492 : ----PSNR/SSIM for (/root/media/quoc-huy/blur-DAN/BSD100/LRbic/, x4)---- : 30.6018dB / 0.8739
25-11-12 07:09:03.493 : --82 --> BSRNet_regiondependent --> x4--> 54082.png
25-11-12 07:09:03.584 : ----PSNR/SSIM for (/root/media/quoc-huy/blur-DAN/BSD100/LRbic/, x4)---- : 22.2484dB / 0.6430
25-11-12 07:09:03.584 : --83 --> BSRNet_regiondependent --> x4--> 55073.png
25-11-12 07:09:03.679 : ----PSNR/SSIM for (/root/media/quoc-huy/blur-DAN/BSD100/LRbic/, x4)---- : 19.1604dB / 0.4096
25-11-12 07:09:03.680 : --84 --> BSRNet_regiondependent --> x4--> 58060.png
25-11-12 07:09:03.774 : ----PSNR/SSIM for (/root/media/quoc-huy/blur-DAN/BSD100/LRbic/, x4)---- : 18.2099dB / 0.4595
25-11-12 07:09:03.774 : --85 --> BSRNet_regiondependent --> x4--> 62096.png
25-11-12 07:09:03.861 : ----PSNR/SSIM for (/root/media/quoc-huy/blur-DAN/BSD100/LRbic/, x4)---- : 20.4120dB / 0.6868
25-11-12 07:09:03.861 : --86 --> BSRNet_regiondependent --> x4--> 65033.png
25-11-12 07:09:03.954 : ----PSNR/SSIM for (/root/media/quoc-huy/blur-DAN/BSD100/LRbic/, x4)---- : 20.2340dB / 0.4698
25-11-12 07:09:03.954 : --87 --> BSRNet_regiondependent --> x4--> 66053.png
25-11-12 07:09:04.044 : ----PSNR/SSIM for (/root/media/quoc-huy/blur-DAN/BSD100/LRbic/, x4)---- : 23.9676dB / 0.6014
25-11-12 07:09:04.044 : --88 --> BSRNet_regiondependent --> x4--> 69015.png
25-11-12 07:09:04.132 : ----PSNR/SSIM for (/root/media/quoc-huy/blur-DAN/BSD100/LRbic/, x4)---- : 21.6690dB / 0.6723
25-11-12 07:09:04.132 : --89 --> BSRNet_regiondependent --> x4--> 69020.png
25-11-12 07:09:04.216 : ----PSNR/SSIM for (/root/media/quoc-huy/blur-DAN/BSD100/LRbic/, x4)---- : 20.0394dB / 0.4279
25-11-12 07:09:04.216 : --90 --> BSRNet_regiondependent --> x4--> 69040.png
25-11-12 07:09:04.306 : ----PSNR/SSIM for (/root/media/quoc-huy/blur-DAN/BSD100/LRbic/, x4)---- : 18.4717dB / 0.5298
25-11-12 07:09:04.306 : --91 --> BSRNet_regiondependent --> x4--> 76053.png
25-11-12 07:09:04.399 : ----PSNR/SSIM for (/root/media/quoc-huy/blur-DAN/BSD100/LRbic/, x4)---- : 20.4652dB / 0.6127
25-11-12 07:09:04.399 : --92 --> BSRNet_regiondependent --> x4--> 78004.png
25-11-12 07:09:04.501 : ----PSNR/SSIM for (/root/media/quoc-huy/blur-DAN/BSD100/LRbic/, x4)---- : 22.0794dB / 0.6459
25-11-12 07:09:04.501 : --93 --> BSRNet_regiondependent --> x4--> 8023.png
25-11-12 07:09:04.602 : ----PSNR/SSIM for (/root/media/quoc-huy/blur-DAN/BSD100/LRbic/, x4)---- : 23.8425dB / 0.7842
25-11-12 07:09:04.603 : --94 --> BSRNet_regiondependent --> x4--> 85048.png
25-11-12 07:09:04.735 : ----PSNR/SSIM for (/root/media/quoc-huy/blur-DAN/BSD100/LRbic/, x4)---- : 16.2491dB / 0.5589
25-11-12 07:09:04.736 : --95 --> BSRNet_regiondependent --> x4--> 86000.png
25-11-12 07:09:04.843 : ----PSNR/SSIM for (/root/media/quoc-huy/blur-DAN/BSD100/LRbic/, x4)---- : 19.0292dB / 0.6679
25-11-12 07:09:04.843 : --96 --> BSRNet_regiondependent --> x4--> 86016.png
25-11-12 07:09:04.943 : ----PSNR/SSIM for (/root/media/quoc-huy/blur-DAN/BSD100/LRbic/, x4)---- : 18.2963dB / 0.2081
25-11-12 07:09:04.943 : --97 --> BSRNet_regiondependent --> x4--> 86068.png
25-11-12 07:09:05.061 : ----PSNR/SSIM for (/root/media/quoc-huy/blur-DAN/BSD100/LRbic/, x4)---- : 15.8165dB / 0.3984
25-11-12 07:09:05.061 : --98 --> BSRNet_regiondependent --> x4--> 87046.png
25-11-12 07:09:05.178 : ----PSNR/SSIM for (/root/media/quoc-huy/blur-DAN/BSD100/LRbic/, x4)---- : 20.2737dB / 0.6830
25-11-12 07:09:05.178 : --99 --> BSRNet_regiondependent --> x4--> 89072.png
25-11-12 07:09:05.310 : ----PSNR/SSIM for (/root/media/quoc-huy/blur-DAN/BSD100/LRbic/, x4)---- : 20.7779dB / 0.6254
25-11-12 07:09:05.311 : -100 --> BSRNet_regiondependent --> x4--> 97033.png
25-11-12 07:09:05.412 : ----PSNR/SSIM for (/root/media/quoc-huy/blur-DAN/BSD100/LRbic/, x4)---- : 20.4801dB / 0.6105
25-11-12 07:09:05.412 : ----Average PSNR/SSIM for (/root/media/quoc-huy/blur-DAN/BSD100/LRbic/, x4)---- : 21.0421dB / 0.6253
25-11-12 07:09:05.412 :  
25-11-12 07:09:34.415 :       Model Name : BSRNet_regiondependent
25-11-12 07:09:40.071 :       Input Path : /root/media/quoc-huy/blur-DAN/Urban100/LRbic/
25-11-12 07:09:40.071 :      Output Path : /root/quoc-huy/BSRGAN/experimental-results/Bic/Urban100
25-11-12 07:09:40.072 : ---1 --> BSRNet_regiondependent --> x4--> img_001.png
25-11-12 07:09:41.044 : ----PSNR/SSIM for (/root/media/quoc-huy/blur-DAN/Urban100/LRbic/, x4)---- : 19.4438dB / 0.6046
25-11-12 07:09:41.045 : ---2 --> BSRNet_regiondependent --> x4--> img_002.png
25-11-12 07:09:41.617 : ----PSNR/SSIM for (/root/media/quoc-huy/blur-DAN/Urban100/LRbic/, x4)---- : 21.1396dB / 0.7154
25-11-12 07:09:41.617 : ---3 --> BSRNet_regiondependent --> x4--> img_003.png
25-11-12 07:09:42.083 : ----PSNR/SSIM for (/root/media/quoc-huy/blur-DAN/Urban100/LRbic/, x4)---- : 17.8860dB / 0.5298
25-11-12 07:09:42.083 : ---4 --> BSRNet_regiondependent --> x4--> img_004.png
25-11-12 07:09:42.545 : ----PSNR/SSIM for (/root/media/quoc-huy/blur-DAN/Urban100/LRbic/, x4)---- : 16.1801dB / 0.6329
25-11-12 07:09:42.545 : ---5 --> BSRNet_regiondependent --> x4--> img_005.png
25-11-12 07:09:43.115 : ----PSNR/SSIM for (/root/media/quoc-huy/blur-DAN/Urban100/LRbic/, x4)---- : 20.7202dB / 0.8230
25-11-12 07:09:43.115 : ---6 --> BSRNet_regiondependent --> x4--> img_006.png
25-11-12 07:09:43.719 : ----PSNR/SSIM for (/root/media/quoc-huy/blur-DAN/Urban100/LRbic/, x4)---- : 18.6162dB / 0.4867
25-11-12 07:09:43.719 : ---7 --> BSRNet_regiondependent --> x4--> img_007.png
25-11-12 07:09:44.159 : ----PSNR/SSIM for (/root/media/quoc-huy/blur-DAN/Urban100/LRbic/, x4)---- : 22.5630dB / 0.7682
25-11-12 07:09:44.160 : ---8 --> BSRNet_regiondependent --> x4--> img_008.png
25-11-12 07:09:44.509 : ----PSNR/SSIM for (/root/media/quoc-huy/blur-DAN/Urban100/LRbic/, x4)---- : 16.8913dB / 0.4953
25-11-12 07:09:44.509 : ---9 --> BSRNet_regiondependent --> x4--> img_009.png
25-11-12 07:09:45.183 : ----PSNR/SSIM for (/root/media/quoc-huy/blur-DAN/Urban100/LRbic/, x4)---- : 24.8781dB / 0.8487
25-11-12 07:09:45.183 : --10 --> BSRNet_regiondependent --> x4--> img_010.png
25-11-12 07:09:45.737 : ----PSNR/SSIM for (/root/media/quoc-huy/blur-DAN/Urban100/LRbic/, x4)---- : 20.9520dB / 0.7932
25-11-12 07:09:45.737 : --11 --> BSRNet_regiondependent --> x4--> img_011.png
25-11-12 07:09:46.122 : ----PSNR/SSIM for (/root/media/quoc-huy/blur-DAN/Urban100/LRbic/, x4)---- : 11.9491dB / 0.5313
25-11-12 07:09:46.122 : --12 --> BSRNet_regiondependent --> x4--> img_012.png
25-11-12 07:09:46.688 : ----PSNR/SSIM for (/root/media/quoc-huy/blur-DAN/Urban100/LRbic/, x4)---- : 19.8879dB / 0.6138
25-11-12 07:09:46.689 : --13 --> BSRNet_regiondependent --> x4--> img_013.png
25-11-12 07:09:47.264 : ----PSNR/SSIM for (/root/media/quoc-huy/blur-DAN/Urban100/LRbic/, x4)---- : 23.6544dB / 0.7345
25-11-12 07:09:47.265 : --14 --> BSRNet_regiondependent --> x4--> img_014.png
25-11-12 07:09:47.900 : ----PSNR/SSIM for (/root/media/quoc-huy/blur-DAN/Urban100/LRbic/, x4)---- : 18.4648dB / 0.5845
25-11-12 07:09:47.900 : --15 --> BSRNet_regiondependent --> x4--> img_015.png
25-11-12 07:09:48.449 : ----PSNR/SSIM for (/root/media/quoc-huy/blur-DAN/Urban100/LRbic/, x4)---- : 21.2530dB / 0.6089
25-11-12 07:09:48.449 : --16 --> BSRNet_regiondependent --> x4--> img_016.png
25-11-12 07:09:49.280 : ----PSNR/SSIM for (/root/media/quoc-huy/blur-DAN/Urban100/LRbic/, x4)---- : 20.7902dB / 0.6708
25-11-12 07:09:49.281 : --17 --> BSRNet_regiondependent --> x4--> img_017.png
25-11-12 07:09:49.875 : ----PSNR/SSIM for (/root/media/quoc-huy/blur-DAN/Urban100/LRbic/, x4)---- : 20.8144dB / 0.7327
25-11-12 07:09:49.875 : --18 --> BSRNet_regiondependent --> x4--> img_018.png
25-11-12 07:09:50.381 : ----PSNR/SSIM for (/root/media/quoc-huy/blur-DAN/Urban100/LRbic/, x4)---- : 22.5101dB / 0.5762
25-11-12 07:09:50.381 : --19 --> BSRNet_regiondependent --> x4--> img_019.png
25-11-12 07:09:51.556 : ----PSNR/SSIM for (/root/media/quoc-huy/blur-DAN/Urban100/LRbic/, x4)---- : 16.7901dB / 0.6303
25-11-12 07:09:51.557 : --20 --> BSRNet_regiondependent --> x4--> img_020.png
25-11-12 07:09:52.975 : ----PSNR/SSIM for (/root/media/quoc-huy/blur-DAN/Urban100/LRbic/, x4)---- : 18.3001dB / 0.5993
25-11-12 07:09:52.975 : --21 --> BSRNet_regiondependent --> x4--> img_021.png
25-11-12 07:09:53.605 : ----PSNR/SSIM for (/root/media/quoc-huy/blur-DAN/Urban100/LRbic/, x4)---- : 17.2950dB / 0.6704
25-11-12 07:09:53.605 : --22 --> BSRNet_regiondependent --> x4--> img_022.png
25-11-12 07:09:54.058 : ----PSNR/SSIM for (/root/media/quoc-huy/blur-DAN/Urban100/LRbic/, x4)---- : 22.4877dB / 0.6859
25-11-12 07:09:54.058 : --23 --> BSRNet_regiondependent --> x4--> img_023.png
25-11-12 07:09:54.743 : ----PSNR/SSIM for (/root/media/quoc-huy/blur-DAN/Urban100/LRbic/, x4)---- : 17.4803dB / 0.5738
25-11-12 07:09:54.743 : --24 --> BSRNet_regiondependent --> x4--> img_024.png
25-11-12 07:09:55.263 : ----PSNR/SSIM for (/root/media/quoc-huy/blur-DAN/Urban100/LRbic/, x4)---- : 15.1402dB / 0.4806
25-11-12 07:09:55.263 : --25 --> BSRNet_regiondependent --> x4--> img_025.png
25-11-12 07:09:55.761 : ----PSNR/SSIM for (/root/media/quoc-huy/blur-DAN/Urban100/LRbic/, x4)---- : 22.9385dB / 0.8248
25-11-12 07:09:55.761 : --26 --> BSRNet_regiondependent --> x4--> img_026.png
25-11-12 07:09:56.350 : ----PSNR/SSIM for (/root/media/quoc-huy/blur-DAN/Urban100/LRbic/, x4)---- : 21.9519dB / 0.5958
25-11-12 07:09:56.350 : --27 --> BSRNet_regiondependent --> x4--> img_027.png
25-11-12 07:09:56.902 : ----PSNR/SSIM for (/root/media/quoc-huy/blur-DAN/Urban100/LRbic/, x4)---- : 23.3953dB / 0.7049
25-11-12 07:09:56.903 : --28 --> BSRNet_regiondependent --> x4--> img_028.png
25-11-12 07:09:57.368 : ----PSNR/SSIM for (/root/media/quoc-huy/blur-DAN/Urban100/LRbic/, x4)---- : 23.1894dB / 0.7831
25-11-12 07:09:57.368 : --29 --> BSRNet_regiondependent --> x4--> img_029.png
25-11-12 07:09:57.789 : ----PSNR/SSIM for (/root/media/quoc-huy/blur-DAN/Urban100/LRbic/, x4)---- : 18.3101dB / 0.6896
25-11-12 07:09:57.789 : --30 --> BSRNet_regiondependent --> x4--> img_030.png
25-11-12 07:09:58.288 : ----PSNR/SSIM for (/root/media/quoc-huy/blur-DAN/Urban100/LRbic/, x4)---- : 18.5592dB / 0.6401
25-11-12 07:09:58.288 : --31 --> BSRNet_regiondependent --> x4--> img_031.png
25-11-12 07:09:58.798 : ----PSNR/SSIM for (/root/media/quoc-huy/blur-DAN/Urban100/LRbic/, x4)---- : 20.4527dB / 0.6404
25-11-12 07:09:58.799 : --32 --> BSRNet_regiondependent --> x4--> img_032.png
25-11-12 07:09:59.227 : ----PSNR/SSIM for (/root/media/quoc-huy/blur-DAN/Urban100/LRbic/, x4)---- : 22.8567dB / 0.7420
25-11-12 07:09:59.227 : --33 --> BSRNet_regiondependent --> x4--> img_033.png
25-11-12 07:09:59.641 : ----PSNR/SSIM for (/root/media/quoc-huy/blur-DAN/Urban100/LRbic/, x4)---- : 21.4145dB / 0.6594
25-11-12 07:09:59.641 : --34 --> BSRNet_regiondependent --> x4--> img_034.png
25-11-12 07:10:00.105 : ----PSNR/SSIM for (/root/media/quoc-huy/blur-DAN/Urban100/LRbic/, x4)---- : 18.1460dB / 0.4488
25-11-12 07:10:00.105 : --35 --> BSRNet_regiondependent --> x4--> img_035.png
25-11-12 07:10:00.599 : ----PSNR/SSIM for (/root/media/quoc-huy/blur-DAN/Urban100/LRbic/, x4)---- : 20.3645dB / 0.7559
25-11-12 07:10:00.599 : --36 --> BSRNet_regiondependent --> x4--> img_036.png
25-11-12 07:10:01.195 : ----PSNR/SSIM for (/root/media/quoc-huy/blur-DAN/Urban100/LRbic/, x4)---- : 22.5600dB / 0.7999
25-11-12 07:10:01.197 : --37 --> BSRNet_regiondependent --> x4--> img_037.png
25-11-12 07:10:01.782 : ----PSNR/SSIM for (/root/media/quoc-huy/blur-DAN/Urban100/LRbic/, x4)---- : 21.2275dB / 0.6952
25-11-12 07:10:01.782 : --38 --> BSRNet_regiondependent --> x4--> img_038.png
25-11-12 07:10:02.415 : ----PSNR/SSIM for (/root/media/quoc-huy/blur-DAN/Urban100/LRbic/, x4)---- : 21.6454dB / 0.4965
25-11-12 07:10:02.415 : --39 --> BSRNet_regiondependent --> x4--> img_039.png
25-11-12 07:10:03.283 : ----PSNR/SSIM for (/root/media/quoc-huy/blur-DAN/Urban100/LRbic/, x4)---- : 18.0133dB / 0.5867
25-11-12 07:10:03.283 : --40 --> BSRNet_regiondependent --> x4--> img_040.png
25-11-12 07:10:03.726 : ----PSNR/SSIM for (/root/media/quoc-huy/blur-DAN/Urban100/LRbic/, x4)---- : 17.6064dB / 0.7020
25-11-12 07:10:03.726 : --41 --> BSRNet_regiondependent --> x4--> img_041.png
25-11-12 07:10:04.299 : ----PSNR/SSIM for (/root/media/quoc-huy/blur-DAN/Urban100/LRbic/, x4)---- : 18.1357dB / 0.7092
25-11-12 07:10:04.300 : --42 --> BSRNet_regiondependent --> x4--> img_042.png
25-11-12 07:10:04.801 : ----PSNR/SSIM for (/root/media/quoc-huy/blur-DAN/Urban100/LRbic/, x4)---- : 21.3549dB / 0.7880
25-11-12 07:10:04.801 : --43 --> BSRNet_regiondependent --> x4--> img_043.png
25-11-12 07:10:05.257 : ----PSNR/SSIM for (/root/media/quoc-huy/blur-DAN/Urban100/LRbic/, x4)---- : 22.1984dB / 0.7890
25-11-12 07:10:05.257 : --44 --> BSRNet_regiondependent --> x4--> img_044.png
25-11-12 07:10:05.690 : ----PSNR/SSIM for (/root/media/quoc-huy/blur-DAN/Urban100/LRbic/, x4)---- : 24.0010dB / 0.7401
25-11-12 07:10:05.690 : --45 --> BSRNet_regiondependent --> x4--> img_045.png
25-11-12 07:10:06.154 : ----PSNR/SSIM for (/root/media/quoc-huy/blur-DAN/Urban100/LRbic/, x4)---- : 16.6423dB / 0.5013
25-11-12 07:10:06.154 : --46 --> BSRNet_regiondependent --> x4--> img_046.png
25-11-12 07:10:06.776 : ----PSNR/SSIM for (/root/media/quoc-huy/blur-DAN/Urban100/LRbic/, x4)---- : 18.8500dB / 0.6777
25-11-12 07:10:06.776 : --47 --> BSRNet_regiondependent --> x4--> img_047.png
25-11-12 07:10:07.169 : ----PSNR/SSIM for (/root/media/quoc-huy/blur-DAN/Urban100/LRbic/, x4)---- : 17.7008dB / 0.6313
25-11-12 07:10:07.169 : --48 --> BSRNet_regiondependent --> x4--> img_048.png
25-11-12 07:10:07.666 : ----PSNR/SSIM for (/root/media/quoc-huy/blur-DAN/Urban100/LRbic/, x4)---- : 14.6634dB / 0.6339
25-11-12 07:10:07.666 : --49 --> BSRNet_regiondependent --> x4--> img_049.png
25-11-12 07:10:08.116 : ----PSNR/SSIM for (/root/media/quoc-huy/blur-DAN/Urban100/LRbic/, x4)---- : 18.5436dB / 0.5949
25-11-12 07:10:08.116 : --50 --> BSRNet_regiondependent --> x4--> img_050.png
25-11-12 07:10:08.564 : ----PSNR/SSIM for (/root/media/quoc-huy/blur-DAN/Urban100/LRbic/, x4)---- : 18.8826dB / 0.6534
25-11-12 07:10:08.564 : --51 --> BSRNet_regiondependent --> x4--> img_051.png
25-11-12 07:10:09.025 : ----PSNR/SSIM for (/root/media/quoc-huy/blur-DAN/Urban100/LRbic/, x4)---- : 22.6908dB / 0.7615
25-11-12 07:10:09.025 : --52 --> BSRNet_regiondependent --> x4--> img_052.png
25-11-12 07:10:09.416 : ----PSNR/SSIM for (/root/media/quoc-huy/blur-DAN/Urban100/LRbic/, x4)---- : 21.9361dB / 0.7734
25-11-12 07:10:09.416 : --53 --> BSRNet_regiondependent --> x4--> img_053.png
25-11-12 07:10:09.860 : ----PSNR/SSIM for (/root/media/quoc-huy/blur-DAN/Urban100/LRbic/, x4)---- : 17.6252dB / 0.6003
25-11-12 07:10:09.860 : --54 --> BSRNet_regiondependent --> x4--> img_054.png
25-11-12 07:10:10.398 : ----PSNR/SSIM for (/root/media/quoc-huy/blur-DAN/Urban100/LRbic/, x4)---- : 17.0057dB / 0.5350
25-11-12 07:10:10.399 : --55 --> BSRNet_regiondependent --> x4--> img_055.png
25-11-12 07:10:10.881 : ----PSNR/SSIM for (/root/media/quoc-huy/blur-DAN/Urban100/LRbic/, x4)---- : 21.4731dB / 0.8257
25-11-12 07:10:10.881 : --56 --> BSRNet_regiondependent --> x4--> img_056.png
25-11-12 07:10:11.349 : ----PSNR/SSIM for (/root/media/quoc-huy/blur-DAN/Urban100/LRbic/, x4)---- : 19.4450dB / 0.6428
25-11-12 07:10:11.349 : --57 --> BSRNet_regiondependent --> x4--> img_057.png
25-11-12 07:10:11.878 : ----PSNR/SSIM for (/root/media/quoc-huy/blur-DAN/Urban100/LRbic/, x4)---- : 24.0251dB / 0.7843
25-11-12 07:10:11.878 : --58 --> BSRNet_regiondependent --> x4--> img_058.png
25-11-12 07:10:12.484 : ----PSNR/SSIM for (/root/media/quoc-huy/blur-DAN/Urban100/LRbic/, x4)---- : 20.7344dB / 0.7336
25-11-12 07:10:12.495 : --59 --> BSRNet_regiondependent --> x4--> img_059.png
25-11-12 07:10:12.967 : ----PSNR/SSIM for (/root/media/quoc-huy/blur-DAN/Urban100/LRbic/, x4)---- : 17.9799dB / 0.6376
25-11-12 07:10:12.967 : --60 --> BSRNet_regiondependent --> x4--> img_060.png
25-11-12 07:10:13.399 : ----PSNR/SSIM for (/root/media/quoc-huy/blur-DAN/Urban100/LRbic/, x4)---- : 18.4539dB / 0.4421
25-11-12 07:10:13.399 : --61 --> BSRNet_regiondependent --> x4--> img_061.png
25-11-12 07:10:13.812 : ----PSNR/SSIM for (/root/media/quoc-huy/blur-DAN/Urban100/LRbic/, x4)---- : 20.1256dB / 0.6296
25-11-12 07:10:13.812 : --62 --> BSRNet_regiondependent --> x4--> img_062.png
25-11-12 07:10:14.250 : ----PSNR/SSIM for (/root/media/quoc-huy/blur-DAN/Urban100/LRbic/, x4)---- : 17.1488dB / 0.6369
25-11-12 07:10:14.250 : --63 --> BSRNet_regiondependent --> x4--> img_063.png
25-11-12 07:10:14.939 : ----PSNR/SSIM for (/root/media/quoc-huy/blur-DAN/Urban100/LRbic/, x4)---- : 16.3512dB / 0.4308
25-11-12 07:10:14.940 : --64 --> BSRNet_regiondependent --> x4--> img_064.png
25-11-12 07:10:15.476 : ----PSNR/SSIM for (/root/media/quoc-huy/blur-DAN/Urban100/LRbic/, x4)---- : 21.2025dB / 0.6656
25-11-12 07:10:15.476 : --65 --> BSRNet_regiondependent --> x4--> img_065.png
25-11-12 07:10:15.999 : ----PSNR/SSIM for (/root/media/quoc-huy/blur-DAN/Urban100/LRbic/, x4)---- : 19.8692dB / 0.6151
25-11-12 07:10:16.001 : --66 --> BSRNet_regiondependent --> x4--> img_066.png
25-11-12 07:10:16.577 : ----PSNR/SSIM for (/root/media/quoc-huy/blur-DAN/Urban100/LRbic/, x4)---- : 18.1739dB / 0.5406
25-11-12 07:10:16.577 : --67 --> BSRNet_regiondependent --> x4--> img_067.png
25-11-12 07:10:17.052 : ----PSNR/SSIM for (/root/media/quoc-huy/blur-DAN/Urban100/LRbic/, x4)---- : 14.4132dB / 0.6752
25-11-12 07:10:17.052 : --68 --> BSRNet_regiondependent --> x4--> img_068.png
25-11-12 07:10:17.717 : ----PSNR/SSIM for (/root/media/quoc-huy/blur-DAN/Urban100/LRbic/, x4)---- : 15.5910dB / 0.6886
25-11-12 07:10:17.717 : --69 --> BSRNet_regiondependent --> x4--> img_069.png
25-11-12 07:10:18.421 : ----PSNR/SSIM for (/root/media/quoc-huy/blur-DAN/Urban100/LRbic/, x4)---- : 20.6325dB / 0.6406
25-11-12 07:10:18.421 : --70 --> BSRNet_regiondependent --> x4--> img_070.png
25-11-12 07:10:19.054 : ----PSNR/SSIM for (/root/media/quoc-huy/blur-DAN/Urban100/LRbic/, x4)---- : 18.0406dB / 0.5025
25-11-12 07:10:19.056 : --71 --> BSRNet_regiondependent --> x4--> img_071.png
25-11-12 07:10:19.645 : ----PSNR/SSIM for (/root/media/quoc-huy/blur-DAN/Urban100/LRbic/, x4)---- : 20.2778dB / 0.5262
25-11-12 07:10:19.646 : --72 --> BSRNet_regiondependent --> x4--> img_072.png
25-11-12 07:10:20.091 : ----PSNR/SSIM for (/root/media/quoc-huy/blur-DAN/Urban100/LRbic/, x4)---- : 14.6397dB / 0.6373
25-11-12 07:10:20.091 : --73 --> BSRNet_regiondependent --> x4--> img_073.png
25-11-12 07:10:20.710 : ----PSNR/SSIM for (/root/media/quoc-huy/blur-DAN/Urban100/LRbic/, x4)---- : 16.8714dB / 0.4293
25-11-12 07:10:20.711 : --74 --> BSRNet_regiondependent --> x4--> img_074.png
25-11-12 07:10:21.226 : ----PSNR/SSIM for (/root/media/quoc-huy/blur-DAN/Urban100/LRbic/, x4)---- : 19.4703dB / 0.5669
25-11-12 07:10:21.226 : --75 --> BSRNet_regiondependent --> x4--> img_075.png
25-11-12 07:10:21.740 : ----PSNR/SSIM for (/root/media/quoc-huy/blur-DAN/Urban100/LRbic/, x4)---- : 22.3118dB / 0.8019
25-11-12 07:10:21.740 : --76 --> BSRNet_regiondependent --> x4--> img_076.png
25-11-12 07:10:22.178 : ----PSNR/SSIM for (/root/media/quoc-huy/blur-DAN/Urban100/LRbic/, x4)---- : 17.9420dB / 0.6049
25-11-12 07:10:22.179 : --77 --> BSRNet_regiondependent --> x4--> img_077.png
25-11-12 07:10:22.575 : ----PSNR/SSIM for (/root/media/quoc-huy/blur-DAN/Urban100/LRbic/, x4)---- : 19.5320dB / 0.5805
25-11-12 07:10:22.575 : --78 --> BSRNet_regiondependent --> x4--> img_078.png
25-11-12 07:10:23.068 : ----PSNR/SSIM for (/root/media/quoc-huy/blur-DAN/Urban100/LRbic/, x4)---- : 21.4777dB / 0.6135
25-11-12 07:10:23.069 : --79 --> BSRNet_regiondependent --> x4--> img_079.png
25-11-12 07:10:23.655 : ----PSNR/SSIM for (/root/media/quoc-huy/blur-DAN/Urban100/LRbic/, x4)---- : 19.2962dB / 0.5685
25-11-12 07:10:23.655 : --80 --> BSRNet_regiondependent --> x4--> img_080.png
25-11-12 07:10:24.379 : ----PSNR/SSIM for (/root/media/quoc-huy/blur-DAN/Urban100/LRbic/, x4)---- : 27.8860dB / 0.9037
25-11-12 07:10:24.380 : --81 --> BSRNet_regiondependent --> x4--> img_081.png
25-11-12 07:10:25.403 : ----PSNR/SSIM for (/root/media/quoc-huy/blur-DAN/Urban100/LRbic/, x4)---- : 26.5835dB / 0.8428
25-11-12 07:10:25.403 : --82 --> BSRNet_regiondependent --> x4--> img_082.png
25-11-12 07:10:26.402 : ----PSNR/SSIM for (/root/media/quoc-huy/blur-DAN/Urban100/LRbic/, x4)---- : 22.2228dB / 0.8437
25-11-12 07:10:26.402 : --83 --> BSRNet_regiondependent --> x4--> img_083.png
25-11-12 07:10:27.222 : ----PSNR/SSIM for (/root/media/quoc-huy/blur-DAN/Urban100/LRbic/, x4)---- : 17.7124dB / 0.5552
25-11-12 07:10:27.222 : --84 --> BSRNet_regiondependent --> x4--> img_084.png
25-11-12 07:10:27.994 : ----PSNR/SSIM for (/root/media/quoc-huy/blur-DAN/Urban100/LRbic/, x4)---- : 23.6512dB / 0.7171
25-11-12 07:10:27.994 : --85 --> BSRNet_regiondependent --> x4--> img_085.png
25-11-12 07:10:28.446 : ----PSNR/SSIM for (/root/media/quoc-huy/blur-DAN/Urban100/LRbic/, x4)---- : 23.3022dB / 0.8079
25-11-12 07:10:28.446 : --86 --> BSRNet_regiondependent --> x4--> img_086.png
25-11-12 07:10:29.076 : ----PSNR/SSIM for (/root/media/quoc-huy/blur-DAN/Urban100/LRbic/, x4)---- : 24.9287dB / 0.8207
25-11-12 07:10:29.077 : --87 --> BSRNet_regiondependent --> x4--> img_087.png
25-11-12 07:10:29.891 : ----PSNR/SSIM for (/root/media/quoc-huy/blur-DAN/Urban100/LRbic/, x4)---- : 20.7871dB / 0.7449
25-11-12 07:10:29.891 : --88 --> BSRNet_regiondependent --> x4--> img_088.png
25-11-12 07:10:30.280 : ----PSNR/SSIM for (/root/media/quoc-huy/blur-DAN/Urban100/LRbic/, x4)---- : 16.0566dB / 0.4064
25-11-12 07:10:30.280 : --89 --> BSRNet_regiondependent --> x4--> img_089.png
25-11-12 07:10:30.800 : ----PSNR/SSIM for (/root/media/quoc-huy/blur-DAN/Urban100/LRbic/, x4)---- : 21.8780dB / 0.6228
25-11-12 07:10:30.800 : --90 --> BSRNet_regiondependent --> x4--> img_090.png
25-11-12 07:10:31.263 : ----PSNR/SSIM for (/root/media/quoc-huy/blur-DAN/Urban100/LRbic/, x4)---- : 25.5346dB / 0.8728
25-11-12 07:10:31.263 : --91 --> BSRNet_regiondependent --> x4--> img_091.png
25-11-12 07:10:31.663 : ----PSNR/SSIM for (/root/media/quoc-huy/blur-DAN/Urban100/LRbic/, x4)---- : 19.5308dB / 0.5305
25-11-12 07:10:31.663 : --92 --> BSRNet_regiondependent --> x4--> img_092.png
25-11-12 07:10:32.135 : ----PSNR/SSIM for (/root/media/quoc-huy/blur-DAN/Urban100/LRbic/, x4)---- : 13.2265dB / 0.4465
25-11-12 07:10:32.136 : --93 --> BSRNet_regiondependent --> x4--> img_093.png
25-11-12 07:10:32.732 : ----PSNR/SSIM for (/root/media/quoc-huy/blur-DAN/Urban100/LRbic/, x4)---- : 17.9957dB / 0.7941
25-11-12 07:10:32.732 : --94 --> BSRNet_regiondependent --> x4--> img_094.png
25-11-12 07:10:33.302 : ----PSNR/SSIM for (/root/media/quoc-huy/blur-DAN/Urban100/LRbic/, x4)---- : 22.3511dB / 0.6737
25-11-12 07:10:33.303 : --95 --> BSRNet_regiondependent --> x4--> img_095.png
25-11-12 07:10:33.813 : ----PSNR/SSIM for (/root/media/quoc-huy/blur-DAN/Urban100/LRbic/, x4)---- : 15.8536dB / 0.2676
25-11-12 07:10:33.813 : --96 --> BSRNet_regiondependent --> x4--> img_096.png
25-11-12 07:10:34.298 : ----PSNR/SSIM for (/root/media/quoc-huy/blur-DAN/Urban100/LRbic/, x4)---- : 17.8875dB / 0.7131
25-11-12 07:10:34.298 : --97 --> BSRNet_regiondependent --> x4--> img_097.png
25-11-12 07:10:34.824 : ----PSNR/SSIM for (/root/media/quoc-huy/blur-DAN/Urban100/LRbic/, x4)---- : 19.6925dB / 0.6459
25-11-12 07:10:34.824 : --98 --> BSRNet_regiondependent --> x4--> img_098.png
25-11-12 07:10:35.268 : ----PSNR/SSIM for (/root/media/quoc-huy/blur-DAN/Urban100/LRbic/, x4)---- : 16.6614dB / 0.3695
25-11-12 07:10:35.269 : --99 --> BSRNet_regiondependent --> x4--> img_099.png
25-11-12 07:10:36.018 : ----PSNR/SSIM for (/root/media/quoc-huy/blur-DAN/Urban100/LRbic/, x4)---- : 19.4489dB / 0.5389
25-11-12 07:10:36.019 : -100 --> BSRNet_regiondependent --> x4--> img_100.png
25-11-12 07:10:36.989 : ----PSNR/SSIM for (/root/media/quoc-huy/blur-DAN/Urban100/LRbic/, x4)---- : 21.2428dB / 0.6135
25-11-12 07:10:36.989 : ----Average PSNR/SSIM for (/root/media/quoc-huy/blur-DAN/Urban100/LRbic/, x4)---- : 19.7886dB / 0.6470
25-11-12 07:10:36.989 :  
25-11-12 07:11:16.085 :       Model Name : BSRGAN_regiondependent
25-11-12 07:11:21.240 :       Input Path : /root/media/quoc-huy/blur-DAN/Urban100/LRbic/
25-11-12 07:11:21.240 :      Output Path : /root/quoc-huy/BSRGAN/experimental-results/Bic/Urban100
25-11-12 07:11:21.241 : ---1 --> BSRGAN_regiondependent --> x4--> img_001.png
25-11-12 07:11:22.032 : ----PSNR/SSIM for (/root/media/quoc-huy/blur-DAN/Urban100/LRbic/, x4)---- : 17.7859dB / 0.5724
25-11-12 07:11:22.032 : ---2 --> BSRGAN_regiondependent --> x4--> img_002.png
25-11-12 07:11:22.590 : ----PSNR/SSIM for (/root/media/quoc-huy/blur-DAN/Urban100/LRbic/, x4)---- : 18.6347dB / 0.6596
25-11-12 07:11:22.590 : ---3 --> BSRGAN_regiondependent --> x4--> img_003.png
25-11-12 07:11:23.046 : ----PSNR/SSIM for (/root/media/quoc-huy/blur-DAN/Urban100/LRbic/, x4)---- : 16.4240dB / 0.4997
25-11-12 07:11:23.046 : ---4 --> BSRGAN_regiondependent --> x4--> img_004.png
25-11-12 07:11:23.483 : ----PSNR/SSIM for (/root/media/quoc-huy/blur-DAN/Urban100/LRbic/, x4)---- : 14.6252dB / 0.5794
25-11-12 07:11:23.484 : ---5 --> BSRGAN_regiondependent --> x4--> img_005.png
25-11-12 07:11:24.163 : ----PSNR/SSIM for (/root/media/quoc-huy/blur-DAN/Urban100/LRbic/, x4)---- : 19.2442dB / 0.7750
25-11-12 07:11:24.163 : ---6 --> BSRGAN_regiondependent --> x4--> img_006.png
25-11-12 07:11:24.960 : ----PSNR/SSIM for (/root/media/quoc-huy/blur-DAN/Urban100/LRbic/, x4)---- : 18.1531dB / 0.4480
25-11-12 07:11:24.961 : ---7 --> BSRGAN_regiondependent --> x4--> img_007.png
25-11-12 07:11:25.452 : ----PSNR/SSIM for (/root/media/quoc-huy/blur-DAN/Urban100/LRbic/, x4)---- : 21.7999dB / 0.7139
25-11-12 07:11:25.453 : ---8 --> BSRGAN_regiondependent --> x4--> img_008.png
25-11-12 07:11:25.877 : ----PSNR/SSIM for (/root/media/quoc-huy/blur-DAN/Urban100/LRbic/, x4)---- : 15.4480dB / 0.4064
25-11-12 07:11:25.877 : ---9 --> BSRGAN_regiondependent --> x4--> img_009.png
25-11-12 07:11:26.521 : ----PSNR/SSIM for (/root/media/quoc-huy/blur-DAN/Urban100/LRbic/, x4)---- : 21.4388dB / 0.8133
25-11-12 07:11:26.522 : --10 --> BSRGAN_regiondependent --> x4--> img_010.png
25-11-12 07:11:27.130 : ----PSNR/SSIM for (/root/media/quoc-huy/blur-DAN/Urban100/LRbic/, x4)---- : 19.9301dB / 0.7727
25-11-12 07:11:27.131 : --11 --> BSRGAN_regiondependent --> x4--> img_011.png
25-11-12 07:11:27.584 : ----PSNR/SSIM for (/root/media/quoc-huy/blur-DAN/Urban100/LRbic/, x4)---- : 11.6094dB / 0.5440
25-11-12 07:11:27.585 : --12 --> BSRGAN_regiondependent --> x4--> img_012.png
25-11-12 07:11:28.099 : ----PSNR/SSIM for (/root/media/quoc-huy/blur-DAN/Urban100/LRbic/, x4)---- : 19.2012dB / 0.5748
25-11-12 07:11:28.099 : --13 --> BSRGAN_regiondependent --> x4--> img_013.png
25-11-12 07:11:28.597 : ----PSNR/SSIM for (/root/media/quoc-huy/blur-DAN/Urban100/LRbic/, x4)---- : 22.6531dB / 0.6978
25-11-12 07:11:28.597 : --14 --> BSRGAN_regiondependent --> x4--> img_014.png
25-11-12 07:11:29.340 : ----PSNR/SSIM for (/root/media/quoc-huy/blur-DAN/Urban100/LRbic/, x4)---- : 17.7832dB / 0.5591
25-11-12 07:11:29.340 : --15 --> BSRGAN_regiondependent --> x4--> img_015.png
25-11-12 07:11:29.993 : ----PSNR/SSIM for (/root/media/quoc-huy/blur-DAN/Urban100/LRbic/, x4)---- : 21.0683dB / 0.5890
25-11-12 07:11:29.993 : --16 --> BSRGAN_regiondependent --> x4--> img_016.png
25-11-12 07:11:31.653 : ----PSNR/SSIM for (/root/media/quoc-huy/blur-DAN/Urban100/LRbic/, x4)---- : 20.3828dB / 0.6632
25-11-12 07:11:31.653 : --17 --> BSRGAN_regiondependent --> x4--> img_017.png
25-11-12 07:11:32.447 : ----PSNR/SSIM for (/root/media/quoc-huy/blur-DAN/Urban100/LRbic/, x4)---- : 19.5244dB / 0.6884
25-11-12 07:11:32.447 : --18 --> BSRGAN_regiondependent --> x4--> img_018.png
25-11-12 07:11:33.422 : ----PSNR/SSIM for (/root/media/quoc-huy/blur-DAN/Urban100/LRbic/, x4)---- : 21.0877dB / 0.5369
25-11-12 07:11:33.423 : --19 --> BSRGAN_regiondependent --> x4--> img_019.png
25-11-12 07:11:33.884 : ----PSNR/SSIM for (/root/media/quoc-huy/blur-DAN/Urban100/LRbic/, x4)---- : 15.6721dB / 0.5832
25-11-12 07:11:33.884 : --20 --> BSRGAN_regiondependent --> x4--> img_020.png
25-11-12 07:11:34.651 : ----PSNR/SSIM for (/root/media/quoc-huy/blur-DAN/Urban100/LRbic/, x4)---- : 17.3255dB / 0.5616
25-11-12 07:11:34.651 : --21 --> BSRGAN_regiondependent --> x4--> img_021.png
25-11-12 07:11:35.309 : ----PSNR/SSIM for (/root/media/quoc-huy/blur-DAN/Urban100/LRbic/, x4)---- : 17.0669dB / 0.6348
25-11-12 07:11:35.309 : --22 --> BSRGAN_regiondependent --> x4--> img_022.png
25-11-12 07:11:35.835 : ----PSNR/SSIM for (/root/media/quoc-huy/blur-DAN/Urban100/LRbic/, x4)---- : 20.5019dB / 0.6481
25-11-12 07:11:35.836 : --23 --> BSRGAN_regiondependent --> x4--> img_023.png
25-11-12 07:11:36.633 : ----PSNR/SSIM for (/root/media/quoc-huy/blur-DAN/Urban100/LRbic/, x4)---- : 18.7958dB / 0.6032
25-11-12 07:11:36.633 : --24 --> BSRGAN_regiondependent --> x4--> img_024.png
25-11-12 07:11:37.140 : ----PSNR/SSIM for (/root/media/quoc-huy/blur-DAN/Urban100/LRbic/, x4)---- : 14.1988dB / 0.4506
25-11-12 07:11:37.140 : --25 --> BSRGAN_regiondependent --> x4--> img_025.png
25-11-12 07:11:37.571 : ----PSNR/SSIM for (/root/media/quoc-huy/blur-DAN/Urban100/LRbic/, x4)---- : 24.4423dB / 0.8195
25-11-12 07:11:37.571 : --26 --> BSRGAN_regiondependent --> x4--> img_026.png
25-11-12 07:11:38.226 : ----PSNR/SSIM for (/root/media/quoc-huy/blur-DAN/Urban100/LRbic/, x4)---- : 21.4323dB / 0.5880
25-11-12 07:11:38.227 : --27 --> BSRGAN_regiondependent --> x4--> img_027.png
25-11-12 07:11:38.830 : ----PSNR/SSIM for (/root/media/quoc-huy/blur-DAN/Urban100/LRbic/, x4)---- : 20.5297dB / 0.6626
25-11-12 07:11:38.831 : --28 --> BSRGAN_regiondependent --> x4--> img_028.png
25-11-12 07:11:39.356 : ----PSNR/SSIM for (/root/media/quoc-huy/blur-DAN/Urban100/LRbic/, x4)---- : 19.7429dB / 0.7446
25-11-12 07:11:39.357 : --29 --> BSRGAN_regiondependent --> x4--> img_029.png
25-11-12 07:11:39.783 : ----PSNR/SSIM for (/root/media/quoc-huy/blur-DAN/Urban100/LRbic/, x4)---- : 17.3601dB / 0.6836
25-11-12 07:11:39.783 : --30 --> BSRGAN_regiondependent --> x4--> img_030.png
25-11-12 07:11:40.213 : ----PSNR/SSIM for (/root/media/quoc-huy/blur-DAN/Urban100/LRbic/, x4)---- : 17.0631dB / 0.5826
25-11-12 07:11:40.213 : --31 --> BSRGAN_regiondependent --> x4--> img_031.png
25-11-12 07:11:40.722 : ----PSNR/SSIM for (/root/media/quoc-huy/blur-DAN/Urban100/LRbic/, x4)---- : 19.2516dB / 0.6032
25-11-12 07:11:40.722 : --32 --> BSRGAN_regiondependent --> x4--> img_032.png
25-11-12 07:11:41.216 : ----PSNR/SSIM for (/root/media/quoc-huy/blur-DAN/Urban100/LRbic/, x4)---- : 21.1558dB / 0.6883
25-11-12 07:11:41.216 : --33 --> BSRGAN_regiondependent --> x4--> img_033.png
25-11-12 07:11:41.824 : ----PSNR/SSIM for (/root/media/quoc-huy/blur-DAN/Urban100/LRbic/, x4)---- : 19.7013dB / 0.6310
25-11-12 07:11:41.825 : --34 --> BSRGAN_regiondependent --> x4--> img_034.png
25-11-12 07:11:42.399 : ----PSNR/SSIM for (/root/media/quoc-huy/blur-DAN/Urban100/LRbic/, x4)---- : 17.6337dB / 0.4334
25-11-12 07:11:42.400 : --35 --> BSRGAN_regiondependent --> x4--> img_035.png
25-11-12 07:11:42.977 : ----PSNR/SSIM for (/root/media/quoc-huy/blur-DAN/Urban100/LRbic/, x4)---- : 19.5174dB / 0.7232
25-11-12 07:11:42.977 : --36 --> BSRGAN_regiondependent --> x4--> img_036.png
25-11-12 07:11:43.430 : ----PSNR/SSIM for (/root/media/quoc-huy/blur-DAN/Urban100/LRbic/, x4)---- : 21.0066dB / 0.7744
25-11-12 07:11:43.430 : --37 --> BSRGAN_regiondependent --> x4--> img_037.png
25-11-12 07:11:44.109 : ----PSNR/SSIM for (/root/media/quoc-huy/blur-DAN/Urban100/LRbic/, x4)---- : 20.1437dB / 0.6372
25-11-12 07:11:44.110 : --38 --> BSRGAN_regiondependent --> x4--> img_038.png
25-11-12 07:11:44.915 : ----PSNR/SSIM for (/root/media/quoc-huy/blur-DAN/Urban100/LRbic/, x4)---- : 20.4976dB / 0.4491
25-11-12 07:11:44.916 : --39 --> BSRGAN_regiondependent --> x4--> img_039.png
25-11-12 07:11:45.468 : ----PSNR/SSIM for (/root/media/quoc-huy/blur-DAN/Urban100/LRbic/, x4)---- : 16.6018dB / 0.5536
25-11-12 07:11:45.468 : --40 --> BSRGAN_regiondependent --> x4--> img_040.png
25-11-12 07:11:45.883 : ----PSNR/SSIM for (/root/media/quoc-huy/blur-DAN/Urban100/LRbic/, x4)---- : 16.5860dB / 0.6280
25-11-12 07:11:45.883 : --41 --> BSRGAN_regiondependent --> x4--> img_041.png
25-11-12 07:11:46.419 : ----PSNR/SSIM for (/root/media/quoc-huy/blur-DAN/Urban100/LRbic/, x4)---- : 17.2525dB / 0.6811
25-11-12 07:11:46.420 : --42 --> BSRGAN_regiondependent --> x4--> img_042.png
25-11-12 07:11:46.890 : ----PSNR/SSIM for (/root/media/quoc-huy/blur-DAN/Urban100/LRbic/, x4)---- : 19.9650dB / 0.7433
25-11-12 07:11:46.890 : --43 --> BSRGAN_regiondependent --> x4--> img_043.png
25-11-12 07:11:47.384 : ----PSNR/SSIM for (/root/media/quoc-huy/blur-DAN/Urban100/LRbic/, x4)---- : 22.4790dB / 0.7916
25-11-12 07:11:47.384 : --44 --> BSRGAN_regiondependent --> x4--> img_044.png
25-11-12 07:11:47.866 : ----PSNR/SSIM for (/root/media/quoc-huy/blur-DAN/Urban100/LRbic/, x4)---- : 21.1948dB / 0.6589
25-11-12 07:11:47.867 : --45 --> BSRGAN_regiondependent --> x4--> img_045.png
25-11-12 07:11:48.423 : ----PSNR/SSIM for (/root/media/quoc-huy/blur-DAN/Urban100/LRbic/, x4)---- : 15.6115dB / 0.4137
25-11-12 07:11:48.424 : --46 --> BSRGAN_regiondependent --> x4--> img_046.png
25-11-12 07:11:48.979 : ----PSNR/SSIM for (/root/media/quoc-huy/blur-DAN/Urban100/LRbic/, x4)---- : 18.0197dB / 0.6496
25-11-12 07:11:48.979 : --47 --> BSRGAN_regiondependent --> x4--> img_047.png
25-11-12 07:11:49.428 : ----PSNR/SSIM for (/root/media/quoc-huy/blur-DAN/Urban100/LRbic/, x4)---- : 16.4380dB / 0.5531
25-11-12 07:11:49.429 : --48 --> BSRGAN_regiondependent --> x4--> img_048.png
25-11-12 07:11:49.890 : ----PSNR/SSIM for (/root/media/quoc-huy/blur-DAN/Urban100/LRbic/, x4)---- : 13.4720dB / 0.5770
25-11-12 07:11:49.890 : --49 --> BSRGAN_regiondependent --> x4--> img_049.png
25-11-12 07:11:50.388 : ----PSNR/SSIM for (/root/media/quoc-huy/blur-DAN/Urban100/LRbic/, x4)---- : 17.8132dB / 0.5777
25-11-12 07:11:50.389 : --50 --> BSRGAN_regiondependent --> x4--> img_050.png
25-11-12 07:11:50.903 : ----PSNR/SSIM for (/root/media/quoc-huy/blur-DAN/Urban100/LRbic/, x4)---- : 18.7687dB / 0.6099
25-11-12 07:11:50.903 : --51 --> BSRGAN_regiondependent --> x4--> img_051.png
25-11-12 07:11:51.330 : ----PSNR/SSIM for (/root/media/quoc-huy/blur-DAN/Urban100/LRbic/, x4)---- : 20.7883dB / 0.7198
25-11-12 07:11:51.330 : --52 --> BSRGAN_regiondependent --> x4--> img_052.png
25-11-12 07:11:51.733 : ----PSNR/SSIM for (/root/media/quoc-huy/blur-DAN/Urban100/LRbic/, x4)---- : 20.8998dB / 0.7550
25-11-12 07:11:51.733 : --53 --> BSRGAN_regiondependent --> x4--> img_053.png
25-11-12 07:11:52.211 : ----PSNR/SSIM for (/root/media/quoc-huy/blur-DAN/Urban100/LRbic/, x4)---- : 16.7390dB / 0.5607
25-11-12 07:11:52.211 : --54 --> BSRGAN_regiondependent --> x4--> img_054.png
25-11-12 07:11:52.686 : ----PSNR/SSIM for (/root/media/quoc-huy/blur-DAN/Urban100/LRbic/, x4)---- : 15.6468dB / 0.5019
25-11-12 07:11:52.686 : --55 --> BSRGAN_regiondependent --> x4--> img_055.png
25-11-12 07:11:53.375 : ----PSNR/SSIM for (/root/media/quoc-huy/blur-DAN/Urban100/LRbic/, x4)---- : 20.3719dB / 0.7959
25-11-12 07:11:53.375 : --56 --> BSRGAN_regiondependent --> x4--> img_056.png
25-11-12 07:11:54.005 : ----PSNR/SSIM for (/root/media/quoc-huy/blur-DAN/Urban100/LRbic/, x4)---- : 18.3247dB / 0.5871
25-11-12 07:11:54.005 : --57 --> BSRGAN_regiondependent --> x4--> img_057.png
25-11-12 07:11:54.741 : ----PSNR/SSIM for (/root/media/quoc-huy/blur-DAN/Urban100/LRbic/, x4)---- : 21.8483dB / 0.7371
25-11-12 07:11:54.741 : --58 --> BSRGAN_regiondependent --> x4--> img_058.png
25-11-12 07:11:55.606 : ----PSNR/SSIM for (/root/media/quoc-huy/blur-DAN/Urban100/LRbic/, x4)---- : 19.4974dB / 0.6889
25-11-12 07:11:55.606 : --59 --> BSRGAN_regiondependent --> x4--> img_059.png
25-11-12 07:11:56.219 : ----PSNR/SSIM for (/root/media/quoc-huy/blur-DAN/Urban100/LRbic/, x4)---- : 17.6876dB / 0.6129
25-11-12 07:11:56.219 : --60 --> BSRGAN_regiondependent --> x4--> img_060.png
25-11-12 07:11:56.830 : ----PSNR/SSIM for (/root/media/quoc-huy/blur-DAN/Urban100/LRbic/, x4)---- : 17.8772dB / 0.4090
25-11-12 07:11:56.830 : --61 --> BSRGAN_regiondependent --> x4--> img_061.png
25-11-12 07:11:57.294 : ----PSNR/SSIM for (/root/media/quoc-huy/blur-DAN/Urban100/LRbic/, x4)---- : 18.3665dB / 0.5677
25-11-12 07:11:57.294 : --62 --> BSRGAN_regiondependent --> x4--> img_062.png
25-11-12 07:11:57.712 : ----PSNR/SSIM for (/root/media/quoc-huy/blur-DAN/Urban100/LRbic/, x4)---- : 16.8588dB / 0.5921
25-11-12 07:11:57.712 : --63 --> BSRGAN_regiondependent --> x4--> img_063.png
25-11-12 07:11:58.413 : ----PSNR/SSIM for (/root/media/quoc-huy/blur-DAN/Urban100/LRbic/, x4)---- : 15.9665dB / 0.4262
25-11-12 07:11:58.414 : --64 --> BSRGAN_regiondependent --> x4--> img_064.png
25-11-12 07:11:58.975 : ----PSNR/SSIM for (/root/media/quoc-huy/blur-DAN/Urban100/LRbic/, x4)---- : 19.1382dB / 0.5957
25-11-12 07:11:58.976 : --65 --> BSRGAN_regiondependent --> x4--> img_065.png
25-11-12 07:11:59.455 : ----PSNR/SSIM for (/root/media/quoc-huy/blur-DAN/Urban100/LRbic/, x4)---- : 19.2765dB / 0.5545
25-11-12 07:11:59.455 : --66 --> BSRGAN_regiondependent --> x4--> img_066.png
25-11-12 07:12:00.103 : ----PSNR/SSIM for (/root/media/quoc-huy/blur-DAN/Urban100/LRbic/, x4)---- : 17.1575dB / 0.5025
25-11-12 07:12:00.104 : --67 --> BSRGAN_regiondependent --> x4--> img_067.png
25-11-12 07:12:00.598 : ----PSNR/SSIM for (/root/media/quoc-huy/blur-DAN/Urban100/LRbic/, x4)---- : 13.6664dB / 0.6613
25-11-12 07:12:00.598 : --68 --> BSRGAN_regiondependent --> x4--> img_068.png
25-11-12 07:12:01.406 : ----PSNR/SSIM for (/root/media/quoc-huy/blur-DAN/Urban100/LRbic/, x4)---- : 15.4860dB / 0.6423
25-11-12 07:12:01.406 : --69 --> BSRGAN_regiondependent --> x4--> img_069.png
25-11-12 07:12:02.045 : ----PSNR/SSIM for (/root/media/quoc-huy/blur-DAN/Urban100/LRbic/, x4)---- : 19.4910dB / 0.6009
25-11-12 07:12:02.045 : --70 --> BSRGAN_regiondependent --> x4--> img_070.png
25-11-12 07:12:02.567 : ----PSNR/SSIM for (/root/media/quoc-huy/blur-DAN/Urban100/LRbic/, x4)---- : 17.6068dB / 0.4783
25-11-12 07:12:02.567 : --71 --> BSRGAN_regiondependent --> x4--> img_071.png
25-11-12 07:12:03.036 : ----PSNR/SSIM for (/root/media/quoc-huy/blur-DAN/Urban100/LRbic/, x4)---- : 18.9129dB / 0.4914
25-11-12 07:12:03.036 : --72 --> BSRGAN_regiondependent --> x4--> img_072.png
25-11-12 07:12:03.479 : ----PSNR/SSIM for (/root/media/quoc-huy/blur-DAN/Urban100/LRbic/, x4)---- : 13.8569dB / 0.5995
25-11-12 07:12:03.479 : --73 --> BSRGAN_regiondependent --> x4--> img_073.png
25-11-12 07:12:04.048 : ----PSNR/SSIM for (/root/media/quoc-huy/blur-DAN/Urban100/LRbic/, x4)---- : 15.7322dB / 0.3630
25-11-12 07:12:04.049 : --74 --> BSRGAN_regiondependent --> x4--> img_074.png
25-11-12 07:12:04.634 : ----PSNR/SSIM for (/root/media/quoc-huy/blur-DAN/Urban100/LRbic/, x4)---- : 19.0113dB / 0.5356
25-11-12 07:12:04.635 : --75 --> BSRGAN_regiondependent --> x4--> img_075.png
25-11-12 07:12:05.561 : ----PSNR/SSIM for (/root/media/quoc-huy/blur-DAN/Urban100/LRbic/, x4)---- : 20.5438dB / 0.7825
25-11-12 07:12:05.561 : --76 --> BSRGAN_regiondependent --> x4--> img_076.png
25-11-12 07:12:06.022 : ----PSNR/SSIM for (/root/media/quoc-huy/blur-DAN/Urban100/LRbic/, x4)---- : 17.9566dB / 0.5607
25-11-12 07:12:06.022 : --77 --> BSRGAN_regiondependent --> x4--> img_077.png
25-11-12 07:12:06.687 : ----PSNR/SSIM for (/root/media/quoc-huy/blur-DAN/Urban100/LRbic/, x4)---- : 18.4030dB / 0.5521
25-11-12 07:12:06.688 : --78 --> BSRGAN_regiondependent --> x4--> img_078.png
25-11-12 07:12:07.713 : ----PSNR/SSIM for (/root/media/quoc-huy/blur-DAN/Urban100/LRbic/, x4)---- : 19.5749dB / 0.5584
25-11-12 07:12:07.713 : --79 --> BSRGAN_regiondependent --> x4--> img_079.png
25-11-12 07:12:08.339 : ----PSNR/SSIM for (/root/media/quoc-huy/blur-DAN/Urban100/LRbic/, x4)---- : 19.1883dB / 0.5238
25-11-12 07:12:08.339 : --80 --> BSRGAN_regiondependent --> x4--> img_080.png
25-11-12 07:12:08.927 : ----PSNR/SSIM for (/root/media/quoc-huy/blur-DAN/Urban100/LRbic/, x4)---- : 23.1333dB / 0.8609
25-11-12 07:12:08.928 : --81 --> BSRGAN_regiondependent --> x4--> img_081.png
25-11-12 07:12:09.733 : ----PSNR/SSIM for (/root/media/quoc-huy/blur-DAN/Urban100/LRbic/, x4)---- : 24.9164dB / 0.8267
25-11-12 07:12:09.733 : --82 --> BSRGAN_regiondependent --> x4--> img_082.png
25-11-12 07:12:10.528 : ----PSNR/SSIM for (/root/media/quoc-huy/blur-DAN/Urban100/LRbic/, x4)---- : 20.7183dB / 0.8117
25-11-12 07:12:10.529 : --83 --> BSRGAN_regiondependent --> x4--> img_083.png
25-11-12 07:12:11.305 : ----PSNR/SSIM for (/root/media/quoc-huy/blur-DAN/Urban100/LRbic/, x4)---- : 16.7654dB / 0.5083
25-11-12 07:12:11.305 : --84 --> BSRGAN_regiondependent --> x4--> img_084.png
25-11-12 07:12:12.100 : ----PSNR/SSIM for (/root/media/quoc-huy/blur-DAN/Urban100/LRbic/, x4)---- : 22.2138dB / 0.6521
25-11-12 07:12:12.100 : --85 --> BSRGAN_regiondependent --> x4--> img_085.png
25-11-12 07:12:12.592 : ----PSNR/SSIM for (/root/media/quoc-huy/blur-DAN/Urban100/LRbic/, x4)---- : 21.6140dB / 0.7717
25-11-12 07:12:12.592 : --86 --> BSRGAN_regiondependent --> x4--> img_086.png
25-11-12 07:12:13.044 : ----PSNR/SSIM for (/root/media/quoc-huy/blur-DAN/Urban100/LRbic/, x4)---- : 22.6580dB / 0.7809
25-11-12 07:12:13.044 : --87 --> BSRGAN_regiondependent --> x4--> img_087.png
25-11-12 07:12:13.745 : ----PSNR/SSIM for (/root/media/quoc-huy/blur-DAN/Urban100/LRbic/, x4)---- : 19.2243dB / 0.7268
25-11-12 07:12:13.746 : --88 --> BSRGAN_regiondependent --> x4--> img_088.png
25-11-12 07:12:14.208 : ----PSNR/SSIM for (/root/media/quoc-huy/blur-DAN/Urban100/LRbic/, x4)---- : 15.3958dB / 0.3735
25-11-12 07:12:14.208 : --89 --> BSRGAN_regiondependent --> x4--> img_089.png
25-11-12 07:12:14.712 : ----PSNR/SSIM for (/root/media/quoc-huy/blur-DAN/Urban100/LRbic/, x4)---- : 19.4731dB / 0.5605
25-11-12 07:12:14.712 : --90 --> BSRGAN_regiondependent --> x4--> img_090.png
25-11-12 07:12:15.170 : ----PSNR/SSIM for (/root/media/quoc-huy/blur-DAN/Urban100/LRbic/, x4)---- : 20.0202dB / 0.7748
25-11-12 07:12:15.170 : --91 --> BSRGAN_regiondependent --> x4--> img_091.png
25-11-12 07:12:15.646 : ----PSNR/SSIM for (/root/media/quoc-huy/blur-DAN/Urban100/LRbic/, x4)---- : 18.4315dB / 0.4731
25-11-12 07:12:15.646 : --92 --> BSRGAN_regiondependent --> x4--> img_092.png
25-11-12 07:12:16.240 : ----PSNR/SSIM for (/root/media/quoc-huy/blur-DAN/Urban100/LRbic/, x4)---- : 12.1005dB / 0.3747
25-11-12 07:12:16.241 : --93 --> BSRGAN_regiondependent --> x4--> img_093.png
25-11-12 07:12:17.106 : ----PSNR/SSIM for (/root/media/quoc-huy/blur-DAN/Urban100/LRbic/, x4)---- : 17.5009dB / 0.7440
25-11-12 07:12:17.106 : --94 --> BSRGAN_regiondependent --> x4--> img_094.png
25-11-12 07:12:17.867 : ----PSNR/SSIM for (/root/media/quoc-huy/blur-DAN/Urban100/LRbic/, x4)---- : 19.4354dB / 0.6267
25-11-12 07:12:17.868 : --95 --> BSRGAN_regiondependent --> x4--> img_095.png
25-11-12 07:12:18.875 : ----PSNR/SSIM for (/root/media/quoc-huy/blur-DAN/Urban100/LRbic/, x4)---- : 15.3404dB / 0.2281
25-11-12 07:12:18.876 : --96 --> BSRGAN_regiondependent --> x4--> img_096.png
25-11-12 07:12:19.605 : ----PSNR/SSIM for (/root/media/quoc-huy/blur-DAN/Urban100/LRbic/, x4)---- : 17.1290dB / 0.6771
25-11-12 07:12:19.605 : --97 --> BSRGAN_regiondependent --> x4--> img_097.png
25-11-12 07:12:20.145 : ----PSNR/SSIM for (/root/media/quoc-huy/blur-DAN/Urban100/LRbic/, x4)---- : 18.4054dB / 0.5955
25-11-12 07:12:20.145 : --98 --> BSRGAN_regiondependent --> x4--> img_098.png
25-11-12 07:12:20.593 : ----PSNR/SSIM for (/root/media/quoc-huy/blur-DAN/Urban100/LRbic/, x4)---- : 15.1893dB / 0.3280
25-11-12 07:12:20.593 : --99 --> BSRGAN_regiondependent --> x4--> img_099.png
25-11-12 07:12:21.287 : ----PSNR/SSIM for (/root/media/quoc-huy/blur-DAN/Urban100/LRbic/, x4)---- : 18.2454dB / 0.5093
25-11-12 07:12:21.287 : -100 --> BSRGAN_regiondependent --> x4--> img_100.png
25-11-12 07:12:22.072 : ----PSNR/SSIM for (/root/media/quoc-huy/blur-DAN/Urban100/LRbic/, x4)---- : 20.9794dB / 0.6116
25-11-12 07:12:22.072 : ----Average PSNR/SSIM for (/root/media/quoc-huy/blur-DAN/Urban100/LRbic/, x4)---- : 18.5880dB / 0.6081
25-11-12 07:12:22.072 :  
25-11-12 07:12:54.919 :       Model Name : BSRGAN_regiondependent
25-11-12 07:13:01.176 :       Input Path : /root/media/quoc-huy/blur-DAN/BSD100/LRbic/
25-11-12 07:13:01.176 :      Output Path : /root/quoc-huy/BSRGAN/experimental-results/Bic/BSD100
25-11-12 07:13:01.177 : ---1 --> BSRGAN_regiondependent --> x4--> 101085.png
25-11-12 07:13:01.504 : ----PSNR/SSIM for (/root/media/quoc-huy/blur-DAN/BSD100/LRbic/, x4)---- : 19.5188dB / 0.4214
25-11-12 07:13:01.505 : ---2 --> BSRGAN_regiondependent --> x4--> 101087.png
25-11-12 07:13:01.603 : ----PSNR/SSIM for (/root/media/quoc-huy/blur-DAN/BSD100/LRbic/, x4)---- : 22.1570dB / 0.7315
25-11-12 07:13:01.603 : ---3 --> BSRGAN_regiondependent --> x4--> 102061.png
25-11-12 07:13:01.689 : ----PSNR/SSIM for (/root/media/quoc-huy/blur-DAN/BSD100/LRbic/, x4)---- : 19.5513dB / 0.6840
25-11-12 07:13:01.689 : ---4 --> BSRGAN_regiondependent --> x4--> 103070.png
25-11-12 07:13:01.773 : ----PSNR/SSIM for (/root/media/quoc-huy/blur-DAN/BSD100/LRbic/, x4)---- : 20.2716dB / 0.6557
25-11-12 07:13:01.773 : ---5 --> BSRGAN_regiondependent --> x4--> 105025.png
25-11-12 07:13:01.903 : ----PSNR/SSIM for (/root/media/quoc-huy/blur-DAN/BSD100/LRbic/, x4)---- : 16.4353dB / 0.5662
25-11-12 07:13:01.904 : ---6 --> BSRGAN_regiondependent --> x4--> 106024.png
25-11-12 07:13:01.994 : ----PSNR/SSIM for (/root/media/quoc-huy/blur-DAN/BSD100/LRbic/, x4)---- : 19.0263dB / 0.8123
25-11-12 07:13:01.994 : ---7 --> BSRGAN_regiondependent --> x4--> 108005.png
25-11-12 07:13:02.086 : ----PSNR/SSIM for (/root/media/quoc-huy/blur-DAN/BSD100/LRbic/, x4)---- : 18.3446dB / 0.5219
25-11-12 07:13:02.086 : ---8 --> BSRGAN_regiondependent --> x4--> 108070.png
25-11-12 07:13:02.175 : ----PSNR/SSIM for (/root/media/quoc-huy/blur-DAN/BSD100/LRbic/, x4)---- : 16.5112dB / 0.3631
25-11-12 07:13:02.175 : ---9 --> BSRGAN_regiondependent --> x4--> 108082.png
25-11-12 07:13:02.258 : ----PSNR/SSIM for (/root/media/quoc-huy/blur-DAN/BSD100/LRbic/, x4)---- : 17.4646dB / 0.3933
25-11-12 07:13:02.258 : --10 --> BSRGAN_regiondependent --> x4--> 109053.png
25-11-12 07:13:02.359 : ----PSNR/SSIM for (/root/media/quoc-huy/blur-DAN/BSD100/LRbic/, x4)---- : 18.1710dB / 0.6138
25-11-12 07:13:02.359 : --11 --> BSRGAN_regiondependent --> x4--> 119082.png
25-11-12 07:13:02.449 : ----PSNR/SSIM for (/root/media/quoc-huy/blur-DAN/BSD100/LRbic/, x4)---- : 17.8926dB / 0.5511
25-11-12 07:13:02.449 : --12 --> BSRGAN_regiondependent --> x4--> 12084.png
25-11-12 07:13:02.541 : ----PSNR/SSIM for (/root/media/quoc-huy/blur-DAN/BSD100/LRbic/, x4)---- : 19.4472dB / 0.5159
25-11-12 07:13:02.541 : --13 --> BSRGAN_regiondependent --> x4--> 123074.png
25-11-12 07:13:02.663 : ----PSNR/SSIM for (/root/media/quoc-huy/blur-DAN/BSD100/LRbic/, x4)---- : 21.0254dB / 0.6129
25-11-12 07:13:02.663 : --14 --> BSRGAN_regiondependent --> x4--> 126007.png
25-11-12 07:13:02.778 : ----PSNR/SSIM for (/root/media/quoc-huy/blur-DAN/BSD100/LRbic/, x4)---- : 21.0729dB / 0.6869
25-11-12 07:13:02.779 : --15 --> BSRGAN_regiondependent --> x4--> 130026.png
25-11-12 07:13:02.890 : ----PSNR/SSIM for (/root/media/quoc-huy/blur-DAN/BSD100/LRbic/, x4)---- : 16.9297dB / 0.4028
25-11-12 07:13:02.890 : --16 --> BSRGAN_regiondependent --> x4--> 134035.png
25-11-12 07:13:02.999 : ----PSNR/SSIM for (/root/media/quoc-huy/blur-DAN/BSD100/LRbic/, x4)---- : 18.4762dB / 0.5505
25-11-12 07:13:03.000 : --17 --> BSRGAN_regiondependent --> x4--> 14037.png
25-11-12 07:13:03.134 : ----PSNR/SSIM for (/root/media/quoc-huy/blur-DAN/BSD100/LRbic/, x4)---- : 27.3840dB / 0.7910
25-11-12 07:13:03.135 : --18 --> BSRGAN_regiondependent --> x4--> 143090.png
25-11-12 07:13:03.237 : ----PSNR/SSIM for (/root/media/quoc-huy/blur-DAN/BSD100/LRbic/, x4)---- : 21.7820dB / 0.7906
25-11-12 07:13:03.237 : --19 --> BSRGAN_regiondependent --> x4--> 145086.png
25-11-12 07:13:03.331 : ----PSNR/SSIM for (/root/media/quoc-huy/blur-DAN/BSD100/LRbic/, x4)---- : 21.8992dB / 0.6307
25-11-12 07:13:03.331 : --20 --> BSRGAN_regiondependent --> x4--> 147091.png
25-11-12 07:13:03.426 : ----PSNR/SSIM for (/root/media/quoc-huy/blur-DAN/BSD100/LRbic/, x4)---- : 21.2459dB / 0.6808
25-11-12 07:13:03.426 : --21 --> BSRGAN_regiondependent --> x4--> 148026.png
25-11-12 07:13:03.530 : ----PSNR/SSIM for (/root/media/quoc-huy/blur-DAN/BSD100/LRbic/, x4)---- : 17.3487dB / 0.5055
25-11-12 07:13:03.530 : --22 --> BSRGAN_regiondependent --> x4--> 148089.png
25-11-12 07:13:03.628 : ----PSNR/SSIM for (/root/media/quoc-huy/blur-DAN/BSD100/LRbic/, x4)---- : 18.8856dB / 0.4356
25-11-12 07:13:03.628 : --23 --> BSRGAN_regiondependent --> x4--> 156065.png
25-11-12 07:13:03.718 : ----PSNR/SSIM for (/root/media/quoc-huy/blur-DAN/BSD100/LRbic/, x4)---- : 20.9049dB / 0.4320
25-11-12 07:13:03.719 : --24 --> BSRGAN_regiondependent --> x4--> 157055.png
25-11-12 07:13:03.810 : ----PSNR/SSIM for (/root/media/quoc-huy/blur-DAN/BSD100/LRbic/, x4)---- : 17.3663dB / 0.6045
25-11-12 07:13:03.810 : --25 --> BSRGAN_regiondependent --> x4--> 159008.png
25-11-12 07:13:03.905 : ----PSNR/SSIM for (/root/media/quoc-huy/blur-DAN/BSD100/LRbic/, x4)---- : 21.4442dB / 0.6566
25-11-12 07:13:03.906 : --26 --> BSRGAN_regiondependent --> x4--> 160068.png
25-11-12 07:13:03.999 : ----PSNR/SSIM for (/root/media/quoc-huy/blur-DAN/BSD100/LRbic/, x4)---- : 21.9533dB / 0.7463
25-11-12 07:13:03.999 : --27 --> BSRGAN_regiondependent --> x4--> 16077.png
25-11-12 07:13:04.089 : ----PSNR/SSIM for (/root/media/quoc-huy/blur-DAN/BSD100/LRbic/, x4)---- : 19.8692dB / 0.5873
25-11-12 07:13:04.089 : --28 --> BSRGAN_regiondependent --> x4--> 163085.png
25-11-12 07:13:04.182 : ----PSNR/SSIM for (/root/media/quoc-huy/blur-DAN/BSD100/LRbic/, x4)---- : 15.9151dB / 0.6284
25-11-12 07:13:04.182 : --29 --> BSRGAN_regiondependent --> x4--> 167062.png
25-11-12 07:13:04.314 : ----PSNR/SSIM for (/root/media/quoc-huy/blur-DAN/BSD100/LRbic/, x4)---- : 25.0814dB / 0.7042
25-11-12 07:13:04.314 : --30 --> BSRGAN_regiondependent --> x4--> 167083.png
25-11-12 07:13:04.428 : ----PSNR/SSIM for (/root/media/quoc-huy/blur-DAN/BSD100/LRbic/, x4)---- : 16.2806dB / 0.3692
25-11-12 07:13:04.428 : --31 --> BSRGAN_regiondependent --> x4--> 170057.png
25-11-12 07:13:04.510 : ----PSNR/SSIM for (/root/media/quoc-huy/blur-DAN/BSD100/LRbic/, x4)---- : 23.5843dB / 0.6256
25-11-12 07:13:04.510 : --32 --> BSRGAN_regiondependent --> x4--> 175032.png
25-11-12 07:13:04.588 : ----PSNR/SSIM for (/root/media/quoc-huy/blur-DAN/BSD100/LRbic/, x4)---- : 16.7858dB / 0.2504
25-11-12 07:13:04.588 : --33 --> BSRGAN_regiondependent --> x4--> 175043.png
25-11-12 07:13:04.724 : ----PSNR/SSIM for (/root/media/quoc-huy/blur-DAN/BSD100/LRbic/, x4)---- : 19.9138dB / 0.4744
25-11-12 07:13:04.724 : --34 --> BSRGAN_regiondependent --> x4--> 182053.png
25-11-12 07:13:04.798 : ----PSNR/SSIM for (/root/media/quoc-huy/blur-DAN/BSD100/LRbic/, x4)---- : 19.4782dB / 0.6441
25-11-12 07:13:04.799 : --35 --> BSRGAN_regiondependent --> x4--> 189080.png
25-11-12 07:13:04.904 : ----PSNR/SSIM for (/root/media/quoc-huy/blur-DAN/BSD100/LRbic/, x4)---- : 26.1198dB / 0.8222
25-11-12 07:13:04.904 : --36 --> BSRGAN_regiondependent --> x4--> 19021.png
25-11-12 07:13:05.021 : ----PSNR/SSIM for (/root/media/quoc-huy/blur-DAN/BSD100/LRbic/, x4)---- : 19.0309dB / 0.5479
25-11-12 07:13:05.021 : --37 --> BSRGAN_regiondependent --> x4--> 196073.png
25-11-12 07:13:05.178 : ----PSNR/SSIM for (/root/media/quoc-huy/blur-DAN/BSD100/LRbic/, x4)---- : 18.2065dB / 0.3810
25-11-12 07:13:05.179 : --38 --> BSRGAN_regiondependent --> x4--> 197017.png
25-11-12 07:13:05.277 : ----PSNR/SSIM for (/root/media/quoc-huy/blur-DAN/BSD100/LRbic/, x4)---- : 24.0447dB / 0.6178
25-11-12 07:13:05.277 : --39 --> BSRGAN_regiondependent --> x4--> 208001.png
25-11-12 07:13:05.355 : ----PSNR/SSIM for (/root/media/quoc-huy/blur-DAN/BSD100/LRbic/, x4)---- : 20.9664dB / 0.5667
25-11-12 07:13:05.355 : --40 --> BSRGAN_regiondependent --> x4--> 210088.png
25-11-12 07:13:05.512 : ----PSNR/SSIM for (/root/media/quoc-huy/blur-DAN/BSD100/LRbic/, x4)---- : 20.6505dB / 0.8489
25-11-12 07:13:05.513 : --41 --> BSRGAN_regiondependent --> x4--> 21077.png
25-11-12 07:13:05.593 : ----PSNR/SSIM for (/root/media/quoc-huy/blur-DAN/BSD100/LRbic/, x4)---- : 17.0673dB / 0.5716
25-11-12 07:13:05.593 : --42 --> BSRGAN_regiondependent --> x4--> 216081.png
25-11-12 07:13:05.702 : ----PSNR/SSIM for (/root/media/quoc-huy/blur-DAN/BSD100/LRbic/, x4)---- : 21.3257dB / 0.5804
25-11-12 07:13:05.703 : --43 --> BSRGAN_regiondependent --> x4--> 219090.png
25-11-12 07:13:05.814 : ----PSNR/SSIM for (/root/media/quoc-huy/blur-DAN/BSD100/LRbic/, x4)---- : 21.3780dB / 0.6517
25-11-12 07:13:05.814 : --44 --> BSRGAN_regiondependent --> x4--> 220075.png
25-11-12 07:13:05.980 : ----PSNR/SSIM for (/root/media/quoc-huy/blur-DAN/BSD100/LRbic/, x4)---- : 21.8610dB / 0.7325
25-11-12 07:13:05.981 : --45 --> BSRGAN_regiondependent --> x4--> 223061.png
25-11-12 07:13:06.083 : ----PSNR/SSIM for (/root/media/quoc-huy/blur-DAN/BSD100/LRbic/, x4)---- : 18.8550dB / 0.5072
25-11-12 07:13:06.084 : --46 --> BSRGAN_regiondependent --> x4--> 227092.png
25-11-12 07:13:06.162 : ----PSNR/SSIM for (/root/media/quoc-huy/blur-DAN/BSD100/LRbic/, x4)---- : 24.7239dB / 0.7790
25-11-12 07:13:06.162 : --47 --> BSRGAN_regiondependent --> x4--> 229036.png
25-11-12 07:13:06.314 : ----PSNR/SSIM for (/root/media/quoc-huy/blur-DAN/BSD100/LRbic/, x4)---- : 18.3463dB / 0.4474
25-11-12 07:13:06.315 : --48 --> BSRGAN_regiondependent --> x4--> 236037.png
25-11-12 07:13:06.401 : ----PSNR/SSIM for (/root/media/quoc-huy/blur-DAN/BSD100/LRbic/, x4)---- : 15.4213dB / 0.4144
25-11-12 07:13:06.401 : --49 --> BSRGAN_regiondependent --> x4--> 24077.png
25-11-12 07:13:06.512 : ----PSNR/SSIM for (/root/media/quoc-huy/blur-DAN/BSD100/LRbic/, x4)---- : 20.3166dB / 0.7370
25-11-12 07:13:06.512 : --50 --> BSRGAN_regiondependent --> x4--> 241004.png
25-11-12 07:13:06.613 : ----PSNR/SSIM for (/root/media/quoc-huy/blur-DAN/BSD100/LRbic/, x4)---- : 26.4631dB / 0.7556
25-11-12 07:13:06.613 : --51 --> BSRGAN_regiondependent --> x4--> 241048.png
25-11-12 07:13:06.775 : ----PSNR/SSIM for (/root/media/quoc-huy/blur-DAN/BSD100/LRbic/, x4)---- : 16.2471dB / 0.4786
25-11-12 07:13:06.776 : --52 --> BSRGAN_regiondependent --> x4--> 253027.png
25-11-12 07:13:06.867 : ----PSNR/SSIM for (/root/media/quoc-huy/blur-DAN/BSD100/LRbic/, x4)---- : 17.2756dB / 0.5075
25-11-12 07:13:06.867 : --53 --> BSRGAN_regiondependent --> x4--> 253055.png
25-11-12 07:13:06.945 : ----PSNR/SSIM for (/root/media/quoc-huy/blur-DAN/BSD100/LRbic/, x4)---- : 19.0568dB / 0.7492
25-11-12 07:13:06.945 : --54 --> BSRGAN_regiondependent --> x4--> 260058.png
25-11-12 07:13:07.088 : ----PSNR/SSIM for (/root/media/quoc-huy/blur-DAN/BSD100/LRbic/, x4)---- : 23.9327dB / 0.6764
25-11-12 07:13:07.089 : --55 --> BSRGAN_regiondependent --> x4--> 271035.png
25-11-12 07:13:07.219 : ----PSNR/SSIM for (/root/media/quoc-huy/blur-DAN/BSD100/LRbic/, x4)---- : 17.1675dB / 0.5776
25-11-12 07:13:07.219 : --56 --> BSRGAN_regiondependent --> x4--> 285079.png
25-11-12 07:13:07.331 : ----PSNR/SSIM for (/root/media/quoc-huy/blur-DAN/BSD100/LRbic/, x4)---- : 16.8465dB / 0.4680
25-11-12 07:13:07.331 : --57 --> BSRGAN_regiondependent --> x4--> 291000.png
25-11-12 07:13:07.431 : ----PSNR/SSIM for (/root/media/quoc-huy/blur-DAN/BSD100/LRbic/, x4)---- : 14.9159dB / 0.2967
25-11-12 07:13:07.432 : --58 --> BSRGAN_regiondependent --> x4--> 295087.png
25-11-12 07:13:07.590 : ----PSNR/SSIM for (/root/media/quoc-huy/blur-DAN/BSD100/LRbic/, x4)---- : 22.2118dB / 0.6196
25-11-12 07:13:07.591 : --59 --> BSRGAN_regiondependent --> x4--> 296007.png
25-11-12 07:13:07.686 : ----PSNR/SSIM for (/root/media/quoc-huy/blur-DAN/BSD100/LRbic/, x4)---- : 25.5266dB / 0.6908
25-11-12 07:13:07.687 : --60 --> BSRGAN_regiondependent --> x4--> 296059.png
25-11-12 07:13:07.763 : ----PSNR/SSIM for (/root/media/quoc-huy/blur-DAN/BSD100/LRbic/, x4)---- : 23.4149dB / 0.6789
25-11-12 07:13:07.763 : --61 --> BSRGAN_regiondependent --> x4--> 299086.png
25-11-12 07:13:07.853 : ----PSNR/SSIM for (/root/media/quoc-huy/blur-DAN/BSD100/LRbic/, x4)---- : 25.5406dB / 0.7205
25-11-12 07:13:07.854 : --62 --> BSRGAN_regiondependent --> x4--> 300091.png
25-11-12 07:13:08.010 : ----PSNR/SSIM for (/root/media/quoc-huy/blur-DAN/BSD100/LRbic/, x4)---- : 24.1314dB / 0.6870
25-11-12 07:13:08.011 : --63 --> BSRGAN_regiondependent --> x4--> 302008.png
25-11-12 07:13:08.097 : ----PSNR/SSIM for (/root/media/quoc-huy/blur-DAN/BSD100/LRbic/, x4)---- : 23.8823dB / 0.7196
25-11-12 07:13:08.098 : --64 --> BSRGAN_regiondependent --> x4--> 304034.png
25-11-12 07:13:08.209 : ----PSNR/SSIM for (/root/media/quoc-huy/blur-DAN/BSD100/LRbic/, x4)---- : 20.0852dB / 0.4778
25-11-12 07:13:08.209 : --65 --> BSRGAN_regiondependent --> x4--> 304074.png
25-11-12 07:13:08.311 : ----PSNR/SSIM for (/root/media/quoc-huy/blur-DAN/BSD100/LRbic/, x4)---- : 19.6792dB / 0.4441
25-11-12 07:13:08.311 : --66 --> BSRGAN_regiondependent --> x4--> 306005.png
25-11-12 07:13:08.413 : ----PSNR/SSIM for (/root/media/quoc-huy/blur-DAN/BSD100/LRbic/, x4)---- : 23.5015dB / 0.6373
25-11-12 07:13:08.413 : --67 --> BSRGAN_regiondependent --> x4--> 3096.png
25-11-12 07:13:08.527 : ----PSNR/SSIM for (/root/media/quoc-huy/blur-DAN/BSD100/LRbic/, x4)---- : 14.1739dB / 0.8897
25-11-12 07:13:08.527 : --68 --> BSRGAN_regiondependent --> x4--> 33039.png
25-11-12 07:13:08.634 : ----PSNR/SSIM for (/root/media/quoc-huy/blur-DAN/BSD100/LRbic/, x4)---- : 16.3729dB / 0.4002
25-11-12 07:13:08.634 : --69 --> BSRGAN_regiondependent --> x4--> 351093.png
25-11-12 07:13:08.783 : ----PSNR/SSIM for (/root/media/quoc-huy/blur-DAN/BSD100/LRbic/, x4)---- : 18.5587dB / 0.5365
25-11-12 07:13:08.784 : --70 --> BSRGAN_regiondependent --> x4--> 361010.png
25-11-12 07:13:08.871 : ----PSNR/SSIM for (/root/media/quoc-huy/blur-DAN/BSD100/LRbic/, x4)---- : 23.2385dB / 0.6596
25-11-12 07:13:08.872 : --71 --> BSRGAN_regiondependent --> x4--> 37073.png
25-11-12 07:13:08.966 : ----PSNR/SSIM for (/root/media/quoc-huy/blur-DAN/BSD100/LRbic/, x4)---- : 23.6623dB / 0.7049
25-11-12 07:13:08.966 : --72 --> BSRGAN_regiondependent --> x4--> 376043.png
25-11-12 07:13:09.062 : ----PSNR/SSIM for (/root/media/quoc-huy/blur-DAN/BSD100/LRbic/, x4)---- : 21.3369dB / 0.4461
25-11-12 07:13:09.062 : --73 --> BSRGAN_regiondependent --> x4--> 38082.png
25-11-12 07:13:09.163 : ----PSNR/SSIM for (/root/media/quoc-huy/blur-DAN/BSD100/LRbic/, x4)---- : 22.1381dB / 0.4412
25-11-12 07:13:09.163 : --74 --> BSRGAN_regiondependent --> x4--> 38092.png
25-11-12 07:13:09.256 : ----PSNR/SSIM for (/root/media/quoc-huy/blur-DAN/BSD100/LRbic/, x4)---- : 21.1277dB / 0.5821
25-11-12 07:13:09.256 : --75 --> BSRGAN_regiondependent --> x4--> 385039.png
25-11-12 07:13:09.350 : ----PSNR/SSIM for (/root/media/quoc-huy/blur-DAN/BSD100/LRbic/, x4)---- : 19.2896dB / 0.5741
25-11-12 07:13:09.351 : --76 --> BSRGAN_regiondependent --> x4--> 41033.png
25-11-12 07:13:09.439 : ----PSNR/SSIM for (/root/media/quoc-huy/blur-DAN/BSD100/LRbic/, x4)---- : 23.4022dB / 0.6531
25-11-12 07:13:09.439 : --77 --> BSRGAN_regiondependent --> x4--> 41069.png
25-11-12 07:13:09.531 : ----PSNR/SSIM for (/root/media/quoc-huy/blur-DAN/BSD100/LRbic/, x4)---- : 20.4674dB / 0.3140
25-11-12 07:13:09.532 : --78 --> BSRGAN_regiondependent --> x4--> 42012.png
25-11-12 07:13:09.624 : ----PSNR/SSIM for (/root/media/quoc-huy/blur-DAN/BSD100/LRbic/, x4)---- : 22.7942dB / 0.6394
25-11-12 07:13:09.624 : --79 --> BSRGAN_regiondependent --> x4--> 42049.png
25-11-12 07:13:09.718 : ----PSNR/SSIM for (/root/media/quoc-huy/blur-DAN/BSD100/LRbic/, x4)---- : 20.9110dB / 0.8802
25-11-12 07:13:09.719 : --80 --> BSRGAN_regiondependent --> x4--> 43074.png
25-11-12 07:13:09.814 : ----PSNR/SSIM for (/root/media/quoc-huy/blur-DAN/BSD100/LRbic/, x4)---- : 24.5998dB / 0.6745
25-11-12 07:13:09.815 : --81 --> BSRGAN_regiondependent --> x4--> 45096.png
25-11-12 07:13:09.923 : ----PSNR/SSIM for (/root/media/quoc-huy/blur-DAN/BSD100/LRbic/, x4)---- : 29.7934dB / 0.8762
25-11-12 07:13:09.923 : --82 --> BSRGAN_regiondependent --> x4--> 54082.png
25-11-12 07:13:10.030 : ----PSNR/SSIM for (/root/media/quoc-huy/blur-DAN/BSD100/LRbic/, x4)---- : 20.3751dB / 0.6103
25-11-12 07:13:10.030 : --83 --> BSRGAN_regiondependent --> x4--> 55073.png
25-11-12 07:13:10.144 : ----PSNR/SSIM for (/root/media/quoc-huy/blur-DAN/BSD100/LRbic/, x4)---- : 18.3492dB / 0.3698
25-11-12 07:13:10.145 : --84 --> BSRGAN_regiondependent --> x4--> 58060.png
25-11-12 07:13:10.261 : ----PSNR/SSIM for (/root/media/quoc-huy/blur-DAN/BSD100/LRbic/, x4)---- : 17.7738dB / 0.4505
25-11-12 07:13:10.261 : --85 --> BSRGAN_regiondependent --> x4--> 62096.png
25-11-12 07:13:10.356 : ----PSNR/SSIM for (/root/media/quoc-huy/blur-DAN/BSD100/LRbic/, x4)---- : 19.9656dB / 0.6609
25-11-12 07:13:10.356 : --86 --> BSRGAN_regiondependent --> x4--> 65033.png
25-11-12 07:13:10.480 : ----PSNR/SSIM for (/root/media/quoc-huy/blur-DAN/BSD100/LRbic/, x4)---- : 19.1513dB / 0.4281
25-11-12 07:13:10.481 : --87 --> BSRGAN_regiondependent --> x4--> 66053.png
25-11-12 07:13:10.580 : ----PSNR/SSIM for (/root/media/quoc-huy/blur-DAN/BSD100/LRbic/, x4)---- : 23.1867dB / 0.5606
25-11-12 07:13:10.581 : --88 --> BSRGAN_regiondependent --> x4--> 69015.png
25-11-12 07:13:10.713 : ----PSNR/SSIM for (/root/media/quoc-huy/blur-DAN/BSD100/LRbic/, x4)---- : 21.2095dB / 0.6424
25-11-12 07:13:10.714 : --89 --> BSRGAN_regiondependent --> x4--> 69020.png
25-11-12 07:13:10.828 : ----PSNR/SSIM for (/root/media/quoc-huy/blur-DAN/BSD100/LRbic/, x4)---- : 19.3130dB / 0.4153
25-11-12 07:13:10.829 : --90 --> BSRGAN_regiondependent --> x4--> 69040.png
25-11-12 07:13:10.966 : ----PSNR/SSIM for (/root/media/quoc-huy/blur-DAN/BSD100/LRbic/, x4)---- : 18.2657dB / 0.4315
25-11-12 07:13:10.967 : --91 --> BSRGAN_regiondependent --> x4--> 76053.png
25-11-12 07:13:11.122 : ----PSNR/SSIM for (/root/media/quoc-huy/blur-DAN/BSD100/LRbic/, x4)---- : 19.5086dB / 0.5351
25-11-12 07:13:11.122 : --92 --> BSRGAN_regiondependent --> x4--> 78004.png
25-11-12 07:13:11.244 : ----PSNR/SSIM for (/root/media/quoc-huy/blur-DAN/BSD100/LRbic/, x4)---- : 21.2308dB / 0.6229
25-11-12 07:13:11.244 : --93 --> BSRGAN_regiondependent --> x4--> 8023.png
25-11-12 07:13:11.351 : ----PSNR/SSIM for (/root/media/quoc-huy/blur-DAN/BSD100/LRbic/, x4)---- : 21.3173dB / 0.5499
25-11-12 07:13:11.351 : --94 --> BSRGAN_regiondependent --> x4--> 85048.png
25-11-12 07:13:11.427 : ----PSNR/SSIM for (/root/media/quoc-huy/blur-DAN/BSD100/LRbic/, x4)---- : 16.3018dB / 0.5182
25-11-12 07:13:11.427 : --95 --> BSRGAN_regiondependent --> x4--> 86000.png
25-11-12 07:13:11.527 : ----PSNR/SSIM for (/root/media/quoc-huy/blur-DAN/BSD100/LRbic/, x4)---- : 18.3957dB / 0.6110
25-11-12 07:13:11.528 : --96 --> BSRGAN_regiondependent --> x4--> 86016.png
25-11-12 07:13:11.655 : ----PSNR/SSIM for (/root/media/quoc-huy/blur-DAN/BSD100/LRbic/, x4)---- : 18.7887dB / 0.1777
25-11-12 07:13:11.656 : --97 --> BSRGAN_regiondependent --> x4--> 86068.png
25-11-12 07:13:11.746 : ----PSNR/SSIM for (/root/media/quoc-huy/blur-DAN/BSD100/LRbic/, x4)---- : 15.8447dB / 0.3700
25-11-12 07:13:11.747 : --98 --> BSRGAN_regiondependent --> x4--> 87046.png
25-11-12 07:13:11.823 : ----PSNR/SSIM for (/root/media/quoc-huy/blur-DAN/BSD100/LRbic/, x4)---- : 19.3848dB / 0.5807
25-11-12 07:13:11.823 : --99 --> BSRGAN_regiondependent --> x4--> 89072.png
25-11-12 07:13:11.898 : ----PSNR/SSIM for (/root/media/quoc-huy/blur-DAN/BSD100/LRbic/, x4)---- : 19.9334dB / 0.5708
25-11-12 07:13:11.898 : -100 --> BSRGAN_regiondependent --> x4--> 97033.png
25-11-12 07:13:12.027 : ----PSNR/SSIM for (/root/media/quoc-huy/blur-DAN/BSD100/LRbic/, x4)---- : 19.7028dB / 0.5668
25-11-12 07:13:12.027 : ----Average PSNR/SSIM for (/root/media/quoc-huy/blur-DAN/BSD100/LRbic/, x4)---- : 20.2748dB / 0.5798
25-11-12 07:13:12.027 :  
25-11-12 07:14:14.551 :       Model Name : BSRGAN_regiondependent
25-11-12 07:14:19.694 :       Input Path : /root/media/quoc-huy/blur-DAN/Set14/LRbic/
25-11-12 07:14:19.700 :      Output Path : /root/quoc-huy/BSRGAN/experimental-results/Bic/Set14
25-11-12 07:14:19.701 : ---1 --> BSRGAN_regiondependent --> x4--> baboon.png
25-11-12 07:14:20.442 : ----PSNR/SSIM for (/root/media/quoc-huy/blur-DAN/Set14/LRbic/, x4)---- : 18.7984dB / 0.3763
25-11-12 07:14:20.442 : ---2 --> BSRGAN_regiondependent --> x4--> barbara.png
25-11-12 07:14:20.869 : ----PSNR/SSIM for (/root/media/quoc-huy/blur-DAN/Set14/LRbic/, x4)---- : 20.1484dB / 0.6218
25-11-12 07:14:20.870 : ---3 --> BSRGAN_regiondependent --> x4--> bridge.png
25-11-12 07:14:21.045 : ----PSNR/SSIM for (/root/media/quoc-huy/blur-DAN/Set14/LRbic/, x4)---- : 19.1668dB / 0.4574
25-11-12 07:14:21.046 : ---4 --> BSRGAN_regiondependent --> x4--> coastguard.png
25-11-12 07:14:21.164 : ----PSNR/SSIM for (/root/media/quoc-huy/blur-DAN/Set14/LRbic/, x4)---- : 21.6790dB / 0.4697
25-11-12 07:14:21.165 : ---5 --> BSRGAN_regiondependent --> x4--> comic.png
25-11-12 07:14:21.259 : ----PSNR/SSIM for (/root/media/quoc-huy/blur-DAN/Set14/LRbic/, x4)---- : 18.0516dB / 0.5246
25-11-12 07:14:21.259 : ---6 --> BSRGAN_regiondependent --> x4--> face.png
25-11-12 07:14:21.301 : ----PSNR/SSIM for (/root/media/quoc-huy/blur-DAN/Set14/LRbic/, x4)---- : 26.4117dB / 0.6622
25-11-12 07:14:21.301 : ---7 --> BSRGAN_regiondependent --> x4--> flowers.png
25-11-12 07:14:21.438 : ----PSNR/SSIM for (/root/media/quoc-huy/blur-DAN/Set14/LRbic/, x4)---- : 21.2206dB / 0.6569
25-11-12 07:14:21.439 : ---8 --> BSRGAN_regiondependent --> x4--> foreman.png
25-11-12 07:14:21.544 : ----PSNR/SSIM for (/root/media/quoc-huy/blur-DAN/Set14/LRbic/, x4)---- : 23.4777dB / 0.8372
25-11-12 07:14:21.544 : ---9 --> BSRGAN_regiondependent --> x4--> lenna.png
25-11-12 07:14:21.775 : ----PSNR/SSIM for (/root/media/quoc-huy/blur-DAN/Set14/LRbic/, x4)---- : 27.0554dB / 0.7758
25-11-12 07:14:21.775 : --10 --> BSRGAN_regiondependent --> x4--> man.png
25-11-12 07:14:22.062 : ----PSNR/SSIM for (/root/media/quoc-huy/blur-DAN/Set14/LRbic/, x4)---- : 18.6998dB / 0.5568
25-11-12 07:14:22.063 : --11 --> BSRGAN_regiondependent --> x4--> monarch.png
25-11-12 07:14:22.366 : ----PSNR/SSIM for (/root/media/quoc-huy/blur-DAN/Set14/LRbic/, x4)---- : 23.6609dB / 0.8573
25-11-12 07:14:22.366 : --12 --> BSRGAN_regiondependent --> x4--> pepper.png
25-11-12 07:14:22.566 : ----PSNR/SSIM for (/root/media/quoc-huy/blur-DAN/Set14/LRbic/, x4)---- : 19.0684dB / 0.7752
25-11-12 07:14:22.566 : --13 --> BSRGAN_regiondependent --> x4--> ppt3.png
25-11-12 07:14:22.830 : ----PSNR/SSIM for (/root/media/quoc-huy/blur-DAN/Set14/LRbic/, x4)---- : 19.5262dB / 0.8461
25-11-12 07:14:22.831 : --14 --> BSRGAN_regiondependent --> x4--> zebra.png
25-11-12 07:14:23.012 : ----PSNR/SSIM for (/root/media/quoc-huy/blur-DAN/Set14/LRbic/, x4)---- : 20.8718dB / 0.6084
25-11-12 07:14:23.012 : ----Average PSNR/SSIM for (/root/media/quoc-huy/blur-DAN/Set14/LRbic/, x4)---- : 21.2740dB / 0.6447
25-11-12 07:14:23.012 :  
25-11-12 07:14:48.482 :       Model Name : BSRGAN_regiondependent
25-11-12 07:14:54.577 :       Input Path : /root/media/quoc-huy/blur-DAN/Set5/LRbic/
25-11-12 07:14:54.578 :      Output Path : /root/quoc-huy/BSRGAN/experimental-results/Bic/Set5
25-11-12 07:14:54.578 : ---1 --> BSRGAN_regiondependent --> x4--> baby.png
25-11-12 07:14:55.081 : ----PSNR/SSIM for (/root/media/quoc-huy/blur-DAN/Set5/LRbic/, x4)---- : 25.3884dB / 0.7677
25-11-12 07:14:55.081 : ---2 --> BSRGAN_regiondependent --> x4--> bird.png
25-11-12 07:14:55.156 : ----PSNR/SSIM for (/root/media/quoc-huy/blur-DAN/Set5/LRbic/, x4)---- : 25.7097dB / 0.8144
25-11-12 07:14:55.157 : ---3 --> BSRGAN_regiondependent --> x4--> butterfly.png
25-11-12 07:14:55.217 : ----PSNR/SSIM for (/root/media/quoc-huy/blur-DAN/Set5/LRbic/, x4)---- : 19.4782dB / 0.7675
25-11-12 07:14:55.218 : ---4 --> BSRGAN_regiondependent --> x4--> head.png
25-11-12 07:14:55.286 : ----PSNR/SSIM for (/root/media/quoc-huy/blur-DAN/Set5/LRbic/, x4)---- : 26.4881dB / 0.6694
25-11-12 07:14:55.286 : ---5 --> BSRGAN_regiondependent --> x4--> woman.png
25-11-12 07:14:55.347 : ----PSNR/SSIM for (/root/media/quoc-huy/blur-DAN/Set5/LRbic/, x4)---- : 22.7032dB / 0.8144
25-11-12 07:14:55.347 : ----Average PSNR/SSIM for (/root/media/quoc-huy/blur-DAN/Set5/LRbic/, x4)---- : 23.9535dB / 0.7667
25-11-12 07:14:55.347 :  
25-11-12 07:24:00.576 :       Model Name : BSRGAN_regiondependent
25-11-12 07:24:06.418 :       Input Path : /root/media/quoc-huy/eval-wir/srbenchmarks/Set5/LR/
25-11-12 07:24:06.419 :      Output Path : /root/quoc-huy/BSRGAN/experimental-results/BSRGAN/Set5
25-11-12 07:24:06.419 : ---1 --> BSRGAN_regiondependent --> x4--> baby.png
25-11-12 07:24:06.883 : ----PSNR/SSIM for (/root/media/quoc-huy/eval-wir/srbenchmarks/Set5/LR/, x4)---- : 26.5708dB / 0.7606
25-11-12 07:24:06.883 : ---2 --> BSRGAN_regiondependent --> x4--> bird.png
25-11-12 07:24:06.965 : ----PSNR/SSIM for (/root/media/quoc-huy/eval-wir/srbenchmarks/Set5/LR/, x4)---- : 27.9357dB / 0.8330
25-11-12 07:24:06.966 : ---3 --> BSRGAN_regiondependent --> x4--> butterfly.png
25-11-12 07:24:07.045 : ----PSNR/SSIM for (/root/media/quoc-huy/eval-wir/srbenchmarks/Set5/LR/, x4)---- : 19.6601dB / 0.8150
25-11-12 07:24:07.046 : ---4 --> BSRGAN_regiondependent --> x4--> head.png
25-11-12 07:24:07.102 : ----PSNR/SSIM for (/root/media/quoc-huy/eval-wir/srbenchmarks/Set5/LR/, x4)---- : 22.8957dB / 0.5854
25-11-12 07:24:07.102 : ---5 --> BSRGAN_regiondependent --> x4--> woman.png
25-11-12 07:24:07.150 : ----PSNR/SSIM for (/root/media/quoc-huy/eval-wir/srbenchmarks/Set5/LR/, x4)---- : 22.8446dB / 0.7302
25-11-12 07:24:07.151 : ----Average PSNR/SSIM for (/root/media/quoc-huy/eval-wir/srbenchmarks/Set5/LR/, x4)---- : 23.9814dB / 0.7448
25-11-12 07:24:07.151 :  
25-11-12 07:24:55.573 :       Model Name : BSRNet_regiondependent
25-11-12 07:25:01.373 :       Input Path : /root/media/quoc-huy/eval-wir/srbenchmarks/Set5/LR/
25-11-12 07:25:01.373 :      Output Path : /root/quoc-huy/BSRGAN/experimental-results/RegionDependent/Set5
25-11-12 07:25:01.374 : ---1 --> BSRNet_regiondependent --> x4--> baby.png
25-11-12 07:25:01.912 : ----PSNR/SSIM for (/root/media/quoc-huy/eval-wir/srbenchmarks/Set5/LR/, x4)---- : 28.4733dB / 0.8139
25-11-12 07:25:01.912 : ---2 --> BSRNet_regiondependent --> x4--> bird.png
25-11-12 07:25:01.984 : ----PSNR/SSIM for (/root/media/quoc-huy/eval-wir/srbenchmarks/Set5/LR/, x4)---- : 26.1871dB / 0.8586
25-11-12 07:25:01.985 : ---3 --> BSRNet_regiondependent --> x4--> butterfly.png
25-11-12 07:25:02.051 : ----PSNR/SSIM for (/root/media/quoc-huy/eval-wir/srbenchmarks/Set5/LR/, x4)---- : 19.8440dB / 0.8325
25-11-12 07:25:02.051 : ---4 --> BSRNet_regiondependent --> x4--> head.png
25-11-12 07:25:02.136 : ----PSNR/SSIM for (/root/media/quoc-huy/eval-wir/srbenchmarks/Set5/LR/, x4)---- : 26.2344dB / 0.5936
25-11-12 07:25:02.137 : ---5 --> BSRNet_regiondependent --> x4--> woman.png
25-11-12 07:25:02.190 : ----PSNR/SSIM for (/root/media/quoc-huy/eval-wir/srbenchmarks/Set5/LR/, x4)---- : 23.6469dB / 0.7533
25-11-12 07:25:02.190 : ----Average PSNR/SSIM for (/root/media/quoc-huy/eval-wir/srbenchmarks/Set5/LR/, x4)---- : 24.8771dB / 0.7704
25-11-12 07:25:02.190 :  
25-11-12 07:26:20.753 :       Model Name : BSRNet
25-11-12 07:26:25.892 :       Input Path : /root/media/quoc-huy/eval-wir/srbenchmarks/Set5/LR/
25-11-12 07:26:25.893 :      Output Path : /root/quoc-huy/BSRGAN/experimental-results/RegionDependent/Set5
25-11-12 07:26:25.893 : ---1 --> BSRNet --> x4--> baby.png
25-11-12 07:26:26.351 : ----PSNR/SSIM for (/root/media/quoc-huy/eval-wir/srbenchmarks/Set5/LR/, x4)---- : 18.8126dB / 0.7269
25-11-12 07:26:26.351 : ---2 --> BSRNet --> x4--> bird.png
25-11-12 07:26:26.410 : ----PSNR/SSIM for (/root/media/quoc-huy/eval-wir/srbenchmarks/Set5/LR/, x4)---- : 18.7688dB / 0.6365
25-11-12 07:26:26.411 : ---3 --> BSRNet --> x4--> butterfly.png
25-11-12 07:26:26.468 : ----PSNR/SSIM for (/root/media/quoc-huy/eval-wir/srbenchmarks/Set5/LR/, x4)---- : 22.2582dB / 0.8288
25-11-12 07:26:26.468 : ---4 --> BSRNet --> x4--> head.png
25-11-12 07:26:26.527 : ----PSNR/SSIM for (/root/media/quoc-huy/eval-wir/srbenchmarks/Set5/LR/, x4)---- : 16.0019dB / 0.3021
25-11-12 07:26:26.527 : ---5 --> BSRNet --> x4--> woman.png
25-11-12 07:26:26.579 : ----PSNR/SSIM for (/root/media/quoc-huy/eval-wir/srbenchmarks/Set5/LR/, x4)---- : 17.2616dB / 0.6427
25-11-12 07:26:26.579 : ----Average PSNR/SSIM for (/root/media/quoc-huy/eval-wir/srbenchmarks/Set5/LR/, x4)---- : 18.6206dB / 0.6274
25-11-12 07:26:26.579 :  
25-11-12 07:26:35.318 :       Model Name : BSRGAN
25-11-12 07:26:40.366 :       Input Path : /root/media/quoc-huy/eval-wir/srbenchmarks/Set5/LR/
25-11-12 07:26:40.366 :      Output Path : /root/quoc-huy/BSRGAN/experimental-results/RegionDependent/Set5
25-11-12 07:26:40.366 : ---1 --> BSRGAN --> x4--> baby.png
25-11-12 07:26:40.942 : ----PSNR/SSIM for (/root/media/quoc-huy/eval-wir/srbenchmarks/Set5/LR/, x4)---- : 18.6209dB / 0.6847
25-11-12 07:26:40.942 : ---2 --> BSRGAN --> x4--> bird.png
25-11-12 07:26:40.994 : ----PSNR/SSIM for (/root/media/quoc-huy/eval-wir/srbenchmarks/Set5/LR/, x4)---- : 18.5332dB / 0.6085
25-11-12 07:26:40.994 : ---3 --> BSRGAN --> x4--> butterfly.png
25-11-12 07:26:41.039 : ----PSNR/SSIM for (/root/media/quoc-huy/eval-wir/srbenchmarks/Set5/LR/, x4)---- : 21.3331dB / 0.7840
25-11-12 07:26:41.039 : ---4 --> BSRGAN --> x4--> head.png
25-11-12 07:26:41.136 : ----PSNR/SSIM for (/root/media/quoc-huy/eval-wir/srbenchmarks/Set5/LR/, x4)---- : 16.0156dB / 0.2932
25-11-12 07:26:41.137 : ---5 --> BSRGAN --> x4--> woman.png
25-11-12 07:26:41.216 : ----PSNR/SSIM for (/root/media/quoc-huy/eval-wir/srbenchmarks/Set5/LR/, x4)---- : 17.0475dB / 0.6088
25-11-12 07:26:41.217 : ----Average PSNR/SSIM for (/root/media/quoc-huy/eval-wir/srbenchmarks/Set5/LR/, x4)---- : 18.3101dB / 0.5959
25-11-12 07:26:41.217 :  
25-11-12 07:28:16.962 :       Model Name : BSRGAN
25-11-12 07:28:21.214 :       Input Path : /root/media/quoc-huy/bsrgan-dataset/Set5
25-11-12 07:28:21.214 :      Output Path : /root/quoc-huy/BSRGAN/experimental-results/BSRGAN/Set5
25-11-12 07:28:21.214 : ---1 --> BSRGAN --> x4--> baby.png
25-11-12 07:28:21.707 : ----PSNR/SSIM for (/root/media/quoc-huy/bsrgan-dataset/Set5, x4)---- : 25.1985dB / 0.6651
25-11-12 07:28:21.708 : ---2 --> BSRGAN --> x4--> bird.png
25-11-12 07:28:21.786 : ----PSNR/SSIM for (/root/media/quoc-huy/bsrgan-dataset/Set5, x4)---- : 20.3861dB / 0.4578
25-11-12 07:28:21.786 : ---3 --> BSRGAN --> x4--> butterfly.png
25-11-12 07:28:21.850 : ----PSNR/SSIM for (/root/media/quoc-huy/bsrgan-dataset/Set5, x4)---- : 14.0868dB / 0.3198
25-11-12 07:28:21.850 : ---4 --> BSRGAN --> x4--> head.png
25-11-12 07:28:21.917 : ----PSNR/SSIM for (/root/media/quoc-huy/bsrgan-dataset/Set5, x4)---- : 25.3552dB / 0.5323
25-11-12 07:28:21.917 : ---5 --> BSRGAN --> x4--> woman.png
25-11-12 07:28:21.982 : ----PSNR/SSIM for (/root/media/quoc-huy/bsrgan-dataset/Set5, x4)---- : 18.7417dB / 0.5555
25-11-12 07:28:21.983 : ----Average PSNR/SSIM for (/root/media/quoc-huy/bsrgan-dataset/Set5, x4)---- : 20.7536dB / 0.5061
25-11-12 07:28:21.983 :  
25-11-12 07:29:43.153 :       Model Name : BSRNet
25-11-12 07:29:47.917 :       Input Path : /root/media/quoc-huy/bsrgan-dataset/Set5
25-11-12 07:29:47.917 :      Output Path : /root/quoc-huy/BSRGAN/experimental-results/BSRGAN/Set5
25-11-12 07:29:47.918 : ---1 --> BSRNet --> x4--> baby.png
25-11-12 07:29:48.566 : ----PSNR/SSIM for (/root/media/quoc-huy/bsrgan-dataset/Set5, x4)---- : 26.6327dB / 0.7179
25-11-12 07:29:48.566 : ---2 --> BSRNet --> x4--> bird.png
25-11-12 07:29:48.618 : ----PSNR/SSIM for (/root/media/quoc-huy/bsrgan-dataset/Set5, x4)---- : 21.6224dB / 0.5726
25-11-12 07:29:48.619 : ---3 --> BSRNet --> x4--> butterfly.png
25-11-12 07:29:48.685 : ----PSNR/SSIM for (/root/media/quoc-huy/bsrgan-dataset/Set5, x4)---- : 15.2438dB / 0.4625
25-11-12 07:29:48.686 : ---4 --> BSRNet --> x4--> head.png
25-11-12 07:29:48.755 : ----PSNR/SSIM for (/root/media/quoc-huy/bsrgan-dataset/Set5, x4)---- : 26.2709dB / 0.5803
25-11-12 07:29:48.755 : ---5 --> BSRNet --> x4--> woman.png
25-11-12 07:29:48.837 : ----PSNR/SSIM for (/root/media/quoc-huy/bsrgan-dataset/Set5, x4)---- : 19.2925dB / 0.6013
25-11-12 07:29:48.838 : ----Average PSNR/SSIM for (/root/media/quoc-huy/bsrgan-dataset/Set5, x4)---- : 21.8124dB / 0.5869
25-11-12 07:29:48.838 :  
25-11-12 07:29:53.966 :       Model Name : BSRNet_regiondependent
25-11-12 07:29:59.415 :       Input Path : /root/media/quoc-huy/bsrgan-dataset/Set5
25-11-12 07:29:59.415 :      Output Path : /root/quoc-huy/BSRGAN/experimental-results/BSRGAN/Set5
25-11-12 07:29:59.415 : ---1 --> BSRNet_regiondependent --> x4--> baby.png
25-11-12 07:30:00.051 : ----PSNR/SSIM for (/root/media/quoc-huy/bsrgan-dataset/Set5, x4)---- : 23.8111dB / 0.6459
25-11-12 07:30:00.051 : ---2 --> BSRNet_regiondependent --> x4--> bird.png
25-11-12 07:30:00.162 : ----PSNR/SSIM for (/root/media/quoc-huy/bsrgan-dataset/Set5, x4)---- : 16.2373dB / 0.4170
25-11-12 07:30:00.163 : ---3 --> BSRNet_regiondependent --> x4--> butterfly.png
25-11-12 07:30:00.231 : ----PSNR/SSIM for (/root/media/quoc-huy/bsrgan-dataset/Set5, x4)---- : 13.5550dB / 0.2704
25-11-12 07:30:00.231 : ---4 --> BSRNet_regiondependent --> x4--> head.png
25-11-12 07:30:00.293 : ----PSNR/SSIM for (/root/media/quoc-huy/bsrgan-dataset/Set5, x4)---- : 24.4895dB / 0.5053
25-11-12 07:30:00.293 : ---5 --> BSRNet_regiondependent --> x4--> woman.png
25-11-12 07:30:00.350 : ----PSNR/SSIM for (/root/media/quoc-huy/bsrgan-dataset/Set5, x4)---- : 16.8050dB / 0.3299
25-11-12 07:30:00.350 : ----Average PSNR/SSIM for (/root/media/quoc-huy/bsrgan-dataset/Set5, x4)---- : 18.9796dB / 0.4337
25-11-12 07:30:00.350 :  
25-11-12 07:30:07.343 :       Model Name : BSRGAN_regiondependent
25-11-12 07:30:14.136 :       Input Path : /root/media/quoc-huy/bsrgan-dataset/Set5
25-11-12 07:30:14.137 :      Output Path : /root/quoc-huy/BSRGAN/experimental-results/BSRGAN/Set5
25-11-12 07:30:14.137 : ---1 --> BSRGAN_regiondependent --> x4--> baby.png
25-11-12 07:30:14.669 : ----PSNR/SSIM for (/root/media/quoc-huy/bsrgan-dataset/Set5, x4)---- : 22.9308dB / 0.6365
25-11-12 07:30:14.669 : ---2 --> BSRGAN_regiondependent --> x4--> bird.png
25-11-12 07:30:14.732 : ----PSNR/SSIM for (/root/media/quoc-huy/bsrgan-dataset/Set5, x4)---- : 15.8995dB / 0.4113
25-11-12 07:30:14.732 : ---3 --> BSRGAN_regiondependent --> x4--> butterfly.png
25-11-12 07:30:14.789 : ----PSNR/SSIM for (/root/media/quoc-huy/bsrgan-dataset/Set5, x4)---- : 13.4637dB / 0.2834
25-11-12 07:30:14.789 : ---4 --> BSRGAN_regiondependent --> x4--> head.png
25-11-12 07:30:14.844 : ----PSNR/SSIM for (/root/media/quoc-huy/bsrgan-dataset/Set5, x4)---- : 23.3021dB / 0.4754
25-11-12 07:30:14.845 : ---5 --> BSRGAN_regiondependent --> x4--> woman.png
25-11-12 07:30:14.896 : ----PSNR/SSIM for (/root/media/quoc-huy/bsrgan-dataset/Set5, x4)---- : 16.6011dB / 0.2952
25-11-12 07:30:14.896 : ----Average PSNR/SSIM for (/root/media/quoc-huy/bsrgan-dataset/Set5, x4)---- : 18.4394dB / 0.4204
25-11-12 07:30:14.896 :  
25-12-05 03:05:54.392 :       Model Name : BSRNet
25-12-05 03:05:54.929 :       Input Path : /root/media/quoc-huy/blur-DAN/Set14/LRbic
25-12-05 03:05:54.929 :      Output Path : /root/quoc-huy/all-tested-results/BSRNet/Set14
25-12-05 03:05:54.929 : ---1 --> BSRNet --> x4--> baboon.png
25-12-05 03:05:55.144 : ----PSNR/SSIM for (/root/media/quoc-huy/blur-DAN/Set14/LRbic, x4)---- : 19.9062dB / 0.4199
25-12-05 03:05:55.144 : ---2 --> BSRNet --> x4--> barbara.png
25-12-05 03:05:55.344 : ----PSNR/SSIM for (/root/media/quoc-huy/blur-DAN/Set14/LRbic, x4)---- : 21.7210dB / 0.6849
25-12-05 03:05:55.344 : ---3 --> BSRNet --> x4--> bridge.png
25-12-05 03:05:55.469 : ----PSNR/SSIM for (/root/media/quoc-huy/blur-DAN/Set14/LRbic, x4)---- : 22.1568dB / 0.5385
25-12-05 03:05:55.469 : ---4 --> BSRNet --> x4--> coastguard.png
25-12-05 03:05:55.528 : ----PSNR/SSIM for (/root/media/quoc-huy/blur-DAN/Set14/LRbic, x4)---- : 22.6685dB / 0.5013
25-12-05 03:05:55.528 : ---5 --> BSRNet --> x4--> comic.png
25-12-05 03:05:55.584 : ----PSNR/SSIM for (/root/media/quoc-huy/blur-DAN/Set14/LRbic, x4)---- : 19.5729dB / 0.5761
25-12-05 03:05:55.584 : ---6 --> BSRNet --> x4--> face.png
25-12-05 03:05:55.633 : ----PSNR/SSIM for (/root/media/quoc-huy/blur-DAN/Set14/LRbic, x4)---- : 29.2142dB / 0.6355
25-12-05 03:05:55.633 : ---7 --> BSRNet --> x4--> flowers.png
25-12-05 03:05:55.727 : ----PSNR/SSIM for (/root/media/quoc-huy/blur-DAN/Set14/LRbic, x4)---- : 23.6055dB / 0.6951
25-12-05 03:05:55.727 : ---8 --> BSRNet --> x4--> foreman.png
25-12-05 03:05:55.783 : ----PSNR/SSIM for (/root/media/quoc-huy/blur-DAN/Set14/LRbic, x4)---- : 25.3874dB / 0.8692
25-12-05 03:05:55.783 : ---9 --> BSRNet --> x4--> lenna.png
25-12-05 03:05:55.905 : ----PSNR/SSIM for (/root/media/quoc-huy/blur-DAN/Set14/LRbic, x4)---- : 28.6709dB / 0.8032
25-12-05 03:05:55.905 : --10 --> BSRNet --> x4--> man.png
25-12-05 03:05:56.026 : ----PSNR/SSIM for (/root/media/quoc-huy/blur-DAN/Set14/LRbic, x4)---- : 23.9348dB / 0.6303
25-12-05 03:05:56.027 : --11 --> BSRNet --> x4--> monarch.png
25-12-05 03:05:56.211 : ----PSNR/SSIM for (/root/media/quoc-huy/blur-DAN/Set14/LRbic, x4)---- : 26.1594dB / 0.8856
25-12-05 03:05:56.211 : --12 --> BSRNet --> x4--> pepper.png
25-12-05 03:05:56.332 : ----PSNR/SSIM for (/root/media/quoc-huy/blur-DAN/Set14/LRbic, x4)---- : 27.1755dB / 0.8185
25-12-05 03:05:56.332 : --13 --> BSRNet --> x4--> ppt3.png
25-12-05 03:05:56.493 : ----PSNR/SSIM for (/root/media/quoc-huy/blur-DAN/Set14/LRbic, x4)---- : 19.9115dB / 0.8497
25-12-05 03:05:56.493 : --14 --> BSRNet --> x4--> zebra.png
25-12-05 03:05:56.604 : ----PSNR/SSIM for (/root/media/quoc-huy/blur-DAN/Set14/LRbic, x4)---- : 23.0482dB / 0.6443
25-12-05 03:05:56.604 : ----Average PSNR/SSIM for (/root/media/quoc-huy/blur-DAN/Set14/LRbic, x4)---- : 23.7952dB / 0.6823
25-12-05 03:05:56.604 :  
25-12-05 03:06:39.373 :       Model Name : BSRGAN
25-12-05 03:06:39.889 :       Input Path : /root/media/quoc-huy/blur-DAN/Set14/LRbic
25-12-05 03:06:39.890 :      Output Path : /root/quoc-huy/all-tested-results/BSRGAN/Set14
25-12-05 03:06:39.890 : ---1 --> BSRGAN --> x4--> baboon.png
25-12-05 03:06:40.105 : ----PSNR/SSIM for (/root/media/quoc-huy/blur-DAN/Set14/LRbic, x4)---- : 18.8867dB / 0.3496
25-12-05 03:06:40.105 : ---2 --> BSRGAN --> x4--> barbara.png
25-12-05 03:06:40.299 : ----PSNR/SSIM for (/root/media/quoc-huy/blur-DAN/Set14/LRbic, x4)---- : 20.6141dB / 0.6257
25-12-05 03:06:40.299 : ---3 --> BSRGAN --> x4--> bridge.png
25-12-05 03:06:40.425 : ----PSNR/SSIM for (/root/media/quoc-huy/blur-DAN/Set14/LRbic, x4)---- : 21.0258dB / 0.4385
25-12-05 03:06:40.425 : ---4 --> BSRGAN --> x4--> coastguard.png
25-12-05 03:06:40.483 : ----PSNR/SSIM for (/root/media/quoc-huy/blur-DAN/Set14/LRbic, x4)---- : 21.7193dB / 0.4100
25-12-05 03:06:40.483 : ---5 --> BSRGAN --> x4--> comic.png
25-12-05 03:06:40.538 : ----PSNR/SSIM for (/root/media/quoc-huy/blur-DAN/Set14/LRbic, x4)---- : 18.4488dB / 0.4887
25-12-05 03:06:40.539 : ---6 --> BSRGAN --> x4--> face.png
25-12-05 03:06:40.585 : ----PSNR/SSIM for (/root/media/quoc-huy/blur-DAN/Set14/LRbic, x4)---- : 27.8553dB / 0.5998
25-12-05 03:06:40.585 : ---7 --> BSRGAN --> x4--> flowers.png
25-12-05 03:06:40.679 : ----PSNR/SSIM for (/root/media/quoc-huy/blur-DAN/Set14/LRbic, x4)---- : 22.3779dB / 0.6385
25-12-05 03:06:40.679 : ---8 --> BSRGAN --> x4--> foreman.png
25-12-05 03:06:40.734 : ----PSNR/SSIM for (/root/media/quoc-huy/blur-DAN/Set14/LRbic, x4)---- : 24.2576dB / 0.8229
25-12-05 03:06:40.734 : ---9 --> BSRGAN --> x4--> lenna.png
25-12-05 03:06:40.855 : ----PSNR/SSIM for (/root/media/quoc-huy/blur-DAN/Set14/LRbic, x4)---- : 26.8368dB / 0.7671
25-12-05 03:06:40.855 : --10 --> BSRGAN --> x4--> man.png
25-12-05 03:06:40.976 : ----PSNR/SSIM for (/root/media/quoc-huy/blur-DAN/Set14/LRbic, x4)---- : 22.7216dB / 0.5804
25-12-05 03:06:40.976 : --11 --> BSRGAN --> x4--> monarch.png
25-12-05 03:06:41.158 : ----PSNR/SSIM for (/root/media/quoc-huy/blur-DAN/Set14/LRbic, x4)---- : 24.7439dB / 0.8563
25-12-05 03:06:41.158 : --12 --> BSRGAN --> x4--> pepper.png
25-12-05 03:06:41.278 : ----PSNR/SSIM for (/root/media/quoc-huy/blur-DAN/Set14/LRbic, x4)---- : 25.9941dB / 0.7855
25-12-05 03:06:41.278 : --13 --> BSRGAN --> x4--> ppt3.png
25-12-05 03:06:41.439 : ----PSNR/SSIM for (/root/media/quoc-huy/blur-DAN/Set14/LRbic, x4)---- : 19.3620dB / 0.8257
25-12-05 03:06:41.439 : --14 --> BSRGAN --> x4--> zebra.png
25-12-05 03:06:41.549 : ----PSNR/SSIM for (/root/media/quoc-huy/blur-DAN/Set14/LRbic, x4)---- : 21.0275dB / 0.5414
25-12-05 03:06:41.549 : ----Average PSNR/SSIM for (/root/media/quoc-huy/blur-DAN/Set14/LRbic, x4)---- : 22.5622dB / 0.6236
25-12-05 03:06:41.549 :  
25-12-05 10:08:25.059 :       Model Name : BSRGAN
25-12-05 10:08:25.561 :       Input Path : /root/media/quoc-huy/bsrgan-dataset/Set14
25-12-05 10:08:25.561 :      Output Path : /root/quoc-huy/all-tested-results/BSRGAN/Set14-type4
25-12-05 10:08:25.561 : ---1 --> BSRGAN --> x4--> baboon.png
25-12-05 10:08:25.786 : ----PSNR/SSIM for (/root/media/quoc-huy/bsrgan-dataset/Set14, x4)---- : 17.8487dB / 0.2071
25-12-05 10:08:25.786 : ---2 --> BSRGAN --> x4--> barbara.png
25-12-05 10:08:26.001 : ----PSNR/SSIM for (/root/media/quoc-huy/bsrgan-dataset/Set14, x4)---- : 20.7033dB / 0.4773
25-12-05 10:08:26.001 : ---3 --> BSRGAN --> x4--> bridge.png
25-12-05 10:08:26.134 : ----PSNR/SSIM for (/root/media/quoc-huy/bsrgan-dataset/Set14, x4)---- : 18.7978dB / 0.2371
25-12-05 10:08:26.135 : ---4 --> BSRGAN --> x4--> coastguard.png
25-12-05 10:08:26.204 : ----PSNR/SSIM for (/root/media/quoc-huy/bsrgan-dataset/Set14, x4)---- : 20.2214dB / 0.3093
25-12-05 10:08:26.204 : ---5 --> BSRGAN --> x4--> comic.png
25-12-05 10:08:26.259 : ----PSNR/SSIM for (/root/media/quoc-huy/bsrgan-dataset/Set14, x4)---- : 17.3740dB / 0.3120
25-12-05 10:08:26.259 : ---6 --> BSRGAN --> x4--> face.png
25-12-05 10:08:26.307 : ----PSNR/SSIM for (/root/media/quoc-huy/bsrgan-dataset/Set14, x4)---- : 24.8458dB / 0.5266
25-12-05 10:08:26.307 : ---7 --> BSRGAN --> x4--> flowers.png
25-12-05 10:08:26.401 : ----PSNR/SSIM for (/root/media/quoc-huy/bsrgan-dataset/Set14, x4)---- : 18.2977dB / 0.3984
25-12-05 10:08:26.401 : ---8 --> BSRGAN --> x4--> foreman.png
25-12-05 10:08:26.457 : ----PSNR/SSIM for (/root/media/quoc-huy/bsrgan-dataset/Set14, x4)---- : 21.2628dB / 0.6825
25-12-05 10:08:26.457 : ---9 --> BSRGAN --> x4--> lenna.png
25-12-05 10:08:26.578 : ----PSNR/SSIM for (/root/media/quoc-huy/bsrgan-dataset/Set14, x4)---- : 26.0776dB / 0.7053
25-12-05 10:08:26.578 : --10 --> BSRGAN --> x4--> man.png
25-12-05 10:08:26.707 : ----PSNR/SSIM for (/root/media/quoc-huy/bsrgan-dataset/Set14, x4)---- : 18.2807dB / 0.3071
25-12-05 10:08:26.707 : --11 --> BSRGAN --> x4--> monarch.png
25-12-05 10:08:26.894 : ----PSNR/SSIM for (/root/media/quoc-huy/bsrgan-dataset/Set14, x4)---- : 18.7101dB / 0.5038
25-12-05 10:08:26.894 : --12 --> BSRGAN --> x4--> pepper.png
25-12-05 10:08:27.037 : ----PSNR/SSIM for (/root/media/quoc-huy/bsrgan-dataset/Set14, x4)---- : 22.5645dB / 0.6241
25-12-05 10:08:27.037 : --13 --> BSRGAN --> x4--> ppt3.png
25-12-05 10:08:27.204 : ----PSNR/SSIM for (/root/media/quoc-huy/bsrgan-dataset/Set14, x4)---- : 16.1918dB / 0.6277
25-12-05 10:08:27.204 : --14 --> BSRGAN --> x4--> zebra.png
25-12-05 10:08:27.322 : ----PSNR/SSIM for (/root/media/quoc-huy/bsrgan-dataset/Set14, x4)---- : 15.9690dB / 0.2687
25-12-05 10:08:27.322 : ----Average PSNR/SSIM for (/root/media/quoc-huy/bsrgan-dataset/Set14, x4)---- : 19.7961dB / 0.4419
25-12-05 10:08:27.322 :  
25-12-05 10:08:42.120 :       Model Name : BSRGAN
25-12-05 10:08:42.580 :       Input Path : /root/media/quoc-huy/bsrgan-dataset/Set5
25-12-05 10:08:42.580 :      Output Path : /root/quoc-huy/all-tested-results/BSRGAN/Set5-type4
25-12-05 10:08:42.580 : ---1 --> BSRGAN --> x4--> baby.png
25-12-05 10:08:42.811 : ----PSNR/SSIM for (/root/media/quoc-huy/bsrgan-dataset/Set5, x4)---- : 25.1985dB / 0.6651
25-12-05 10:08:42.811 : ---2 --> BSRGAN --> x4--> bird.png
25-12-05 10:08:42.870 : ----PSNR/SSIM for (/root/media/quoc-huy/bsrgan-dataset/Set5, x4)---- : 20.3861dB / 0.4578
25-12-05 10:08:42.870 : ---3 --> BSRGAN --> x4--> butterfly.png
25-12-05 10:08:42.917 : ----PSNR/SSIM for (/root/media/quoc-huy/bsrgan-dataset/Set5, x4)---- : 14.0868dB / 0.3198
25-12-05 10:08:42.917 : ---4 --> BSRGAN --> x4--> head.png
25-12-05 10:08:42.967 : ----PSNR/SSIM for (/root/media/quoc-huy/bsrgan-dataset/Set5, x4)---- : 25.3552dB / 0.5323
25-12-05 10:08:42.967 : ---5 --> BSRGAN --> x4--> woman.png
25-12-05 10:08:43.012 : ----PSNR/SSIM for (/root/media/quoc-huy/bsrgan-dataset/Set5, x4)---- : 18.7417dB / 0.5555
25-12-05 10:08:43.012 : ----Average PSNR/SSIM for (/root/media/quoc-huy/bsrgan-dataset/Set5, x4)---- : 20.7536dB / 0.5061
25-12-05 10:08:43.012 :  
25-12-05 10:09:17.250 :       Model Name : BSRNet
25-12-05 10:09:17.782 :       Input Path : /root/media/quoc-huy/bsrgan-dataset/Set5
25-12-05 10:09:17.782 :      Output Path : /root/quoc-huy/all-tested-results/BSRGAN/Set5-type4
25-12-05 10:09:17.782 : ---1 --> BSRNet --> x4--> baby.png
25-12-05 10:09:18.003 : ----PSNR/SSIM for (/root/media/quoc-huy/bsrgan-dataset/Set5, x4)---- : 26.6327dB / 0.7179
25-12-05 10:09:18.003 : ---2 --> BSRNet --> x4--> bird.png
25-12-05 10:09:18.055 : ----PSNR/SSIM for (/root/media/quoc-huy/bsrgan-dataset/Set5, x4)---- : 21.6224dB / 0.5726
25-12-05 10:09:18.055 : ---3 --> BSRNet --> x4--> butterfly.png
25-12-05 10:09:18.101 : ----PSNR/SSIM for (/root/media/quoc-huy/bsrgan-dataset/Set5, x4)---- : 15.2438dB / 0.4625
25-12-05 10:09:18.101 : ---4 --> BSRNet --> x4--> head.png
25-12-05 10:09:18.149 : ----PSNR/SSIM for (/root/media/quoc-huy/bsrgan-dataset/Set5, x4)---- : 26.2709dB / 0.5803
25-12-05 10:09:18.149 : ---5 --> BSRNet --> x4--> woman.png
25-12-05 10:09:18.192 : ----PSNR/SSIM for (/root/media/quoc-huy/bsrgan-dataset/Set5, x4)---- : 19.2925dB / 0.6013
25-12-05 10:09:18.192 : ----Average PSNR/SSIM for (/root/media/quoc-huy/bsrgan-dataset/Set5, x4)---- : 21.8124dB / 0.5869
25-12-05 10:09:18.192 :  
25-12-05 10:09:29.671 :       Model Name : BSRGAN
25-12-05 10:09:30.134 :       Input Path : /root/media/quoc-huy/bsrgan-dataset/Set5
25-12-05 10:09:30.134 :      Output Path : /root/quoc-huy/all-tested-results/BSRGAN/Set5-type4
25-12-05 10:09:30.135 : ---1 --> BSRGAN --> x4--> baby.png
25-12-05 10:09:30.360 : ----PSNR/SSIM for (/root/media/quoc-huy/bsrgan-dataset/Set5, x4)---- : 25.1985dB / 0.6651
25-12-05 10:09:30.360 : ---2 --> BSRGAN --> x4--> bird.png
25-12-05 10:09:30.411 : ----PSNR/SSIM for (/root/media/quoc-huy/bsrgan-dataset/Set5, x4)---- : 20.3861dB / 0.4578
25-12-05 10:09:30.411 : ---3 --> BSRGAN --> x4--> butterfly.png
25-12-05 10:09:30.459 : ----PSNR/SSIM for (/root/media/quoc-huy/bsrgan-dataset/Set5, x4)---- : 14.0868dB / 0.3198
25-12-05 10:09:30.459 : ---4 --> BSRGAN --> x4--> head.png
25-12-05 10:09:30.509 : ----PSNR/SSIM for (/root/media/quoc-huy/bsrgan-dataset/Set5, x4)---- : 25.3552dB / 0.5323
25-12-05 10:09:30.509 : ---5 --> BSRGAN --> x4--> woman.png
25-12-05 10:09:30.553 : ----PSNR/SSIM for (/root/media/quoc-huy/bsrgan-dataset/Set5, x4)---- : 18.7417dB / 0.5555
25-12-05 10:09:30.553 : ----Average PSNR/SSIM for (/root/media/quoc-huy/bsrgan-dataset/Set5, x4)---- : 20.7536dB / 0.5061
25-12-05 10:09:30.553 :  
25-12-05 10:09:43.128 :       Model Name : BSRNet
25-12-05 10:09:43.588 :       Input Path : /root/media/quoc-huy/bsrgan-dataset/Set5
25-12-05 10:09:43.589 :      Output Path : /root/quoc-huy/all-tested-results/BSRNet/Set5-type4
25-12-05 10:09:43.589 : ---1 --> BSRNet --> x4--> baby.png
25-12-05 10:09:43.810 : ----PSNR/SSIM for (/root/media/quoc-huy/bsrgan-dataset/Set5, x4)---- : 26.6327dB / 0.7179
25-12-05 10:09:43.810 : ---2 --> BSRNet --> x4--> bird.png
25-12-05 10:09:43.862 : ----PSNR/SSIM for (/root/media/quoc-huy/bsrgan-dataset/Set5, x4)---- : 21.6224dB / 0.5726
25-12-05 10:09:43.862 : ---3 --> BSRNet --> x4--> butterfly.png
25-12-05 10:09:43.910 : ----PSNR/SSIM for (/root/media/quoc-huy/bsrgan-dataset/Set5, x4)---- : 15.2438dB / 0.4625
25-12-05 10:09:43.910 : ---4 --> BSRNet --> x4--> head.png
25-12-05 10:09:43.959 : ----PSNR/SSIM for (/root/media/quoc-huy/bsrgan-dataset/Set5, x4)---- : 26.2709dB / 0.5803
25-12-05 10:09:43.959 : ---5 --> BSRNet --> x4--> woman.png
25-12-05 10:09:44.003 : ----PSNR/SSIM for (/root/media/quoc-huy/bsrgan-dataset/Set5, x4)---- : 19.2925dB / 0.6013
25-12-05 10:09:44.004 : ----Average PSNR/SSIM for (/root/media/quoc-huy/bsrgan-dataset/Set5, x4)---- : 21.8124dB / 0.5869
25-12-05 10:09:44.004 :  
25-12-06 14:49:10.726 :       Model Name : BSRNet
25-12-06 14:49:11.187 :       Input Path : /root/quoc-huy/BSRGAN/testsets/RealSRSet
25-12-06 14:49:11.187 :      Output Path : /root/quoc-huy/all-tested-results/BSRNet/RealSRSet
25-12-06 14:49:33.647 :       Model Name : BSRNet
25-12-06 14:49:34.098 :       Input Path : /root/quoc-huy/BSRGAN/testsets/RealSRSet
25-12-06 14:49:34.098 :      Output Path : /root/quoc-huy/all-tested-results/BSRNet/RealSRSet
25-12-06 14:50:22.152 :       Model Name : BSRGAN
25-12-06 14:50:22.616 :       Input Path : /root/quoc-huy/BSRGAN/testsets/RealSRSet
25-12-06 14:50:22.616 :      Output Path : /root/quoc-huy/all-tested-results/BSRNet/RealSRSet
25-12-06 14:50:39.996 :       Model Name : BSRNet
25-12-06 14:50:40.460 :       Input Path : /root/quoc-huy/BSRGAN/testsets/RealSRSet
25-12-06 14:50:40.460 :      Output Path : /root/quoc-huy/all-tested-results/BSRNet/RealSRSet
25-12-06 14:50:56.851 :       Model Name : BSRGAN
25-12-06 14:50:57.314 :       Input Path : /root/quoc-huy/BSRGAN/testsets/RealSRSet
25-12-06 14:50:57.314 :      Output Path : /root/quoc-huy/all-tested-results/BSRGAN/RealSRSet
25-12-06 16:08:56.914 :       Model Name : BSRNet_custom
25-12-06 16:08:59.657 :       Model Name : BSRNet_custom
25-12-06 16:09:02.455 :       Model Name : BSRNet_custom
25-12-06 16:09:05.187 :       Model Name : BSRNet_custom
25-12-06 16:09:31.559 :       Model Name : BSRNet_custom
25-12-06 16:09:32.032 :       Input Path : /root/media/quoc-huy/eval-wir/srbenchmarks/Set5/LR
25-12-06 16:09:32.032 :      Output Path : /root/quoc-huy/all-tested-results/BSRNet/Set5-type5
25-12-06 16:09:32.033 : ---1 --> BSRNet_custom --> x4--> baby.png
25-12-06 16:09:32.262 : ----PSNR/SSIM for (/root/media/quoc-huy/eval-wir/srbenchmarks/Set5/LR, x4)---- : 28.4733dB / 0.8139
25-12-06 16:09:32.262 : ---2 --> BSRNet_custom --> x4--> bird.png
25-12-06 16:09:32.314 : ----PSNR/SSIM for (/root/media/quoc-huy/eval-wir/srbenchmarks/Set5/LR, x4)---- : 26.1871dB / 0.8586
25-12-06 16:09:32.314 : ---3 --> BSRNet_custom --> x4--> butterfly.png
25-12-06 16:09:32.361 : ----PSNR/SSIM for (/root/media/quoc-huy/eval-wir/srbenchmarks/Set5/LR, x4)---- : 19.8440dB / 0.8325
25-12-06 16:09:32.362 : ---4 --> BSRNet_custom --> x4--> head.png
25-12-06 16:09:32.410 : ----PSNR/SSIM for (/root/media/quoc-huy/eval-wir/srbenchmarks/Set5/LR, x4)---- : 26.2344dB / 0.5936
25-12-06 16:09:32.410 : ---5 --> BSRNet_custom --> x4--> woman.png
25-12-06 16:09:32.454 : ----PSNR/SSIM for (/root/media/quoc-huy/eval-wir/srbenchmarks/Set5/LR, x4)---- : 23.6469dB / 0.7533
25-12-06 16:09:32.455 : ----Average PSNR/SSIM for (/root/media/quoc-huy/eval-wir/srbenchmarks/Set5/LR, x4)---- : 24.8771dB / 0.7704
25-12-06 16:09:32.455 :  
25-12-06 16:09:35.039 :       Model Name : BSRNet_custom
25-12-06 16:09:35.516 :       Input Path : /root/media/quoc-huy/eval-wir/srbenchmarks/Set14/LR
25-12-06 16:09:35.516 :      Output Path : /root/quoc-huy/all-tested-results/BSRNet/Set14-type5
25-12-06 16:09:35.517 : ---1 --> BSRNet_custom --> x4--> baboon.png
25-12-06 16:09:35.733 : ----PSNR/SSIM for (/root/media/quoc-huy/eval-wir/srbenchmarks/Set14/LR, x4)---- : 20.4970dB / 0.4303
25-12-06 16:09:35.733 : ---2 --> BSRNet_custom --> x4--> barbara.png
25-12-06 16:09:35.930 : ----PSNR/SSIM for (/root/media/quoc-huy/eval-wir/srbenchmarks/Set14/LR, x4)---- : 23.0998dB / 0.6297
25-12-06 16:09:35.930 : ---3 --> BSRNet_custom --> x4--> bridge.png
25-12-06 16:09:36.057 : ----PSNR/SSIM for (/root/media/quoc-huy/eval-wir/srbenchmarks/Set14/LR, x4)---- : 22.1227dB / 0.4937
25-12-06 16:09:36.057 : ---4 --> BSRNet_custom --> x4--> coastguard.png
25-12-06 16:09:36.117 : ----PSNR/SSIM for (/root/media/quoc-huy/eval-wir/srbenchmarks/Set14/LR, x4)---- : 20.7989dB / 0.4569
25-12-06 16:09:36.117 : ---5 --> BSRNet_custom --> x4--> comic.png
25-12-06 16:09:36.173 : ----PSNR/SSIM for (/root/media/quoc-huy/eval-wir/srbenchmarks/Set14/LR, x4)---- : 18.7759dB / 0.5661
25-12-06 16:09:36.173 : ---6 --> BSRNet_custom --> x4--> face.png
25-12-06 16:09:36.222 : ----PSNR/SSIM for (/root/media/quoc-huy/eval-wir/srbenchmarks/Set14/LR, x4)---- : 30.1409dB / 0.7152
25-12-06 16:09:36.222 : ---7 --> BSRNet_custom --> x4--> flowers.png
25-12-06 16:09:36.317 : ----PSNR/SSIM for (/root/media/quoc-huy/eval-wir/srbenchmarks/Set14/LR, x4)---- : 23.3282dB / 0.7352
25-12-06 16:09:36.317 : ---8 --> BSRNet_custom --> x4--> foreman.png
25-12-06 16:09:36.374 : ----PSNR/SSIM for (/root/media/quoc-huy/eval-wir/srbenchmarks/Set14/LR, x4)---- : 27.7360dB / 0.8845
25-12-06 16:09:36.374 : ---9 --> BSRNet_custom --> x4--> lenna.png
25-12-06 16:09:36.496 : ----PSNR/SSIM for (/root/media/quoc-huy/eval-wir/srbenchmarks/Set14/LR, x4)---- : 27.1731dB / 0.7511
25-12-06 16:09:36.496 : --10 --> BSRNet_custom --> x4--> man.png
25-12-06 16:09:36.618 : ----PSNR/SSIM for (/root/media/quoc-huy/eval-wir/srbenchmarks/Set14/LR, x4)---- : 24.6766dB / 0.6513
25-12-06 16:09:36.618 : --11 --> BSRNet_custom --> x4--> monarch.png
25-12-06 16:09:36.804 : ----PSNR/SSIM for (/root/media/quoc-huy/eval-wir/srbenchmarks/Set14/LR, x4)---- : 25.9976dB / 0.8797
25-12-06 16:09:36.804 : --12 --> BSRNet_custom --> x4--> pepper.png
25-12-06 16:09:36.928 : ----PSNR/SSIM for (/root/media/quoc-huy/eval-wir/srbenchmarks/Set14/LR, x4)---- : 22.6462dB / 0.7788
25-12-06 16:09:36.928 : --13 --> BSRNet_custom --> x4--> ppt3.png
25-12-06 16:09:37.093 : ----PSNR/SSIM for (/root/media/quoc-huy/eval-wir/srbenchmarks/Set14/LR, x4)---- : 23.4682dB / 0.8677
25-12-06 16:09:37.093 : --14 --> BSRNet_custom --> x4--> zebra.png
25-12-06 16:09:37.207 : ----PSNR/SSIM for (/root/media/quoc-huy/eval-wir/srbenchmarks/Set14/LR, x4)---- : 22.5697dB / 0.6679
25-12-06 16:09:37.207 : ----Average PSNR/SSIM for (/root/media/quoc-huy/eval-wir/srbenchmarks/Set14/LR, x4)---- : 23.7879dB / 0.6792
25-12-06 16:09:37.207 :  
25-12-06 16:09:39.784 :       Model Name : BSRNet_custom
25-12-06 16:09:40.318 :       Input Path : /root/media/quoc-huy/eval-wir/srbenchmarks/BSD100/LR
25-12-06 16:09:40.318 :      Output Path : /root/quoc-huy/all-tested-results/BSRNet/BSD100-type5
25-12-06 16:09:40.319 : ---1 --> BSRNet_custom --> x4--> 101085.png
25-12-06 16:09:40.489 : ----PSNR/SSIM for (/root/media/quoc-huy/eval-wir/srbenchmarks/BSD100/LR, x4)---- : 21.7549dB / 0.5089
25-12-06 16:09:40.489 : ---2 --> BSRNet_custom --> x4--> 101087.png
25-12-06 16:09:40.571 : ----PSNR/SSIM for (/root/media/quoc-huy/eval-wir/srbenchmarks/BSD100/LR, x4)---- : 25.8835dB / 0.7719
25-12-06 16:09:40.571 : ---3 --> BSRNet_custom --> x4--> 102061.png
25-12-06 16:09:40.653 : ----PSNR/SSIM for (/root/media/quoc-huy/eval-wir/srbenchmarks/BSD100/LR, x4)---- : 23.4358dB / 0.7205
25-12-06 16:09:40.653 : ---4 --> BSRNet_custom --> x4--> 103070.png
25-12-06 16:09:40.738 : ----PSNR/SSIM for (/root/media/quoc-huy/eval-wir/srbenchmarks/BSD100/LR, x4)---- : 24.6932dB / 0.7226
25-12-06 16:09:40.738 : ---5 --> BSRNet_custom --> x4--> 105025.png
25-12-06 16:09:40.811 : ----PSNR/SSIM for (/root/media/quoc-huy/eval-wir/srbenchmarks/BSD100/LR, x4)---- : 21.2770dB / 0.5758
25-12-06 16:09:40.811 : ---6 --> BSRNet_custom --> x4--> 106024.png
25-12-06 16:09:40.884 : ----PSNR/SSIM for (/root/media/quoc-huy/eval-wir/srbenchmarks/BSD100/LR, x4)---- : 25.5409dB / 0.7935
25-12-06 16:09:40.884 : ---7 --> BSRNet_custom --> x4--> 108005.png
25-12-06 16:09:40.958 : ----PSNR/SSIM for (/root/media/quoc-huy/eval-wir/srbenchmarks/BSD100/LR, x4)---- : 21.4783dB / 0.5857
25-12-06 16:09:40.958 : ---8 --> BSRNet_custom --> x4--> 108070.png
25-12-06 16:09:41.031 : ----PSNR/SSIM for (/root/media/quoc-huy/eval-wir/srbenchmarks/BSD100/LR, x4)---- : 19.1655dB / 0.4049
25-12-06 16:09:41.031 : ---9 --> BSRNet_custom --> x4--> 108082.png
25-12-06 16:09:41.104 : ----PSNR/SSIM for (/root/media/quoc-huy/eval-wir/srbenchmarks/BSD100/LR, x4)---- : 20.0968dB / 0.5273
25-12-06 16:09:41.104 : --10 --> BSRNet_custom --> x4--> 109053.png
25-12-06 16:09:41.177 : ----PSNR/SSIM for (/root/media/quoc-huy/eval-wir/srbenchmarks/BSD100/LR, x4)---- : 26.5149dB / 0.7220
25-12-06 16:09:41.177 : --11 --> BSRNet_custom --> x4--> 119082.png
25-12-06 16:09:41.251 : ----PSNR/SSIM for (/root/media/quoc-huy/eval-wir/srbenchmarks/BSD100/LR, x4)---- : 21.6269dB / 0.5964
25-12-06 16:09:41.251 : --12 --> BSRNet_custom --> x4--> 12084.png
25-12-06 16:09:41.325 : ----PSNR/SSIM for (/root/media/quoc-huy/eval-wir/srbenchmarks/BSD100/LR, x4)---- : 22.9723dB / 0.6465
25-12-06 16:09:41.325 : --13 --> BSRNet_custom --> x4--> 123074.png
25-12-06 16:09:41.399 : ----PSNR/SSIM for (/root/media/quoc-huy/eval-wir/srbenchmarks/BSD100/LR, x4)---- : 23.4690dB / 0.7328
25-12-06 16:09:41.399 : --14 --> BSRNet_custom --> x4--> 126007.png
25-12-06 16:09:41.472 : ----PSNR/SSIM for (/root/media/quoc-huy/eval-wir/srbenchmarks/BSD100/LR, x4)---- : 20.7809dB / 0.6998
25-12-06 16:09:41.472 : --15 --> BSRNet_custom --> x4--> 130026.png
25-12-06 16:09:41.545 : ----PSNR/SSIM for (/root/media/quoc-huy/eval-wir/srbenchmarks/BSD100/LR, x4)---- : 19.8636dB / 0.5379
25-12-06 16:09:41.545 : --16 --> BSRNet_custom --> x4--> 134035.png
25-12-06 16:09:41.619 : ----PSNR/SSIM for (/root/media/quoc-huy/eval-wir/srbenchmarks/BSD100/LR, x4)---- : 20.6897dB / 0.5831
25-12-06 16:09:41.619 : --17 --> BSRNet_custom --> x4--> 14037.png
25-12-06 16:09:41.692 : ----PSNR/SSIM for (/root/media/quoc-huy/eval-wir/srbenchmarks/BSD100/LR, x4)---- : 29.7145dB / 0.7973
25-12-06 16:09:41.692 : --18 --> BSRNet_custom --> x4--> 143090.png
25-12-06 16:09:41.764 : ----PSNR/SSIM for (/root/media/quoc-huy/eval-wir/srbenchmarks/BSD100/LR, x4)---- : 26.7784dB / 0.8254
25-12-06 16:09:41.765 : --19 --> BSRNet_custom --> x4--> 145086.png
25-12-06 16:09:41.838 : ----PSNR/SSIM for (/root/media/quoc-huy/eval-wir/srbenchmarks/BSD100/LR, x4)---- : 22.9413dB / 0.6283
25-12-06 16:09:41.838 : --20 --> BSRNet_custom --> x4--> 147091.png
25-12-06 16:09:41.911 : ----PSNR/SSIM for (/root/media/quoc-huy/eval-wir/srbenchmarks/BSD100/LR, x4)---- : 23.7309dB / 0.7409
25-12-06 16:09:41.911 : --21 --> BSRNet_custom --> x4--> 148026.png
25-12-06 16:09:41.986 : ----PSNR/SSIM for (/root/media/quoc-huy/eval-wir/srbenchmarks/BSD100/LR, x4)---- : 19.9315dB / 0.6071
25-12-06 16:09:41.986 : --22 --> BSRNet_custom --> x4--> 148089.png
25-12-06 16:09:42.060 : ----PSNR/SSIM for (/root/media/quoc-huy/eval-wir/srbenchmarks/BSD100/LR, x4)---- : 21.9888dB / 0.5683
25-12-06 16:09:42.060 : --23 --> BSRNet_custom --> x4--> 156065.png
25-12-06 16:09:42.133 : ----PSNR/SSIM for (/root/media/quoc-huy/eval-wir/srbenchmarks/BSD100/LR, x4)---- : 22.1799dB / 0.4666
25-12-06 16:09:42.134 : --24 --> BSRNet_custom --> x4--> 157055.png
25-12-06 16:09:42.208 : ----PSNR/SSIM for (/root/media/quoc-huy/eval-wir/srbenchmarks/BSD100/LR, x4)---- : 21.2742dB / 0.6732
25-12-06 16:09:42.208 : --25 --> BSRNet_custom --> x4--> 159008.png
25-12-06 16:09:42.281 : ----PSNR/SSIM for (/root/media/quoc-huy/eval-wir/srbenchmarks/BSD100/LR, x4)---- : 23.9888dB / 0.7195
25-12-06 16:09:42.282 : --26 --> BSRNet_custom --> x4--> 160068.png
25-12-06 16:09:42.354 : ----PSNR/SSIM for (/root/media/quoc-huy/eval-wir/srbenchmarks/BSD100/LR, x4)---- : 23.9578dB / 0.7543
25-12-06 16:09:42.354 : --27 --> BSRNet_custom --> x4--> 16077.png
25-12-06 16:09:42.428 : ----PSNR/SSIM for (/root/media/quoc-huy/eval-wir/srbenchmarks/BSD100/LR, x4)---- : 23.5517dB / 0.6076
25-12-06 16:09:42.428 : --28 --> BSRNet_custom --> x4--> 163085.png
25-12-06 16:09:42.501 : ----PSNR/SSIM for (/root/media/quoc-huy/eval-wir/srbenchmarks/BSD100/LR, x4)---- : 21.0757dB / 0.6732
25-12-06 16:09:42.502 : --29 --> BSRNet_custom --> x4--> 167062.png
25-12-06 16:09:42.573 : ----PSNR/SSIM for (/root/media/quoc-huy/eval-wir/srbenchmarks/BSD100/LR, x4)---- : 25.9956dB / 0.7421
25-12-06 16:09:42.573 : --30 --> BSRNet_custom --> x4--> 167083.png
25-12-06 16:09:42.647 : ----PSNR/SSIM for (/root/media/quoc-huy/eval-wir/srbenchmarks/BSD100/LR, x4)---- : 17.6490dB / 0.3686
25-12-06 16:09:42.647 : --31 --> BSRNet_custom --> x4--> 170057.png
25-12-06 16:09:42.721 : ----PSNR/SSIM for (/root/media/quoc-huy/eval-wir/srbenchmarks/BSD100/LR, x4)---- : 26.7342dB / 0.7336
25-12-06 16:09:42.721 : --32 --> BSRNet_custom --> x4--> 175032.png
25-12-06 16:09:42.795 : ----PSNR/SSIM for (/root/media/quoc-huy/eval-wir/srbenchmarks/BSD100/LR, x4)---- : 18.4753dB / 0.2668
25-12-06 16:09:42.795 : --33 --> BSRNet_custom --> x4--> 175043.png
25-12-06 16:09:42.869 : ----PSNR/SSIM for (/root/media/quoc-huy/eval-wir/srbenchmarks/BSD100/LR, x4)---- : 20.5526dB / 0.5554
25-12-06 16:09:42.869 : --34 --> BSRNet_custom --> x4--> 182053.png
25-12-06 16:09:42.943 : ----PSNR/SSIM for (/root/media/quoc-huy/eval-wir/srbenchmarks/BSD100/LR, x4)---- : 21.1366dB / 0.6328
25-12-06 16:09:42.943 : --35 --> BSRNet_custom --> x4--> 189080.png
25-12-06 16:09:43.017 : ----PSNR/SSIM for (/root/media/quoc-huy/eval-wir/srbenchmarks/BSD100/LR, x4)---- : 29.2318dB / 0.8356
25-12-06 16:09:43.017 : --36 --> BSRNet_custom --> x4--> 19021.png
25-12-06 16:09:43.090 : ----PSNR/SSIM for (/root/media/quoc-huy/eval-wir/srbenchmarks/BSD100/LR, x4)---- : 21.5256dB / 0.5619
25-12-06 16:09:43.090 : --37 --> BSRNet_custom --> x4--> 196073.png
25-12-06 16:09:43.163 : ----PSNR/SSIM for (/root/media/quoc-huy/eval-wir/srbenchmarks/BSD100/LR, x4)---- : 18.1415dB / 0.3756
25-12-06 16:09:43.163 : --38 --> BSRNet_custom --> x4--> 197017.png
25-12-06 16:09:43.236 : ----PSNR/SSIM for (/root/media/quoc-huy/eval-wir/srbenchmarks/BSD100/LR, x4)---- : 24.5597dB / 0.6222
25-12-06 16:09:43.236 : --39 --> BSRNet_custom --> x4--> 208001.png
25-12-06 16:09:43.311 : ----PSNR/SSIM for (/root/media/quoc-huy/eval-wir/srbenchmarks/BSD100/LR, x4)---- : 21.1554dB / 0.5413
25-12-06 16:09:43.311 : --40 --> BSRNet_custom --> x4--> 210088.png
25-12-06 16:09:43.387 : ----PSNR/SSIM for (/root/media/quoc-huy/eval-wir/srbenchmarks/BSD100/LR, x4)---- : 26.7040dB / 0.8285
25-12-06 16:09:43.387 : --41 --> BSRNet_custom --> x4--> 21077.png
25-12-06 16:09:43.460 : ----PSNR/SSIM for (/root/media/quoc-huy/eval-wir/srbenchmarks/BSD100/LR, x4)---- : 23.2970dB / 0.6615
25-12-06 16:09:43.460 : --42 --> BSRNet_custom --> x4--> 216081.png
25-12-06 16:09:43.534 : ----PSNR/SSIM for (/root/media/quoc-huy/eval-wir/srbenchmarks/BSD100/LR, x4)---- : 22.5211dB / 0.5897
25-12-06 16:09:43.534 : --43 --> BSRNet_custom --> x4--> 219090.png
25-12-06 16:09:43.607 : ----PSNR/SSIM for (/root/media/quoc-huy/eval-wir/srbenchmarks/BSD100/LR, x4)---- : 23.8950dB / 0.6872
25-12-06 16:09:43.607 : --44 --> BSRNet_custom --> x4--> 220075.png
25-12-06 16:09:43.681 : ----PSNR/SSIM for (/root/media/quoc-huy/eval-wir/srbenchmarks/BSD100/LR, x4)---- : 22.2786dB / 0.6824
25-12-06 16:09:43.681 : --45 --> BSRNet_custom --> x4--> 223061.png
25-12-06 16:09:43.755 : ----PSNR/SSIM for (/root/media/quoc-huy/eval-wir/srbenchmarks/BSD100/LR, x4)---- : 22.3713dB / 0.6074
25-12-06 16:09:43.755 : --46 --> BSRNet_custom --> x4--> 227092.png
25-12-06 16:09:43.828 : ----PSNR/SSIM for (/root/media/quoc-huy/eval-wir/srbenchmarks/BSD100/LR, x4)---- : 28.0507dB / 0.8226
25-12-06 16:09:43.828 : --47 --> BSRNet_custom --> x4--> 229036.png
25-12-06 16:09:43.903 : ----PSNR/SSIM for (/root/media/quoc-huy/eval-wir/srbenchmarks/BSD100/LR, x4)---- : 20.6410dB / 0.5250
25-12-06 16:09:43.903 : --48 --> BSRNet_custom --> x4--> 236037.png
25-12-06 16:09:43.976 : ----PSNR/SSIM for (/root/media/quoc-huy/eval-wir/srbenchmarks/BSD100/LR, x4)---- : 19.5919dB / 0.4099
25-12-06 16:09:43.976 : --49 --> BSRNet_custom --> x4--> 24077.png
25-12-06 16:09:44.051 : ----PSNR/SSIM for (/root/media/quoc-huy/eval-wir/srbenchmarks/BSD100/LR, x4)---- : 24.4653dB / 0.8224
25-12-06 16:09:44.051 : --50 --> BSRNet_custom --> x4--> 241004.png
25-12-06 16:09:44.123 : ----PSNR/SSIM for (/root/media/quoc-huy/eval-wir/srbenchmarks/BSD100/LR, x4)---- : 26.7275dB / 0.7366
25-12-06 16:09:44.123 : --51 --> BSRNet_custom --> x4--> 241048.png
25-12-06 16:09:44.197 : ----PSNR/SSIM for (/root/media/quoc-huy/eval-wir/srbenchmarks/BSD100/LR, x4)---- : 20.0553dB / 0.5094
25-12-06 16:09:44.198 : --52 --> BSRNet_custom --> x4--> 253027.png
25-12-06 16:09:44.273 : ----PSNR/SSIM for (/root/media/quoc-huy/eval-wir/srbenchmarks/BSD100/LR, x4)---- : 19.6429dB / 0.6366
25-12-06 16:09:44.273 : --53 --> BSRNet_custom --> x4--> 253055.png
25-12-06 16:09:44.345 : ----PSNR/SSIM for (/root/media/quoc-huy/eval-wir/srbenchmarks/BSD100/LR, x4)---- : 24.8606dB / 0.7699
25-12-06 16:09:44.345 : --54 --> BSRNet_custom --> x4--> 260058.png
25-12-06 16:09:44.418 : ----PSNR/SSIM for (/root/media/quoc-huy/eval-wir/srbenchmarks/BSD100/LR, x4)---- : 19.6402dB / 0.6979
25-12-06 16:09:44.418 : --55 --> BSRNet_custom --> x4--> 271035.png
25-12-06 16:09:44.493 : ----PSNR/SSIM for (/root/media/quoc-huy/eval-wir/srbenchmarks/BSD100/LR, x4)---- : 20.1335dB / 0.5997
25-12-06 16:09:44.494 : --56 --> BSRNet_custom --> x4--> 285079.png
25-12-06 16:09:44.568 : ----PSNR/SSIM for (/root/media/quoc-huy/eval-wir/srbenchmarks/BSD100/LR, x4)---- : 17.9835dB / 0.4637
25-12-06 16:09:44.568 : --57 --> BSRNet_custom --> x4--> 291000.png
25-12-06 16:09:44.641 : ----PSNR/SSIM for (/root/media/quoc-huy/eval-wir/srbenchmarks/BSD100/LR, x4)---- : 18.0328dB / 0.2652
25-12-06 16:09:44.641 : --58 --> BSRNet_custom --> x4--> 295087.png
25-12-06 16:09:44.714 : ----PSNR/SSIM for (/root/media/quoc-huy/eval-wir/srbenchmarks/BSD100/LR, x4)---- : 24.7283dB / 0.6690
25-12-06 16:09:44.714 : --59 --> BSRNet_custom --> x4--> 296007.png
25-12-06 16:09:44.786 : ----PSNR/SSIM for (/root/media/quoc-huy/eval-wir/srbenchmarks/BSD100/LR, x4)---- : 22.4402dB / 0.6800
25-12-06 16:09:44.786 : --60 --> BSRNet_custom --> x4--> 296059.png
25-12-06 16:09:44.859 : ----PSNR/SSIM for (/root/media/quoc-huy/eval-wir/srbenchmarks/BSD100/LR, x4)---- : 24.5674dB / 0.7149
25-12-06 16:09:44.859 : --61 --> BSRNet_custom --> x4--> 299086.png
25-12-06 16:09:44.932 : ----PSNR/SSIM for (/root/media/quoc-huy/eval-wir/srbenchmarks/BSD100/LR, x4)---- : 27.5190dB / 0.6955
25-12-06 16:09:44.932 : --62 --> BSRNet_custom --> x4--> 300091.png
25-12-06 16:09:45.005 : ----PSNR/SSIM for (/root/media/quoc-huy/eval-wir/srbenchmarks/BSD100/LR, x4)---- : 26.1825dB / 0.7150
25-12-06 16:09:45.005 : --63 --> BSRNet_custom --> x4--> 302008.png
25-12-06 16:09:45.079 : ----PSNR/SSIM for (/root/media/quoc-huy/eval-wir/srbenchmarks/BSD100/LR, x4)---- : 23.6863dB / 0.8201
25-12-06 16:09:45.079 : --64 --> BSRNet_custom --> x4--> 304034.png
25-12-06 16:09:45.152 : ----PSNR/SSIM for (/root/media/quoc-huy/eval-wir/srbenchmarks/BSD100/LR, x4)---- : 22.0306dB / 0.6059
25-12-06 16:09:45.152 : --65 --> BSRNet_custom --> x4--> 304074.png
25-12-06 16:09:45.227 : ----PSNR/SSIM for (/root/media/quoc-huy/eval-wir/srbenchmarks/BSD100/LR, x4)---- : 20.5108dB / 0.4517
25-12-06 16:09:45.227 : --66 --> BSRNet_custom --> x4--> 306005.png
25-12-06 16:09:45.301 : ----PSNR/SSIM for (/root/media/quoc-huy/eval-wir/srbenchmarks/BSD100/LR, x4)---- : 24.6442dB / 0.6727
25-12-06 16:09:45.301 : --67 --> BSRNet_custom --> x4--> 3096.png
25-12-06 16:09:45.373 : ----PSNR/SSIM for (/root/media/quoc-huy/eval-wir/srbenchmarks/BSD100/LR, x4)---- : 18.6611dB / 0.9340
25-12-06 16:09:45.373 : --68 --> BSRNet_custom --> x4--> 33039.png
25-12-06 16:09:45.448 : ----PSNR/SSIM for (/root/media/quoc-huy/eval-wir/srbenchmarks/BSD100/LR, x4)---- : 18.4648dB / 0.4808
25-12-06 16:09:45.448 : --69 --> BSRNet_custom --> x4--> 351093.png
25-12-06 16:09:45.521 : ----PSNR/SSIM for (/root/media/quoc-huy/eval-wir/srbenchmarks/BSD100/LR, x4)---- : 20.3487dB / 0.5718
25-12-06 16:09:45.521 : --70 --> BSRNet_custom --> x4--> 361010.png
25-12-06 16:09:45.595 : ----PSNR/SSIM for (/root/media/quoc-huy/eval-wir/srbenchmarks/BSD100/LR, x4)---- : 24.7709dB / 0.6731
25-12-06 16:09:45.595 : --71 --> BSRNet_custom --> x4--> 37073.png
25-12-06 16:09:45.668 : ----PSNR/SSIM for (/root/media/quoc-huy/eval-wir/srbenchmarks/BSD100/LR, x4)---- : 25.3059dB / 0.6875
25-12-06 16:09:45.668 : --72 --> BSRNet_custom --> x4--> 376043.png
25-12-06 16:09:45.743 : ----PSNR/SSIM for (/root/media/quoc-huy/eval-wir/srbenchmarks/BSD100/LR, x4)---- : 22.9793dB / 0.4991
25-12-06 16:09:45.743 : --73 --> BSRNet_custom --> x4--> 38082.png
25-12-06 16:09:45.817 : ----PSNR/SSIM for (/root/media/quoc-huy/eval-wir/srbenchmarks/BSD100/LR, x4)---- : 24.7783dB / 0.5085
25-12-06 16:09:45.817 : --74 --> BSRNet_custom --> x4--> 38092.png
25-12-06 16:09:45.891 : ----PSNR/SSIM for (/root/media/quoc-huy/eval-wir/srbenchmarks/BSD100/LR, x4)---- : 23.0867dB / 0.5934
25-12-06 16:09:45.891 : --75 --> BSRNet_custom --> x4--> 385039.png
25-12-06 16:09:45.965 : ----PSNR/SSIM for (/root/media/quoc-huy/eval-wir/srbenchmarks/BSD100/LR, x4)---- : 21.7287dB / 0.6178
25-12-06 16:09:45.965 : --76 --> BSRNet_custom --> x4--> 41033.png
25-12-06 16:09:46.038 : ----PSNR/SSIM for (/root/media/quoc-huy/eval-wir/srbenchmarks/BSD100/LR, x4)---- : 26.8216dB / 0.6630
25-12-06 16:09:46.038 : --77 --> BSRNet_custom --> x4--> 41069.png
25-12-06 16:09:46.111 : ----PSNR/SSIM for (/root/media/quoc-huy/eval-wir/srbenchmarks/BSD100/LR, x4)---- : 20.0691dB / 0.3941
25-12-06 16:09:46.112 : --78 --> BSRNet_custom --> x4--> 42012.png
25-12-06 16:09:46.186 : ----PSNR/SSIM for (/root/media/quoc-huy/eval-wir/srbenchmarks/BSD100/LR, x4)---- : 25.0078dB / 0.6678
25-12-06 16:09:46.187 : --79 --> BSRNet_custom --> x4--> 42049.png
25-12-06 16:09:46.260 : ----PSNR/SSIM for (/root/media/quoc-huy/eval-wir/srbenchmarks/BSD100/LR, x4)---- : 24.8134dB / 0.8938
25-12-06 16:09:46.260 : --80 --> BSRNet_custom --> x4--> 43074.png
25-12-06 16:09:46.334 : ----PSNR/SSIM for (/root/media/quoc-huy/eval-wir/srbenchmarks/BSD100/LR, x4)---- : 25.8014dB / 0.7479
25-12-06 16:09:46.334 : --81 --> BSRNet_custom --> x4--> 45096.png
25-12-06 16:09:46.406 : ----PSNR/SSIM for (/root/media/quoc-huy/eval-wir/srbenchmarks/BSD100/LR, x4)---- : 30.0517dB / 0.8001
25-12-06 16:09:46.406 : --82 --> BSRNet_custom --> x4--> 54082.png
25-12-06 16:09:46.480 : ----PSNR/SSIM for (/root/media/quoc-huy/eval-wir/srbenchmarks/BSD100/LR, x4)---- : 25.0169dB / 0.5944
25-12-06 16:09:46.480 : --83 --> BSRNet_custom --> x4--> 55073.png
25-12-06 16:09:46.554 : ----PSNR/SSIM for (/root/media/quoc-huy/eval-wir/srbenchmarks/BSD100/LR, x4)---- : 19.7515dB / 0.3698
25-12-06 16:09:46.554 : --84 --> BSRNet_custom --> x4--> 58060.png
25-12-06 16:09:46.627 : ----PSNR/SSIM for (/root/media/quoc-huy/eval-wir/srbenchmarks/BSD100/LR, x4)---- : 19.1357dB / 0.4553
25-12-06 16:09:46.627 : --85 --> BSRNet_custom --> x4--> 62096.png
25-12-06 16:09:46.701 : ----PSNR/SSIM for (/root/media/quoc-huy/eval-wir/srbenchmarks/BSD100/LR, x4)---- : 20.0173dB / 0.6057
25-12-06 16:09:46.701 : --86 --> BSRNet_custom --> x4--> 65033.png
25-12-06 16:09:46.775 : ----PSNR/SSIM for (/root/media/quoc-huy/eval-wir/srbenchmarks/BSD100/LR, x4)---- : 19.2885dB / 0.3995
25-12-06 16:09:46.776 : --87 --> BSRNet_custom --> x4--> 66053.png
25-12-06 16:09:46.849 : ----PSNR/SSIM for (/root/media/quoc-huy/eval-wir/srbenchmarks/BSD100/LR, x4)---- : 23.3660dB / 0.5664
25-12-06 16:09:46.849 : --88 --> BSRNet_custom --> x4--> 69015.png
25-12-06 16:09:46.924 : ----PSNR/SSIM for (/root/media/quoc-huy/eval-wir/srbenchmarks/BSD100/LR, x4)---- : 23.9212dB / 0.7047
25-12-06 16:09:46.924 : --89 --> BSRNet_custom --> x4--> 69020.png
25-12-06 16:09:46.998 : ----PSNR/SSIM for (/root/media/quoc-huy/eval-wir/srbenchmarks/BSD100/LR, x4)---- : 23.6373dB / 0.3964
25-12-06 16:09:46.998 : --90 --> BSRNet_custom --> x4--> 69040.png
25-12-06 16:09:47.072 : ----PSNR/SSIM for (/root/media/quoc-huy/eval-wir/srbenchmarks/BSD100/LR, x4)---- : 19.0076dB / 0.5252
25-12-06 16:09:47.072 : --91 --> BSRNet_custom --> x4--> 76053.png
25-12-06 16:09:47.146 : ----PSNR/SSIM for (/root/media/quoc-huy/eval-wir/srbenchmarks/BSD100/LR, x4)---- : 20.2155dB / 0.5242
25-12-06 16:09:47.146 : --92 --> BSRNet_custom --> x4--> 78004.png
25-12-06 16:09:47.220 : ----PSNR/SSIM for (/root/media/quoc-huy/eval-wir/srbenchmarks/BSD100/LR, x4)---- : 23.8437dB / 0.6615
25-12-06 16:09:47.220 : --93 --> BSRNet_custom --> x4--> 8023.png
25-12-06 16:09:47.295 : ----PSNR/SSIM for (/root/media/quoc-huy/eval-wir/srbenchmarks/BSD100/LR, x4)---- : 22.6084dB / 0.7088
25-12-06 16:09:47.295 : --94 --> BSRNet_custom --> x4--> 85048.png
25-12-06 16:09:47.369 : ----PSNR/SSIM for (/root/media/quoc-huy/eval-wir/srbenchmarks/BSD100/LR, x4)---- : 17.3407dB / 0.5739
25-12-06 16:09:47.369 : --95 --> BSRNet_custom --> x4--> 86000.png
25-12-06 16:09:47.444 : ----PSNR/SSIM for (/root/media/quoc-huy/eval-wir/srbenchmarks/BSD100/LR, x4)---- : 20.4936dB / 0.6955
25-12-06 16:09:47.444 : --96 --> BSRNet_custom --> x4--> 86016.png
25-12-06 16:09:47.517 : ----PSNR/SSIM for (/root/media/quoc-huy/eval-wir/srbenchmarks/BSD100/LR, x4)---- : 18.1731dB / 0.1771
25-12-06 16:09:47.517 : --97 --> BSRNet_custom --> x4--> 86068.png
25-12-06 16:09:47.590 : ----PSNR/SSIM for (/root/media/quoc-huy/eval-wir/srbenchmarks/BSD100/LR, x4)---- : 21.9664dB / 0.4907
25-12-06 16:09:47.591 : --98 --> BSRNet_custom --> x4--> 87046.png
25-12-06 16:09:47.665 : ----PSNR/SSIM for (/root/media/quoc-huy/eval-wir/srbenchmarks/BSD100/LR, x4)---- : 21.0842dB / 0.6581
25-12-06 16:09:47.665 : --99 --> BSRNet_custom --> x4--> 89072.png
25-12-06 16:09:47.740 : ----PSNR/SSIM for (/root/media/quoc-huy/eval-wir/srbenchmarks/BSD100/LR, x4)---- : 22.6372dB / 0.5602
25-12-06 16:09:47.740 : -100 --> BSRNet_custom --> x4--> 97033.png
25-12-06 16:09:47.814 : ----PSNR/SSIM for (/root/media/quoc-huy/eval-wir/srbenchmarks/BSD100/LR, x4)---- : 22.6023dB / 0.6515
25-12-06 16:09:47.814 : ----Average PSNR/SSIM for (/root/media/quoc-huy/eval-wir/srbenchmarks/BSD100/LR, x4)---- : 22.5951dB / 0.6182
25-12-06 16:09:47.814 :  
25-12-06 16:09:50.415 :       Model Name : BSRNet_custom
25-12-06 16:09:50.867 :       Input Path : /root/media/quoc-huy/eval-wir/srbenchmarks/Urban100/LR
25-12-06 16:09:50.867 :      Output Path : /root/quoc-huy/all-tested-results/BSRNet/Urban100-type5
25-12-06 16:09:50.867 : ---1 --> BSRNet_custom --> x4--> img_001.png
25-12-06 16:09:51.285 : ----PSNR/SSIM for (/root/media/quoc-huy/eval-wir/srbenchmarks/Urban100/LR, x4)---- : 24.4083dB / 0.6688
25-12-06 16:09:51.285 : ---2 --> BSRNet_custom --> x4--> img_002.png
25-12-06 16:09:51.648 : ----PSNR/SSIM for (/root/media/quoc-huy/eval-wir/srbenchmarks/Urban100/LR, x4)---- : 21.5024dB / 0.5914
25-12-06 16:09:51.648 : ---3 --> BSRNet_custom --> x4--> img_003.png
25-12-06 16:09:51.967 : ----PSNR/SSIM for (/root/media/quoc-huy/eval-wir/srbenchmarks/Urban100/LR, x4)---- : 20.9832dB / 0.5763
25-12-06 16:09:51.967 : ---4 --> BSRNet_custom --> x4--> img_004.png
25-12-06 16:09:52.284 : ----PSNR/SSIM for (/root/media/quoc-huy/eval-wir/srbenchmarks/Urban100/LR, x4)---- : 19.5266dB / 0.7402
25-12-06 16:09:52.284 : ---5 --> BSRNet_custom --> x4--> img_005.png
25-12-06 16:09:52.640 : ----PSNR/SSIM for (/root/media/quoc-huy/eval-wir/srbenchmarks/Urban100/LR, x4)---- : 21.4340dB / 0.8061
25-12-06 16:09:52.640 : ---6 --> BSRNet_custom --> x4--> img_006.png
25-12-06 16:09:53.113 : ----PSNR/SSIM for (/root/media/quoc-huy/eval-wir/srbenchmarks/Urban100/LR, x4)---- : 19.3970dB / 0.4826
25-12-06 16:09:53.113 : ---7 --> BSRNet_custom --> x4--> img_007.png
25-12-06 16:09:53.429 : ----PSNR/SSIM for (/root/media/quoc-huy/eval-wir/srbenchmarks/Urban100/LR, x4)---- : 23.8191dB / 0.7178
25-12-06 16:09:53.430 : ---8 --> BSRNet_custom --> x4--> img_008.png
25-12-06 16:09:53.702 : ----PSNR/SSIM for (/root/media/quoc-huy/eval-wir/srbenchmarks/Urban100/LR, x4)---- : 18.3836dB / 0.4854
25-12-06 16:09:53.702 : ---9 --> BSRNet_custom --> x4--> img_009.png
25-12-06 16:09:54.067 : ----PSNR/SSIM for (/root/media/quoc-huy/eval-wir/srbenchmarks/Urban100/LR, x4)---- : 24.2956dB / 0.8513
25-12-06 16:09:54.067 : --10 --> BSRNet_custom --> x4--> img_010.png
25-12-06 16:09:54.441 : ----PSNR/SSIM for (/root/media/quoc-huy/eval-wir/srbenchmarks/Urban100/LR, x4)---- : 21.8069dB / 0.7726
25-12-06 16:09:54.441 : --11 --> BSRNet_custom --> x4--> img_011.png
25-12-06 16:09:54.708 : ----PSNR/SSIM for (/root/media/quoc-huy/eval-wir/srbenchmarks/Urban100/LR, x4)---- : 15.1235dB / 0.6612
25-12-06 16:09:54.708 : --12 --> BSRNet_custom --> x4--> img_012.png
25-12-06 16:09:55.065 : ----PSNR/SSIM for (/root/media/quoc-huy/eval-wir/srbenchmarks/Urban100/LR, x4)---- : 21.0266dB / 0.6190
25-12-06 16:09:55.065 : --13 --> BSRNet_custom --> x4--> img_013.png
25-12-06 16:09:55.423 : ----PSNR/SSIM for (/root/media/quoc-huy/eval-wir/srbenchmarks/Urban100/LR, x4)---- : 23.9050dB / 0.6745
25-12-06 16:09:55.423 : --14 --> BSRNet_custom --> x4--> img_014.png
25-12-06 16:09:55.897 : ----PSNR/SSIM for (/root/media/quoc-huy/eval-wir/srbenchmarks/Urban100/LR, x4)---- : 19.2212dB / 0.5156
25-12-06 16:09:55.897 : --15 --> BSRNet_custom --> x4--> img_015.png
25-12-06 16:09:56.255 : ----PSNR/SSIM for (/root/media/quoc-huy/eval-wir/srbenchmarks/Urban100/LR, x4)---- : 21.6454dB / 0.5702
25-12-06 16:09:56.255 : --16 --> BSRNet_custom --> x4--> img_016.png
25-12-06 16:09:56.707 : ----PSNR/SSIM for (/root/media/quoc-huy/eval-wir/srbenchmarks/Urban100/LR, x4)---- : 23.7129dB / 0.5434
25-12-06 16:09:56.707 : --17 --> BSRNet_custom --> x4--> img_017.png
25-12-06 16:09:57.026 : ----PSNR/SSIM for (/root/media/quoc-huy/eval-wir/srbenchmarks/Urban100/LR, x4)---- : 21.3888dB / 0.6627
25-12-06 16:09:57.026 : --18 --> BSRNet_custom --> x4--> img_018.png
25-12-06 16:09:57.386 : ----PSNR/SSIM for (/root/media/quoc-huy/eval-wir/srbenchmarks/Urban100/LR, x4)---- : 23.0615dB / 0.5691
25-12-06 16:09:57.386 : --19 --> BSRNet_custom --> x4--> img_019.png
25-12-06 16:09:57.698 : ----PSNR/SSIM for (/root/media/quoc-huy/eval-wir/srbenchmarks/Urban100/LR, x4)---- : 16.3266dB / 0.5436
25-12-06 16:09:57.698 : --20 --> BSRNet_custom --> x4--> img_020.png
25-12-06 16:09:58.251 : ----PSNR/SSIM for (/root/media/quoc-huy/eval-wir/srbenchmarks/Urban100/LR, x4)---- : 19.0884dB / 0.5713
25-12-06 16:09:58.251 : --21 --> BSRNet_custom --> x4--> img_021.png
25-12-06 16:09:58.678 : ----PSNR/SSIM for (/root/media/quoc-huy/eval-wir/srbenchmarks/Urban100/LR, x4)---- : 16.6495dB / 0.6301
25-12-06 16:09:58.678 : --22 --> BSRNet_custom --> x4--> img_022.png
25-12-06 16:09:58.988 : ----PSNR/SSIM for (/root/media/quoc-huy/eval-wir/srbenchmarks/Urban100/LR, x4)---- : 23.8838dB / 0.6885
25-12-06 16:09:58.988 : --23 --> BSRNet_custom --> x4--> img_023.png
25-12-06 16:09:59.457 : ----PSNR/SSIM for (/root/media/quoc-huy/eval-wir/srbenchmarks/Urban100/LR, x4)---- : 19.0913dB / 0.5377
25-12-06 16:09:59.457 : --24 --> BSRNet_custom --> x4--> img_024.png
25-12-06 16:09:59.765 : ----PSNR/SSIM for (/root/media/quoc-huy/eval-wir/srbenchmarks/Urban100/LR, x4)---- : 17.2622dB / 0.4784
25-12-06 16:09:59.765 : --25 --> BSRNet_custom --> x4--> img_025.png
25-12-06 16:10:00.096 : ----PSNR/SSIM for (/root/media/quoc-huy/eval-wir/srbenchmarks/Urban100/LR, x4)---- : 26.0274dB / 0.8027
25-12-06 16:10:00.096 : --26 --> BSRNet_custom --> x4--> img_026.png
25-12-06 16:10:00.451 : ----PSNR/SSIM for (/root/media/quoc-huy/eval-wir/srbenchmarks/Urban100/LR, x4)---- : 22.5983dB / 0.5610
25-12-06 16:10:00.451 : --27 --> BSRNet_custom --> x4--> img_027.png
25-12-06 16:10:00.838 : ----PSNR/SSIM for (/root/media/quoc-huy/eval-wir/srbenchmarks/Urban100/LR, x4)---- : 25.6700dB / 0.7217
25-12-06 16:10:00.838 : --28 --> BSRNet_custom --> x4--> img_028.png
25-12-06 16:10:01.143 : ----PSNR/SSIM for (/root/media/quoc-huy/eval-wir/srbenchmarks/Urban100/LR, x4)---- : 23.5273dB / 0.7407
25-12-06 16:10:01.143 : --29 --> BSRNet_custom --> x4--> img_029.png
25-12-06 16:10:01.460 : ----PSNR/SSIM for (/root/media/quoc-huy/eval-wir/srbenchmarks/Urban100/LR, x4)---- : 22.6047dB / 0.7548
25-12-06 16:10:01.460 : --30 --> BSRNet_custom --> x4--> img_030.png
25-12-06 16:10:01.777 : ----PSNR/SSIM for (/root/media/quoc-huy/eval-wir/srbenchmarks/Urban100/LR, x4)---- : 20.1347dB / 0.6361
25-12-06 16:10:01.777 : --31 --> BSRNet_custom --> x4--> img_031.png
25-12-06 16:10:02.086 : ----PSNR/SSIM for (/root/media/quoc-huy/eval-wir/srbenchmarks/Urban100/LR, x4)---- : 21.3301dB / 0.5835
25-12-06 16:10:02.086 : --32 --> BSRNet_custom --> x4--> img_032.png
25-12-06 16:10:02.396 : ----PSNR/SSIM for (/root/media/quoc-huy/eval-wir/srbenchmarks/Urban100/LR, x4)---- : 24.8559dB / 0.7538
25-12-06 16:10:02.396 : --33 --> BSRNet_custom --> x4--> img_033.png
25-12-06 16:10:02.708 : ----PSNR/SSIM for (/root/media/quoc-huy/eval-wir/srbenchmarks/Urban100/LR, x4)---- : 21.1778dB / 0.5947
25-12-06 16:10:02.708 : --34 --> BSRNet_custom --> x4--> img_034.png
25-12-06 16:10:03.023 : ----PSNR/SSIM for (/root/media/quoc-huy/eval-wir/srbenchmarks/Urban100/LR, x4)---- : 19.7413dB / 0.4552
25-12-06 16:10:03.023 : --35 --> BSRNet_custom --> x4--> img_035.png
25-12-06 16:10:03.339 : ----PSNR/SSIM for (/root/media/quoc-huy/eval-wir/srbenchmarks/Urban100/LR, x4)---- : 21.6152dB / 0.7103
25-12-06 16:10:03.339 : --36 --> BSRNet_custom --> x4--> img_036.png
25-12-06 16:10:03.655 : ----PSNR/SSIM for (/root/media/quoc-huy/eval-wir/srbenchmarks/Urban100/LR, x4)---- : 23.3251dB / 0.7394
25-12-06 16:10:03.655 : --37 --> BSRNet_custom --> x4--> img_037.png
25-12-06 16:10:04.014 : ----PSNR/SSIM for (/root/media/quoc-huy/eval-wir/srbenchmarks/Urban100/LR, x4)---- : 22.8831dB / 0.7037
25-12-06 16:10:04.014 : --38 --> BSRNet_custom --> x4--> img_038.png
25-12-06 16:10:04.375 : ----PSNR/SSIM for (/root/media/quoc-huy/eval-wir/srbenchmarks/Urban100/LR, x4)---- : 23.2547dB / 0.5062
25-12-06 16:10:04.375 : --39 --> BSRNet_custom --> x4--> img_039.png
25-12-06 16:10:04.733 : ----PSNR/SSIM for (/root/media/quoc-huy/eval-wir/srbenchmarks/Urban100/LR, x4)---- : 19.6945dB / 0.6062
25-12-06 16:10:04.734 : --40 --> BSRNet_custom --> x4--> img_040.png
25-12-06 16:10:05.001 : ----PSNR/SSIM for (/root/media/quoc-huy/eval-wir/srbenchmarks/Urban100/LR, x4)---- : 20.2958dB / 0.7959
25-12-06 16:10:05.002 : --41 --> BSRNet_custom --> x4--> img_041.png
25-12-06 16:10:05.318 : ----PSNR/SSIM for (/root/media/quoc-huy/eval-wir/srbenchmarks/Urban100/LR, x4)---- : 21.1551dB / 0.7339
25-12-06 16:10:05.318 : --42 --> BSRNet_custom --> x4--> img_042.png
25-12-06 16:10:05.627 : ----PSNR/SSIM for (/root/media/quoc-huy/eval-wir/srbenchmarks/Urban100/LR, x4)---- : 22.1619dB / 0.7240
25-12-06 16:10:05.627 : --43 --> BSRNet_custom --> x4--> img_043.png
25-12-06 16:10:05.938 : ----PSNR/SSIM for (/root/media/quoc-huy/eval-wir/srbenchmarks/Urban100/LR, x4)---- : 24.6993dB / 0.8539
25-12-06 16:10:05.938 : --44 --> BSRNet_custom --> x4--> img_044.png
25-12-06 16:10:06.252 : ----PSNR/SSIM for (/root/media/quoc-huy/eval-wir/srbenchmarks/Urban100/LR, x4)---- : 25.4551dB / 0.7318
25-12-06 16:10:06.253 : --45 --> BSRNet_custom --> x4--> img_045.png
25-12-06 16:10:06.610 : ----PSNR/SSIM for (/root/media/quoc-huy/eval-wir/srbenchmarks/Urban100/LR, x4)---- : 18.3786dB / 0.5206
25-12-06 16:10:06.610 : --46 --> BSRNet_custom --> x4--> img_046.png
25-12-06 16:10:06.928 : ----PSNR/SSIM for (/root/media/quoc-huy/eval-wir/srbenchmarks/Urban100/LR, x4)---- : 21.4561dB / 0.7051
25-12-06 16:10:06.928 : --47 --> BSRNet_custom --> x4--> img_047.png
25-12-06 16:10:07.215 : ----PSNR/SSIM for (/root/media/quoc-huy/eval-wir/srbenchmarks/Urban100/LR, x4)---- : 16.8151dB / 0.5310
25-12-06 16:10:07.215 : --48 --> BSRNet_custom --> x4--> img_048.png
25-12-06 16:10:07.530 : ----PSNR/SSIM for (/root/media/quoc-huy/eval-wir/srbenchmarks/Urban100/LR, x4)---- : 16.5302dB / 0.6399
25-12-06 16:10:07.530 : --49 --> BSRNet_custom --> x4--> img_049.png
25-12-06 16:10:07.850 : ----PSNR/SSIM for (/root/media/quoc-huy/eval-wir/srbenchmarks/Urban100/LR, x4)---- : 20.5888dB / 0.6485
25-12-06 16:10:07.850 : --50 --> BSRNet_custom --> x4--> img_050.png
25-12-06 16:10:08.164 : ----PSNR/SSIM for (/root/media/quoc-huy/eval-wir/srbenchmarks/Urban100/LR, x4)---- : 21.7214dB / 0.6913
25-12-06 16:10:08.164 : --51 --> BSRNet_custom --> x4--> img_051.png
25-12-06 16:10:08.478 : ----PSNR/SSIM for (/root/media/quoc-huy/eval-wir/srbenchmarks/Urban100/LR, x4)---- : 21.0607dB / 0.6342
25-12-06 16:10:08.478 : --52 --> BSRNet_custom --> x4--> img_052.png
25-12-06 16:10:08.794 : ----PSNR/SSIM for (/root/media/quoc-huy/eval-wir/srbenchmarks/Urban100/LR, x4)---- : 22.2952dB / 0.7465
25-12-06 16:10:08.802 : --53 --> BSRNet_custom --> x4--> img_053.png
25-12-06 16:10:09.113 : ----PSNR/SSIM for (/root/media/quoc-huy/eval-wir/srbenchmarks/Urban100/LR, x4)---- : 19.0360dB / 0.5984
25-12-06 16:10:09.113 : --54 --> BSRNet_custom --> x4--> img_054.png
25-12-06 16:10:09.428 : ----PSNR/SSIM for (/root/media/quoc-huy/eval-wir/srbenchmarks/Urban100/LR, x4)---- : 19.2457dB / 0.5806
25-12-06 16:10:09.428 : --55 --> BSRNet_custom --> x4--> img_055.png
25-12-06 16:10:09.791 : ----PSNR/SSIM for (/root/media/quoc-huy/eval-wir/srbenchmarks/Urban100/LR, x4)---- : 24.7279dB / 0.8879
25-12-06 16:10:09.791 : --56 --> BSRNet_custom --> x4--> img_056.png
25-12-06 16:10:10.164 : ----PSNR/SSIM for (/root/media/quoc-huy/eval-wir/srbenchmarks/Urban100/LR, x4)---- : 20.1004dB / 0.5631
25-12-06 16:10:10.164 : --57 --> BSRNet_custom --> x4--> img_057.png
25-12-06 16:10:10.492 : ----PSNR/SSIM for (/root/media/quoc-huy/eval-wir/srbenchmarks/Urban100/LR, x4)---- : 26.0417dB / 0.7903
25-12-06 16:10:10.492 : --58 --> BSRNet_custom --> x4--> img_058.png
25-12-06 16:10:10.810 : ----PSNR/SSIM for (/root/media/quoc-huy/eval-wir/srbenchmarks/Urban100/LR, x4)---- : 22.0618dB / 0.7277
25-12-06 16:10:10.810 : --59 --> BSRNet_custom --> x4--> img_059.png
25-12-06 16:10:11.114 : ----PSNR/SSIM for (/root/media/quoc-huy/eval-wir/srbenchmarks/Urban100/LR, x4)---- : 19.1498dB / 0.6476
25-12-06 16:10:11.114 : --60 --> BSRNet_custom --> x4--> img_060.png
25-12-06 16:10:11.431 : ----PSNR/SSIM for (/root/media/quoc-huy/eval-wir/srbenchmarks/Urban100/LR, x4)---- : 20.0997dB / 0.4479
25-12-06 16:10:11.431 : --61 --> BSRNet_custom --> x4--> img_061.png
25-12-06 16:10:11.743 : ----PSNR/SSIM for (/root/media/quoc-huy/eval-wir/srbenchmarks/Urban100/LR, x4)---- : 22.1357dB / 0.6617
25-12-06 16:10:11.743 : --62 --> BSRNet_custom --> x4--> img_062.png
25-12-06 16:10:12.053 : ----PSNR/SSIM for (/root/media/quoc-huy/eval-wir/srbenchmarks/Urban100/LR, x4)---- : 17.8335dB / 0.5982
25-12-06 16:10:12.054 : --63 --> BSRNet_custom --> x4--> img_063.png
25-12-06 16:10:12.495 : ----PSNR/SSIM for (/root/media/quoc-huy/eval-wir/srbenchmarks/Urban100/LR, x4)---- : 18.5910dB / 0.4778
25-12-06 16:10:12.495 : --64 --> BSRNet_custom --> x4--> img_064.png
25-12-06 16:10:12.813 : ----PSNR/SSIM for (/root/media/quoc-huy/eval-wir/srbenchmarks/Urban100/LR, x4)---- : 23.7346dB / 0.7068
25-12-06 16:10:12.813 : --65 --> BSRNet_custom --> x4--> img_065.png
25-12-06 16:10:13.130 : ----PSNR/SSIM for (/root/media/quoc-huy/eval-wir/srbenchmarks/Urban100/LR, x4)---- : 20.3258dB / 0.5128
25-12-06 16:10:13.130 : --66 --> BSRNet_custom --> x4--> img_066.png
25-12-06 16:10:13.530 : ----PSNR/SSIM for (/root/media/quoc-huy/eval-wir/srbenchmarks/Urban100/LR, x4)---- : 18.4309dB / 0.5171
25-12-06 16:10:13.530 : --67 --> BSRNet_custom --> x4--> img_067.png
25-12-06 16:10:13.841 : ----PSNR/SSIM for (/root/media/quoc-huy/eval-wir/srbenchmarks/Urban100/LR, x4)---- : 16.0784dB / 0.7240
25-12-06 16:10:13.841 : --68 --> BSRNet_custom --> x4--> img_068.png
25-12-06 16:10:14.315 : ----PSNR/SSIM for (/root/media/quoc-huy/eval-wir/srbenchmarks/Urban100/LR, x4)---- : 17.7726dB / 0.5246
25-12-06 16:10:14.315 : --69 --> BSRNet_custom --> x4--> img_069.png
25-12-06 16:10:14.758 : ----PSNR/SSIM for (/root/media/quoc-huy/eval-wir/srbenchmarks/Urban100/LR, x4)---- : 21.9614dB / 0.6611
25-12-06 16:10:14.758 : --70 --> BSRNet_custom --> x4--> img_070.png
25-12-06 16:10:15.113 : ----PSNR/SSIM for (/root/media/quoc-huy/eval-wir/srbenchmarks/Urban100/LR, x4)---- : 19.8929dB / 0.4838
25-12-06 16:10:15.113 : --71 --> BSRNet_custom --> x4--> img_071.png
25-12-06 16:10:15.469 : ----PSNR/SSIM for (/root/media/quoc-huy/eval-wir/srbenchmarks/Urban100/LR, x4)---- : 24.4540dB / 0.5508
25-12-06 16:10:15.469 : --72 --> BSRNet_custom --> x4--> img_072.png
25-12-06 16:10:15.784 : ----PSNR/SSIM for (/root/media/quoc-huy/eval-wir/srbenchmarks/Urban100/LR, x4)---- : 16.7200dB / 0.6875
25-12-06 16:10:15.785 : --73 --> BSRNet_custom --> x4--> img_073.png
25-12-06 16:10:16.148 : ----PSNR/SSIM for (/root/media/quoc-huy/eval-wir/srbenchmarks/Urban100/LR, x4)---- : 18.4419dB / 0.4542
25-12-06 16:10:16.148 : --74 --> BSRNet_custom --> x4--> img_074.png
25-12-06 16:10:16.459 : ----PSNR/SSIM for (/root/media/quoc-huy/eval-wir/srbenchmarks/Urban100/LR, x4)---- : 21.1684dB / 0.5725
25-12-06 16:10:16.459 : --75 --> BSRNet_custom --> x4--> img_075.png
25-12-06 16:10:16.781 : ----PSNR/SSIM for (/root/media/quoc-huy/eval-wir/srbenchmarks/Urban100/LR, x4)---- : 26.6146dB / 0.8182
25-12-06 16:10:16.782 : --76 --> BSRNet_custom --> x4--> img_076.png
25-12-06 16:10:17.096 : ----PSNR/SSIM for (/root/media/quoc-huy/eval-wir/srbenchmarks/Urban100/LR, x4)---- : 19.1346dB / 0.5245
25-12-06 16:10:17.096 : --77 --> BSRNet_custom --> x4--> img_077.png
25-12-06 16:10:17.408 : ----PSNR/SSIM for (/root/media/quoc-huy/eval-wir/srbenchmarks/Urban100/LR, x4)---- : 20.8061dB / 0.6121
25-12-06 16:10:17.408 : --78 --> BSRNet_custom --> x4--> img_078.png
25-12-06 16:10:17.749 : ----PSNR/SSIM for (/root/media/quoc-huy/eval-wir/srbenchmarks/Urban100/LR, x4)---- : 23.1665dB / 0.5963
25-12-06 16:10:17.749 : --79 --> BSRNet_custom --> x4--> img_079.png
25-12-06 16:10:18.106 : ----PSNR/SSIM for (/root/media/quoc-huy/eval-wir/srbenchmarks/Urban100/LR, x4)---- : 21.5133dB / 0.5271
25-12-06 16:10:18.106 : --80 --> BSRNet_custom --> x4--> img_080.png
25-12-06 16:10:18.480 : ----PSNR/SSIM for (/root/media/quoc-huy/eval-wir/srbenchmarks/Urban100/LR, x4)---- : 21.6856dB / 0.8979
25-12-06 16:10:18.480 : --81 --> BSRNet_custom --> x4--> img_081.png
25-12-06 16:10:18.956 : ----PSNR/SSIM for (/root/media/quoc-huy/eval-wir/srbenchmarks/Urban100/LR, x4)---- : 22.7956dB / 0.6830
25-12-06 16:10:18.956 : --82 --> BSRNet_custom --> x4--> img_082.png
25-12-06 16:10:19.421 : ----PSNR/SSIM for (/root/media/quoc-huy/eval-wir/srbenchmarks/Urban100/LR, x4)---- : 24.5502dB / 0.8149
25-12-06 16:10:19.421 : --83 --> BSRNet_custom --> x4--> img_083.png
25-12-06 16:10:19.897 : ----PSNR/SSIM for (/root/media/quoc-huy/eval-wir/srbenchmarks/Urban100/LR, x4)---- : 19.4830dB / 0.5606
25-12-06 16:10:19.897 : --84 --> BSRNet_custom --> x4--> img_084.png
25-12-06 16:10:20.376 : ----PSNR/SSIM for (/root/media/quoc-huy/eval-wir/srbenchmarks/Urban100/LR, x4)---- : 24.7390dB / 0.7099
25-12-06 16:10:20.377 : --85 --> BSRNet_custom --> x4--> img_085.png
25-12-06 16:10:20.682 : ----PSNR/SSIM for (/root/media/quoc-huy/eval-wir/srbenchmarks/Urban100/LR, x4)---- : 23.5989dB / 0.7383
25-12-06 16:10:20.682 : --86 --> BSRNet_custom --> x4--> img_086.png
25-12-06 16:10:21.035 : ----PSNR/SSIM for (/root/media/quoc-huy/eval-wir/srbenchmarks/Urban100/LR, x4)---- : 22.3797dB / 0.7811
25-12-06 16:10:21.035 : --87 --> BSRNet_custom --> x4--> img_087.png
25-12-06 16:10:21.511 : ----PSNR/SSIM for (/root/media/quoc-huy/eval-wir/srbenchmarks/Urban100/LR, x4)---- : 22.8881dB / 0.7582
25-12-06 16:10:21.512 : --88 --> BSRNet_custom --> x4--> img_088.png
25-12-06 16:10:21.824 : ----PSNR/SSIM for (/root/media/quoc-huy/eval-wir/srbenchmarks/Urban100/LR, x4)---- : 18.0257dB / 0.4805
25-12-06 16:10:21.824 : --89 --> BSRNet_custom --> x4--> img_089.png
25-12-06 16:10:22.186 : ----PSNR/SSIM for (/root/media/quoc-huy/eval-wir/srbenchmarks/Urban100/LR, x4)---- : 23.5801dB / 0.6129
25-12-06 16:10:22.186 : --90 --> BSRNet_custom --> x4--> img_090.png
25-12-06 16:10:22.496 : ----PSNR/SSIM for (/root/media/quoc-huy/eval-wir/srbenchmarks/Urban100/LR, x4)---- : 25.8179dB / 0.8629
25-12-06 16:10:22.496 : --91 --> BSRNet_custom --> x4--> img_091.png
25-12-06 16:10:22.807 : ----PSNR/SSIM for (/root/media/quoc-huy/eval-wir/srbenchmarks/Urban100/LR, x4)---- : 19.8908dB / 0.4757
25-12-06 16:10:22.807 : --92 --> BSRNet_custom --> x4--> img_092.png
25-12-06 16:10:23.124 : ----PSNR/SSIM for (/root/media/quoc-huy/eval-wir/srbenchmarks/Urban100/LR, x4)---- : 15.7916dB / 0.4946
25-12-06 16:10:23.124 : --93 --> BSRNet_custom --> x4--> img_093.png
25-12-06 16:10:23.481 : ----PSNR/SSIM for (/root/media/quoc-huy/eval-wir/srbenchmarks/Urban100/LR, x4)---- : 17.5957dB / 0.6623
25-12-06 16:10:23.481 : --94 --> BSRNet_custom --> x4--> img_094.png
25-12-06 16:10:23.838 : ----PSNR/SSIM for (/root/media/quoc-huy/eval-wir/srbenchmarks/Urban100/LR, x4)---- : 23.4471dB / 0.6291
25-12-06 16:10:23.838 : --95 --> BSRNet_custom --> x4--> img_095.png
25-12-06 16:10:24.192 : ----PSNR/SSIM for (/root/media/quoc-huy/eval-wir/srbenchmarks/Urban100/LR, x4)---- : 15.5313dB / 0.2433
25-12-06 16:10:24.192 : --96 --> BSRNet_custom --> x4--> img_096.png
25-12-06 16:10:24.551 : ----PSNR/SSIM for (/root/media/quoc-huy/eval-wir/srbenchmarks/Urban100/LR, x4)---- : 18.2393dB / 0.6060
25-12-06 16:10:24.551 : --97 --> BSRNet_custom --> x4--> img_097.png
25-12-06 16:10:24.869 : ----PSNR/SSIM for (/root/media/quoc-huy/eval-wir/srbenchmarks/Urban100/LR, x4)---- : 21.7350dB / 0.6829
25-12-06 16:10:24.869 : --98 --> BSRNet_custom --> x4--> img_098.png
25-12-06 16:10:25.181 : ----PSNR/SSIM for (/root/media/quoc-huy/eval-wir/srbenchmarks/Urban100/LR, x4)---- : 17.6748dB / 0.2858
25-12-06 16:10:25.181 : --99 --> BSRNet_custom --> x4--> img_099.png
25-12-06 16:10:25.557 : ----PSNR/SSIM for (/root/media/quoc-huy/eval-wir/srbenchmarks/Urban100/LR, x4)---- : 21.5408dB / 0.5294
25-12-06 16:10:25.557 : -100 --> BSRNet_custom --> x4--> img_100.png
25-12-06 16:10:26.040 : ----PSNR/SSIM for (/root/media/quoc-huy/eval-wir/srbenchmarks/Urban100/LR, x4)---- : 22.4828dB / 0.6285
25-12-06 16:10:26.040 : ----Average PSNR/SSIM for (/root/media/quoc-huy/eval-wir/srbenchmarks/Urban100/LR, x4)---- : 21.1071dB / 0.6338
25-12-06 16:10:26.040 :  
25-12-06 16:11:35.285 :       Model Name : BSRGAN_custom
25-12-06 16:11:35.761 :       Input Path : /root/media/quoc-huy/eval-wir/srbenchmarks/Set5/LR
25-12-06 16:11:35.761 :      Output Path : /root/quoc-huy/all-tested-results/BSRGAN/Set5-type5
25-12-06 16:11:35.761 : ---1 --> BSRGAN_custom --> x4--> baby.png
25-12-06 16:11:35.987 : ----PSNR/SSIM for (/root/media/quoc-huy/eval-wir/srbenchmarks/Set5/LR, x4)---- : 26.5708dB / 0.7606
25-12-06 16:11:35.987 : ---2 --> BSRGAN_custom --> x4--> bird.png
25-12-06 16:11:36.039 : ----PSNR/SSIM for (/root/media/quoc-huy/eval-wir/srbenchmarks/Set5/LR, x4)---- : 27.9357dB / 0.8330
25-12-06 16:11:36.039 : ---3 --> BSRGAN_custom --> x4--> butterfly.png
25-12-06 16:11:36.087 : ----PSNR/SSIM for (/root/media/quoc-huy/eval-wir/srbenchmarks/Set5/LR, x4)---- : 19.6601dB / 0.8150
25-12-06 16:11:36.087 : ---4 --> BSRGAN_custom --> x4--> head.png
25-12-06 16:11:36.135 : ----PSNR/SSIM for (/root/media/quoc-huy/eval-wir/srbenchmarks/Set5/LR, x4)---- : 22.8957dB / 0.5854
25-12-06 16:11:36.135 : ---5 --> BSRGAN_custom --> x4--> woman.png
25-12-06 16:11:36.180 : ----PSNR/SSIM for (/root/media/quoc-huy/eval-wir/srbenchmarks/Set5/LR, x4)---- : 22.8446dB / 0.7302
25-12-06 16:11:36.180 : ----Average PSNR/SSIM for (/root/media/quoc-huy/eval-wir/srbenchmarks/Set5/LR, x4)---- : 23.9814dB / 0.7448
25-12-06 16:11:36.180 :  
25-12-06 16:11:38.751 :       Model Name : BSRGAN_custom
25-12-06 16:11:39.209 :       Input Path : /root/media/quoc-huy/eval-wir/srbenchmarks/Set14/LR
25-12-06 16:11:39.209 :      Output Path : /root/quoc-huy/all-tested-results/BSRGAN/Set14-type5
25-12-06 16:11:39.209 : ---1 --> BSRGAN_custom --> x4--> baboon.png
25-12-06 16:11:39.427 : ----PSNR/SSIM for (/root/media/quoc-huy/eval-wir/srbenchmarks/Set14/LR, x4)---- : 18.8825dB / 0.3882
25-12-06 16:11:39.427 : ---2 --> BSRGAN_custom --> x4--> barbara.png
25-12-06 16:11:39.631 : ----PSNR/SSIM for (/root/media/quoc-huy/eval-wir/srbenchmarks/Set14/LR, x4)---- : 22.8433dB / 0.6118
25-12-06 16:11:39.632 : ---3 --> BSRGAN_custom --> x4--> bridge.png
25-12-06 16:11:39.757 : ----PSNR/SSIM for (/root/media/quoc-huy/eval-wir/srbenchmarks/Set14/LR, x4)---- : 20.2202dB / 0.4319
25-12-06 16:11:39.757 : ---4 --> BSRGAN_custom --> x4--> coastguard.png
25-12-06 16:11:39.816 : ----PSNR/SSIM for (/root/media/quoc-huy/eval-wir/srbenchmarks/Set14/LR, x4)---- : 19.2979dB / 0.4350
25-12-06 16:11:39.816 : ---5 --> BSRGAN_custom --> x4--> comic.png
25-12-06 16:11:39.872 : ----PSNR/SSIM for (/root/media/quoc-huy/eval-wir/srbenchmarks/Set14/LR, x4)---- : 18.3671dB / 0.5292
25-12-06 16:11:39.872 : ---6 --> BSRGAN_custom --> x4--> face.png
25-12-06 16:11:39.922 : ----PSNR/SSIM for (/root/media/quoc-huy/eval-wir/srbenchmarks/Set14/LR, x4)---- : 29.4033dB / 0.6894
25-12-06 16:11:39.922 : ---7 --> BSRGAN_custom --> x4--> flowers.png
25-12-06 16:11:40.017 : ----PSNR/SSIM for (/root/media/quoc-huy/eval-wir/srbenchmarks/Set14/LR, x4)---- : 22.0551dB / 0.6957
25-12-06 16:11:40.017 : ---8 --> BSRGAN_custom --> x4--> foreman.png
25-12-06 16:11:40.074 : ----PSNR/SSIM for (/root/media/quoc-huy/eval-wir/srbenchmarks/Set14/LR, x4)---- : 25.1085dB / 0.8631
25-12-06 16:11:40.074 : ---9 --> BSRGAN_custom --> x4--> lenna.png
25-12-06 16:11:40.199 : ----PSNR/SSIM for (/root/media/quoc-huy/eval-wir/srbenchmarks/Set14/LR, x4)---- : 26.1855dB / 0.7315
25-12-06 16:11:40.199 : --10 --> BSRGAN_custom --> x4--> man.png
25-12-06 16:11:40.321 : ----PSNR/SSIM for (/root/media/quoc-huy/eval-wir/srbenchmarks/Set14/LR, x4)---- : 24.0058dB / 0.6291
25-12-06 16:11:40.321 : --11 --> BSRGAN_custom --> x4--> monarch.png
25-12-06 16:11:40.508 : ----PSNR/SSIM for (/root/media/quoc-huy/eval-wir/srbenchmarks/Set14/LR, x4)---- : 25.5188dB / 0.8622
25-12-06 16:11:40.508 : --12 --> BSRGAN_custom --> x4--> pepper.png
25-12-06 16:11:40.632 : ----PSNR/SSIM for (/root/media/quoc-huy/eval-wir/srbenchmarks/Set14/LR, x4)---- : 24.8516dB / 0.7736
25-12-06 16:11:40.632 : --13 --> BSRGAN_custom --> x4--> ppt3.png
25-12-06 16:11:40.799 : ----PSNR/SSIM for (/root/media/quoc-huy/eval-wir/srbenchmarks/Set14/LR, x4)---- : 22.6445dB / 0.8749
25-12-06 16:11:40.799 : --14 --> BSRGAN_custom --> x4--> zebra.png
25-12-06 16:11:40.913 : ----PSNR/SSIM for (/root/media/quoc-huy/eval-wir/srbenchmarks/Set14/LR, x4)---- : 21.8438dB / 0.6392
25-12-06 16:11:40.913 : ----Average PSNR/SSIM for (/root/media/quoc-huy/eval-wir/srbenchmarks/Set14/LR, x4)---- : 22.9449dB / 0.6539
25-12-06 16:11:40.914 :  
25-12-06 16:11:43.470 :       Model Name : BSRGAN_custom
25-12-06 16:11:43.948 :       Input Path : /root/media/quoc-huy/eval-wir/srbenchmarks/BSD100/LR
25-12-06 16:11:43.948 :      Output Path : /root/quoc-huy/all-tested-results/BSRGAN/BSD100-type5
25-12-06 16:11:43.949 : ---1 --> BSRGAN_custom --> x4--> 101085.png
25-12-06 16:11:44.117 : ----PSNR/SSIM for (/root/media/quoc-huy/eval-wir/srbenchmarks/BSD100/LR, x4)---- : 21.2494dB / 0.4833
25-12-06 16:11:44.118 : ---2 --> BSRGAN_custom --> x4--> 101087.png
25-12-06 16:11:44.199 : ----PSNR/SSIM for (/root/media/quoc-huy/eval-wir/srbenchmarks/BSD100/LR, x4)---- : 23.9674dB / 0.7538
25-12-06 16:11:44.199 : ---3 --> BSRGAN_custom --> x4--> 102061.png
25-12-06 16:11:44.281 : ----PSNR/SSIM for (/root/media/quoc-huy/eval-wir/srbenchmarks/BSD100/LR, x4)---- : 23.1589dB / 0.7010
25-12-06 16:11:44.281 : ---4 --> BSRGAN_custom --> x4--> 103070.png
25-12-06 16:11:44.357 : ----PSNR/SSIM for (/root/media/quoc-huy/eval-wir/srbenchmarks/BSD100/LR, x4)---- : 22.8572dB / 0.6690
25-12-06 16:11:44.357 : ---5 --> BSRGAN_custom --> x4--> 105025.png
25-12-06 16:11:44.430 : ----PSNR/SSIM for (/root/media/quoc-huy/eval-wir/srbenchmarks/BSD100/LR, x4)---- : 18.1571dB / 0.5251
25-12-06 16:11:44.430 : ---6 --> BSRGAN_custom --> x4--> 106024.png
25-12-06 16:11:44.503 : ----PSNR/SSIM for (/root/media/quoc-huy/eval-wir/srbenchmarks/BSD100/LR, x4)---- : 22.1410dB / 0.7631
25-12-06 16:11:44.503 : ---7 --> BSRGAN_custom --> x4--> 108005.png
25-12-06 16:11:44.577 : ----PSNR/SSIM for (/root/media/quoc-huy/eval-wir/srbenchmarks/BSD100/LR, x4)---- : 19.0692dB / 0.4722
25-12-06 16:11:44.577 : ---8 --> BSRGAN_custom --> x4--> 108070.png
25-12-06 16:11:44.650 : ----PSNR/SSIM for (/root/media/quoc-huy/eval-wir/srbenchmarks/BSD100/LR, x4)---- : 18.3701dB / 0.3592
25-12-06 16:11:44.650 : ---9 --> BSRGAN_custom --> x4--> 108082.png
25-12-06 16:11:44.723 : ----PSNR/SSIM for (/root/media/quoc-huy/eval-wir/srbenchmarks/BSD100/LR, x4)---- : 18.0359dB / 0.4117
25-12-06 16:11:44.723 : --10 --> BSRGAN_custom --> x4--> 109053.png
25-12-06 16:11:44.797 : ----PSNR/SSIM for (/root/media/quoc-huy/eval-wir/srbenchmarks/BSD100/LR, x4)---- : 25.8364dB / 0.6832
25-12-06 16:11:44.797 : --11 --> BSRGAN_custom --> x4--> 119082.png
25-12-06 16:11:44.871 : ----PSNR/SSIM for (/root/media/quoc-huy/eval-wir/srbenchmarks/BSD100/LR, x4)---- : 21.1200dB / 0.5812
25-12-06 16:11:44.871 : --12 --> BSRGAN_custom --> x4--> 12084.png
25-12-06 16:11:44.945 : ----PSNR/SSIM for (/root/media/quoc-huy/eval-wir/srbenchmarks/BSD100/LR, x4)---- : 21.4434dB / 0.5791
25-12-06 16:11:44.945 : --13 --> BSRGAN_custom --> x4--> 123074.png
25-12-06 16:11:45.019 : ----PSNR/SSIM for (/root/media/quoc-huy/eval-wir/srbenchmarks/BSD100/LR, x4)---- : 20.9886dB / 0.6560
25-12-06 16:11:45.019 : --14 --> BSRGAN_custom --> x4--> 126007.png
25-12-06 16:11:45.092 : ----PSNR/SSIM for (/root/media/quoc-huy/eval-wir/srbenchmarks/BSD100/LR, x4)---- : 21.9621dB / 0.6906
25-12-06 16:11:45.093 : --15 --> BSRGAN_custom --> x4--> 130026.png
25-12-06 16:11:45.166 : ----PSNR/SSIM for (/root/media/quoc-huy/eval-wir/srbenchmarks/BSD100/LR, x4)---- : 18.5450dB / 0.4483
25-12-06 16:11:45.166 : --16 --> BSRGAN_custom --> x4--> 134035.png
25-12-06 16:11:45.240 : ----PSNR/SSIM for (/root/media/quoc-huy/eval-wir/srbenchmarks/BSD100/LR, x4)---- : 19.8869dB / 0.5395
25-12-06 16:11:45.240 : --17 --> BSRGAN_custom --> x4--> 14037.png
25-12-06 16:11:45.313 : ----PSNR/SSIM for (/root/media/quoc-huy/eval-wir/srbenchmarks/BSD100/LR, x4)---- : 28.5370dB / 0.7755
25-12-06 16:11:45.314 : --18 --> BSRGAN_custom --> x4--> 143090.png
25-12-06 16:11:45.387 : ----PSNR/SSIM for (/root/media/quoc-huy/eval-wir/srbenchmarks/BSD100/LR, x4)---- : 22.6349dB / 0.7920
25-12-06 16:11:45.387 : --19 --> BSRGAN_custom --> x4--> 145086.png
25-12-06 16:11:45.460 : ----PSNR/SSIM for (/root/media/quoc-huy/eval-wir/srbenchmarks/BSD100/LR, x4)---- : 22.3012dB / 0.5967
25-12-06 16:11:45.461 : --20 --> BSRGAN_custom --> x4--> 147091.png
25-12-06 16:11:45.534 : ----PSNR/SSIM for (/root/media/quoc-huy/eval-wir/srbenchmarks/BSD100/LR, x4)---- : 22.8017dB / 0.7064
25-12-06 16:11:45.534 : --21 --> BSRGAN_custom --> x4--> 148026.png
25-12-06 16:11:45.609 : ----PSNR/SSIM for (/root/media/quoc-huy/eval-wir/srbenchmarks/BSD100/LR, x4)---- : 18.9031dB / 0.5543
25-12-06 16:11:45.609 : --22 --> BSRGAN_custom --> x4--> 148089.png
25-12-06 16:11:45.683 : ----PSNR/SSIM for (/root/media/quoc-huy/eval-wir/srbenchmarks/BSD100/LR, x4)---- : 21.3057dB / 0.5298
25-12-06 16:11:45.683 : --23 --> BSRGAN_custom --> x4--> 156065.png
25-12-06 16:11:45.756 : ----PSNR/SSIM for (/root/media/quoc-huy/eval-wir/srbenchmarks/BSD100/LR, x4)---- : 20.2981dB / 0.4214
25-12-06 16:11:45.756 : --24 --> BSRGAN_custom --> x4--> 157055.png
25-12-06 16:11:45.830 : ----PSNR/SSIM for (/root/media/quoc-huy/eval-wir/srbenchmarks/BSD100/LR, x4)---- : 18.4622dB / 0.6229
25-12-06 16:11:45.830 : --25 --> BSRGAN_custom --> x4--> 159008.png
25-12-06 16:11:45.903 : ----PSNR/SSIM for (/root/media/quoc-huy/eval-wir/srbenchmarks/BSD100/LR, x4)---- : 22.1403dB / 0.6216
25-12-06 16:11:45.904 : --26 --> BSRGAN_custom --> x4--> 160068.png
25-12-06 16:11:45.977 : ----PSNR/SSIM for (/root/media/quoc-huy/eval-wir/srbenchmarks/BSD100/LR, x4)---- : 23.1916dB / 0.7294
25-12-06 16:11:45.977 : --27 --> BSRGAN_custom --> x4--> 16077.png
25-12-06 16:11:46.051 : ----PSNR/SSIM for (/root/media/quoc-huy/eval-wir/srbenchmarks/BSD100/LR, x4)---- : 22.7131dB / 0.5574
25-12-06 16:11:46.051 : --28 --> BSRGAN_custom --> x4--> 163085.png
25-12-06 16:11:46.125 : ----PSNR/SSIM for (/root/media/quoc-huy/eval-wir/srbenchmarks/BSD100/LR, x4)---- : 23.5770dB / 0.6558
25-12-06 16:11:46.125 : --29 --> BSRGAN_custom --> x4--> 167062.png
25-12-06 16:11:46.197 : ----PSNR/SSIM for (/root/media/quoc-huy/eval-wir/srbenchmarks/BSD100/LR, x4)---- : 26.1964dB / 0.7369
25-12-06 16:11:46.197 : --30 --> BSRGAN_custom --> x4--> 167083.png
25-12-06 16:11:46.272 : ----PSNR/SSIM for (/root/media/quoc-huy/eval-wir/srbenchmarks/BSD100/LR, x4)---- : 17.3020dB / 0.3586
25-12-06 16:11:46.272 : --31 --> BSRGAN_custom --> x4--> 170057.png
25-12-06 16:11:46.345 : ----PSNR/SSIM for (/root/media/quoc-huy/eval-wir/srbenchmarks/BSD100/LR, x4)---- : 25.5168dB / 0.6295
25-12-06 16:11:46.345 : --32 --> BSRGAN_custom --> x4--> 175032.png
25-12-06 16:11:46.420 : ----PSNR/SSIM for (/root/media/quoc-huy/eval-wir/srbenchmarks/BSD100/LR, x4)---- : 17.0884dB / 0.2266
25-12-06 16:11:46.420 : --33 --> BSRGAN_custom --> x4--> 175043.png
25-12-06 16:11:46.493 : ----PSNR/SSIM for (/root/media/quoc-huy/eval-wir/srbenchmarks/BSD100/LR, x4)---- : 18.9357dB / 0.4644
25-12-06 16:11:46.493 : --34 --> BSRGAN_custom --> x4--> 182053.png
25-12-06 16:11:46.566 : ----PSNR/SSIM for (/root/media/quoc-huy/eval-wir/srbenchmarks/BSD100/LR, x4)---- : 19.9207dB / 0.6021
25-12-06 16:11:46.566 : --35 --> BSRGAN_custom --> x4--> 189080.png
25-12-06 16:11:46.641 : ----PSNR/SSIM for (/root/media/quoc-huy/eval-wir/srbenchmarks/BSD100/LR, x4)---- : 27.3730dB / 0.8182
25-12-06 16:11:46.641 : --36 --> BSRGAN_custom --> x4--> 19021.png
25-12-06 16:11:46.714 : ----PSNR/SSIM for (/root/media/quoc-huy/eval-wir/srbenchmarks/BSD100/LR, x4)---- : 20.4625dB / 0.5046
25-12-06 16:11:46.714 : --37 --> BSRGAN_custom --> x4--> 196073.png
25-12-06 16:11:46.786 : ----PSNR/SSIM for (/root/media/quoc-huy/eval-wir/srbenchmarks/BSD100/LR, x4)---- : 16.6115dB / 0.3669
25-12-06 16:11:46.786 : --38 --> BSRGAN_custom --> x4--> 197017.png
25-12-06 16:11:46.860 : ----PSNR/SSIM for (/root/media/quoc-huy/eval-wir/srbenchmarks/BSD100/LR, x4)---- : 23.9415dB / 0.6047
25-12-06 16:11:46.860 : --39 --> BSRGAN_custom --> x4--> 208001.png
25-12-06 16:11:46.937 : ----PSNR/SSIM for (/root/media/quoc-huy/eval-wir/srbenchmarks/BSD100/LR, x4)---- : 19.8159dB / 0.5022
25-12-06 16:11:46.937 : --40 --> BSRGAN_custom --> x4--> 210088.png
25-12-06 16:11:47.012 : ----PSNR/SSIM for (/root/media/quoc-huy/eval-wir/srbenchmarks/BSD100/LR, x4)---- : 25.4005dB / 0.8026
25-12-06 16:11:47.012 : --41 --> BSRGAN_custom --> x4--> 21077.png
25-12-06 16:11:47.087 : ----PSNR/SSIM for (/root/media/quoc-huy/eval-wir/srbenchmarks/BSD100/LR, x4)---- : 20.2173dB / 0.6234
25-12-06 16:11:47.087 : --42 --> BSRGAN_custom --> x4--> 216081.png
25-12-06 16:11:47.161 : ----PSNR/SSIM for (/root/media/quoc-huy/eval-wir/srbenchmarks/BSD100/LR, x4)---- : 20.1352dB / 0.5041
25-12-06 16:11:47.161 : --43 --> BSRGAN_custom --> x4--> 219090.png
25-12-06 16:11:47.235 : ----PSNR/SSIM for (/root/media/quoc-huy/eval-wir/srbenchmarks/BSD100/LR, x4)---- : 21.7904dB / 0.6597
25-12-06 16:11:47.235 : --44 --> BSRGAN_custom --> x4--> 220075.png
25-12-06 16:11:47.310 : ----PSNR/SSIM for (/root/media/quoc-huy/eval-wir/srbenchmarks/BSD100/LR, x4)---- : 21.3748dB / 0.6184
25-12-06 16:11:47.310 : --45 --> BSRGAN_custom --> x4--> 223061.png
25-12-06 16:11:47.385 : ----PSNR/SSIM for (/root/media/quoc-huy/eval-wir/srbenchmarks/BSD100/LR, x4)---- : 21.2894dB / 0.5665
25-12-06 16:11:47.385 : --46 --> BSRGAN_custom --> x4--> 227092.png
25-12-06 16:11:47.460 : ----PSNR/SSIM for (/root/media/quoc-huy/eval-wir/srbenchmarks/BSD100/LR, x4)---- : 22.9864dB / 0.8066
25-12-06 16:11:47.460 : --47 --> BSRGAN_custom --> x4--> 229036.png
25-12-06 16:11:47.534 : ----PSNR/SSIM for (/root/media/quoc-huy/eval-wir/srbenchmarks/BSD100/LR, x4)---- : 19.8093dB / 0.4803
25-12-06 16:11:47.534 : --48 --> BSRGAN_custom --> x4--> 236037.png
25-12-06 16:11:47.607 : ----PSNR/SSIM for (/root/media/quoc-huy/eval-wir/srbenchmarks/BSD100/LR, x4)---- : 18.0908dB / 0.3630
25-12-06 16:11:47.607 : --49 --> BSRGAN_custom --> x4--> 24077.png
25-12-06 16:11:47.682 : ----PSNR/SSIM for (/root/media/quoc-huy/eval-wir/srbenchmarks/BSD100/LR, x4)---- : 23.6789dB / 0.7946
25-12-06 16:11:47.682 : --50 --> BSRGAN_custom --> x4--> 241004.png
25-12-06 16:11:47.754 : ----PSNR/SSIM for (/root/media/quoc-huy/eval-wir/srbenchmarks/BSD100/LR, x4)---- : 25.5729dB / 0.7217
25-12-06 16:11:47.754 : --51 --> BSRGAN_custom --> x4--> 241048.png
25-12-06 16:11:47.828 : ----PSNR/SSIM for (/root/media/quoc-huy/eval-wir/srbenchmarks/BSD100/LR, x4)---- : 19.7702dB / 0.4828
25-12-06 16:11:47.828 : --52 --> BSRGAN_custom --> x4--> 253027.png
25-12-06 16:11:47.901 : ----PSNR/SSIM for (/root/media/quoc-huy/eval-wir/srbenchmarks/BSD100/LR, x4)---- : 19.0953dB / 0.5791
25-12-06 16:11:47.901 : --53 --> BSRGAN_custom --> x4--> 253055.png
25-12-06 16:11:47.977 : ----PSNR/SSIM for (/root/media/quoc-huy/eval-wir/srbenchmarks/BSD100/LR, x4)---- : 22.7301dB / 0.7559
25-12-06 16:11:47.977 : --54 --> BSRGAN_custom --> x4--> 260058.png
25-12-06 16:11:48.052 : ----PSNR/SSIM for (/root/media/quoc-huy/eval-wir/srbenchmarks/BSD100/LR, x4)---- : 19.8704dB / 0.6752
25-12-06 16:11:48.052 : --55 --> BSRGAN_custom --> x4--> 271035.png
25-12-06 16:11:48.127 : ----PSNR/SSIM for (/root/media/quoc-huy/eval-wir/srbenchmarks/BSD100/LR, x4)---- : 19.7540dB / 0.5493
25-12-06 16:11:48.127 : --56 --> BSRGAN_custom --> x4--> 285079.png
25-12-06 16:11:48.202 : ----PSNR/SSIM for (/root/media/quoc-huy/eval-wir/srbenchmarks/BSD100/LR, x4)---- : 15.0281dB / 0.3486
25-12-06 16:11:48.202 : --57 --> BSRGAN_custom --> x4--> 291000.png
25-12-06 16:11:48.275 : ----PSNR/SSIM for (/root/media/quoc-huy/eval-wir/srbenchmarks/BSD100/LR, x4)---- : 17.5017dB / 0.2470
25-12-06 16:11:48.275 : --58 --> BSRGAN_custom --> x4--> 295087.png
25-12-06 16:11:48.348 : ----PSNR/SSIM for (/root/media/quoc-huy/eval-wir/srbenchmarks/BSD100/LR, x4)---- : 23.6038dB / 0.6380
25-12-06 16:11:48.349 : --59 --> BSRGAN_custom --> x4--> 296007.png
25-12-06 16:11:48.422 : ----PSNR/SSIM for (/root/media/quoc-huy/eval-wir/srbenchmarks/BSD100/LR, x4)---- : 22.4140dB / 0.6638
25-12-06 16:11:48.422 : --60 --> BSRGAN_custom --> x4--> 296059.png
25-12-06 16:11:48.495 : ----PSNR/SSIM for (/root/media/quoc-huy/eval-wir/srbenchmarks/BSD100/LR, x4)---- : 24.9139dB / 0.6940
25-12-06 16:11:48.495 : --61 --> BSRGAN_custom --> x4--> 299086.png
25-12-06 16:11:48.568 : ----PSNR/SSIM for (/root/media/quoc-huy/eval-wir/srbenchmarks/BSD100/LR, x4)---- : 25.8031dB / 0.6683
25-12-06 16:11:48.568 : --62 --> BSRGAN_custom --> x4--> 300091.png
25-12-06 16:11:48.641 : ----PSNR/SSIM for (/root/media/quoc-huy/eval-wir/srbenchmarks/BSD100/LR, x4)---- : 25.5675dB / 0.6969
25-12-06 16:11:48.641 : --63 --> BSRGAN_custom --> x4--> 302008.png
25-12-06 16:11:48.715 : ----PSNR/SSIM for (/root/media/quoc-huy/eval-wir/srbenchmarks/BSD100/LR, x4)---- : 20.4669dB / 0.8062
25-12-06 16:11:48.715 : --64 --> BSRGAN_custom --> x4--> 304034.png
25-12-06 16:11:48.788 : ----PSNR/SSIM for (/root/media/quoc-huy/eval-wir/srbenchmarks/BSD100/LR, x4)---- : 20.0282dB / 0.5059
25-12-06 16:11:48.788 : --65 --> BSRGAN_custom --> x4--> 304074.png
25-12-06 16:11:48.862 : ----PSNR/SSIM for (/root/media/quoc-huy/eval-wir/srbenchmarks/BSD100/LR, x4)---- : 19.2313dB / 0.4008
25-12-06 16:11:48.862 : --66 --> BSRGAN_custom --> x4--> 306005.png
25-12-06 16:11:48.935 : ----PSNR/SSIM for (/root/media/quoc-huy/eval-wir/srbenchmarks/BSD100/LR, x4)---- : 25.4785dB / 0.7023
25-12-06 16:11:48.936 : --67 --> BSRGAN_custom --> x4--> 3096.png
25-12-06 16:11:49.008 : ----PSNR/SSIM for (/root/media/quoc-huy/eval-wir/srbenchmarks/BSD100/LR, x4)---- : 14.5101dB / 0.8988
25-12-06 16:11:49.008 : --68 --> BSRGAN_custom --> x4--> 33039.png
25-12-06 16:11:49.083 : ----PSNR/SSIM for (/root/media/quoc-huy/eval-wir/srbenchmarks/BSD100/LR, x4)---- : 17.9294dB / 0.4384
25-12-06 16:11:49.083 : --69 --> BSRGAN_custom --> x4--> 351093.png
25-12-06 16:11:49.157 : ----PSNR/SSIM for (/root/media/quoc-huy/eval-wir/srbenchmarks/BSD100/LR, x4)---- : 19.4114dB / 0.5485
25-12-06 16:11:49.157 : --70 --> BSRGAN_custom --> x4--> 361010.png
25-12-06 16:11:49.231 : ----PSNR/SSIM for (/root/media/quoc-huy/eval-wir/srbenchmarks/BSD100/LR, x4)---- : 22.7524dB / 0.6298
25-12-06 16:11:49.231 : --71 --> BSRGAN_custom --> x4--> 37073.png
25-12-06 16:11:49.305 : ----PSNR/SSIM for (/root/media/quoc-huy/eval-wir/srbenchmarks/BSD100/LR, x4)---- : 25.5659dB / 0.6760
25-12-06 16:11:49.305 : --72 --> BSRGAN_custom --> x4--> 376043.png
25-12-06 16:11:49.379 : ----PSNR/SSIM for (/root/media/quoc-huy/eval-wir/srbenchmarks/BSD100/LR, x4)---- : 22.4514dB / 0.4639
25-12-06 16:11:49.379 : --73 --> BSRGAN_custom --> x4--> 38082.png
25-12-06 16:11:49.452 : ----PSNR/SSIM for (/root/media/quoc-huy/eval-wir/srbenchmarks/BSD100/LR, x4)---- : 24.0603dB / 0.4702
25-12-06 16:11:49.452 : --74 --> BSRGAN_custom --> x4--> 38092.png
25-12-06 16:11:49.525 : ----PSNR/SSIM for (/root/media/quoc-huy/eval-wir/srbenchmarks/BSD100/LR, x4)---- : 22.4501dB / 0.5602
25-12-06 16:11:49.525 : --75 --> BSRGAN_custom --> x4--> 385039.png
25-12-06 16:11:49.600 : ----PSNR/SSIM for (/root/media/quoc-huy/eval-wir/srbenchmarks/BSD100/LR, x4)---- : 21.1798dB / 0.6000
25-12-06 16:11:49.600 : --76 --> BSRGAN_custom --> x4--> 41033.png
25-12-06 16:11:49.673 : ----PSNR/SSIM for (/root/media/quoc-huy/eval-wir/srbenchmarks/BSD100/LR, x4)---- : 25.9309dB / 0.6252
25-12-06 16:11:49.673 : --77 --> BSRGAN_custom --> x4--> 41069.png
25-12-06 16:11:49.747 : ----PSNR/SSIM for (/root/media/quoc-huy/eval-wir/srbenchmarks/BSD100/LR, x4)---- : 20.2969dB / 0.3565
25-12-06 16:11:49.747 : --78 --> BSRGAN_custom --> x4--> 42012.png
25-12-06 16:11:49.821 : ----PSNR/SSIM for (/root/media/quoc-huy/eval-wir/srbenchmarks/BSD100/LR, x4)---- : 24.6577dB / 0.6316
25-12-06 16:11:49.821 : --79 --> BSRGAN_custom --> x4--> 42049.png
25-12-06 16:11:49.895 : ----PSNR/SSIM for (/root/media/quoc-huy/eval-wir/srbenchmarks/BSD100/LR, x4)---- : 25.2671dB / 0.8886
25-12-06 16:11:49.895 : --80 --> BSRGAN_custom --> x4--> 43074.png
25-12-06 16:11:49.968 : ----PSNR/SSIM for (/root/media/quoc-huy/eval-wir/srbenchmarks/BSD100/LR, x4)---- : 25.3429dB / 0.7117
25-12-06 16:11:49.969 : --81 --> BSRGAN_custom --> x4--> 45096.png
25-12-06 16:11:50.041 : ----PSNR/SSIM for (/root/media/quoc-huy/eval-wir/srbenchmarks/BSD100/LR, x4)---- : 28.8800dB / 0.7830
25-12-06 16:11:50.041 : --82 --> BSRGAN_custom --> x4--> 54082.png
25-12-06 16:11:50.114 : ----PSNR/SSIM for (/root/media/quoc-huy/eval-wir/srbenchmarks/BSD100/LR, x4)---- : 24.0659dB / 0.5807
25-12-06 16:11:50.115 : --83 --> BSRGAN_custom --> x4--> 55073.png
25-12-06 16:11:50.189 : ----PSNR/SSIM for (/root/media/quoc-huy/eval-wir/srbenchmarks/BSD100/LR, x4)---- : 19.5495dB / 0.3484
25-12-06 16:11:50.189 : --84 --> BSRGAN_custom --> x4--> 58060.png
25-12-06 16:11:50.262 : ----PSNR/SSIM for (/root/media/quoc-huy/eval-wir/srbenchmarks/BSD100/LR, x4)---- : 18.5281dB / 0.4097
25-12-06 16:11:50.262 : --85 --> BSRGAN_custom --> x4--> 62096.png
25-12-06 16:11:50.335 : ----PSNR/SSIM for (/root/media/quoc-huy/eval-wir/srbenchmarks/BSD100/LR, x4)---- : 19.8351dB / 0.5938
25-12-06 16:11:50.335 : --86 --> BSRGAN_custom --> x4--> 65033.png
25-12-06 16:11:50.408 : ----PSNR/SSIM for (/root/media/quoc-huy/eval-wir/srbenchmarks/BSD100/LR, x4)---- : 18.2021dB / 0.3639
25-12-06 16:11:50.409 : --87 --> BSRGAN_custom --> x4--> 66053.png
25-12-06 16:11:50.482 : ----PSNR/SSIM for (/root/media/quoc-huy/eval-wir/srbenchmarks/BSD100/LR, x4)---- : 23.8843dB / 0.5318
25-12-06 16:11:50.482 : --88 --> BSRGAN_custom --> x4--> 69015.png
25-12-06 16:11:50.557 : ----PSNR/SSIM for (/root/media/quoc-huy/eval-wir/srbenchmarks/BSD100/LR, x4)---- : 24.6142dB / 0.6918
25-12-06 16:11:50.558 : --89 --> BSRGAN_custom --> x4--> 69020.png
25-12-06 16:11:50.631 : ----PSNR/SSIM for (/root/media/quoc-huy/eval-wir/srbenchmarks/BSD100/LR, x4)---- : 23.3486dB / 0.3734
25-12-06 16:11:50.631 : --90 --> BSRGAN_custom --> x4--> 69040.png
25-12-06 16:11:50.705 : ----PSNR/SSIM for (/root/media/quoc-huy/eval-wir/srbenchmarks/BSD100/LR, x4)---- : 19.5952dB / 0.4424
25-12-06 16:11:50.705 : --91 --> BSRGAN_custom --> x4--> 76053.png
25-12-06 16:11:50.779 : ----PSNR/SSIM for (/root/media/quoc-huy/eval-wir/srbenchmarks/BSD100/LR, x4)---- : 19.4617dB / 0.4723
25-12-06 16:11:50.779 : --92 --> BSRGAN_custom --> x4--> 78004.png
25-12-06 16:11:50.853 : ----PSNR/SSIM for (/root/media/quoc-huy/eval-wir/srbenchmarks/BSD100/LR, x4)---- : 23.7728dB / 0.6493
25-12-06 16:11:50.854 : --93 --> BSRGAN_custom --> x4--> 8023.png
25-12-06 16:11:50.929 : ----PSNR/SSIM for (/root/media/quoc-huy/eval-wir/srbenchmarks/BSD100/LR, x4)---- : 21.1494dB / 0.5764
25-12-06 16:11:50.929 : --94 --> BSRGAN_custom --> x4--> 85048.png
25-12-06 16:11:51.003 : ----PSNR/SSIM for (/root/media/quoc-huy/eval-wir/srbenchmarks/BSD100/LR, x4)---- : 17.3525dB / 0.5448
25-12-06 16:11:51.003 : --95 --> BSRGAN_custom --> x4--> 86000.png
25-12-06 16:11:51.078 : ----PSNR/SSIM for (/root/media/quoc-huy/eval-wir/srbenchmarks/BSD100/LR, x4)---- : 16.9712dB / 0.6013
25-12-06 16:11:51.078 : --96 --> BSRGAN_custom --> x4--> 86016.png
25-12-06 16:11:51.151 : ----PSNR/SSIM for (/root/media/quoc-huy/eval-wir/srbenchmarks/BSD100/LR, x4)---- : 18.3722dB / 0.1669
25-12-06 16:11:51.151 : --97 --> BSRGAN_custom --> x4--> 86068.png
25-12-06 16:11:51.224 : ----PSNR/SSIM for (/root/media/quoc-huy/eval-wir/srbenchmarks/BSD100/LR, x4)---- : 22.5189dB / 0.4578
25-12-06 16:11:51.224 : --98 --> BSRGAN_custom --> x4--> 87046.png
25-12-06 16:11:51.298 : ----PSNR/SSIM for (/root/media/quoc-huy/eval-wir/srbenchmarks/BSD100/LR, x4)---- : 20.6493dB / 0.6162
25-12-06 16:11:51.298 : --99 --> BSRGAN_custom --> x4--> 89072.png
25-12-06 16:11:51.374 : ----PSNR/SSIM for (/root/media/quoc-huy/eval-wir/srbenchmarks/BSD100/LR, x4)---- : 20.0650dB / 0.5159
25-12-06 16:11:51.374 : -100 --> BSRGAN_custom --> x4--> 97033.png
25-12-06 16:11:51.448 : ----PSNR/SSIM for (/root/media/quoc-huy/eval-wir/srbenchmarks/BSD100/LR, x4)---- : 21.4395dB / 0.6185
25-12-06 16:11:51.448 : ----Average PSNR/SSIM for (/root/media/quoc-huy/eval-wir/srbenchmarks/BSD100/LR, x4)---- : 21.5248dB / 0.5789
25-12-06 16:11:51.448 :  
25-12-06 16:11:54.006 :       Model Name : BSRGAN_custom
25-12-06 16:11:54.474 :       Input Path : /root/media/quoc-huy/eval-wir/srbenchmarks/Urban100/LR
25-12-06 16:11:54.474 :      Output Path : /root/quoc-huy/all-tested-results/BSRGAN/Urban100-type5
25-12-06 16:11:54.474 : ---1 --> BSRGAN_custom --> x4--> img_001.png
25-12-06 16:11:54.890 : ----PSNR/SSIM for (/root/media/quoc-huy/eval-wir/srbenchmarks/Urban100/LR, x4)---- : 22.7678dB / 0.6432
25-12-06 16:11:54.891 : ---2 --> BSRGAN_custom --> x4--> img_002.png
25-12-06 16:11:55.257 : ----PSNR/SSIM for (/root/media/quoc-huy/eval-wir/srbenchmarks/Urban100/LR, x4)---- : 21.4352dB / 0.5794
25-12-06 16:11:55.257 : ---3 --> BSRGAN_custom --> x4--> img_003.png
25-12-06 16:11:55.576 : ----PSNR/SSIM for (/root/media/quoc-huy/eval-wir/srbenchmarks/Urban100/LR, x4)---- : 19.7502dB / 0.5654
25-12-06 16:11:55.577 : ---4 --> BSRGAN_custom --> x4--> img_004.png
25-12-06 16:11:55.896 : ----PSNR/SSIM for (/root/media/quoc-huy/eval-wir/srbenchmarks/Urban100/LR, x4)---- : 18.6056dB / 0.7152
25-12-06 16:11:55.897 : ---5 --> BSRGAN_custom --> x4--> img_005.png
25-12-06 16:11:56.256 : ----PSNR/SSIM for (/root/media/quoc-huy/eval-wir/srbenchmarks/Urban100/LR, x4)---- : 20.8126dB / 0.8186
25-12-06 16:11:56.256 : ---6 --> BSRGAN_custom --> x4--> img_006.png
25-12-06 16:11:56.733 : ----PSNR/SSIM for (/root/media/quoc-huy/eval-wir/srbenchmarks/Urban100/LR, x4)---- : 19.2730dB / 0.4750
25-12-06 16:11:56.733 : ---7 --> BSRGAN_custom --> x4--> img_007.png
25-12-06 16:11:57.051 : ----PSNR/SSIM for (/root/media/quoc-huy/eval-wir/srbenchmarks/Urban100/LR, x4)---- : 22.1506dB / 0.6668
25-12-06 16:11:57.051 : ---8 --> BSRGAN_custom --> x4--> img_008.png
25-12-06 16:11:57.323 : ----PSNR/SSIM for (/root/media/quoc-huy/eval-wir/srbenchmarks/Urban100/LR, x4)---- : 17.6960dB / 0.4502
25-12-06 16:11:57.323 : ---9 --> BSRGAN_custom --> x4--> img_009.png
25-12-06 16:11:57.693 : ----PSNR/SSIM for (/root/media/quoc-huy/eval-wir/srbenchmarks/Urban100/LR, x4)---- : 21.1147dB / 0.8332
25-12-06 16:11:57.693 : --10 --> BSRGAN_custom --> x4--> img_010.png
25-12-06 16:11:58.075 : ----PSNR/SSIM for (/root/media/quoc-huy/eval-wir/srbenchmarks/Urban100/LR, x4)---- : 20.7946dB / 0.7747
25-12-06 16:11:58.076 : --11 --> BSRGAN_custom --> x4--> img_011.png
25-12-06 16:11:58.376 : ----PSNR/SSIM for (/root/media/quoc-huy/eval-wir/srbenchmarks/Urban100/LR, x4)---- : 14.9695dB / 0.6712
25-12-06 16:11:58.376 : --12 --> BSRGAN_custom --> x4--> img_012.png
25-12-06 16:11:58.735 : ----PSNR/SSIM for (/root/media/quoc-huy/eval-wir/srbenchmarks/Urban100/LR, x4)---- : 20.4358dB / 0.5989
25-12-06 16:11:58.735 : --13 --> BSRGAN_custom --> x4--> img_013.png
25-12-06 16:11:59.093 : ----PSNR/SSIM for (/root/media/quoc-huy/eval-wir/srbenchmarks/Urban100/LR, x4)---- : 22.8779dB / 0.6489
25-12-06 16:11:59.093 : --14 --> BSRGAN_custom --> x4--> img_014.png
25-12-06 16:11:59.568 : ----PSNR/SSIM for (/root/media/quoc-huy/eval-wir/srbenchmarks/Urban100/LR, x4)---- : 18.7742dB / 0.4999
25-12-06 16:11:59.568 : --15 --> BSRGAN_custom --> x4--> img_015.png
25-12-06 16:11:59.929 : ----PSNR/SSIM for (/root/media/quoc-huy/eval-wir/srbenchmarks/Urban100/LR, x4)---- : 21.2211dB / 0.5521
25-12-06 16:11:59.929 : --16 --> BSRGAN_custom --> x4--> img_016.png
25-12-06 16:12:00.385 : ----PSNR/SSIM for (/root/media/quoc-huy/eval-wir/srbenchmarks/Urban100/LR, x4)---- : 23.6127dB / 0.5841
25-12-06 16:12:00.386 : --17 --> BSRGAN_custom --> x4--> img_017.png
25-12-06 16:12:00.705 : ----PSNR/SSIM for (/root/media/quoc-huy/eval-wir/srbenchmarks/Urban100/LR, x4)---- : 20.7009dB / 0.6412
25-12-06 16:12:00.705 : --18 --> BSRGAN_custom --> x4--> img_018.png
25-12-06 16:12:01.066 : ----PSNR/SSIM for (/root/media/quoc-huy/eval-wir/srbenchmarks/Urban100/LR, x4)---- : 22.0943dB / 0.5216
25-12-06 16:12:01.066 : --19 --> BSRGAN_custom --> x4--> img_019.png
25-12-06 16:12:01.380 : ----PSNR/SSIM for (/root/media/quoc-huy/eval-wir/srbenchmarks/Urban100/LR, x4)---- : 15.9551dB / 0.5356
25-12-06 16:12:01.381 : --20 --> BSRGAN_custom --> x4--> img_020.png
25-12-06 16:12:01.954 : ----PSNR/SSIM for (/root/media/quoc-huy/eval-wir/srbenchmarks/Urban100/LR, x4)---- : 18.1502dB / 0.5548
25-12-06 16:12:01.954 : --21 --> BSRGAN_custom --> x4--> img_021.png
25-12-06 16:12:02.387 : ----PSNR/SSIM for (/root/media/quoc-huy/eval-wir/srbenchmarks/Urban100/LR, x4)---- : 17.8960dB / 0.6138
25-12-06 16:12:02.387 : --22 --> BSRGAN_custom --> x4--> img_022.png
25-12-06 16:12:02.701 : ----PSNR/SSIM for (/root/media/quoc-huy/eval-wir/srbenchmarks/Urban100/LR, x4)---- : 23.0685dB / 0.6728
25-12-06 16:12:02.701 : --23 --> BSRGAN_custom --> x4--> img_023.png
25-12-06 16:12:03.174 : ----PSNR/SSIM for (/root/media/quoc-huy/eval-wir/srbenchmarks/Urban100/LR, x4)---- : 21.7403dB / 0.6222
25-12-06 16:12:03.174 : --24 --> BSRGAN_custom --> x4--> img_024.png
25-12-06 16:12:03.487 : ----PSNR/SSIM for (/root/media/quoc-huy/eval-wir/srbenchmarks/Urban100/LR, x4)---- : 16.6976dB / 0.4624
25-12-06 16:12:03.487 : --25 --> BSRGAN_custom --> x4--> img_025.png
25-12-06 16:12:03.820 : ----PSNR/SSIM for (/root/media/quoc-huy/eval-wir/srbenchmarks/Urban100/LR, x4)---- : 26.1757dB / 0.7952
25-12-06 16:12:03.820 : --26 --> BSRGAN_custom --> x4--> img_026.png
25-12-06 16:12:04.181 : ----PSNR/SSIM for (/root/media/quoc-huy/eval-wir/srbenchmarks/Urban100/LR, x4)---- : 22.1735dB / 0.5488
25-12-06 16:12:04.181 : --27 --> BSRGAN_custom --> x4--> img_027.png
25-12-06 16:12:04.569 : ----PSNR/SSIM for (/root/media/quoc-huy/eval-wir/srbenchmarks/Urban100/LR, x4)---- : 25.0688dB / 0.7037
25-12-06 16:12:04.569 : --28 --> BSRGAN_custom --> x4--> img_028.png
25-12-06 16:12:04.878 : ----PSNR/SSIM for (/root/media/quoc-huy/eval-wir/srbenchmarks/Urban100/LR, x4)---- : 23.3924dB / 0.7195
25-12-06 16:12:04.878 : --29 --> BSRGAN_custom --> x4--> img_029.png
25-12-06 16:12:05.198 : ----PSNR/SSIM for (/root/media/quoc-huy/eval-wir/srbenchmarks/Urban100/LR, x4)---- : 22.8162dB / 0.7518
25-12-06 16:12:05.199 : --30 --> BSRGAN_custom --> x4--> img_030.png
25-12-06 16:12:05.518 : ----PSNR/SSIM for (/root/media/quoc-huy/eval-wir/srbenchmarks/Urban100/LR, x4)---- : 19.0352dB / 0.6004
25-12-06 16:12:05.518 : --31 --> BSRGAN_custom --> x4--> img_031.png
25-12-06 16:12:05.829 : ----PSNR/SSIM for (/root/media/quoc-huy/eval-wir/srbenchmarks/Urban100/LR, x4)---- : 20.5022dB / 0.6028
25-12-06 16:12:05.829 : --32 --> BSRGAN_custom --> x4--> img_032.png
25-12-06 16:12:06.141 : ----PSNR/SSIM for (/root/media/quoc-huy/eval-wir/srbenchmarks/Urban100/LR, x4)---- : 23.7188dB / 0.7355
25-12-06 16:12:06.141 : --33 --> BSRGAN_custom --> x4--> img_033.png
25-12-06 16:12:06.456 : ----PSNR/SSIM for (/root/media/quoc-huy/eval-wir/srbenchmarks/Urban100/LR, x4)---- : 19.3539dB / 0.5778
25-12-06 16:12:06.456 : --34 --> BSRGAN_custom --> x4--> img_034.png
25-12-06 16:12:06.770 : ----PSNR/SSIM for (/root/media/quoc-huy/eval-wir/srbenchmarks/Urban100/LR, x4)---- : 19.4137dB / 0.4580
25-12-06 16:12:06.771 : --35 --> BSRGAN_custom --> x4--> img_035.png
25-12-06 16:12:07.088 : ----PSNR/SSIM for (/root/media/quoc-huy/eval-wir/srbenchmarks/Urban100/LR, x4)---- : 21.1251dB / 0.7059
25-12-06 16:12:07.088 : --36 --> BSRGAN_custom --> x4--> img_036.png
25-12-06 16:12:07.408 : ----PSNR/SSIM for (/root/media/quoc-huy/eval-wir/srbenchmarks/Urban100/LR, x4)---- : 18.9009dB / 0.6879
25-12-06 16:12:07.408 : --37 --> BSRGAN_custom --> x4--> img_037.png
25-12-06 16:12:07.766 : ----PSNR/SSIM for (/root/media/quoc-huy/eval-wir/srbenchmarks/Urban100/LR, x4)---- : 22.1082dB / 0.6596
25-12-06 16:12:07.766 : --38 --> BSRGAN_custom --> x4--> img_038.png
25-12-06 16:12:08.128 : ----PSNR/SSIM for (/root/media/quoc-huy/eval-wir/srbenchmarks/Urban100/LR, x4)---- : 22.4835dB / 0.4775
25-12-06 16:12:08.128 : --39 --> BSRGAN_custom --> x4--> img_039.png
25-12-06 16:12:08.491 : ----PSNR/SSIM for (/root/media/quoc-huy/eval-wir/srbenchmarks/Urban100/LR, x4)---- : 19.6341dB / 0.6163
25-12-06 16:12:08.491 : --40 --> BSRGAN_custom --> x4--> img_040.png
25-12-06 16:12:08.761 : ----PSNR/SSIM for (/root/media/quoc-huy/eval-wir/srbenchmarks/Urban100/LR, x4)---- : 18.2307dB / 0.6586
25-12-06 16:12:08.761 : --41 --> BSRGAN_custom --> x4--> img_041.png
25-12-06 16:12:09.076 : ----PSNR/SSIM for (/root/media/quoc-huy/eval-wir/srbenchmarks/Urban100/LR, x4)---- : 19.5650dB / 0.7084
25-12-06 16:12:09.076 : --42 --> BSRGAN_custom --> x4--> img_042.png
25-12-06 16:12:09.389 : ----PSNR/SSIM for (/root/media/quoc-huy/eval-wir/srbenchmarks/Urban100/LR, x4)---- : 21.1437dB / 0.7036
25-12-06 16:12:09.389 : --43 --> BSRGAN_custom --> x4--> img_043.png
25-12-06 16:12:09.702 : ----PSNR/SSIM for (/root/media/quoc-huy/eval-wir/srbenchmarks/Urban100/LR, x4)---- : 25.1558dB / 0.8484
25-12-06 16:12:09.702 : --44 --> BSRGAN_custom --> x4--> img_044.png
25-12-06 16:12:10.020 : ----PSNR/SSIM for (/root/media/quoc-huy/eval-wir/srbenchmarks/Urban100/LR, x4)---- : 22.6119dB / 0.6643
25-12-06 16:12:10.020 : --45 --> BSRGAN_custom --> x4--> img_045.png
25-12-06 16:12:10.383 : ----PSNR/SSIM for (/root/media/quoc-huy/eval-wir/srbenchmarks/Urban100/LR, x4)---- : 19.2922dB / 0.4944
25-12-06 16:12:10.383 : --46 --> BSRGAN_custom --> x4--> img_046.png
25-12-06 16:12:10.703 : ----PSNR/SSIM for (/root/media/quoc-huy/eval-wir/srbenchmarks/Urban100/LR, x4)---- : 20.6557dB / 0.6915
25-12-06 16:12:10.703 : --47 --> BSRGAN_custom --> x4--> img_047.png
25-12-06 16:12:10.995 : ----PSNR/SSIM for (/root/media/quoc-huy/eval-wir/srbenchmarks/Urban100/LR, x4)---- : 16.0539dB / 0.5168
25-12-06 16:12:10.995 : --48 --> BSRGAN_custom --> x4--> img_048.png
25-12-06 16:12:11.310 : ----PSNR/SSIM for (/root/media/quoc-huy/eval-wir/srbenchmarks/Urban100/LR, x4)---- : 16.2481dB / 0.6359
25-12-06 16:12:11.310 : --49 --> BSRGAN_custom --> x4--> img_049.png
25-12-06 16:12:11.629 : ----PSNR/SSIM for (/root/media/quoc-huy/eval-wir/srbenchmarks/Urban100/LR, x4)---- : 20.1453dB / 0.6378
25-12-06 16:12:11.629 : --50 --> BSRGAN_custom --> x4--> img_050.png
25-12-06 16:12:11.943 : ----PSNR/SSIM for (/root/media/quoc-huy/eval-wir/srbenchmarks/Urban100/LR, x4)---- : 21.2385dB / 0.6603
25-12-06 16:12:11.943 : --51 --> BSRGAN_custom --> x4--> img_051.png
25-12-06 16:12:12.256 : ----PSNR/SSIM for (/root/media/quoc-huy/eval-wir/srbenchmarks/Urban100/LR, x4)---- : 20.3524dB / 0.6102
25-12-06 16:12:12.257 : --52 --> BSRGAN_custom --> x4--> img_052.png
25-12-06 16:12:12.572 : ----PSNR/SSIM for (/root/media/quoc-huy/eval-wir/srbenchmarks/Urban100/LR, x4)---- : 22.7283dB / 0.7485
25-12-06 16:12:12.573 : --53 --> BSRGAN_custom --> x4--> img_053.png
25-12-06 16:12:12.883 : ----PSNR/SSIM for (/root/media/quoc-huy/eval-wir/srbenchmarks/Urban100/LR, x4)---- : 18.4409dB / 0.5753
25-12-06 16:12:12.883 : --54 --> BSRGAN_custom --> x4--> img_054.png
25-12-06 16:12:13.202 : ----PSNR/SSIM for (/root/media/quoc-huy/eval-wir/srbenchmarks/Urban100/LR, x4)---- : 18.6879dB / 0.5663
25-12-06 16:12:13.202 : --55 --> BSRGAN_custom --> x4--> img_055.png
25-12-06 16:12:13.567 : ----PSNR/SSIM for (/root/media/quoc-huy/eval-wir/srbenchmarks/Urban100/LR, x4)---- : 24.6034dB / 0.8708
25-12-06 16:12:13.567 : --56 --> BSRGAN_custom --> x4--> img_056.png
25-12-06 16:12:13.931 : ----PSNR/SSIM for (/root/media/quoc-huy/eval-wir/srbenchmarks/Urban100/LR, x4)---- : 19.1047dB / 0.5267
25-12-06 16:12:13.931 : --57 --> BSRGAN_custom --> x4--> img_057.png
25-12-06 16:12:14.263 : ----PSNR/SSIM for (/root/media/quoc-huy/eval-wir/srbenchmarks/Urban100/LR, x4)---- : 25.0983dB / 0.7682
25-12-06 16:12:14.263 : --58 --> BSRGAN_custom --> x4--> img_058.png
25-12-06 16:12:14.582 : ----PSNR/SSIM for (/root/media/quoc-huy/eval-wir/srbenchmarks/Urban100/LR, x4)---- : 20.6418dB / 0.7028
25-12-06 16:12:14.582 : --59 --> BSRGAN_custom --> x4--> img_059.png
25-12-06 16:12:14.889 : ----PSNR/SSIM for (/root/media/quoc-huy/eval-wir/srbenchmarks/Urban100/LR, x4)---- : 18.9486dB / 0.6348
25-12-06 16:12:14.890 : --60 --> BSRGAN_custom --> x4--> img_060.png
25-12-06 16:12:15.210 : ----PSNR/SSIM for (/root/media/quoc-huy/eval-wir/srbenchmarks/Urban100/LR, x4)---- : 19.5303dB / 0.4325
25-12-06 16:12:15.210 : --61 --> BSRGAN_custom --> x4--> img_061.png
25-12-06 16:12:15.523 : ----PSNR/SSIM for (/root/media/quoc-huy/eval-wir/srbenchmarks/Urban100/LR, x4)---- : 21.1516dB / 0.6333
25-12-06 16:12:15.523 : --62 --> BSRGAN_custom --> x4--> img_062.png
25-12-06 16:12:15.834 : ----PSNR/SSIM for (/root/media/quoc-huy/eval-wir/srbenchmarks/Urban100/LR, x4)---- : 18.1577dB / 0.6121
25-12-06 16:12:15.834 : --63 --> BSRGAN_custom --> x4--> img_063.png
25-12-06 16:12:16.278 : ----PSNR/SSIM for (/root/media/quoc-huy/eval-wir/srbenchmarks/Urban100/LR, x4)---- : 18.1043dB / 0.4704
25-12-06 16:12:16.278 : --64 --> BSRGAN_custom --> x4--> img_064.png
25-12-06 16:12:16.595 : ----PSNR/SSIM for (/root/media/quoc-huy/eval-wir/srbenchmarks/Urban100/LR, x4)---- : 23.0324dB / 0.6652
25-12-06 16:12:16.595 : --65 --> BSRGAN_custom --> x4--> img_065.png
25-12-06 16:12:16.911 : ----PSNR/SSIM for (/root/media/quoc-huy/eval-wir/srbenchmarks/Urban100/LR, x4)---- : 18.3638dB / 0.4581
25-12-06 16:12:16.911 : --66 --> BSRGAN_custom --> x4--> img_066.png
25-12-06 16:12:17.310 : ----PSNR/SSIM for (/root/media/quoc-huy/eval-wir/srbenchmarks/Urban100/LR, x4)---- : 17.6547dB / 0.4964
25-12-06 16:12:17.311 : --67 --> BSRGAN_custom --> x4--> img_067.png
25-12-06 16:12:17.624 : ----PSNR/SSIM for (/root/media/quoc-huy/eval-wir/srbenchmarks/Urban100/LR, x4)---- : 15.8175dB / 0.7315
25-12-06 16:12:17.625 : --68 --> BSRGAN_custom --> x4--> img_068.png
25-12-06 16:12:18.097 : ----PSNR/SSIM for (/root/media/quoc-huy/eval-wir/srbenchmarks/Urban100/LR, x4)---- : 18.4471dB / 0.5014
25-12-06 16:12:18.097 : --69 --> BSRGAN_custom --> x4--> img_069.png
25-12-06 16:12:18.541 : ----PSNR/SSIM for (/root/media/quoc-huy/eval-wir/srbenchmarks/Urban100/LR, x4)---- : 21.5553dB / 0.6535
25-12-06 16:12:18.541 : --70 --> BSRGAN_custom --> x4--> img_070.png
25-12-06 16:12:18.900 : ----PSNR/SSIM for (/root/media/quoc-huy/eval-wir/srbenchmarks/Urban100/LR, x4)---- : 19.6974dB / 0.4724
25-12-06 16:12:18.900 : --71 --> BSRGAN_custom --> x4--> img_071.png
25-12-06 16:12:19.259 : ----PSNR/SSIM for (/root/media/quoc-huy/eval-wir/srbenchmarks/Urban100/LR, x4)---- : 24.1041dB / 0.5373
25-12-06 16:12:19.259 : --72 --> BSRGAN_custom --> x4--> img_072.png
25-12-06 16:12:19.572 : ----PSNR/SSIM for (/root/media/quoc-huy/eval-wir/srbenchmarks/Urban100/LR, x4)---- : 16.2821dB / 0.6629
25-12-06 16:12:19.572 : --73 --> BSRGAN_custom --> x4--> img_073.png
25-12-06 16:12:19.937 : ----PSNR/SSIM for (/root/media/quoc-huy/eval-wir/srbenchmarks/Urban100/LR, x4)---- : 17.5589dB / 0.4053
25-12-06 16:12:19.938 : --74 --> BSRGAN_custom --> x4--> img_074.png
25-12-06 16:12:20.251 : ----PSNR/SSIM for (/root/media/quoc-huy/eval-wir/srbenchmarks/Urban100/LR, x4)---- : 20.6336dB / 0.5687
25-12-06 16:12:20.251 : --75 --> BSRGAN_custom --> x4--> img_075.png
25-12-06 16:12:20.569 : ----PSNR/SSIM for (/root/media/quoc-huy/eval-wir/srbenchmarks/Urban100/LR, x4)---- : 25.5162dB / 0.8129
25-12-06 16:12:20.569 : --76 --> BSRGAN_custom --> x4--> img_076.png
25-12-06 16:12:20.885 : ----PSNR/SSIM for (/root/media/quoc-huy/eval-wir/srbenchmarks/Urban100/LR, x4)---- : 18.6381dB / 0.4970
25-12-06 16:12:20.885 : --77 --> BSRGAN_custom --> x4--> img_077.png
25-12-06 16:12:21.201 : ----PSNR/SSIM for (/root/media/quoc-huy/eval-wir/srbenchmarks/Urban100/LR, x4)---- : 19.5576dB / 0.5712
25-12-06 16:12:21.201 : --78 --> BSRGAN_custom --> x4--> img_078.png
25-12-06 16:12:21.533 : ----PSNR/SSIM for (/root/media/quoc-huy/eval-wir/srbenchmarks/Urban100/LR, x4)---- : 22.3730dB / 0.5754
25-12-06 16:12:21.533 : --79 --> BSRGAN_custom --> x4--> img_079.png
25-12-06 16:12:21.892 : ----PSNR/SSIM for (/root/media/quoc-huy/eval-wir/srbenchmarks/Urban100/LR, x4)---- : 20.4604dB / 0.4996
25-12-06 16:12:21.892 : --80 --> BSRGAN_custom --> x4--> img_080.png
25-12-06 16:12:22.270 : ----PSNR/SSIM for (/root/media/quoc-huy/eval-wir/srbenchmarks/Urban100/LR, x4)---- : 21.9209dB / 0.8809
25-12-06 16:12:22.270 : --81 --> BSRGAN_custom --> x4--> img_081.png
25-12-06 16:12:22.742 : ----PSNR/SSIM for (/root/media/quoc-huy/eval-wir/srbenchmarks/Urban100/LR, x4)---- : 19.7614dB / 0.6593
25-12-06 16:12:22.742 : --82 --> BSRGAN_custom --> x4--> img_082.png
25-12-06 16:12:23.219 : ----PSNR/SSIM for (/root/media/quoc-huy/eval-wir/srbenchmarks/Urban100/LR, x4)---- : 23.6585dB / 0.8071
25-12-06 16:12:23.219 : --83 --> BSRGAN_custom --> x4--> img_083.png
25-12-06 16:12:23.694 : ----PSNR/SSIM for (/root/media/quoc-huy/eval-wir/srbenchmarks/Urban100/LR, x4)---- : 19.1973dB / 0.5361
25-12-06 16:12:23.695 : --84 --> BSRGAN_custom --> x4--> img_084.png
25-12-06 16:12:24.177 : ----PSNR/SSIM for (/root/media/quoc-huy/eval-wir/srbenchmarks/Urban100/LR, x4)---- : 23.0517dB / 0.6631
25-12-06 16:12:24.177 : --85 --> BSRGAN_custom --> x4--> img_085.png
25-12-06 16:12:24.485 : ----PSNR/SSIM for (/root/media/quoc-huy/eval-wir/srbenchmarks/Urban100/LR, x4)---- : 22.0197dB / 0.6004
25-12-06 16:12:24.486 : --86 --> BSRGAN_custom --> x4--> img_086.png
25-12-06 16:12:24.844 : ----PSNR/SSIM for (/root/media/quoc-huy/eval-wir/srbenchmarks/Urban100/LR, x4)---- : 21.1627dB / 0.7669
25-12-06 16:12:24.844 : --87 --> BSRGAN_custom --> x4--> img_087.png
25-12-06 16:12:25.324 : ----PSNR/SSIM for (/root/media/quoc-huy/eval-wir/srbenchmarks/Urban100/LR, x4)---- : 22.7268dB / 0.7595
25-12-06 16:12:25.324 : --88 --> BSRGAN_custom --> x4--> img_088.png
25-12-06 16:12:25.636 : ----PSNR/SSIM for (/root/media/quoc-huy/eval-wir/srbenchmarks/Urban100/LR, x4)---- : 17.6624dB / 0.4691
25-12-06 16:12:25.636 : --89 --> BSRGAN_custom --> x4--> img_089.png
25-12-06 16:12:25.998 : ----PSNR/SSIM for (/root/media/quoc-huy/eval-wir/srbenchmarks/Urban100/LR, x4)---- : 22.7542dB / 0.5857
25-12-06 16:12:25.998 : --90 --> BSRGAN_custom --> x4--> img_090.png
25-12-06 16:12:26.314 : ----PSNR/SSIM for (/root/media/quoc-huy/eval-wir/srbenchmarks/Urban100/LR, x4)---- : 27.1088dB / 0.8708
25-12-06 16:12:26.314 : --91 --> BSRGAN_custom --> x4--> img_091.png
25-12-06 16:12:26.628 : ----PSNR/SSIM for (/root/media/quoc-huy/eval-wir/srbenchmarks/Urban100/LR, x4)---- : 19.9194dB / 0.4539
25-12-06 16:12:26.628 : --92 --> BSRGAN_custom --> x4--> img_092.png
25-12-06 16:12:26.946 : ----PSNR/SSIM for (/root/media/quoc-huy/eval-wir/srbenchmarks/Urban100/LR, x4)---- : 15.5101dB / 0.5019
25-12-06 16:12:26.946 : --93 --> BSRGAN_custom --> x4--> img_093.png
25-12-06 16:12:27.306 : ----PSNR/SSIM for (/root/media/quoc-huy/eval-wir/srbenchmarks/Urban100/LR, x4)---- : 16.7830dB / 0.6371
25-12-06 16:12:27.306 : --94 --> BSRGAN_custom --> x4--> img_094.png
25-12-06 16:12:27.662 : ----PSNR/SSIM for (/root/media/quoc-huy/eval-wir/srbenchmarks/Urban100/LR, x4)---- : 22.0810dB / 0.6019
25-12-06 16:12:27.663 : --95 --> BSRGAN_custom --> x4--> img_095.png
25-12-06 16:12:28.019 : ----PSNR/SSIM for (/root/media/quoc-huy/eval-wir/srbenchmarks/Urban100/LR, x4)---- : 14.5373dB / 0.2236
25-12-06 16:12:28.019 : --96 --> BSRGAN_custom --> x4--> img_096.png
25-12-06 16:12:28.380 : ----PSNR/SSIM for (/root/media/quoc-huy/eval-wir/srbenchmarks/Urban100/LR, x4)---- : 17.8032dB / 0.5866
25-12-06 16:12:28.380 : --97 --> BSRGAN_custom --> x4--> img_097.png
25-12-06 16:12:28.699 : ----PSNR/SSIM for (/root/media/quoc-huy/eval-wir/srbenchmarks/Urban100/LR, x4)---- : 21.0061dB / 0.6589
25-12-06 16:12:28.699 : --98 --> BSRGAN_custom --> x4--> img_098.png
25-12-06 16:12:29.014 : ----PSNR/SSIM for (/root/media/quoc-huy/eval-wir/srbenchmarks/Urban100/LR, x4)---- : 16.2464dB / 0.2603
25-12-06 16:12:29.014 : --99 --> BSRGAN_custom --> x4--> img_099.png
25-12-06 16:12:29.392 : ----PSNR/SSIM for (/root/media/quoc-huy/eval-wir/srbenchmarks/Urban100/LR, x4)---- : 21.0273dB / 0.5477
25-12-06 16:12:29.392 : -100 --> BSRGAN_custom --> x4--> img_100.png
25-12-06 16:12:29.869 : ----PSNR/SSIM for (/root/media/quoc-huy/eval-wir/srbenchmarks/Urban100/LR, x4)---- : 22.4866dB / 0.6278
25-12-06 16:12:29.869 : ----Average PSNR/SSIM for (/root/media/quoc-huy/eval-wir/srbenchmarks/Urban100/LR, x4)---- : 20.4250dB / 0.6152
25-12-06 16:12:29.869 :  
25-12-06 17:34:25.004 :       Model Name : BSRGAN_custom
25-12-06 17:34:25.465 :       Input Path : /root/media/quoc-huy/blur-DAN/Urban100/LRbic
25-12-06 17:34:25.465 :      Output Path : /root/quoc-huy/all-tested-results/BSRGAN/Urban100-type1v2
25-12-06 17:34:25.465 : ---1 --> BSRGAN_custom --> x4--> img_001.png
25-12-06 17:34:25.885 : ----PSNR/SSIM for (/root/media/quoc-huy/blur-DAN/Urban100/LRbic, x4)---- : 17.7859dB / 0.5724
25-12-06 17:34:25.885 : ---2 --> BSRGAN_custom --> x4--> img_002.png
25-12-06 17:34:26.247 : ----PSNR/SSIM for (/root/media/quoc-huy/blur-DAN/Urban100/LRbic, x4)---- : 18.6347dB / 0.6596
25-12-06 17:34:26.248 : ---3 --> BSRGAN_custom --> x4--> img_003.png
25-12-06 17:34:26.565 : ----PSNR/SSIM for (/root/media/quoc-huy/blur-DAN/Urban100/LRbic, x4)---- : 16.4240dB / 0.4997
25-12-06 17:34:26.565 : ---4 --> BSRGAN_custom --> x4--> img_004.png
25-12-06 17:34:26.882 : ----PSNR/SSIM for (/root/media/quoc-huy/blur-DAN/Urban100/LRbic, x4)---- : 14.6252dB / 0.5794
25-12-06 17:34:26.882 : ---5 --> BSRGAN_custom --> x4--> img_005.png
25-12-06 17:34:27.240 : ----PSNR/SSIM for (/root/media/quoc-huy/blur-DAN/Urban100/LRbic, x4)---- : 19.2442dB / 0.7750
25-12-06 17:34:27.240 : ---6 --> BSRGAN_custom --> x4--> img_006.png
25-12-06 17:34:27.712 : ----PSNR/SSIM for (/root/media/quoc-huy/blur-DAN/Urban100/LRbic, x4)---- : 18.1531dB / 0.4480
25-12-06 17:34:27.712 : ---7 --> BSRGAN_custom --> x4--> img_007.png
25-12-06 17:34:28.026 : ----PSNR/SSIM for (/root/media/quoc-huy/blur-DAN/Urban100/LRbic, x4)---- : 21.7999dB / 0.7139
25-12-06 17:34:28.026 : ---8 --> BSRGAN_custom --> x4--> img_008.png
25-12-06 17:34:28.296 : ----PSNR/SSIM for (/root/media/quoc-huy/blur-DAN/Urban100/LRbic, x4)---- : 15.4480dB / 0.4064
25-12-06 17:34:28.297 : ---9 --> BSRGAN_custom --> x4--> img_009.png
25-12-06 17:34:28.666 : ----PSNR/SSIM for (/root/media/quoc-huy/blur-DAN/Urban100/LRbic, x4)---- : 21.4388dB / 0.8133
25-12-06 17:34:28.666 : --10 --> BSRGAN_custom --> x4--> img_010.png
25-12-06 17:34:29.046 : ----PSNR/SSIM for (/root/media/quoc-huy/blur-DAN/Urban100/LRbic, x4)---- : 19.9301dB / 0.7727
25-12-06 17:34:29.046 : --11 --> BSRGAN_custom --> x4--> img_011.png
25-12-06 17:34:29.322 : ----PSNR/SSIM for (/root/media/quoc-huy/blur-DAN/Urban100/LRbic, x4)---- : 11.6094dB / 0.5440
25-12-06 17:34:29.322 : --12 --> BSRGAN_custom --> x4--> img_012.png
25-12-06 17:34:29.677 : ----PSNR/SSIM for (/root/media/quoc-huy/blur-DAN/Urban100/LRbic, x4)---- : 19.2012dB / 0.5748
25-12-06 17:34:29.677 : --13 --> BSRGAN_custom --> x4--> img_013.png
25-12-06 17:34:30.033 : ----PSNR/SSIM for (/root/media/quoc-huy/blur-DAN/Urban100/LRbic, x4)---- : 22.6531dB / 0.6978
25-12-06 17:34:30.033 : --14 --> BSRGAN_custom --> x4--> img_014.png
25-12-06 17:34:30.507 : ----PSNR/SSIM for (/root/media/quoc-huy/blur-DAN/Urban100/LRbic, x4)---- : 17.7832dB / 0.5591
25-12-06 17:34:30.507 : --15 --> BSRGAN_custom --> x4--> img_015.png
25-12-06 17:34:30.866 : ----PSNR/SSIM for (/root/media/quoc-huy/blur-DAN/Urban100/LRbic, x4)---- : 21.0683dB / 0.5890
25-12-06 17:34:30.866 : --16 --> BSRGAN_custom --> x4--> img_016.png
25-12-06 17:34:31.319 : ----PSNR/SSIM for (/root/media/quoc-huy/blur-DAN/Urban100/LRbic, x4)---- : 20.3828dB / 0.6632
25-12-06 17:34:31.319 : --17 --> BSRGAN_custom --> x4--> img_017.png
25-12-06 17:34:31.641 : ----PSNR/SSIM for (/root/media/quoc-huy/blur-DAN/Urban100/LRbic, x4)---- : 19.5244dB / 0.6884
25-12-06 17:34:31.641 : --18 --> BSRGAN_custom --> x4--> img_018.png
25-12-06 17:34:32.000 : ----PSNR/SSIM for (/root/media/quoc-huy/blur-DAN/Urban100/LRbic, x4)---- : 21.0877dB / 0.5369
25-12-06 17:34:32.000 : --19 --> BSRGAN_custom --> x4--> img_019.png
25-12-06 17:34:32.312 : ----PSNR/SSIM for (/root/media/quoc-huy/blur-DAN/Urban100/LRbic, x4)---- : 15.6721dB / 0.5832
25-12-06 17:34:32.312 : --20 --> BSRGAN_custom --> x4--> img_020.png
25-12-06 17:34:32.860 : ----PSNR/SSIM for (/root/media/quoc-huy/blur-DAN/Urban100/LRbic, x4)---- : 17.3255dB / 0.5616
25-12-06 17:34:32.860 : --21 --> BSRGAN_custom --> x4--> img_021.png
25-12-06 17:34:33.288 : ----PSNR/SSIM for (/root/media/quoc-huy/blur-DAN/Urban100/LRbic, x4)---- : 17.0669dB / 0.6348
25-12-06 17:34:33.289 : --22 --> BSRGAN_custom --> x4--> img_022.png
25-12-06 17:34:33.602 : ----PSNR/SSIM for (/root/media/quoc-huy/blur-DAN/Urban100/LRbic, x4)---- : 20.5019dB / 0.6481
25-12-06 17:34:33.602 : --23 --> BSRGAN_custom --> x4--> img_023.png
25-12-06 17:34:34.071 : ----PSNR/SSIM for (/root/media/quoc-huy/blur-DAN/Urban100/LRbic, x4)---- : 18.7958dB / 0.6032
25-12-06 17:34:34.071 : --24 --> BSRGAN_custom --> x4--> img_024.png
25-12-06 17:34:34.380 : ----PSNR/SSIM for (/root/media/quoc-huy/blur-DAN/Urban100/LRbic, x4)---- : 14.1988dB / 0.4506
25-12-06 17:34:34.380 : --25 --> BSRGAN_custom --> x4--> img_025.png
25-12-06 17:34:34.711 : ----PSNR/SSIM for (/root/media/quoc-huy/blur-DAN/Urban100/LRbic, x4)---- : 24.4423dB / 0.8195
25-12-06 17:34:34.711 : --26 --> BSRGAN_custom --> x4--> img_026.png
25-12-06 17:34:35.070 : ----PSNR/SSIM for (/root/media/quoc-huy/blur-DAN/Urban100/LRbic, x4)---- : 21.4323dB / 0.5880
25-12-06 17:34:35.071 : --27 --> BSRGAN_custom --> x4--> img_027.png
25-12-06 17:34:35.457 : ----PSNR/SSIM for (/root/media/quoc-huy/blur-DAN/Urban100/LRbic, x4)---- : 20.5297dB / 0.6626
25-12-06 17:34:35.457 : --28 --> BSRGAN_custom --> x4--> img_028.png
25-12-06 17:34:35.766 : ----PSNR/SSIM for (/root/media/quoc-huy/blur-DAN/Urban100/LRbic, x4)---- : 19.7429dB / 0.7446
25-12-06 17:34:35.766 : --29 --> BSRGAN_custom --> x4--> img_029.png
25-12-06 17:34:36.082 : ----PSNR/SSIM for (/root/media/quoc-huy/blur-DAN/Urban100/LRbic, x4)---- : 17.3601dB / 0.6836
25-12-06 17:34:36.082 : --30 --> BSRGAN_custom --> x4--> img_030.png
25-12-06 17:34:36.400 : ----PSNR/SSIM for (/root/media/quoc-huy/blur-DAN/Urban100/LRbic, x4)---- : 17.0631dB / 0.5826
25-12-06 17:34:36.400 : --31 --> BSRGAN_custom --> x4--> img_031.png
25-12-06 17:34:36.714 : ----PSNR/SSIM for (/root/media/quoc-huy/blur-DAN/Urban100/LRbic, x4)---- : 19.2516dB / 0.6032
25-12-06 17:34:36.714 : --32 --> BSRGAN_custom --> x4--> img_032.png
25-12-06 17:34:37.026 : ----PSNR/SSIM for (/root/media/quoc-huy/blur-DAN/Urban100/LRbic, x4)---- : 21.1558dB / 0.6883
25-12-06 17:34:37.026 : --33 --> BSRGAN_custom --> x4--> img_033.png
25-12-06 17:34:37.340 : ----PSNR/SSIM for (/root/media/quoc-huy/blur-DAN/Urban100/LRbic, x4)---- : 19.7013dB / 0.6310
25-12-06 17:34:37.340 : --34 --> BSRGAN_custom --> x4--> img_034.png
25-12-06 17:34:37.656 : ----PSNR/SSIM for (/root/media/quoc-huy/blur-DAN/Urban100/LRbic, x4)---- : 17.6337dB / 0.4334
25-12-06 17:34:37.656 : --35 --> BSRGAN_custom --> x4--> img_035.png
25-12-06 17:34:37.973 : ----PSNR/SSIM for (/root/media/quoc-huy/blur-DAN/Urban100/LRbic, x4)---- : 19.5174dB / 0.7232
25-12-06 17:34:37.973 : --36 --> BSRGAN_custom --> x4--> img_036.png
25-12-06 17:34:38.293 : ----PSNR/SSIM for (/root/media/quoc-huy/blur-DAN/Urban100/LRbic, x4)---- : 21.0066dB / 0.7744
25-12-06 17:34:38.293 : --37 --> BSRGAN_custom --> x4--> img_037.png
25-12-06 17:34:38.650 : ----PSNR/SSIM for (/root/media/quoc-huy/blur-DAN/Urban100/LRbic, x4)---- : 20.1437dB / 0.6372
25-12-06 17:34:38.650 : --38 --> BSRGAN_custom --> x4--> img_038.png
25-12-06 17:34:39.011 : ----PSNR/SSIM for (/root/media/quoc-huy/blur-DAN/Urban100/LRbic, x4)---- : 20.4976dB / 0.4491
25-12-06 17:34:39.011 : --39 --> BSRGAN_custom --> x4--> img_039.png
25-12-06 17:34:39.371 : ----PSNR/SSIM for (/root/media/quoc-huy/blur-DAN/Urban100/LRbic, x4)---- : 16.6018dB / 0.5536
25-12-06 17:34:39.371 : --40 --> BSRGAN_custom --> x4--> img_040.png
25-12-06 17:34:39.638 : ----PSNR/SSIM for (/root/media/quoc-huy/blur-DAN/Urban100/LRbic, x4)---- : 16.5860dB / 0.6280
25-12-06 17:34:39.638 : --41 --> BSRGAN_custom --> x4--> img_041.png
25-12-06 17:34:39.952 : ----PSNR/SSIM for (/root/media/quoc-huy/blur-DAN/Urban100/LRbic, x4)---- : 17.2525dB / 0.6811
25-12-06 17:34:39.952 : --42 --> BSRGAN_custom --> x4--> img_042.png
25-12-06 17:34:40.263 : ----PSNR/SSIM for (/root/media/quoc-huy/blur-DAN/Urban100/LRbic, x4)---- : 19.9650dB / 0.7433
25-12-06 17:34:40.264 : --43 --> BSRGAN_custom --> x4--> img_043.png
25-12-06 17:34:40.574 : ----PSNR/SSIM for (/root/media/quoc-huy/blur-DAN/Urban100/LRbic, x4)---- : 22.4790dB / 0.7916
25-12-06 17:34:40.574 : --44 --> BSRGAN_custom --> x4--> img_044.png
25-12-06 17:34:40.889 : ----PSNR/SSIM for (/root/media/quoc-huy/blur-DAN/Urban100/LRbic, x4)---- : 21.1948dB / 0.6589
25-12-06 17:34:40.890 : --45 --> BSRGAN_custom --> x4--> img_045.png
25-12-06 17:34:41.244 : ----PSNR/SSIM for (/root/media/quoc-huy/blur-DAN/Urban100/LRbic, x4)---- : 15.6115dB / 0.4137
25-12-06 17:34:41.244 : --46 --> BSRGAN_custom --> x4--> img_046.png
25-12-06 17:34:41.564 : ----PSNR/SSIM for (/root/media/quoc-huy/blur-DAN/Urban100/LRbic, x4)---- : 18.0197dB / 0.6496
25-12-06 17:34:41.564 : --47 --> BSRGAN_custom --> x4--> img_047.png
25-12-06 17:34:41.848 : ----PSNR/SSIM for (/root/media/quoc-huy/blur-DAN/Urban100/LRbic, x4)---- : 16.4380dB / 0.5531
25-12-06 17:34:41.848 : --48 --> BSRGAN_custom --> x4--> img_048.png
25-12-06 17:34:42.162 : ----PSNR/SSIM for (/root/media/quoc-huy/blur-DAN/Urban100/LRbic, x4)---- : 13.4720dB / 0.5770
25-12-06 17:34:42.162 : --49 --> BSRGAN_custom --> x4--> img_049.png
25-12-06 17:34:42.481 : ----PSNR/SSIM for (/root/media/quoc-huy/blur-DAN/Urban100/LRbic, x4)---- : 17.8132dB / 0.5777
25-12-06 17:34:42.481 : --50 --> BSRGAN_custom --> x4--> img_050.png
25-12-06 17:34:42.792 : ----PSNR/SSIM for (/root/media/quoc-huy/blur-DAN/Urban100/LRbic, x4)---- : 18.7687dB / 0.6099
25-12-06 17:34:42.792 : --51 --> BSRGAN_custom --> x4--> img_051.png
25-12-06 17:34:43.108 : ----PSNR/SSIM for (/root/media/quoc-huy/blur-DAN/Urban100/LRbic, x4)---- : 20.7883dB / 0.7198
25-12-06 17:34:43.108 : --52 --> BSRGAN_custom --> x4--> img_052.png
25-12-06 17:34:43.425 : ----PSNR/SSIM for (/root/media/quoc-huy/blur-DAN/Urban100/LRbic, x4)---- : 20.8998dB / 0.7550
25-12-06 17:34:43.425 : --53 --> BSRGAN_custom --> x4--> img_053.png
25-12-06 17:34:43.746 : ----PSNR/SSIM for (/root/media/quoc-huy/blur-DAN/Urban100/LRbic, x4)---- : 16.7390dB / 0.5607
25-12-06 17:34:43.746 : --54 --> BSRGAN_custom --> x4--> img_054.png
25-12-06 17:34:44.062 : ----PSNR/SSIM for (/root/media/quoc-huy/blur-DAN/Urban100/LRbic, x4)---- : 15.6468dB / 0.5019
25-12-06 17:34:44.062 : --55 --> BSRGAN_custom --> x4--> img_055.png
25-12-06 17:34:44.426 : ----PSNR/SSIM for (/root/media/quoc-huy/blur-DAN/Urban100/LRbic, x4)---- : 20.3719dB / 0.7959
25-12-06 17:34:44.426 : --56 --> BSRGAN_custom --> x4--> img_056.png
25-12-06 17:34:44.787 : ----PSNR/SSIM for (/root/media/quoc-huy/blur-DAN/Urban100/LRbic, x4)---- : 18.3247dB / 0.5871
25-12-06 17:34:44.788 : --57 --> BSRGAN_custom --> x4--> img_057.png
25-12-06 17:34:45.117 : ----PSNR/SSIM for (/root/media/quoc-huy/blur-DAN/Urban100/LRbic, x4)---- : 21.8483dB / 0.7371
25-12-06 17:34:45.117 : --58 --> BSRGAN_custom --> x4--> img_058.png
25-12-06 17:34:45.433 : ----PSNR/SSIM for (/root/media/quoc-huy/blur-DAN/Urban100/LRbic, x4)---- : 19.4974dB / 0.6889
25-12-06 17:34:45.433 : --59 --> BSRGAN_custom --> x4--> img_059.png
25-12-06 17:34:45.740 : ----PSNR/SSIM for (/root/media/quoc-huy/blur-DAN/Urban100/LRbic, x4)---- : 17.6876dB / 0.6129
25-12-06 17:34:45.740 : --60 --> BSRGAN_custom --> x4--> img_060.png
25-12-06 17:34:46.057 : ----PSNR/SSIM for (/root/media/quoc-huy/blur-DAN/Urban100/LRbic, x4)---- : 17.8772dB / 0.4090
25-12-06 17:34:46.057 : --61 --> BSRGAN_custom --> x4--> img_061.png
25-12-06 17:34:46.370 : ----PSNR/SSIM for (/root/media/quoc-huy/blur-DAN/Urban100/LRbic, x4)---- : 18.3665dB / 0.5677
25-12-06 17:34:46.370 : --62 --> BSRGAN_custom --> x4--> img_062.png
25-12-06 17:34:46.701 : ----PSNR/SSIM for (/root/media/quoc-huy/blur-DAN/Urban100/LRbic, x4)---- : 16.8588dB / 0.5921
25-12-06 17:34:46.702 : --63 --> BSRGAN_custom --> x4--> img_063.png
25-12-06 17:34:47.143 : ----PSNR/SSIM for (/root/media/quoc-huy/blur-DAN/Urban100/LRbic, x4)---- : 15.9665dB / 0.4262
25-12-06 17:34:47.144 : --64 --> BSRGAN_custom --> x4--> img_064.png
25-12-06 17:34:47.460 : ----PSNR/SSIM for (/root/media/quoc-huy/blur-DAN/Urban100/LRbic, x4)---- : 19.1382dB / 0.5957
25-12-06 17:34:47.460 : --65 --> BSRGAN_custom --> x4--> img_065.png
25-12-06 17:34:47.773 : ----PSNR/SSIM for (/root/media/quoc-huy/blur-DAN/Urban100/LRbic, x4)---- : 19.2765dB / 0.5545
25-12-06 17:34:47.773 : --66 --> BSRGAN_custom --> x4--> img_066.png
25-12-06 17:34:48.170 : ----PSNR/SSIM for (/root/media/quoc-huy/blur-DAN/Urban100/LRbic, x4)---- : 17.1575dB / 0.5025
25-12-06 17:34:48.170 : --67 --> BSRGAN_custom --> x4--> img_067.png
25-12-06 17:34:48.480 : ----PSNR/SSIM for (/root/media/quoc-huy/blur-DAN/Urban100/LRbic, x4)---- : 13.6664dB / 0.6613
25-12-06 17:34:48.480 : --68 --> BSRGAN_custom --> x4--> img_068.png
25-12-06 17:34:48.954 : ----PSNR/SSIM for (/root/media/quoc-huy/blur-DAN/Urban100/LRbic, x4)---- : 15.4860dB / 0.6423
25-12-06 17:34:48.954 : --69 --> BSRGAN_custom --> x4--> img_069.png
25-12-06 17:34:49.408 : ----PSNR/SSIM for (/root/media/quoc-huy/blur-DAN/Urban100/LRbic, x4)---- : 19.4910dB / 0.6009
25-12-06 17:34:49.408 : --70 --> BSRGAN_custom --> x4--> img_070.png
25-12-06 17:34:49.767 : ----PSNR/SSIM for (/root/media/quoc-huy/blur-DAN/Urban100/LRbic, x4)---- : 17.6068dB / 0.4783
25-12-06 17:34:49.767 : --71 --> BSRGAN_custom --> x4--> img_071.png
25-12-06 17:34:50.131 : ----PSNR/SSIM for (/root/media/quoc-huy/blur-DAN/Urban100/LRbic, x4)---- : 18.9129dB / 0.4914
25-12-06 17:34:50.131 : --72 --> BSRGAN_custom --> x4--> img_072.png
25-12-06 17:34:50.443 : ----PSNR/SSIM for (/root/media/quoc-huy/blur-DAN/Urban100/LRbic, x4)---- : 13.8569dB / 0.5995
25-12-06 17:34:50.443 : --73 --> BSRGAN_custom --> x4--> img_073.png
25-12-06 17:34:50.806 : ----PSNR/SSIM for (/root/media/quoc-huy/blur-DAN/Urban100/LRbic, x4)---- : 15.7322dB / 0.3630
25-12-06 17:34:50.806 : --74 --> BSRGAN_custom --> x4--> img_074.png
25-12-06 17:34:51.117 : ----PSNR/SSIM for (/root/media/quoc-huy/blur-DAN/Urban100/LRbic, x4)---- : 19.0113dB / 0.5356
25-12-06 17:34:51.117 : --75 --> BSRGAN_custom --> x4--> img_075.png
25-12-06 17:34:51.434 : ----PSNR/SSIM for (/root/media/quoc-huy/blur-DAN/Urban100/LRbic, x4)---- : 20.5438dB / 0.7825
25-12-06 17:34:51.434 : --76 --> BSRGAN_custom --> x4--> img_076.png
25-12-06 17:34:51.750 : ----PSNR/SSIM for (/root/media/quoc-huy/blur-DAN/Urban100/LRbic, x4)---- : 17.9566dB / 0.5607
25-12-06 17:34:51.750 : --77 --> BSRGAN_custom --> x4--> img_077.png
25-12-06 17:34:52.063 : ----PSNR/SSIM for (/root/media/quoc-huy/blur-DAN/Urban100/LRbic, x4)---- : 18.4030dB / 0.5521
25-12-06 17:34:52.063 : --78 --> BSRGAN_custom --> x4--> img_078.png
25-12-06 17:34:52.397 : ----PSNR/SSIM for (/root/media/quoc-huy/blur-DAN/Urban100/LRbic, x4)---- : 19.5749dB / 0.5584
25-12-06 17:34:52.398 : --79 --> BSRGAN_custom --> x4--> img_079.png
25-12-06 17:34:52.760 : ----PSNR/SSIM for (/root/media/quoc-huy/blur-DAN/Urban100/LRbic, x4)---- : 19.1883dB / 0.5238
25-12-06 17:34:52.760 : --80 --> BSRGAN_custom --> x4--> img_080.png
25-12-06 17:34:53.140 : ----PSNR/SSIM for (/root/media/quoc-huy/blur-DAN/Urban100/LRbic, x4)---- : 23.1333dB / 0.8609
25-12-06 17:34:53.140 : --81 --> BSRGAN_custom --> x4--> img_081.png
25-12-06 17:34:53.612 : ----PSNR/SSIM for (/root/media/quoc-huy/blur-DAN/Urban100/LRbic, x4)---- : 24.9164dB / 0.8267
25-12-06 17:34:53.612 : --82 --> BSRGAN_custom --> x4--> img_082.png
25-12-06 17:34:54.090 : ----PSNR/SSIM for (/root/media/quoc-huy/blur-DAN/Urban100/LRbic, x4)---- : 20.7183dB / 0.8117
25-12-06 17:34:54.090 : --83 --> BSRGAN_custom --> x4--> img_083.png
25-12-06 17:34:54.565 : ----PSNR/SSIM for (/root/media/quoc-huy/blur-DAN/Urban100/LRbic, x4)---- : 16.7654dB / 0.5083
25-12-06 17:34:54.565 : --84 --> BSRGAN_custom --> x4--> img_084.png
25-12-06 17:34:55.043 : ----PSNR/SSIM for (/root/media/quoc-huy/blur-DAN/Urban100/LRbic, x4)---- : 22.2138dB / 0.6521
25-12-06 17:34:55.043 : --85 --> BSRGAN_custom --> x4--> img_085.png
25-12-06 17:34:55.361 : ----PSNR/SSIM for (/root/media/quoc-huy/blur-DAN/Urban100/LRbic, x4)---- : 21.6140dB / 0.7717
25-12-06 17:34:55.361 : --86 --> BSRGAN_custom --> x4--> img_086.png
25-12-06 17:34:55.720 : ----PSNR/SSIM for (/root/media/quoc-huy/blur-DAN/Urban100/LRbic, x4)---- : 22.6580dB / 0.7809
25-12-06 17:34:55.720 : --87 --> BSRGAN_custom --> x4--> img_087.png
25-12-06 17:34:56.202 : ----PSNR/SSIM for (/root/media/quoc-huy/blur-DAN/Urban100/LRbic, x4)---- : 19.2243dB / 0.7268
25-12-06 17:34:56.202 : --88 --> BSRGAN_custom --> x4--> img_088.png
25-12-06 17:34:56.514 : ----PSNR/SSIM for (/root/media/quoc-huy/blur-DAN/Urban100/LRbic, x4)---- : 15.3958dB / 0.3735
25-12-06 17:34:56.514 : --89 --> BSRGAN_custom --> x4--> img_089.png
25-12-06 17:34:56.873 : ----PSNR/SSIM for (/root/media/quoc-huy/blur-DAN/Urban100/LRbic, x4)---- : 19.4731dB / 0.5605
25-12-06 17:34:56.874 : --90 --> BSRGAN_custom --> x4--> img_090.png
25-12-06 17:34:57.188 : ----PSNR/SSIM for (/root/media/quoc-huy/blur-DAN/Urban100/LRbic, x4)---- : 20.0202dB / 0.7748
25-12-06 17:34:57.189 : --91 --> BSRGAN_custom --> x4--> img_091.png
25-12-06 17:34:57.501 : ----PSNR/SSIM for (/root/media/quoc-huy/blur-DAN/Urban100/LRbic, x4)---- : 18.4315dB / 0.4731
25-12-06 17:34:57.501 : --92 --> BSRGAN_custom --> x4--> img_092.png
25-12-06 17:34:57.815 : ----PSNR/SSIM for (/root/media/quoc-huy/blur-DAN/Urban100/LRbic, x4)---- : 12.1005dB / 0.3747
25-12-06 17:34:57.815 : --93 --> BSRGAN_custom --> x4--> img_093.png
25-12-06 17:34:58.174 : ----PSNR/SSIM for (/root/media/quoc-huy/blur-DAN/Urban100/LRbic, x4)---- : 17.5009dB / 0.7440
25-12-06 17:34:58.174 : --94 --> BSRGAN_custom --> x4--> img_094.png
25-12-06 17:34:58.531 : ----PSNR/SSIM for (/root/media/quoc-huy/blur-DAN/Urban100/LRbic, x4)---- : 19.4354dB / 0.6267
25-12-06 17:34:58.532 : --95 --> BSRGAN_custom --> x4--> img_095.png
25-12-06 17:34:58.899 : ----PSNR/SSIM for (/root/media/quoc-huy/blur-DAN/Urban100/LRbic, x4)---- : 15.3404dB / 0.2281
25-12-06 17:34:58.899 : --96 --> BSRGAN_custom --> x4--> img_096.png
25-12-06 17:34:59.263 : ----PSNR/SSIM for (/root/media/quoc-huy/blur-DAN/Urban100/LRbic, x4)---- : 17.1290dB / 0.6771
25-12-06 17:34:59.263 : --97 --> BSRGAN_custom --> x4--> img_097.png
25-12-06 17:34:59.580 : ----PSNR/SSIM for (/root/media/quoc-huy/blur-DAN/Urban100/LRbic, x4)---- : 18.4054dB / 0.5955
25-12-06 17:34:59.580 : --98 --> BSRGAN_custom --> x4--> img_098.png
25-12-06 17:34:59.895 : ----PSNR/SSIM for (/root/media/quoc-huy/blur-DAN/Urban100/LRbic, x4)---- : 15.1893dB / 0.3280
25-12-06 17:34:59.895 : --99 --> BSRGAN_custom --> x4--> img_099.png
25-12-06 17:35:00.277 : ----PSNR/SSIM for (/root/media/quoc-huy/blur-DAN/Urban100/LRbic, x4)---- : 18.2454dB / 0.5093
25-12-06 17:35:00.277 : -100 --> BSRGAN_custom --> x4--> img_100.png
25-12-06 17:35:00.755 : ----PSNR/SSIM for (/root/media/quoc-huy/blur-DAN/Urban100/LRbic, x4)---- : 20.9794dB / 0.6116
25-12-06 17:35:00.755 : ----Average PSNR/SSIM for (/root/media/quoc-huy/blur-DAN/Urban100/LRbic, x4)---- : 18.5880dB / 0.6081
25-12-06 17:35:00.755 :  
25-12-06 17:35:26.633 :       Model Name : BSRNet_custom
25-12-06 17:35:27.096 :       Input Path : /root/media/quoc-huy/blur-DAN/Urban100/LRbic
25-12-06 17:35:27.096 :      Output Path : /root/quoc-huy/all-tested-results/BSRNet/Urban100-type1v2
25-12-06 17:35:27.096 : ---1 --> BSRNet_custom --> x4--> img_001.png
25-12-06 17:35:27.513 : ----PSNR/SSIM for (/root/media/quoc-huy/blur-DAN/Urban100/LRbic, x4)---- : 19.4438dB / 0.6046
25-12-06 17:35:27.513 : ---2 --> BSRNet_custom --> x4--> img_002.png
25-12-06 17:35:27.876 : ----PSNR/SSIM for (/root/media/quoc-huy/blur-DAN/Urban100/LRbic, x4)---- : 21.1396dB / 0.7154
25-12-06 17:35:27.876 : ---3 --> BSRNet_custom --> x4--> img_003.png
25-12-06 17:35:28.195 : ----PSNR/SSIM for (/root/media/quoc-huy/blur-DAN/Urban100/LRbic, x4)---- : 17.8860dB / 0.5298
25-12-06 17:35:28.195 : ---4 --> BSRNet_custom --> x4--> img_004.png
25-12-06 17:35:28.514 : ----PSNR/SSIM for (/root/media/quoc-huy/blur-DAN/Urban100/LRbic, x4)---- : 16.1801dB / 0.6329
25-12-06 17:35:28.514 : ---5 --> BSRNet_custom --> x4--> img_005.png
25-12-06 17:35:28.868 : ----PSNR/SSIM for (/root/media/quoc-huy/blur-DAN/Urban100/LRbic, x4)---- : 20.7202dB / 0.8230
25-12-06 17:35:28.869 : ---6 --> BSRNet_custom --> x4--> img_006.png
25-12-06 17:35:29.346 : ----PSNR/SSIM for (/root/media/quoc-huy/blur-DAN/Urban100/LRbic, x4)---- : 18.6162dB / 0.4867
25-12-06 17:35:29.346 : ---7 --> BSRNet_custom --> x4--> img_007.png
25-12-06 17:35:29.661 : ----PSNR/SSIM for (/root/media/quoc-huy/blur-DAN/Urban100/LRbic, x4)---- : 22.5630dB / 0.7682
25-12-06 17:35:29.661 : ---8 --> BSRNet_custom --> x4--> img_008.png
25-12-06 17:35:29.934 : ----PSNR/SSIM for (/root/media/quoc-huy/blur-DAN/Urban100/LRbic, x4)---- : 16.8913dB / 0.4953
25-12-06 17:35:29.934 : ---9 --> BSRNet_custom --> x4--> img_009.png
25-12-06 17:35:30.301 : ----PSNR/SSIM for (/root/media/quoc-huy/blur-DAN/Urban100/LRbic, x4)---- : 24.8781dB / 0.8487
25-12-06 17:35:30.301 : --10 --> BSRNet_custom --> x4--> img_010.png
25-12-06 17:35:30.680 : ----PSNR/SSIM for (/root/media/quoc-huy/blur-DAN/Urban100/LRbic, x4)---- : 20.9520dB / 0.7932
25-12-06 17:35:30.680 : --11 --> BSRNet_custom --> x4--> img_011.png
25-12-06 17:35:30.946 : ----PSNR/SSIM for (/root/media/quoc-huy/blur-DAN/Urban100/LRbic, x4)---- : 11.9491dB / 0.5313
25-12-06 17:35:30.946 : --12 --> BSRNet_custom --> x4--> img_012.png
25-12-06 17:35:31.304 : ----PSNR/SSIM for (/root/media/quoc-huy/blur-DAN/Urban100/LRbic, x4)---- : 19.8879dB / 0.6138
25-12-06 17:35:31.305 : --13 --> BSRNet_custom --> x4--> img_013.png
25-12-06 17:35:31.663 : ----PSNR/SSIM for (/root/media/quoc-huy/blur-DAN/Urban100/LRbic, x4)---- : 23.6544dB / 0.7345
25-12-06 17:35:31.663 : --14 --> BSRNet_custom --> x4--> img_014.png
25-12-06 17:35:32.138 : ----PSNR/SSIM for (/root/media/quoc-huy/blur-DAN/Urban100/LRbic, x4)---- : 18.4648dB / 0.5845
25-12-06 17:35:32.139 : --15 --> BSRNet_custom --> x4--> img_015.png
25-12-06 17:35:32.498 : ----PSNR/SSIM for (/root/media/quoc-huy/blur-DAN/Urban100/LRbic, x4)---- : 21.2530dB / 0.6089
25-12-06 17:35:32.498 : --16 --> BSRNet_custom --> x4--> img_016.png
25-12-06 17:35:32.951 : ----PSNR/SSIM for (/root/media/quoc-huy/blur-DAN/Urban100/LRbic, x4)---- : 20.7902dB / 0.6708
25-12-06 17:35:32.951 : --17 --> BSRNet_custom --> x4--> img_017.png
25-12-06 17:35:33.280 : ----PSNR/SSIM for (/root/media/quoc-huy/blur-DAN/Urban100/LRbic, x4)---- : 20.8144dB / 0.7327
25-12-06 17:35:33.280 : --18 --> BSRNet_custom --> x4--> img_018.png
25-12-06 17:35:33.637 : ----PSNR/SSIM for (/root/media/quoc-huy/blur-DAN/Urban100/LRbic, x4)---- : 22.5101dB / 0.5762
25-12-06 17:35:33.637 : --19 --> BSRNet_custom --> x4--> img_019.png
25-12-06 17:35:33.945 : ----PSNR/SSIM for (/root/media/quoc-huy/blur-DAN/Urban100/LRbic, x4)---- : 16.7901dB / 0.6303
25-12-06 17:35:33.945 : --20 --> BSRNet_custom --> x4--> img_020.png
25-12-06 17:35:34.497 : ----PSNR/SSIM for (/root/media/quoc-huy/blur-DAN/Urban100/LRbic, x4)---- : 18.3001dB / 0.5993
25-12-06 17:35:34.497 : --21 --> BSRNet_custom --> x4--> img_021.png
25-12-06 17:35:34.926 : ----PSNR/SSIM for (/root/media/quoc-huy/blur-DAN/Urban100/LRbic, x4)---- : 17.2950dB / 0.6704
25-12-06 17:35:34.926 : --22 --> BSRNet_custom --> x4--> img_022.png
25-12-06 17:35:35.235 : ----PSNR/SSIM for (/root/media/quoc-huy/blur-DAN/Urban100/LRbic, x4)---- : 22.4877dB / 0.6859
25-12-06 17:35:35.235 : --23 --> BSRNet_custom --> x4--> img_023.png
25-12-06 17:35:35.701 : ----PSNR/SSIM for (/root/media/quoc-huy/blur-DAN/Urban100/LRbic, x4)---- : 17.4803dB / 0.5738
25-12-06 17:35:35.701 : --24 --> BSRNet_custom --> x4--> img_024.png
25-12-06 17:35:36.010 : ----PSNR/SSIM for (/root/media/quoc-huy/blur-DAN/Urban100/LRbic, x4)---- : 15.1402dB / 0.4806
25-12-06 17:35:36.010 : --25 --> BSRNet_custom --> x4--> img_025.png
25-12-06 17:35:36.341 : ----PSNR/SSIM for (/root/media/quoc-huy/blur-DAN/Urban100/LRbic, x4)---- : 22.9385dB / 0.8248
25-12-06 17:35:36.341 : --26 --> BSRNet_custom --> x4--> img_026.png
25-12-06 17:35:36.698 : ----PSNR/SSIM for (/root/media/quoc-huy/blur-DAN/Urban100/LRbic, x4)---- : 21.9519dB / 0.5958
25-12-06 17:35:36.698 : --27 --> BSRNet_custom --> x4--> img_027.png
25-12-06 17:35:37.082 : ----PSNR/SSIM for (/root/media/quoc-huy/blur-DAN/Urban100/LRbic, x4)---- : 23.3953dB / 0.7049
25-12-06 17:35:37.082 : --28 --> BSRNet_custom --> x4--> img_028.png
25-12-06 17:35:37.387 : ----PSNR/SSIM for (/root/media/quoc-huy/blur-DAN/Urban100/LRbic, x4)---- : 23.1894dB / 0.7831
25-12-06 17:35:37.387 : --29 --> BSRNet_custom --> x4--> img_029.png
25-12-06 17:35:37.706 : ----PSNR/SSIM for (/root/media/quoc-huy/blur-DAN/Urban100/LRbic, x4)---- : 18.3101dB / 0.6896
25-12-06 17:35:37.707 : --30 --> BSRNet_custom --> x4--> img_030.png
25-12-06 17:35:38.024 : ----PSNR/SSIM for (/root/media/quoc-huy/blur-DAN/Urban100/LRbic, x4)---- : 18.5592dB / 0.6401
25-12-06 17:35:38.024 : --31 --> BSRNet_custom --> x4--> img_031.png
25-12-06 17:35:38.333 : ----PSNR/SSIM for (/root/media/quoc-huy/blur-DAN/Urban100/LRbic, x4)---- : 20.4527dB / 0.6404
25-12-06 17:35:38.333 : --32 --> BSRNet_custom --> x4--> img_032.png
25-12-06 17:35:38.653 : ----PSNR/SSIM for (/root/media/quoc-huy/blur-DAN/Urban100/LRbic, x4)---- : 22.8567dB / 0.7420
25-12-06 17:35:38.653 : --33 --> BSRNet_custom --> x4--> img_033.png
25-12-06 17:35:38.964 : ----PSNR/SSIM for (/root/media/quoc-huy/blur-DAN/Urban100/LRbic, x4)---- : 21.4145dB / 0.6594
25-12-06 17:35:38.964 : --34 --> BSRNet_custom --> x4--> img_034.png
25-12-06 17:35:39.278 : ----PSNR/SSIM for (/root/media/quoc-huy/blur-DAN/Urban100/LRbic, x4)---- : 18.1460dB / 0.4488
25-12-06 17:35:39.279 : --35 --> BSRNet_custom --> x4--> img_035.png
25-12-06 17:35:39.593 : ----PSNR/SSIM for (/root/media/quoc-huy/blur-DAN/Urban100/LRbic, x4)---- : 20.3645dB / 0.7559
25-12-06 17:35:39.593 : --36 --> BSRNet_custom --> x4--> img_036.png
25-12-06 17:35:39.911 : ----PSNR/SSIM for (/root/media/quoc-huy/blur-DAN/Urban100/LRbic, x4)---- : 22.5600dB / 0.7999
25-12-06 17:35:39.911 : --37 --> BSRNet_custom --> x4--> img_037.png
25-12-06 17:35:40.266 : ----PSNR/SSIM for (/root/media/quoc-huy/blur-DAN/Urban100/LRbic, x4)---- : 21.2275dB / 0.6952
25-12-06 17:35:40.266 : --38 --> BSRNet_custom --> x4--> img_038.png
25-12-06 17:35:40.624 : ----PSNR/SSIM for (/root/media/quoc-huy/blur-DAN/Urban100/LRbic, x4)---- : 21.6454dB / 0.4965
25-12-06 17:35:40.624 : --39 --> BSRNet_custom --> x4--> img_039.png
25-12-06 17:35:40.982 : ----PSNR/SSIM for (/root/media/quoc-huy/blur-DAN/Urban100/LRbic, x4)---- : 18.0133dB / 0.5867
25-12-06 17:35:40.982 : --40 --> BSRNet_custom --> x4--> img_040.png
25-12-06 17:35:41.250 : ----PSNR/SSIM for (/root/media/quoc-huy/blur-DAN/Urban100/LRbic, x4)---- : 17.6064dB / 0.7020
25-12-06 17:35:41.250 : --41 --> BSRNet_custom --> x4--> img_041.png
25-12-06 17:35:41.562 : ----PSNR/SSIM for (/root/media/quoc-huy/blur-DAN/Urban100/LRbic, x4)---- : 18.1357dB / 0.7092
25-12-06 17:35:41.562 : --42 --> BSRNet_custom --> x4--> img_042.png
25-12-06 17:35:41.871 : ----PSNR/SSIM for (/root/media/quoc-huy/blur-DAN/Urban100/LRbic, x4)---- : 21.3549dB / 0.7880
25-12-06 17:35:41.871 : --43 --> BSRNet_custom --> x4--> img_043.png
25-12-06 17:35:42.179 : ----PSNR/SSIM for (/root/media/quoc-huy/blur-DAN/Urban100/LRbic, x4)---- : 22.1984dB / 0.7890
25-12-06 17:35:42.179 : --44 --> BSRNet_custom --> x4--> img_044.png
25-12-06 17:35:42.494 : ----PSNR/SSIM for (/root/media/quoc-huy/blur-DAN/Urban100/LRbic, x4)---- : 24.0010dB / 0.7401
25-12-06 17:35:42.494 : --45 --> BSRNet_custom --> x4--> img_045.png
25-12-06 17:35:42.848 : ----PSNR/SSIM for (/root/media/quoc-huy/blur-DAN/Urban100/LRbic, x4)---- : 16.6423dB / 0.5013
25-12-06 17:35:42.848 : --46 --> BSRNet_custom --> x4--> img_046.png
25-12-06 17:35:43.162 : ----PSNR/SSIM for (/root/media/quoc-huy/blur-DAN/Urban100/LRbic, x4)---- : 18.8500dB / 0.6777
25-12-06 17:35:43.163 : --47 --> BSRNet_custom --> x4--> img_047.png
25-12-06 17:35:43.447 : ----PSNR/SSIM for (/root/media/quoc-huy/blur-DAN/Urban100/LRbic, x4)---- : 17.7008dB / 0.6313
25-12-06 17:35:43.447 : --48 --> BSRNet_custom --> x4--> img_048.png
25-12-06 17:35:43.759 : ----PSNR/SSIM for (/root/media/quoc-huy/blur-DAN/Urban100/LRbic, x4)---- : 14.6634dB / 0.6339
25-12-06 17:35:43.759 : --49 --> BSRNet_custom --> x4--> img_049.png
25-12-06 17:35:44.077 : ----PSNR/SSIM for (/root/media/quoc-huy/blur-DAN/Urban100/LRbic, x4)---- : 18.5436dB / 0.5949
25-12-06 17:35:44.077 : --50 --> BSRNet_custom --> x4--> img_050.png
25-12-06 17:35:44.389 : ----PSNR/SSIM for (/root/media/quoc-huy/blur-DAN/Urban100/LRbic, x4)---- : 18.8826dB / 0.6534
25-12-06 17:35:44.389 : --51 --> BSRNet_custom --> x4--> img_051.png
25-12-06 17:35:44.704 : ----PSNR/SSIM for (/root/media/quoc-huy/blur-DAN/Urban100/LRbic, x4)---- : 22.6908dB / 0.7615
25-12-06 17:35:44.705 : --52 --> BSRNet_custom --> x4--> img_052.png
25-12-06 17:35:45.020 : ----PSNR/SSIM for (/root/media/quoc-huy/blur-DAN/Urban100/LRbic, x4)---- : 21.9361dB / 0.7734
25-12-06 17:35:45.020 : --53 --> BSRNet_custom --> x4--> img_053.png
25-12-06 17:35:45.329 : ----PSNR/SSIM for (/root/media/quoc-huy/blur-DAN/Urban100/LRbic, x4)---- : 17.6252dB / 0.6003
25-12-06 17:35:45.329 : --54 --> BSRNet_custom --> x4--> img_054.png
25-12-06 17:35:45.645 : ----PSNR/SSIM for (/root/media/quoc-huy/blur-DAN/Urban100/LRbic, x4)---- : 17.0057dB / 0.5350
25-12-06 17:35:45.645 : --55 --> BSRNet_custom --> x4--> img_055.png
25-12-06 17:35:46.008 : ----PSNR/SSIM for (/root/media/quoc-huy/blur-DAN/Urban100/LRbic, x4)---- : 21.4731dB / 0.8257
25-12-06 17:35:46.008 : --56 --> BSRNet_custom --> x4--> img_056.png
25-12-06 17:35:46.369 : ----PSNR/SSIM for (/root/media/quoc-huy/blur-DAN/Urban100/LRbic, x4)---- : 19.4450dB / 0.6428
25-12-06 17:35:46.370 : --57 --> BSRNet_custom --> x4--> img_057.png
25-12-06 17:35:46.697 : ----PSNR/SSIM for (/root/media/quoc-huy/blur-DAN/Urban100/LRbic, x4)---- : 24.0251dB / 0.7843
25-12-06 17:35:46.698 : --58 --> BSRNet_custom --> x4--> img_058.png
25-12-06 17:35:47.014 : ----PSNR/SSIM for (/root/media/quoc-huy/blur-DAN/Urban100/LRbic, x4)---- : 20.7344dB / 0.7336
25-12-06 17:35:47.014 : --59 --> BSRNet_custom --> x4--> img_059.png
25-12-06 17:35:47.318 : ----PSNR/SSIM for (/root/media/quoc-huy/blur-DAN/Urban100/LRbic, x4)---- : 17.9799dB / 0.6376
25-12-06 17:35:47.318 : --60 --> BSRNet_custom --> x4--> img_060.png
25-12-06 17:35:47.636 : ----PSNR/SSIM for (/root/media/quoc-huy/blur-DAN/Urban100/LRbic, x4)---- : 18.4539dB / 0.4421
25-12-06 17:35:47.636 : --61 --> BSRNet_custom --> x4--> img_061.png
25-12-06 17:35:47.944 : ----PSNR/SSIM for (/root/media/quoc-huy/blur-DAN/Urban100/LRbic, x4)---- : 20.1256dB / 0.6296
25-12-06 17:35:47.944 : --62 --> BSRNet_custom --> x4--> img_062.png
25-12-06 17:35:48.252 : ----PSNR/SSIM for (/root/media/quoc-huy/blur-DAN/Urban100/LRbic, x4)---- : 17.1488dB / 0.6369
25-12-06 17:35:48.252 : --63 --> BSRNet_custom --> x4--> img_063.png
25-12-06 17:35:48.694 : ----PSNR/SSIM for (/root/media/quoc-huy/blur-DAN/Urban100/LRbic, x4)---- : 16.3512dB / 0.4308
25-12-06 17:35:48.694 : --64 --> BSRNet_custom --> x4--> img_064.png
25-12-06 17:35:49.013 : ----PSNR/SSIM for (/root/media/quoc-huy/blur-DAN/Urban100/LRbic, x4)---- : 21.2025dB / 0.6656
25-12-06 17:35:49.013 : --65 --> BSRNet_custom --> x4--> img_065.png
25-12-06 17:35:49.330 : ----PSNR/SSIM for (/root/media/quoc-huy/blur-DAN/Urban100/LRbic, x4)---- : 19.8692dB / 0.6151
25-12-06 17:35:49.330 : --66 --> BSRNet_custom --> x4--> img_066.png
25-12-06 17:35:49.729 : ----PSNR/SSIM for (/root/media/quoc-huy/blur-DAN/Urban100/LRbic, x4)---- : 18.1739dB / 0.5406
25-12-06 17:35:49.729 : --67 --> BSRNet_custom --> x4--> img_067.png
25-12-06 17:35:50.038 : ----PSNR/SSIM for (/root/media/quoc-huy/blur-DAN/Urban100/LRbic, x4)---- : 14.4132dB / 0.6752
25-12-06 17:35:50.038 : --68 --> BSRNet_custom --> x4--> img_068.png
25-12-06 17:35:50.509 : ----PSNR/SSIM for (/root/media/quoc-huy/blur-DAN/Urban100/LRbic, x4)---- : 15.5910dB / 0.6886
25-12-06 17:35:50.509 : --69 --> BSRNet_custom --> x4--> img_069.png
25-12-06 17:35:50.953 : ----PSNR/SSIM for (/root/media/quoc-huy/blur-DAN/Urban100/LRbic, x4)---- : 20.6325dB / 0.6406
25-12-06 17:35:50.953 : --70 --> BSRNet_custom --> x4--> img_070.png
25-12-06 17:35:51.309 : ----PSNR/SSIM for (/root/media/quoc-huy/blur-DAN/Urban100/LRbic, x4)---- : 18.0406dB / 0.5025
25-12-06 17:35:51.309 : --71 --> BSRNet_custom --> x4--> img_071.png
25-12-06 17:35:51.664 : ----PSNR/SSIM for (/root/media/quoc-huy/blur-DAN/Urban100/LRbic, x4)---- : 20.2778dB / 0.5262
25-12-06 17:35:51.665 : --72 --> BSRNet_custom --> x4--> img_072.png
25-12-06 17:35:51.984 : ----PSNR/SSIM for (/root/media/quoc-huy/blur-DAN/Urban100/LRbic, x4)---- : 14.6397dB / 0.6373
25-12-06 17:35:51.984 : --73 --> BSRNet_custom --> x4--> img_073.png
25-12-06 17:35:52.344 : ----PSNR/SSIM for (/root/media/quoc-huy/blur-DAN/Urban100/LRbic, x4)---- : 16.8714dB / 0.4293
25-12-06 17:35:52.344 : --74 --> BSRNet_custom --> x4--> img_074.png
25-12-06 17:35:52.656 : ----PSNR/SSIM for (/root/media/quoc-huy/blur-DAN/Urban100/LRbic, x4)---- : 19.4703dB / 0.5669
25-12-06 17:35:52.656 : --75 --> BSRNet_custom --> x4--> img_075.png
25-12-06 17:35:52.973 : ----PSNR/SSIM for (/root/media/quoc-huy/blur-DAN/Urban100/LRbic, x4)---- : 22.3118dB / 0.8019
25-12-06 17:35:52.973 : --76 --> BSRNet_custom --> x4--> img_076.png
25-12-06 17:35:53.292 : ----PSNR/SSIM for (/root/media/quoc-huy/blur-DAN/Urban100/LRbic, x4)---- : 17.9420dB / 0.6049
25-12-06 17:35:53.292 : --77 --> BSRNet_custom --> x4--> img_077.png
25-12-06 17:35:53.603 : ----PSNR/SSIM for (/root/media/quoc-huy/blur-DAN/Urban100/LRbic, x4)---- : 19.5320dB / 0.5805
25-12-06 17:35:53.603 : --78 --> BSRNet_custom --> x4--> img_078.png
25-12-06 17:35:53.933 : ----PSNR/SSIM for (/root/media/quoc-huy/blur-DAN/Urban100/LRbic, x4)---- : 21.4777dB / 0.6135
25-12-06 17:35:53.933 : --79 --> BSRNet_custom --> x4--> img_079.png
25-12-06 17:35:54.296 : ----PSNR/SSIM for (/root/media/quoc-huy/blur-DAN/Urban100/LRbic, x4)---- : 19.2962dB / 0.5685
25-12-06 17:35:54.296 : --80 --> BSRNet_custom --> x4--> img_080.png
25-12-06 17:35:54.693 : ----PSNR/SSIM for (/root/media/quoc-huy/blur-DAN/Urban100/LRbic, x4)---- : 27.8860dB / 0.9037
25-12-06 17:35:54.693 : --81 --> BSRNet_custom --> x4--> img_081.png
25-12-06 17:35:55.166 : ----PSNR/SSIM for (/root/media/quoc-huy/blur-DAN/Urban100/LRbic, x4)---- : 26.5835dB / 0.8428
25-12-06 17:35:55.166 : --82 --> BSRNet_custom --> x4--> img_082.png
25-12-06 17:35:55.640 : ----PSNR/SSIM for (/root/media/quoc-huy/blur-DAN/Urban100/LRbic, x4)---- : 22.2228dB / 0.8437
25-12-06 17:35:55.640 : --83 --> BSRNet_custom --> x4--> img_083.png
25-12-06 17:35:56.116 : ----PSNR/SSIM for (/root/media/quoc-huy/blur-DAN/Urban100/LRbic, x4)---- : 17.7124dB / 0.5552
25-12-06 17:35:56.116 : --84 --> BSRNet_custom --> x4--> img_084.png
25-12-06 17:35:56.598 : ----PSNR/SSIM for (/root/media/quoc-huy/blur-DAN/Urban100/LRbic, x4)---- : 23.6512dB / 0.7171
25-12-06 17:35:56.598 : --85 --> BSRNet_custom --> x4--> img_085.png
25-12-06 17:35:56.908 : ----PSNR/SSIM for (/root/media/quoc-huy/blur-DAN/Urban100/LRbic, x4)---- : 23.3022dB / 0.8079
25-12-06 17:35:56.908 : --86 --> BSRNet_custom --> x4--> img_086.png
25-12-06 17:35:57.262 : ----PSNR/SSIM for (/root/media/quoc-huy/blur-DAN/Urban100/LRbic, x4)---- : 24.9287dB / 0.8207
25-12-06 17:35:57.263 : --87 --> BSRNet_custom --> x4--> img_087.png
25-12-06 17:35:57.746 : ----PSNR/SSIM for (/root/media/quoc-huy/blur-DAN/Urban100/LRbic, x4)---- : 20.7871dB / 0.7449
25-12-06 17:35:57.746 : --88 --> BSRNet_custom --> x4--> img_088.png
25-12-06 17:35:58.057 : ----PSNR/SSIM for (/root/media/quoc-huy/blur-DAN/Urban100/LRbic, x4)---- : 16.0566dB / 0.4064
25-12-06 17:35:58.057 : --89 --> BSRNet_custom --> x4--> img_089.png
25-12-06 17:35:58.420 : ----PSNR/SSIM for (/root/media/quoc-huy/blur-DAN/Urban100/LRbic, x4)---- : 21.8780dB / 0.6228
25-12-06 17:35:58.420 : --90 --> BSRNet_custom --> x4--> img_090.png
25-12-06 17:35:58.732 : ----PSNR/SSIM for (/root/media/quoc-huy/blur-DAN/Urban100/LRbic, x4)---- : 25.5346dB / 0.8728
25-12-06 17:35:58.732 : --91 --> BSRNet_custom --> x4--> img_091.png
25-12-06 17:35:59.045 : ----PSNR/SSIM for (/root/media/quoc-huy/blur-DAN/Urban100/LRbic, x4)---- : 19.5308dB / 0.5305
25-12-06 17:35:59.045 : --92 --> BSRNet_custom --> x4--> img_092.png
25-12-06 17:35:59.360 : ----PSNR/SSIM for (/root/media/quoc-huy/blur-DAN/Urban100/LRbic, x4)---- : 13.2265dB / 0.4465
25-12-06 17:35:59.360 : --93 --> BSRNet_custom --> x4--> img_093.png
25-12-06 17:35:59.719 : ----PSNR/SSIM for (/root/media/quoc-huy/blur-DAN/Urban100/LRbic, x4)---- : 17.9957dB / 0.7941
25-12-06 17:35:59.719 : --94 --> BSRNet_custom --> x4--> img_094.png
25-12-06 17:36:00.076 : ----PSNR/SSIM for (/root/media/quoc-huy/blur-DAN/Urban100/LRbic, x4)---- : 22.3511dB / 0.6737
25-12-06 17:36:00.076 : --95 --> BSRNet_custom --> x4--> img_095.png
25-12-06 17:36:00.432 : ----PSNR/SSIM for (/root/media/quoc-huy/blur-DAN/Urban100/LRbic, x4)---- : 15.8536dB / 0.2676
25-12-06 17:36:00.432 : --96 --> BSRNet_custom --> x4--> img_096.png
25-12-06 17:36:00.791 : ----PSNR/SSIM for (/root/media/quoc-huy/blur-DAN/Urban100/LRbic, x4)---- : 17.8875dB / 0.7131
25-12-06 17:36:00.791 : --97 --> BSRNet_custom --> x4--> img_097.png
25-12-06 17:36:01.108 : ----PSNR/SSIM for (/root/media/quoc-huy/blur-DAN/Urban100/LRbic, x4)---- : 19.6925dB / 0.6459
25-12-06 17:36:01.108 : --98 --> BSRNet_custom --> x4--> img_098.png
25-12-06 17:36:01.424 : ----PSNR/SSIM for (/root/media/quoc-huy/blur-DAN/Urban100/LRbic, x4)---- : 16.6614dB / 0.3695
25-12-06 17:36:01.424 : --99 --> BSRNet_custom --> x4--> img_099.png
25-12-06 17:36:01.803 : ----PSNR/SSIM for (/root/media/quoc-huy/blur-DAN/Urban100/LRbic, x4)---- : 19.4489dB / 0.5389
25-12-06 17:36:01.803 : -100 --> BSRNet_custom --> x4--> img_100.png
25-12-06 17:36:02.282 : ----PSNR/SSIM for (/root/media/quoc-huy/blur-DAN/Urban100/LRbic, x4)---- : 21.2428dB / 0.6135
25-12-06 17:36:02.282 : ----Average PSNR/SSIM for (/root/media/quoc-huy/blur-DAN/Urban100/LRbic, x4)---- : 19.7886dB / 0.6470
25-12-06 17:36:02.282 :  
25-12-06 17:56:07.643 :       Model Name : BSRNet_custom
25-12-06 17:56:08.105 :       Input Path : /root/quoc-huy/BSRGAN/testsets/RealSRSet
25-12-06 17:56:08.105 :      Output Path : /root/quoc-huy/all-tested-results/BSRNet/RealSRSet-custom
25-12-06 17:57:21.169 :       Model Name : BSRGAN_custom
25-12-06 17:57:21.631 :       Input Path : /root/quoc-huy/BSRGAN/testsets/RealSRSet
25-12-06 17:57:21.631 :      Output Path : /root/quoc-huy/all-tested-results/BSRGAN/RealSRSet-custom
26-01-14 14:10:03.001 :       Model Name : BSRNet
26-01-14 14:10:03.472 :       Input Path : /root/media/quoc-huy/eval-wir/srbenchmarks/Urban100/LR-bicubic-matlab
26-01-14 14:10:03.472 :      Output Path : /root/quoc-huy/all-tested-results/BSRNet/Urban100-bic-matlab
26-01-14 14:11:44.921 :       Model Name : BSRNet
26-01-14 14:11:45.387 :       Input Path : /root/media/quoc-huy/eval-wir/srbenchmarks/Urban100/LR-bicubic-matlab
26-01-14 14:11:45.387 :      Output Path : /root/quoc-huy/all-tested-results/BSRNet/Urban100-bic-matlab
26-01-14 14:11:45.388 : ---1 --> BSRNet --> x4--> img_001.png
26-01-14 14:11:45.804 : ----PSNR/SSIM for (/root/media/quoc-huy/eval-wir/srbenchmarks/Urban100/LR-bicubic-matlab, x4)---- : 22.7474dB / 0.6129
26-01-14 14:11:45.804 : ---2 --> BSRNet --> x4--> img_002.png
26-01-14 14:11:46.168 : ----PSNR/SSIM for (/root/media/quoc-huy/eval-wir/srbenchmarks/Urban100/LR-bicubic-matlab, x4)---- : 22.9567dB / 0.7056
26-01-14 14:11:46.168 : ---3 --> BSRNet --> x4--> img_003.png
26-01-14 14:11:46.484 : ----PSNR/SSIM for (/root/media/quoc-huy/eval-wir/srbenchmarks/Urban100/LR-bicubic-matlab, x4)---- : 21.8652dB / 0.6070
26-01-14 14:11:46.484 : ---4 --> BSRNet --> x4--> img_004.png
26-01-14 14:11:46.801 : ----PSNR/SSIM for (/root/media/quoc-huy/eval-wir/srbenchmarks/Urban100/LR-bicubic-matlab, x4)---- : 15.2870dB / 0.4832
26-01-14 14:11:46.801 : ---5 --> BSRNet --> x4--> img_005.png
26-01-14 14:11:47.154 : ----PSNR/SSIM for (/root/media/quoc-huy/eval-wir/srbenchmarks/Urban100/LR-bicubic-matlab, x4)---- : 17.8175dB / 0.7315
26-01-14 14:11:47.154 : ---6 --> BSRNet --> x4--> img_006.png
26-01-14 14:11:47.627 : ----PSNR/SSIM for (/root/media/quoc-huy/eval-wir/srbenchmarks/Urban100/LR-bicubic-matlab, x4)---- : 18.1199dB / 0.4222
26-01-14 14:11:47.627 : ---7 --> BSRNet --> x4--> img_007.png
26-01-14 14:11:47.942 : ----PSNR/SSIM for (/root/media/quoc-huy/eval-wir/srbenchmarks/Urban100/LR-bicubic-matlab, x4)---- : 23.6099dB / 0.7550
26-01-14 14:11:47.942 : ---8 --> BSRNet --> x4--> img_008.png
26-01-14 14:11:48.213 : ----PSNR/SSIM for (/root/media/quoc-huy/eval-wir/srbenchmarks/Urban100/LR-bicubic-matlab, x4)---- : 19.2231dB / 0.5571
26-01-14 14:11:48.213 : ---9 --> BSRNet --> x4--> img_009.png
26-01-14 14:11:48.575 : ----PSNR/SSIM for (/root/media/quoc-huy/eval-wir/srbenchmarks/Urban100/LR-bicubic-matlab, x4)---- : 29.5241dB / 0.8588
26-01-14 14:11:48.575 : --10 --> BSRNet --> x4--> img_010.png
26-01-14 14:11:48.952 : ----PSNR/SSIM for (/root/media/quoc-huy/eval-wir/srbenchmarks/Urban100/LR-bicubic-matlab, x4)---- : 24.2637dB / 0.8320
26-01-14 14:11:48.952 : --11 --> BSRNet --> x4--> img_011.png
26-01-14 14:11:49.214 : ----PSNR/SSIM for (/root/media/quoc-huy/eval-wir/srbenchmarks/Urban100/LR-bicubic-matlab, x4)---- : 9.9578dB / 0.4180
26-01-14 14:11:49.214 : --12 --> BSRNet --> x4--> img_012.png
26-01-14 14:11:49.567 : ----PSNR/SSIM for (/root/media/quoc-huy/eval-wir/srbenchmarks/Urban100/LR-bicubic-matlab, x4)---- : 20.7713dB / 0.6166
26-01-14 14:11:49.568 : --13 --> BSRNet --> x4--> img_013.png
26-01-14 14:11:49.923 : ----PSNR/SSIM for (/root/media/quoc-huy/eval-wir/srbenchmarks/Urban100/LR-bicubic-matlab, x4)---- : 25.1677dB / 0.7457
26-01-14 14:11:49.923 : --14 --> BSRNet --> x4--> img_014.png
26-01-14 14:11:50.392 : ----PSNR/SSIM for (/root/media/quoc-huy/eval-wir/srbenchmarks/Urban100/LR-bicubic-matlab, x4)---- : 20.7525dB / 0.6414
26-01-14 14:11:50.392 : --15 --> BSRNet --> x4--> img_015.png
26-01-14 14:11:50.749 : ----PSNR/SSIM for (/root/media/quoc-huy/eval-wir/srbenchmarks/Urban100/LR-bicubic-matlab, x4)---- : 20.7947dB / 0.5855
26-01-14 14:11:50.749 : --16 --> BSRNet --> x4--> img_016.png
26-01-14 14:11:51.202 : ----PSNR/SSIM for (/root/media/quoc-huy/eval-wir/srbenchmarks/Urban100/LR-bicubic-matlab, x4)---- : 21.1659dB / 0.8313
26-01-14 14:11:51.202 : --17 --> BSRNet --> x4--> img_017.png
26-01-14 14:11:51.519 : ----PSNR/SSIM for (/root/media/quoc-huy/eval-wir/srbenchmarks/Urban100/LR-bicubic-matlab, x4)---- : 22.7428dB / 0.7424
26-01-14 14:11:51.519 : --18 --> BSRNet --> x4--> img_018.png
26-01-14 14:11:51.878 : ----PSNR/SSIM for (/root/media/quoc-huy/eval-wir/srbenchmarks/Urban100/LR-bicubic-matlab, x4)---- : 19.9636dB / 0.4833
26-01-14 14:11:51.878 : --19 --> BSRNet --> x4--> img_019.png
26-01-14 14:11:52.188 : ----PSNR/SSIM for (/root/media/quoc-huy/eval-wir/srbenchmarks/Urban100/LR-bicubic-matlab, x4)---- : 15.9061dB / 0.5492
26-01-14 14:11:52.188 : --20 --> BSRNet --> x4--> img_020.png
26-01-14 14:11:52.740 : ----PSNR/SSIM for (/root/media/quoc-huy/eval-wir/srbenchmarks/Urban100/LR-bicubic-matlab, x4)---- : 19.1973dB / 0.5958
26-01-14 14:11:52.741 : --21 --> BSRNet --> x4--> img_021.png
26-01-14 14:11:53.171 : ----PSNR/SSIM for (/root/media/quoc-huy/eval-wir/srbenchmarks/Urban100/LR-bicubic-matlab, x4)---- : 26.8889dB / 0.7132
26-01-14 14:11:53.171 : --22 --> BSRNet --> x4--> img_022.png
26-01-14 14:11:53.479 : ----PSNR/SSIM for (/root/media/quoc-huy/eval-wir/srbenchmarks/Urban100/LR-bicubic-matlab, x4)---- : 24.3051dB / 0.7141
26-01-14 14:11:53.479 : --23 --> BSRNet --> x4--> img_023.png
26-01-14 14:11:53.949 : ----PSNR/SSIM for (/root/media/quoc-huy/eval-wir/srbenchmarks/Urban100/LR-bicubic-matlab, x4)---- : 23.4327dB / 0.7434
26-01-14 14:11:53.949 : --24 --> BSRNet --> x4--> img_024.png
26-01-14 14:11:54.256 : ----PSNR/SSIM for (/root/media/quoc-huy/eval-wir/srbenchmarks/Urban100/LR-bicubic-matlab, x4)---- : 14.5664dB / 0.4826
26-01-14 14:11:54.256 : --25 --> BSRNet --> x4--> img_025.png
26-01-14 14:11:54.587 : ----PSNR/SSIM for (/root/media/quoc-huy/eval-wir/srbenchmarks/Urban100/LR-bicubic-matlab, x4)---- : 28.7135dB / 0.8512
26-01-14 14:11:54.587 : --26 --> BSRNet --> x4--> img_026.png
26-01-14 14:11:54.943 : ----PSNR/SSIM for (/root/media/quoc-huy/eval-wir/srbenchmarks/Urban100/LR-bicubic-matlab, x4)---- : 25.6965dB / 0.6405
26-01-14 14:11:54.943 : --27 --> BSRNet --> x4--> img_027.png
26-01-14 14:11:55.326 : ----PSNR/SSIM for (/root/media/quoc-huy/eval-wir/srbenchmarks/Urban100/LR-bicubic-matlab, x4)---- : 26.5221dB / 0.7530
26-01-14 14:11:55.326 : --28 --> BSRNet --> x4--> img_028.png
26-01-14 14:11:55.627 : ----PSNR/SSIM for (/root/media/quoc-huy/eval-wir/srbenchmarks/Urban100/LR-bicubic-matlab, x4)---- : 26.8582dB / 0.8172
26-01-14 14:11:55.627 : --29 --> BSRNet --> x4--> img_029.png
26-01-14 14:11:55.942 : ----PSNR/SSIM for (/root/media/quoc-huy/eval-wir/srbenchmarks/Urban100/LR-bicubic-matlab, x4)---- : 19.3701dB / 0.6552
26-01-14 14:11:55.942 : --30 --> BSRNet --> x4--> img_030.png
26-01-14 14:11:56.258 : ----PSNR/SSIM for (/root/media/quoc-huy/eval-wir/srbenchmarks/Urban100/LR-bicubic-matlab, x4)---- : 17.3368dB / 0.5769
26-01-14 14:11:56.258 : --31 --> BSRNet --> x4--> img_031.png
26-01-14 14:11:56.575 : ----PSNR/SSIM for (/root/media/quoc-huy/eval-wir/srbenchmarks/Urban100/LR-bicubic-matlab, x4)---- : 20.3398dB / 0.6186
26-01-14 14:11:56.575 : --32 --> BSRNet --> x4--> img_032.png
26-01-14 14:11:56.885 : ----PSNR/SSIM for (/root/media/quoc-huy/eval-wir/srbenchmarks/Urban100/LR-bicubic-matlab, x4)---- : 25.8130dB / 0.7755
26-01-14 14:11:56.885 : --33 --> BSRNet --> x4--> img_033.png
26-01-14 14:11:57.204 : ----PSNR/SSIM for (/root/media/quoc-huy/eval-wir/srbenchmarks/Urban100/LR-bicubic-matlab, x4)---- : 24.5946dB / 0.7234
26-01-14 14:11:57.204 : --34 --> BSRNet --> x4--> img_034.png
26-01-14 14:11:57.517 : ----PSNR/SSIM for (/root/media/quoc-huy/eval-wir/srbenchmarks/Urban100/LR-bicubic-matlab, x4)---- : 19.2767dB / 0.4175
26-01-14 14:11:57.517 : --35 --> BSRNet --> x4--> img_035.png
26-01-14 14:11:57.830 : ----PSNR/SSIM for (/root/media/quoc-huy/eval-wir/srbenchmarks/Urban100/LR-bicubic-matlab, x4)---- : 15.0857dB / 0.7326
26-01-14 14:11:57.830 : --36 --> BSRNet --> x4--> img_036.png
26-01-14 14:11:58.148 : ----PSNR/SSIM for (/root/media/quoc-huy/eval-wir/srbenchmarks/Urban100/LR-bicubic-matlab, x4)---- : 26.1022dB / 0.8438
26-01-14 14:11:58.149 : --37 --> BSRNet --> x4--> img_037.png
26-01-14 14:11:58.504 : ----PSNR/SSIM for (/root/media/quoc-huy/eval-wir/srbenchmarks/Urban100/LR-bicubic-matlab, x4)---- : 22.0679dB / 0.6870
26-01-14 14:11:58.504 : --38 --> BSRNet --> x4--> img_038.png
26-01-14 14:11:58.861 : ----PSNR/SSIM for (/root/media/quoc-huy/eval-wir/srbenchmarks/Urban100/LR-bicubic-matlab, x4)---- : 21.1771dB / 0.5077
26-01-14 14:11:58.861 : --39 --> BSRNet --> x4--> img_039.png
26-01-14 14:11:59.219 : ----PSNR/SSIM for (/root/media/quoc-huy/eval-wir/srbenchmarks/Urban100/LR-bicubic-matlab, x4)---- : 19.7558dB / 0.6042
26-01-14 14:11:59.219 : --40 --> BSRNet --> x4--> img_040.png
26-01-14 14:11:59.496 : ----PSNR/SSIM for (/root/media/quoc-huy/eval-wir/srbenchmarks/Urban100/LR-bicubic-matlab, x4)---- : 20.8883dB / 0.8309
26-01-14 14:11:59.496 : --41 --> BSRNet --> x4--> img_041.png
26-01-14 14:11:59.810 : ----PSNR/SSIM for (/root/media/quoc-huy/eval-wir/srbenchmarks/Urban100/LR-bicubic-matlab, x4)---- : 19.0521dB / 0.6757
26-01-14 14:11:59.811 : --42 --> BSRNet --> x4--> img_042.png
26-01-14 14:12:00.119 : ----PSNR/SSIM for (/root/media/quoc-huy/eval-wir/srbenchmarks/Urban100/LR-bicubic-matlab, x4)---- : 25.0586dB / 0.8224
26-01-14 14:12:00.119 : --43 --> BSRNet --> x4--> img_043.png
26-01-14 14:12:00.428 : ----PSNR/SSIM for (/root/media/quoc-huy/eval-wir/srbenchmarks/Urban100/LR-bicubic-matlab, x4)---- : 14.0026dB / 0.5182
26-01-14 14:12:00.428 : --44 --> BSRNet --> x4--> img_044.png
26-01-14 14:12:00.743 : ----PSNR/SSIM for (/root/media/quoc-huy/eval-wir/srbenchmarks/Urban100/LR-bicubic-matlab, x4)---- : 27.9417dB / 0.8097
26-01-14 14:12:00.743 : --45 --> BSRNet --> x4--> img_045.png
26-01-14 14:12:01.100 : ----PSNR/SSIM for (/root/media/quoc-huy/eval-wir/srbenchmarks/Urban100/LR-bicubic-matlab, x4)---- : 18.1766dB / 0.5267
26-01-14 14:12:01.100 : --46 --> BSRNet --> x4--> img_046.png
26-01-14 14:12:01.416 : ----PSNR/SSIM for (/root/media/quoc-huy/eval-wir/srbenchmarks/Urban100/LR-bicubic-matlab, x4)---- : 21.6048dB / 0.6934
26-01-14 14:12:01.416 : --47 --> BSRNet --> x4--> img_047.png
26-01-14 14:12:01.709 : ----PSNR/SSIM for (/root/media/quoc-huy/eval-wir/srbenchmarks/Urban100/LR-bicubic-matlab, x4)---- : 18.9822dB / 0.6513
26-01-14 14:12:01.709 : --48 --> BSRNet --> x4--> img_048.png
26-01-14 14:12:02.018 : ----PSNR/SSIM for (/root/media/quoc-huy/eval-wir/srbenchmarks/Urban100/LR-bicubic-matlab, x4)---- : 17.1147dB / 0.6839
26-01-14 14:12:02.018 : --49 --> BSRNet --> x4--> img_049.png
26-01-14 14:12:02.336 : ----PSNR/SSIM for (/root/media/quoc-huy/eval-wir/srbenchmarks/Urban100/LR-bicubic-matlab, x4)---- : 16.4203dB / 0.4625
26-01-14 14:12:02.336 : --50 --> BSRNet --> x4--> img_050.png
26-01-14 14:12:02.647 : ----PSNR/SSIM for (/root/media/quoc-huy/eval-wir/srbenchmarks/Urban100/LR-bicubic-matlab, x4)---- : 22.8197dB / 0.6849
26-01-14 14:12:02.648 : --51 --> BSRNet --> x4--> img_051.png
26-01-14 14:12:02.960 : ----PSNR/SSIM for (/root/media/quoc-huy/eval-wir/srbenchmarks/Urban100/LR-bicubic-matlab, x4)---- : 24.5801dB / 0.7857
26-01-14 14:12:02.960 : --52 --> BSRNet --> x4--> img_052.png
26-01-14 14:12:03.276 : ----PSNR/SSIM for (/root/media/quoc-huy/eval-wir/srbenchmarks/Urban100/LR-bicubic-matlab, x4)---- : 22.1353dB / 0.8017
26-01-14 14:12:03.277 : --53 --> BSRNet --> x4--> img_053.png
26-01-14 14:12:03.586 : ----PSNR/SSIM for (/root/media/quoc-huy/eval-wir/srbenchmarks/Urban100/LR-bicubic-matlab, x4)---- : 17.2154dB / 0.5434
26-01-14 14:12:03.586 : --54 --> BSRNet --> x4--> img_054.png
26-01-14 14:12:03.902 : ----PSNR/SSIM for (/root/media/quoc-huy/eval-wir/srbenchmarks/Urban100/LR-bicubic-matlab, x4)---- : 19.4746dB / 0.5970
26-01-14 14:12:03.902 : --55 --> BSRNet --> x4--> img_055.png
26-01-14 14:12:04.261 : ----PSNR/SSIM for (/root/media/quoc-huy/eval-wir/srbenchmarks/Urban100/LR-bicubic-matlab, x4)---- : 28.7093dB / 0.9039
26-01-14 14:12:04.261 : --56 --> BSRNet --> x4--> img_056.png
26-01-14 14:12:04.624 : ----PSNR/SSIM for (/root/media/quoc-huy/eval-wir/srbenchmarks/Urban100/LR-bicubic-matlab, x4)---- : 20.2123dB / 0.6342
26-01-14 14:12:04.624 : --57 --> BSRNet --> x4--> img_057.png
26-01-14 14:12:04.952 : ----PSNR/SSIM for (/root/media/quoc-huy/eval-wir/srbenchmarks/Urban100/LR-bicubic-matlab, x4)---- : 22.0868dB / 0.7672
26-01-14 14:12:04.952 : --58 --> BSRNet --> x4--> img_058.png
26-01-14 14:12:05.268 : ----PSNR/SSIM for (/root/media/quoc-huy/eval-wir/srbenchmarks/Urban100/LR-bicubic-matlab, x4)---- : 15.6338dB / 0.6208
26-01-14 14:12:05.268 : --59 --> BSRNet --> x4--> img_059.png
26-01-14 14:12:05.570 : ----PSNR/SSIM for (/root/media/quoc-huy/eval-wir/srbenchmarks/Urban100/LR-bicubic-matlab, x4)---- : 20.0000dB / 0.6942
26-01-14 14:12:05.570 : --60 --> BSRNet --> x4--> img_060.png
26-01-14 14:12:05.888 : ----PSNR/SSIM for (/root/media/quoc-huy/eval-wir/srbenchmarks/Urban100/LR-bicubic-matlab, x4)---- : 20.1536dB / 0.4715
26-01-14 14:12:05.888 : --61 --> BSRNet --> x4--> img_061.png
26-01-14 14:12:06.198 : ----PSNR/SSIM for (/root/media/quoc-huy/eval-wir/srbenchmarks/Urban100/LR-bicubic-matlab, x4)---- : 20.7879dB / 0.5989
26-01-14 14:12:06.198 : --62 --> BSRNet --> x4--> img_062.png
26-01-14 14:12:06.508 : ----PSNR/SSIM for (/root/media/quoc-huy/eval-wir/srbenchmarks/Urban100/LR-bicubic-matlab, x4)---- : 15.5386dB / 0.4694
26-01-14 14:12:06.508 : --63 --> BSRNet --> x4--> img_063.png
26-01-14 14:12:06.957 : ----PSNR/SSIM for (/root/media/quoc-huy/eval-wir/srbenchmarks/Urban100/LR-bicubic-matlab, x4)---- : 17.8161dB / 0.4632
26-01-14 14:12:06.957 : --64 --> BSRNet --> x4--> img_064.png
26-01-14 14:12:07.275 : ----PSNR/SSIM for (/root/media/quoc-huy/eval-wir/srbenchmarks/Urban100/LR-bicubic-matlab, x4)---- : 23.6756dB / 0.7072
26-01-14 14:12:07.275 : --65 --> BSRNet --> x4--> img_065.png
26-01-14 14:12:07.592 : ----PSNR/SSIM for (/root/media/quoc-huy/eval-wir/srbenchmarks/Urban100/LR-bicubic-matlab, x4)---- : 23.3125dB / 0.6569
26-01-14 14:12:07.592 : --66 --> BSRNet --> x4--> img_066.png
26-01-14 14:12:07.988 : ----PSNR/SSIM for (/root/media/quoc-huy/eval-wir/srbenchmarks/Urban100/LR-bicubic-matlab, x4)---- : 20.4053dB / 0.5760
26-01-14 14:12:07.988 : --67 --> BSRNet --> x4--> img_067.png
26-01-14 14:12:08.299 : ----PSNR/SSIM for (/root/media/quoc-huy/eval-wir/srbenchmarks/Urban100/LR-bicubic-matlab, x4)---- : 13.0972dB / 0.5714
26-01-14 14:12:08.299 : --68 --> BSRNet --> x4--> img_068.png
26-01-14 14:12:08.770 : ----PSNR/SSIM for (/root/media/quoc-huy/eval-wir/srbenchmarks/Urban100/LR-bicubic-matlab, x4)---- : 26.2005dB / 0.7623
26-01-14 14:12:08.770 : --69 --> BSRNet --> x4--> img_069.png
26-01-14 14:12:09.213 : ----PSNR/SSIM for (/root/media/quoc-huy/eval-wir/srbenchmarks/Urban100/LR-bicubic-matlab, x4)---- : 21.8005dB / 0.6332
26-01-14 14:12:09.213 : --70 --> BSRNet --> x4--> img_070.png
26-01-14 14:12:09.568 : ----PSNR/SSIM for (/root/media/quoc-huy/eval-wir/srbenchmarks/Urban100/LR-bicubic-matlab, x4)---- : 20.5988dB / 0.5429
26-01-14 14:12:09.568 : --71 --> BSRNet --> x4--> img_071.png
26-01-14 14:12:09.923 : ----PSNR/SSIM for (/root/media/quoc-huy/eval-wir/srbenchmarks/Urban100/LR-bicubic-matlab, x4)---- : 25.9152dB / 0.5802
26-01-14 14:12:09.924 : --72 --> BSRNet --> x4--> img_072.png
26-01-14 14:12:10.239 : ----PSNR/SSIM for (/root/media/quoc-huy/eval-wir/srbenchmarks/Urban100/LR-bicubic-matlab, x4)---- : 16.2457dB / 0.7016
26-01-14 14:12:10.239 : --73 --> BSRNet --> x4--> img_073.png
26-01-14 14:12:10.603 : ----PSNR/SSIM for (/root/media/quoc-huy/eval-wir/srbenchmarks/Urban100/LR-bicubic-matlab, x4)---- : 17.8163dB / 0.4023
26-01-14 14:12:10.603 : --74 --> BSRNet --> x4--> img_074.png
26-01-14 14:12:10.915 : ----PSNR/SSIM for (/root/media/quoc-huy/eval-wir/srbenchmarks/Urban100/LR-bicubic-matlab, x4)---- : 21.6246dB / 0.6241
26-01-14 14:12:10.915 : --75 --> BSRNet --> x4--> img_075.png
26-01-14 14:12:11.228 : ----PSNR/SSIM for (/root/media/quoc-huy/eval-wir/srbenchmarks/Urban100/LR-bicubic-matlab, x4)---- : 27.2554dB / 0.8089
26-01-14 14:12:11.228 : --76 --> BSRNet --> x4--> img_076.png
26-01-14 14:12:11.544 : ----PSNR/SSIM for (/root/media/quoc-huy/eval-wir/srbenchmarks/Urban100/LR-bicubic-matlab, x4)---- : 19.7010dB / 0.5758
26-01-14 14:12:11.544 : --77 --> BSRNet --> x4--> img_077.png
26-01-14 14:12:11.857 : ----PSNR/SSIM for (/root/media/quoc-huy/eval-wir/srbenchmarks/Urban100/LR-bicubic-matlab, x4)---- : 20.8741dB / 0.6046
26-01-14 14:12:11.858 : --78 --> BSRNet --> x4--> img_078.png
26-01-14 14:12:12.188 : ----PSNR/SSIM for (/root/media/quoc-huy/eval-wir/srbenchmarks/Urban100/LR-bicubic-matlab, x4)---- : 22.6260dB / 0.5907
26-01-14 14:12:12.189 : --79 --> BSRNet --> x4--> img_079.png
26-01-14 14:12:12.548 : ----PSNR/SSIM for (/root/media/quoc-huy/eval-wir/srbenchmarks/Urban100/LR-bicubic-matlab, x4)---- : 23.2798dB / 0.6318
26-01-14 14:12:12.549 : --80 --> BSRNet --> x4--> img_080.png
26-01-14 14:12:12.921 : ----PSNR/SSIM for (/root/media/quoc-huy/eval-wir/srbenchmarks/Urban100/LR-bicubic-matlab, x4)---- : 29.4276dB / 0.9068
26-01-14 14:12:12.921 : --81 --> BSRNet --> x4--> img_081.png
26-01-14 14:12:13.393 : ----PSNR/SSIM for (/root/media/quoc-huy/eval-wir/srbenchmarks/Urban100/LR-bicubic-matlab, x4)---- : 19.8525dB / 0.6959
26-01-14 14:12:13.393 : --82 --> BSRNet --> x4--> img_082.png
26-01-14 14:12:13.864 : ----PSNR/SSIM for (/root/media/quoc-huy/eval-wir/srbenchmarks/Urban100/LR-bicubic-matlab, x4)---- : 25.8527dB / 0.8495
26-01-14 14:12:13.864 : --83 --> BSRNet --> x4--> img_083.png
26-01-14 14:12:14.343 : ----PSNR/SSIM for (/root/media/quoc-huy/eval-wir/srbenchmarks/Urban100/LR-bicubic-matlab, x4)---- : 19.1338dB / 0.5628
26-01-14 14:12:14.343 : --84 --> BSRNet --> x4--> img_084.png
26-01-14 14:12:14.820 : ----PSNR/SSIM for (/root/media/quoc-huy/eval-wir/srbenchmarks/Urban100/LR-bicubic-matlab, x4)---- : 24.4694dB / 0.7196
26-01-14 14:12:14.820 : --85 --> BSRNet --> x4--> img_085.png
26-01-14 14:12:15.128 : ----PSNR/SSIM for (/root/media/quoc-huy/eval-wir/srbenchmarks/Urban100/LR-bicubic-matlab, x4)---- : 25.0382dB / 0.8418
26-01-14 14:12:15.128 : --86 --> BSRNet --> x4--> img_086.png
26-01-14 14:12:15.479 : ----PSNR/SSIM for (/root/media/quoc-huy/eval-wir/srbenchmarks/Urban100/LR-bicubic-matlab, x4)---- : 27.8528dB / 0.8435
26-01-14 14:12:15.479 : --87 --> BSRNet --> x4--> img_087.png
26-01-14 14:12:15.959 : ----PSNR/SSIM for (/root/media/quoc-huy/eval-wir/srbenchmarks/Urban100/LR-bicubic-matlab, x4)---- : 22.4132dB / 0.7686
26-01-14 14:12:15.959 : --88 --> BSRNet --> x4--> img_088.png
26-01-14 14:12:16.271 : ----PSNR/SSIM for (/root/media/quoc-huy/eval-wir/srbenchmarks/Urban100/LR-bicubic-matlab, x4)---- : 17.0171dB / 0.3890
26-01-14 14:12:16.271 : --89 --> BSRNet --> x4--> img_089.png
26-01-14 14:12:16.633 : ----PSNR/SSIM for (/root/media/quoc-huy/eval-wir/srbenchmarks/Urban100/LR-bicubic-matlab, x4)---- : 23.8303dB / 0.6284
26-01-14 14:12:16.633 : --90 --> BSRNet --> x4--> img_090.png
26-01-14 14:12:16.944 : ----PSNR/SSIM for (/root/media/quoc-huy/eval-wir/srbenchmarks/Urban100/LR-bicubic-matlab, x4)---- : 23.0460dB / 0.8769
26-01-14 14:12:16.944 : --91 --> BSRNet --> x4--> img_091.png
26-01-14 14:12:17.257 : ----PSNR/SSIM for (/root/media/quoc-huy/eval-wir/srbenchmarks/Urban100/LR-bicubic-matlab, x4)---- : 20.9254dB / 0.5321
26-01-14 14:12:17.257 : --92 --> BSRNet --> x4--> img_092.png
26-01-14 14:12:17.573 : ----PSNR/SSIM for (/root/media/quoc-huy/eval-wir/srbenchmarks/Urban100/LR-bicubic-matlab, x4)---- : 16.2334dB / 0.5327
26-01-14 14:12:17.573 : --93 --> BSRNet --> x4--> img_093.png
26-01-14 14:12:17.933 : ----PSNR/SSIM for (/root/media/quoc-huy/eval-wir/srbenchmarks/Urban100/LR-bicubic-matlab, x4)---- : 16.3110dB / 0.6447
26-01-14 14:12:17.933 : --94 --> BSRNet --> x4--> img_094.png
26-01-14 14:12:18.288 : ----PSNR/SSIM for (/root/media/quoc-huy/eval-wir/srbenchmarks/Urban100/LR-bicubic-matlab, x4)---- : 21.9639dB / 0.6689
26-01-14 14:12:18.289 : --95 --> BSRNet --> x4--> img_095.png
26-01-14 14:12:18.643 : ----PSNR/SSIM for (/root/media/quoc-huy/eval-wir/srbenchmarks/Urban100/LR-bicubic-matlab, x4)---- : 17.7983dB / 0.3093
26-01-14 14:12:18.643 : --96 --> BSRNet --> x4--> img_096.png
26-01-14 14:12:18.998 : ----PSNR/SSIM for (/root/media/quoc-huy/eval-wir/srbenchmarks/Urban100/LR-bicubic-matlab, x4)---- : 22.2904dB / 0.8130
26-01-14 14:12:18.998 : --97 --> BSRNet --> x4--> img_097.png
26-01-14 14:12:19.314 : ----PSNR/SSIM for (/root/media/quoc-huy/eval-wir/srbenchmarks/Urban100/LR-bicubic-matlab, x4)---- : 22.7953dB / 0.7082
26-01-14 14:12:19.314 : --98 --> BSRNet --> x4--> img_098.png
26-01-14 14:12:19.629 : ----PSNR/SSIM for (/root/media/quoc-huy/eval-wir/srbenchmarks/Urban100/LR-bicubic-matlab, x4)---- : 18.2582dB / 0.3661
26-01-14 14:12:19.629 : --99 --> BSRNet --> x4--> img_099.png
26-01-14 14:12:20.009 : ----PSNR/SSIM for (/root/media/quoc-huy/eval-wir/srbenchmarks/Urban100/LR-bicubic-matlab, x4)---- : 17.9632dB / 0.5860
26-01-14 14:12:20.010 : -100 --> BSRNet --> x4--> img_100.png
26-01-14 14:12:20.487 : ----PSNR/SSIM for (/root/media/quoc-huy/eval-wir/srbenchmarks/Urban100/LR-bicubic-matlab, x4)---- : 17.2126dB / 0.5358
26-01-14 14:12:20.487 : ----Average PSNR/SSIM for (/root/media/quoc-huy/eval-wir/srbenchmarks/Urban100/LR-bicubic-matlab, x4)---- : 21.2026dB / 0.6509
26-01-14 14:12:20.487 :  
26-01-14 14:13:25.481 :       Model Name : BSRNet
26-01-14 14:13:25.939 :       Input Path : /root/media/quoc-huy/eval-wir/srbenchmarks/BSD100/LR-bicubic-matlab
26-01-14 14:13:25.939 :      Output Path : /root/quoc-huy/all-tested-results/BSRNet/BSD100-bic-matlab
26-01-14 14:13:25.940 : ---1 --> BSRNet --> x4--> 101085.png
26-01-14 14:13:26.108 : ----PSNR/SSIM for (/root/media/quoc-huy/eval-wir/srbenchmarks/BSD100/LR-bicubic-matlab, x4)---- : 21.1483dB / 0.4577
26-01-14 14:13:26.108 : ---2 --> BSRNet --> x4--> 101087.png
26-01-14 14:13:26.189 : ----PSNR/SSIM for (/root/media/quoc-huy/eval-wir/srbenchmarks/BSD100/LR-bicubic-matlab, x4)---- : 18.8719dB / 0.6716
26-01-14 14:13:26.189 : ---3 --> BSRNet --> x4--> 102061.png
26-01-14 14:13:26.270 : ----PSNR/SSIM for (/root/media/quoc-huy/eval-wir/srbenchmarks/BSD100/LR-bicubic-matlab, x4)---- : 23.6782dB / 0.7338
26-01-14 14:13:26.271 : ---4 --> BSRNet --> x4--> 103070.png
26-01-14 14:13:26.355 : ----PSNR/SSIM for (/root/media/quoc-huy/eval-wir/srbenchmarks/BSD100/LR-bicubic-matlab, x4)---- : 28.6307dB / 0.8060
26-01-14 14:13:26.355 : ---5 --> BSRNet --> x4--> 105025.png
26-01-14 14:13:26.428 : ----PSNR/SSIM for (/root/media/quoc-huy/eval-wir/srbenchmarks/BSD100/LR-bicubic-matlab, x4)---- : 22.6904dB / 0.5657
26-01-14 14:13:26.429 : ---6 --> BSRNet --> x4--> 106024.png
26-01-14 14:13:26.501 : ----PSNR/SSIM for (/root/media/quoc-huy/eval-wir/srbenchmarks/BSD100/LR-bicubic-matlab, x4)---- : 29.3768dB / 0.8571
26-01-14 14:13:26.501 : ---7 --> BSRNet --> x4--> 108005.png
26-01-14 14:13:26.574 : ----PSNR/SSIM for (/root/media/quoc-huy/eval-wir/srbenchmarks/BSD100/LR-bicubic-matlab, x4)---- : 22.9545dB / 0.6319
26-01-14 14:13:26.574 : ---8 --> BSRNet --> x4--> 108070.png
26-01-14 14:13:26.647 : ----PSNR/SSIM for (/root/media/quoc-huy/eval-wir/srbenchmarks/BSD100/LR-bicubic-matlab, x4)---- : 21.1457dB / 0.4742
26-01-14 14:13:26.647 : ---9 --> BSRNet --> x4--> 108082.png
26-01-14 14:13:26.719 : ----PSNR/SSIM for (/root/media/quoc-huy/eval-wir/srbenchmarks/BSD100/LR-bicubic-matlab, x4)---- : 23.5392dB / 0.6937
26-01-14 14:13:26.719 : --10 --> BSRNet --> x4--> 109053.png
26-01-14 14:13:26.792 : ----PSNR/SSIM for (/root/media/quoc-huy/eval-wir/srbenchmarks/BSD100/LR-bicubic-matlab, x4)---- : 27.3792dB / 0.7544
26-01-14 14:13:26.792 : --11 --> BSRNet --> x4--> 119082.png
26-01-14 14:13:26.866 : ----PSNR/SSIM for (/root/media/quoc-huy/eval-wir/srbenchmarks/BSD100/LR-bicubic-matlab, x4)---- : 21.8566dB / 0.6346
26-01-14 14:13:26.866 : --12 --> BSRNet --> x4--> 12084.png
26-01-14 14:13:26.939 : ----PSNR/SSIM for (/root/media/quoc-huy/eval-wir/srbenchmarks/BSD100/LR-bicubic-matlab, x4)---- : 25.3444dB / 0.6406
26-01-14 14:13:26.939 : --13 --> BSRNet --> x4--> 123074.png
26-01-14 14:13:27.012 : ----PSNR/SSIM for (/root/media/quoc-huy/eval-wir/srbenchmarks/BSD100/LR-bicubic-matlab, x4)---- : 28.1929dB / 0.7723
26-01-14 14:13:27.013 : --14 --> BSRNet --> x4--> 126007.png
26-01-14 14:13:27.084 : ----PSNR/SSIM for (/root/media/quoc-huy/eval-wir/srbenchmarks/BSD100/LR-bicubic-matlab, x4)---- : 22.8746dB / 0.7337
26-01-14 14:13:27.084 : --15 --> BSRNet --> x4--> 130026.png
26-01-14 14:13:27.156 : ----PSNR/SSIM for (/root/media/quoc-huy/eval-wir/srbenchmarks/BSD100/LR-bicubic-matlab, x4)---- : 22.2039dB / 0.5509
26-01-14 14:13:27.157 : --16 --> BSRNet --> x4--> 134035.png
26-01-14 14:13:27.230 : ----PSNR/SSIM for (/root/media/quoc-huy/eval-wir/srbenchmarks/BSD100/LR-bicubic-matlab, x4)---- : 22.5973dB / 0.6898
26-01-14 14:13:27.231 : --17 --> BSRNet --> x4--> 14037.png
26-01-14 14:13:27.302 : ----PSNR/SSIM for (/root/media/quoc-huy/eval-wir/srbenchmarks/BSD100/LR-bicubic-matlab, x4)---- : 31.7626dB / 0.8511
26-01-14 14:13:27.302 : --18 --> BSRNet --> x4--> 143090.png
26-01-14 14:13:27.375 : ----PSNR/SSIM for (/root/media/quoc-huy/eval-wir/srbenchmarks/BSD100/LR-bicubic-matlab, x4)---- : 30.5256dB / 0.8599
26-01-14 14:13:27.375 : --19 --> BSRNet --> x4--> 145086.png
26-01-14 14:13:27.448 : ----PSNR/SSIM for (/root/media/quoc-huy/eval-wir/srbenchmarks/BSD100/LR-bicubic-matlab, x4)---- : 22.4003dB / 0.6321
26-01-14 14:13:27.448 : --20 --> BSRNet --> x4--> 147091.png
26-01-14 14:13:27.521 : ----PSNR/SSIM for (/root/media/quoc-huy/eval-wir/srbenchmarks/BSD100/LR-bicubic-matlab, x4)---- : 23.3663dB / 0.7312
26-01-14 14:13:27.521 : --21 --> BSRNet --> x4--> 148026.png
26-01-14 14:13:27.595 : ----PSNR/SSIM for (/root/media/quoc-huy/eval-wir/srbenchmarks/BSD100/LR-bicubic-matlab, x4)---- : 20.0560dB / 0.5939
26-01-14 14:13:27.595 : --22 --> BSRNet --> x4--> 148089.png
26-01-14 14:13:27.670 : ----PSNR/SSIM for (/root/media/quoc-huy/eval-wir/srbenchmarks/BSD100/LR-bicubic-matlab, x4)---- : 21.6561dB / 0.5260
26-01-14 14:13:27.670 : --23 --> BSRNet --> x4--> 156065.png
26-01-14 14:13:27.744 : ----PSNR/SSIM for (/root/media/quoc-huy/eval-wir/srbenchmarks/BSD100/LR-bicubic-matlab, x4)---- : 23.2731dB / 0.4964
26-01-14 14:13:27.744 : --24 --> BSRNet --> x4--> 157055.png
26-01-14 14:13:27.818 : ----PSNR/SSIM for (/root/media/quoc-huy/eval-wir/srbenchmarks/BSD100/LR-bicubic-matlab, x4)---- : 23.2163dB / 0.6861
26-01-14 14:13:27.818 : --25 --> BSRNet --> x4--> 159008.png
26-01-14 14:13:27.891 : ----PSNR/SSIM for (/root/media/quoc-huy/eval-wir/srbenchmarks/BSD100/LR-bicubic-matlab, x4)---- : 24.8640dB / 0.7559
26-01-14 14:13:27.891 : --26 --> BSRNet --> x4--> 160068.png
26-01-14 14:13:27.964 : ----PSNR/SSIM for (/root/media/quoc-huy/eval-wir/srbenchmarks/BSD100/LR-bicubic-matlab, x4)---- : 25.1020dB / 0.8003
26-01-14 14:13:27.964 : --27 --> BSRNet --> x4--> 16077.png
26-01-14 14:13:28.037 : ----PSNR/SSIM for (/root/media/quoc-huy/eval-wir/srbenchmarks/BSD100/LR-bicubic-matlab, x4)---- : 23.9197dB / 0.6172
26-01-14 14:13:28.037 : --28 --> BSRNet --> x4--> 163085.png
26-01-14 14:13:28.110 : ----PSNR/SSIM for (/root/media/quoc-huy/eval-wir/srbenchmarks/BSD100/LR-bicubic-matlab, x4)---- : 27.4879dB / 0.7444
26-01-14 14:13:28.110 : --29 --> BSRNet --> x4--> 167062.png
26-01-14 14:13:28.180 : ----PSNR/SSIM for (/root/media/quoc-huy/eval-wir/srbenchmarks/BSD100/LR-bicubic-matlab, x4)---- : 18.5296dB / 0.7697
26-01-14 14:13:28.180 : --30 --> BSRNet --> x4--> 167083.png
26-01-14 14:13:28.254 : ----PSNR/SSIM for (/root/media/quoc-huy/eval-wir/srbenchmarks/BSD100/LR-bicubic-matlab, x4)---- : 17.8790dB / 0.3894
26-01-14 14:13:28.254 : --31 --> BSRNet --> x4--> 170057.png
26-01-14 14:13:28.328 : ----PSNR/SSIM for (/root/media/quoc-huy/eval-wir/srbenchmarks/BSD100/LR-bicubic-matlab, x4)---- : 27.6677dB / 0.7655
26-01-14 14:13:28.328 : --32 --> BSRNet --> x4--> 175032.png
26-01-14 14:13:28.402 : ----PSNR/SSIM for (/root/media/quoc-huy/eval-wir/srbenchmarks/BSD100/LR-bicubic-matlab, x4)---- : 19.4350dB / 0.3622
26-01-14 14:13:28.402 : --33 --> BSRNet --> x4--> 175043.png
26-01-14 14:13:28.475 : ----PSNR/SSIM for (/root/media/quoc-huy/eval-wir/srbenchmarks/BSD100/LR-bicubic-matlab, x4)---- : 23.4136dB / 0.6099
26-01-14 14:13:28.475 : --34 --> BSRNet --> x4--> 182053.png
26-01-14 14:13:28.547 : ----PSNR/SSIM for (/root/media/quoc-huy/eval-wir/srbenchmarks/BSD100/LR-bicubic-matlab, x4)---- : 22.1243dB / 0.6902
26-01-14 14:13:28.547 : --35 --> BSRNet --> x4--> 189080.png
26-01-14 14:13:28.621 : ----PSNR/SSIM for (/root/media/quoc-huy/eval-wir/srbenchmarks/BSD100/LR-bicubic-matlab, x4)---- : 27.9147dB / 0.8230
26-01-14 14:13:28.621 : --36 --> BSRNet --> x4--> 19021.png
26-01-14 14:13:28.693 : ----PSNR/SSIM for (/root/media/quoc-huy/eval-wir/srbenchmarks/BSD100/LR-bicubic-matlab, x4)---- : 23.4776dB / 0.6453
26-01-14 14:13:28.693 : --37 --> BSRNet --> x4--> 196073.png
26-01-14 14:13:28.765 : ----PSNR/SSIM for (/root/media/quoc-huy/eval-wir/srbenchmarks/BSD100/LR-bicubic-matlab, x4)---- : 26.3451dB / 0.4107
26-01-14 14:13:28.765 : --38 --> BSRNet --> x4--> 197017.png
26-01-14 14:13:28.838 : ----PSNR/SSIM for (/root/media/quoc-huy/eval-wir/srbenchmarks/BSD100/LR-bicubic-matlab, x4)---- : 26.3182dB / 0.6589
26-01-14 14:13:28.838 : --39 --> BSRNet --> x4--> 208001.png
26-01-14 14:13:28.912 : ----PSNR/SSIM for (/root/media/quoc-huy/eval-wir/srbenchmarks/BSD100/LR-bicubic-matlab, x4)---- : 24.6195dB / 0.6053
26-01-14 14:13:28.912 : --40 --> BSRNet --> x4--> 210088.png
26-01-14 14:13:28.988 : ----PSNR/SSIM for (/root/media/quoc-huy/eval-wir/srbenchmarks/BSD100/LR-bicubic-matlab, x4)---- : 30.5256dB / 0.9046
26-01-14 14:13:28.988 : --41 --> BSRNet --> x4--> 21077.png
26-01-14 14:13:29.061 : ----PSNR/SSIM for (/root/media/quoc-huy/eval-wir/srbenchmarks/BSD100/LR-bicubic-matlab, x4)---- : 20.4269dB / 0.5715
26-01-14 14:13:29.061 : --42 --> BSRNet --> x4--> 216081.png
26-01-14 14:13:29.133 : ----PSNR/SSIM for (/root/media/quoc-huy/eval-wir/srbenchmarks/BSD100/LR-bicubic-matlab, x4)---- : 23.0170dB / 0.6197
26-01-14 14:13:29.133 : --43 --> BSRNet --> x4--> 219090.png
26-01-14 14:13:29.206 : ----PSNR/SSIM for (/root/media/quoc-huy/eval-wir/srbenchmarks/BSD100/LR-bicubic-matlab, x4)---- : 24.6737dB / 0.7004
26-01-14 14:13:29.206 : --44 --> BSRNet --> x4--> 220075.png
26-01-14 14:13:29.280 : ----PSNR/SSIM for (/root/media/quoc-huy/eval-wir/srbenchmarks/BSD100/LR-bicubic-matlab, x4)---- : 21.8257dB / 0.7580
26-01-14 14:13:29.280 : --45 --> BSRNet --> x4--> 223061.png
26-01-14 14:13:29.353 : ----PSNR/SSIM for (/root/media/quoc-huy/eval-wir/srbenchmarks/BSD100/LR-bicubic-matlab, x4)---- : 23.0647dB / 0.6483
26-01-14 14:13:29.353 : --46 --> BSRNet --> x4--> 227092.png
26-01-14 14:13:29.426 : ----PSNR/SSIM for (/root/media/quoc-huy/eval-wir/srbenchmarks/BSD100/LR-bicubic-matlab, x4)---- : 32.7577dB / 0.8322
26-01-14 14:13:29.426 : --47 --> BSRNet --> x4--> 229036.png
26-01-14 14:13:29.499 : ----PSNR/SSIM for (/root/media/quoc-huy/eval-wir/srbenchmarks/BSD100/LR-bicubic-matlab, x4)---- : 18.8255dB / 0.4354
26-01-14 14:13:29.499 : --48 --> BSRNet --> x4--> 236037.png
26-01-14 14:13:29.573 : ----PSNR/SSIM for (/root/media/quoc-huy/eval-wir/srbenchmarks/BSD100/LR-bicubic-matlab, x4)---- : 23.3153dB / 0.5716
26-01-14 14:13:29.573 : --49 --> BSRNet --> x4--> 24077.png
26-01-14 14:13:29.647 : ----PSNR/SSIM for (/root/media/quoc-huy/eval-wir/srbenchmarks/BSD100/LR-bicubic-matlab, x4)---- : 16.7560dB / 0.5929
26-01-14 14:13:29.647 : --50 --> BSRNet --> x4--> 241004.png
26-01-14 14:13:29.719 : ----PSNR/SSIM for (/root/media/quoc-huy/eval-wir/srbenchmarks/BSD100/LR-bicubic-matlab, x4)---- : 25.8974dB / 0.7546
26-01-14 14:13:29.719 : --51 --> BSRNet --> x4--> 241048.png
26-01-14 14:13:29.792 : ----PSNR/SSIM for (/root/media/quoc-huy/eval-wir/srbenchmarks/BSD100/LR-bicubic-matlab, x4)---- : 20.8141dB / 0.4698
26-01-14 14:13:29.792 : --52 --> BSRNet --> x4--> 253027.png
26-01-14 14:13:29.867 : ----PSNR/SSIM for (/root/media/quoc-huy/eval-wir/srbenchmarks/BSD100/LR-bicubic-matlab, x4)---- : 19.9316dB / 0.6029
26-01-14 14:13:29.867 : --53 --> BSRNet --> x4--> 253055.png
26-01-14 14:13:29.938 : ----PSNR/SSIM for (/root/media/quoc-huy/eval-wir/srbenchmarks/BSD100/LR-bicubic-matlab, x4)---- : 30.2128dB / 0.7903
26-01-14 14:13:29.939 : --54 --> BSRNet --> x4--> 260058.png
26-01-14 14:13:30.011 : ----PSNR/SSIM for (/root/media/quoc-huy/eval-wir/srbenchmarks/BSD100/LR-bicubic-matlab, x4)---- : 30.7002dB / 0.7441
26-01-14 14:13:30.011 : --55 --> BSRNet --> x4--> 271035.png
26-01-14 14:13:30.086 : ----PSNR/SSIM for (/root/media/quoc-huy/eval-wir/srbenchmarks/BSD100/LR-bicubic-matlab, x4)---- : 24.7198dB / 0.6812
26-01-14 14:13:30.086 : --56 --> BSRNet --> x4--> 285079.png
26-01-14 14:13:30.160 : ----PSNR/SSIM for (/root/media/quoc-huy/eval-wir/srbenchmarks/BSD100/LR-bicubic-matlab, x4)---- : 20.3503dB / 0.4974
26-01-14 14:13:30.160 : --57 --> BSRNet --> x4--> 291000.png
26-01-14 14:13:30.233 : ----PSNR/SSIM for (/root/media/quoc-huy/eval-wir/srbenchmarks/BSD100/LR-bicubic-matlab, x4)---- : 19.2985dB / 0.2895
26-01-14 14:13:30.233 : --58 --> BSRNet --> x4--> 295087.png
26-01-14 14:13:30.305 : ----PSNR/SSIM for (/root/media/quoc-huy/eval-wir/srbenchmarks/BSD100/LR-bicubic-matlab, x4)---- : 25.6815dB / 0.6647
26-01-14 14:13:30.305 : --59 --> BSRNet --> x4--> 296007.png
26-01-14 14:13:30.377 : ----PSNR/SSIM for (/root/media/quoc-huy/eval-wir/srbenchmarks/BSD100/LR-bicubic-matlab, x4)---- : 30.1818dB / 0.7404
26-01-14 14:13:30.377 : --60 --> BSRNet --> x4--> 296059.png
26-01-14 14:13:30.450 : ----PSNR/SSIM for (/root/media/quoc-huy/eval-wir/srbenchmarks/BSD100/LR-bicubic-matlab, x4)---- : 29.3187dB / 0.7362
26-01-14 14:13:30.450 : --61 --> BSRNet --> x4--> 299086.png
26-01-14 14:13:30.522 : ----PSNR/SSIM for (/root/media/quoc-huy/eval-wir/srbenchmarks/BSD100/LR-bicubic-matlab, x4)---- : 30.0667dB / 0.7695
26-01-14 14:13:30.522 : --62 --> BSRNet --> x4--> 300091.png
26-01-14 14:13:30.594 : ----PSNR/SSIM for (/root/media/quoc-huy/eval-wir/srbenchmarks/BSD100/LR-bicubic-matlab, x4)---- : 25.0139dB / 0.7004
26-01-14 14:13:30.594 : --63 --> BSRNet --> x4--> 302008.png
26-01-14 14:13:30.667 : ----PSNR/SSIM for (/root/media/quoc-huy/eval-wir/srbenchmarks/BSD100/LR-bicubic-matlab, x4)---- : 29.0455dB / 0.9048
26-01-14 14:13:30.667 : --64 --> BSRNet --> x4--> 304034.png
26-01-14 14:13:30.740 : ----PSNR/SSIM for (/root/media/quoc-huy/eval-wir/srbenchmarks/BSD100/LR-bicubic-matlab, x4)---- : 22.4539dB / 0.5967
26-01-14 14:13:30.741 : --65 --> BSRNet --> x4--> 304074.png
26-01-14 14:13:30.815 : ----PSNR/SSIM for (/root/media/quoc-huy/eval-wir/srbenchmarks/BSD100/LR-bicubic-matlab, x4)---- : 23.7509dB / 0.5332
26-01-14 14:13:30.815 : --66 --> BSRNet --> x4--> 306005.png
26-01-14 14:13:30.888 : ----PSNR/SSIM for (/root/media/quoc-huy/eval-wir/srbenchmarks/BSD100/LR-bicubic-matlab, x4)---- : 23.3657dB / 0.6497
26-01-14 14:13:30.888 : --67 --> BSRNet --> x4--> 3096.png
26-01-14 14:13:30.960 : ----PSNR/SSIM for (/root/media/quoc-huy/eval-wir/srbenchmarks/BSD100/LR-bicubic-matlab, x4)---- : 36.7972dB / 0.9695
26-01-14 14:13:30.960 : --68 --> BSRNet --> x4--> 33039.png
26-01-14 14:13:31.034 : ----PSNR/SSIM for (/root/media/quoc-huy/eval-wir/srbenchmarks/BSD100/LR-bicubic-matlab, x4)---- : 18.8926dB / 0.4853
26-01-14 14:13:31.034 : --69 --> BSRNet --> x4--> 351093.png
26-01-14 14:13:31.106 : ----PSNR/SSIM for (/root/media/quoc-huy/eval-wir/srbenchmarks/BSD100/LR-bicubic-matlab, x4)---- : 18.1090dB / 0.4769
26-01-14 14:13:31.106 : --70 --> BSRNet --> x4--> 361010.png
26-01-14 14:13:31.179 : ----PSNR/SSIM for (/root/media/quoc-huy/eval-wir/srbenchmarks/BSD100/LR-bicubic-matlab, x4)---- : 22.5605dB / 0.6864
26-01-14 14:13:31.179 : --71 --> BSRNet --> x4--> 37073.png
26-01-14 14:13:31.251 : ----PSNR/SSIM for (/root/media/quoc-huy/eval-wir/srbenchmarks/BSD100/LR-bicubic-matlab, x4)---- : 28.1271dB / 0.7536
26-01-14 14:13:31.251 : --72 --> BSRNet --> x4--> 376043.png
26-01-14 14:13:31.326 : ----PSNR/SSIM for (/root/media/quoc-huy/eval-wir/srbenchmarks/BSD100/LR-bicubic-matlab, x4)---- : 22.1928dB / 0.4542
26-01-14 14:13:31.326 : --73 --> BSRNet --> x4--> 38082.png
26-01-14 14:13:31.399 : ----PSNR/SSIM for (/root/media/quoc-huy/eval-wir/srbenchmarks/BSD100/LR-bicubic-matlab, x4)---- : 25.5807dB / 0.5536
26-01-14 14:13:31.399 : --74 --> BSRNet --> x4--> 38092.png
26-01-14 14:13:31.472 : ----PSNR/SSIM for (/root/media/quoc-huy/eval-wir/srbenchmarks/BSD100/LR-bicubic-matlab, x4)---- : 23.7996dB / 0.6288
26-01-14 14:13:31.472 : --75 --> BSRNet --> x4--> 385039.png
26-01-14 14:13:31.546 : ----PSNR/SSIM for (/root/media/quoc-huy/eval-wir/srbenchmarks/BSD100/LR-bicubic-matlab, x4)---- : 22.1406dB / 0.6237
26-01-14 14:13:31.546 : --76 --> BSRNet --> x4--> 41033.png
26-01-14 14:13:31.619 : ----PSNR/SSIM for (/root/media/quoc-huy/eval-wir/srbenchmarks/BSD100/LR-bicubic-matlab, x4)---- : 28.5363dB / 0.7276
26-01-14 14:13:31.619 : --77 --> BSRNet --> x4--> 41069.png
26-01-14 14:13:31.692 : ----PSNR/SSIM for (/root/media/quoc-huy/eval-wir/srbenchmarks/BSD100/LR-bicubic-matlab, x4)---- : 22.1191dB / 0.4081
26-01-14 14:13:31.692 : --78 --> BSRNet --> x4--> 42012.png
26-01-14 14:13:31.767 : ----PSNR/SSIM for (/root/media/quoc-huy/eval-wir/srbenchmarks/BSD100/LR-bicubic-matlab, x4)---- : 27.9155dB / 0.7779
26-01-14 14:13:31.767 : --79 --> BSRNet --> x4--> 42049.png
26-01-14 14:13:31.839 : ----PSNR/SSIM for (/root/media/quoc-huy/eval-wir/srbenchmarks/BSD100/LR-bicubic-matlab, x4)---- : 29.3585dB / 0.9292
26-01-14 14:13:31.839 : --80 --> BSRNet --> x4--> 43074.png
26-01-14 14:13:31.912 : ----PSNR/SSIM for (/root/media/quoc-huy/eval-wir/srbenchmarks/BSD100/LR-bicubic-matlab, x4)---- : 28.2265dB / 0.7841
26-01-14 14:13:31.912 : --81 --> BSRNet --> x4--> 45096.png
26-01-14 14:13:31.983 : ----PSNR/SSIM for (/root/media/quoc-huy/eval-wir/srbenchmarks/BSD100/LR-bicubic-matlab, x4)---- : 32.3420dB / 0.9039
26-01-14 14:13:31.983 : --82 --> BSRNet --> x4--> 54082.png
26-01-14 14:13:32.056 : ----PSNR/SSIM for (/root/media/quoc-huy/eval-wir/srbenchmarks/BSD100/LR-bicubic-matlab, x4)---- : 26.8635dB / 0.6648
26-01-14 14:13:32.056 : --83 --> BSRNet --> x4--> 55073.png
26-01-14 14:13:32.130 : ----PSNR/SSIM for (/root/media/quoc-huy/eval-wir/srbenchmarks/BSD100/LR-bicubic-matlab, x4)---- : 20.0078dB / 0.4291
26-01-14 14:13:32.130 : --84 --> BSRNet --> x4--> 58060.png
26-01-14 14:13:32.203 : ----PSNR/SSIM for (/root/media/quoc-huy/eval-wir/srbenchmarks/BSD100/LR-bicubic-matlab, x4)---- : 19.5055dB / 0.5305
26-01-14 14:13:32.203 : --85 --> BSRNet --> x4--> 62096.png
26-01-14 14:13:32.275 : ----PSNR/SSIM for (/root/media/quoc-huy/eval-wir/srbenchmarks/BSD100/LR-bicubic-matlab, x4)---- : 18.3542dB / 0.5729
26-01-14 14:13:32.276 : --86 --> BSRNet --> x4--> 65033.png
26-01-14 14:13:32.349 : ----PSNR/SSIM for (/root/media/quoc-huy/eval-wir/srbenchmarks/BSD100/LR-bicubic-matlab, x4)---- : 21.8781dB / 0.4654
26-01-14 14:13:32.349 : --87 --> BSRNet --> x4--> 66053.png
26-01-14 14:13:32.422 : ----PSNR/SSIM for (/root/media/quoc-huy/eval-wir/srbenchmarks/BSD100/LR-bicubic-matlab, x4)---- : 25.6051dB / 0.6348
26-01-14 14:13:32.422 : --88 --> BSRNet --> x4--> 69015.png
26-01-14 14:13:32.496 : ----PSNR/SSIM for (/root/media/quoc-huy/eval-wir/srbenchmarks/BSD100/LR-bicubic-matlab, x4)---- : 27.7362dB / 0.7084
26-01-14 14:13:32.496 : --89 --> BSRNet --> x4--> 69020.png
26-01-14 14:13:32.570 : ----PSNR/SSIM for (/root/media/quoc-huy/eval-wir/srbenchmarks/BSD100/LR-bicubic-matlab, x4)---- : 25.5648dB / 0.4843
26-01-14 14:13:32.570 : --90 --> BSRNet --> x4--> 69040.png
26-01-14 14:13:32.644 : ----PSNR/SSIM for (/root/media/quoc-huy/eval-wir/srbenchmarks/BSD100/LR-bicubic-matlab, x4)---- : 23.5118dB / 0.5944
26-01-14 14:13:32.644 : --91 --> BSRNet --> x4--> 76053.png
26-01-14 14:13:32.717 : ----PSNR/SSIM for (/root/media/quoc-huy/eval-wir/srbenchmarks/BSD100/LR-bicubic-matlab, x4)---- : 26.6362dB / 0.6265
26-01-14 14:13:32.717 : --92 --> BSRNet --> x4--> 78004.png
26-01-14 14:13:32.791 : ----PSNR/SSIM for (/root/media/quoc-huy/eval-wir/srbenchmarks/BSD100/LR-bicubic-matlab, x4)---- : 24.1116dB / 0.6678
26-01-14 14:13:32.791 : --93 --> BSRNet --> x4--> 8023.png
26-01-14 14:13:32.865 : ----PSNR/SSIM for (/root/media/quoc-huy/eval-wir/srbenchmarks/BSD100/LR-bicubic-matlab, x4)---- : 28.3544dB / 0.8248
26-01-14 14:13:32.865 : --94 --> BSRNet --> x4--> 85048.png
26-01-14 14:13:32.939 : ----PSNR/SSIM for (/root/media/quoc-huy/eval-wir/srbenchmarks/BSD100/LR-bicubic-matlab, x4)---- : 20.1484dB / 0.5109
26-01-14 14:13:32.939 : --95 --> BSRNet --> x4--> 86000.png
26-01-14 14:13:33.013 : ----PSNR/SSIM for (/root/media/quoc-huy/eval-wir/srbenchmarks/BSD100/LR-bicubic-matlab, x4)---- : 23.9420dB / 0.7285
26-01-14 14:13:33.013 : --96 --> BSRNet --> x4--> 86016.png
26-01-14 14:13:33.086 : ----PSNR/SSIM for (/root/media/quoc-huy/eval-wir/srbenchmarks/BSD100/LR-bicubic-matlab, x4)---- : 20.4591dB / 0.2453
26-01-14 14:13:33.086 : --97 --> BSRNet --> x4--> 86068.png
26-01-14 14:13:33.159 : ----PSNR/SSIM for (/root/media/quoc-huy/eval-wir/srbenchmarks/BSD100/LR-bicubic-matlab, x4)---- : 25.3213dB / 0.4732
26-01-14 14:13:33.159 : --98 --> BSRNet --> x4--> 87046.png
26-01-14 14:13:33.232 : ----PSNR/SSIM for (/root/media/quoc-huy/eval-wir/srbenchmarks/BSD100/LR-bicubic-matlab, x4)---- : 21.5631dB / 0.6283
26-01-14 14:13:33.232 : --99 --> BSRNet --> x4--> 89072.png
26-01-14 14:13:33.307 : ----PSNR/SSIM for (/root/media/quoc-huy/eval-wir/srbenchmarks/BSD100/LR-bicubic-matlab, x4)---- : 25.0289dB / 0.6743
26-01-14 14:13:33.307 : -100 --> BSRNet --> x4--> 97033.png
26-01-14 14:13:33.380 : ----PSNR/SSIM for (/root/media/quoc-huy/eval-wir/srbenchmarks/BSD100/LR-bicubic-matlab, x4)---- : 20.3163dB / 0.5248
26-01-14 14:13:33.380 : ----Average PSNR/SSIM for (/root/media/quoc-huy/eval-wir/srbenchmarks/BSD100/LR-bicubic-matlab, x4)---- : 24.3544dB / 0.6460
26-01-14 14:13:33.380 :  
26-01-14 14:14:59.402 :       Model Name : BSRNet
26-01-14 14:14:59.867 :       Input Path : /root/media/quoc-huy/eval-wir/srbenchmarks/Set14/LR-bicubic-matlab
26-01-14 14:14:59.867 :      Output Path : /root/quoc-huy/all-tested-results/BSRNet/Set14-bic-matlab
26-01-14 14:14:59.867 : ---1 --> BSRNet --> x4--> baboon.png
26-01-14 14:15:00.087 : ----PSNR/SSIM for (/root/media/quoc-huy/eval-wir/srbenchmarks/Set14/LR-bicubic-matlab, x4)---- : 21.1091dB / 0.4443
26-01-14 14:15:00.087 : ---2 --> BSRNet --> x4--> barbara.png
26-01-14 14:15:00.295 : ----PSNR/SSIM for (/root/media/quoc-huy/eval-wir/srbenchmarks/Set14/LR-bicubic-matlab, x4)---- : 23.8967dB / 0.7155
26-01-14 14:15:00.295 : ---3 --> BSRNet --> x4--> bridge.png
26-01-14 14:15:00.419 : ----PSNR/SSIM for (/root/media/quoc-huy/eval-wir/srbenchmarks/Set14/LR-bicubic-matlab, x4)---- : 21.4806dB / 0.5422
26-01-14 14:15:00.419 : ---4 --> BSRNet --> x4--> coastguard.png
26-01-14 14:15:00.478 : ----PSNR/SSIM for (/root/media/quoc-huy/eval-wir/srbenchmarks/Set14/LR-bicubic-matlab, x4)---- : 24.1905dB / 0.4815
26-01-14 14:15:00.478 : ---5 --> BSRNet --> x4--> comic.png
26-01-14 14:15:00.533 : ----PSNR/SSIM for (/root/media/quoc-huy/eval-wir/srbenchmarks/Set14/LR-bicubic-matlab, x4)---- : 19.3975dB / 0.5078
26-01-14 14:15:00.534 : ---6 --> BSRNet --> x4--> face.png
26-01-14 14:15:00.582 : ----PSNR/SSIM for (/root/media/quoc-huy/eval-wir/srbenchmarks/Set14/LR-bicubic-matlab, x4)---- : 30.4840dB / 0.6922
26-01-14 14:15:00.582 : ---7 --> BSRNet --> x4--> flowers.png
26-01-14 14:15:00.677 : ----PSNR/SSIM for (/root/media/quoc-huy/eval-wir/srbenchmarks/Set14/LR-bicubic-matlab, x4)---- : 23.9511dB / 0.6884
26-01-14 14:15:00.677 : ---8 --> BSRNet --> x4--> foreman.png
26-01-14 14:15:00.734 : ----PSNR/SSIM for (/root/media/quoc-huy/eval-wir/srbenchmarks/Set14/LR-bicubic-matlab, x4)---- : 28.1512dB / 0.8864
26-01-14 14:15:00.734 : ---9 --> BSRNet --> x4--> lenna.png
26-01-14 14:15:00.856 : ----PSNR/SSIM for (/root/media/quoc-huy/eval-wir/srbenchmarks/Set14/LR-bicubic-matlab, x4)---- : 29.5682dB / 0.8093
26-01-14 14:15:00.856 : --10 --> BSRNet --> x4--> man.png
26-01-14 14:15:00.978 : ----PSNR/SSIM for (/root/media/quoc-huy/eval-wir/srbenchmarks/Set14/LR-bicubic-matlab, x4)---- : 21.6675dB / 0.5672
26-01-14 14:15:00.978 : --11 --> BSRNet --> x4--> monarch.png
26-01-14 14:15:01.167 : ----PSNR/SSIM for (/root/media/quoc-huy/eval-wir/srbenchmarks/Set14/LR-bicubic-matlab, x4)---- : 28.9732dB / 0.9095
26-01-14 14:15:01.167 : --12 --> BSRNet --> x4--> pepper.png
26-01-14 14:15:01.289 : ----PSNR/SSIM for (/root/media/quoc-huy/eval-wir/srbenchmarks/Set14/LR-bicubic-matlab, x4)---- : 23.4839dB / 0.7443
26-01-14 14:15:01.290 : --13 --> BSRNet --> x4--> ppt3.png
26-01-14 14:15:01.454 : ----PSNR/SSIM for (/root/media/quoc-huy/eval-wir/srbenchmarks/Set14/LR-bicubic-matlab, x4)---- : 12.3349dB / 0.6437
26-01-14 14:15:01.454 : --14 --> BSRNet --> x4--> zebra.png
26-01-14 14:15:01.566 : ----PSNR/SSIM for (/root/media/quoc-huy/eval-wir/srbenchmarks/Set14/LR-bicubic-matlab, x4)---- : 17.9208dB / 0.4481
26-01-14 14:15:01.566 : ----Average PSNR/SSIM for (/root/media/quoc-huy/eval-wir/srbenchmarks/Set14/LR-bicubic-matlab, x4)---- : 23.3292dB / 0.6486
26-01-14 14:15:01.566 :  
26-01-14 14:15:50.087 :       Model Name : BSRNet
26-01-14 14:15:50.552 :       Input Path : /root/media/quoc-huy/eval-wir/srbenchmarks/Set5/LR-bicubic-matlab
26-01-14 14:15:50.552 :      Output Path : /root/quoc-huy/all-tested-results/BSRNet/Set5-bic-matlab
26-01-14 14:15:50.552 : ---1 --> BSRNet --> x4--> baby.png
26-01-14 14:15:50.784 : ----PSNR/SSIM for (/root/media/quoc-huy/eval-wir/srbenchmarks/Set5/LR-bicubic-matlab, x4)---- : 30.6906dB / 0.8570
26-01-14 14:15:50.784 : ---2 --> BSRNet --> x4--> bird.png
26-01-14 14:15:50.836 : ----PSNR/SSIM for (/root/media/quoc-huy/eval-wir/srbenchmarks/Set5/LR-bicubic-matlab, x4)---- : 29.3423dB / 0.8437
26-01-14 14:15:50.836 : ---3 --> BSRNet --> x4--> butterfly.png
26-01-14 14:15:50.885 : ----PSNR/SSIM for (/root/media/quoc-huy/eval-wir/srbenchmarks/Set5/LR-bicubic-matlab, x4)---- : 24.4673dB / 0.8705
26-01-14 14:15:50.885 : ---4 --> BSRNet --> x4--> head.png
26-01-14 14:15:50.935 : ----PSNR/SSIM for (/root/media/quoc-huy/eval-wir/srbenchmarks/Set5/LR-bicubic-matlab, x4)---- : 30.4836dB / 0.6939
26-01-14 14:15:50.935 : ---5 --> BSRNet --> x4--> woman.png
26-01-14 14:15:50.980 : ----PSNR/SSIM for (/root/media/quoc-huy/eval-wir/srbenchmarks/Set5/LR-bicubic-matlab, x4)---- : 27.6263dB / 0.8657
26-01-14 14:15:50.980 : ----Average PSNR/SSIM for (/root/media/quoc-huy/eval-wir/srbenchmarks/Set5/LR-bicubic-matlab, x4)---- : 28.5220dB / 0.8262
26-01-14 14:15:50.980 :  
26-01-14 14:16:30.422 :       Model Name : BSRGAN
26-01-14 14:16:30.894 :       Input Path : /root/media/quoc-huy/eval-wir/srbenchmarks/Set5/LR-bicubic-matlab
26-01-14 14:16:30.894 :      Output Path : /root/quoc-huy/all-tested-results/BSRGAN/Set5-bic-matlab
26-01-14 14:16:30.894 : ---1 --> BSRGAN --> x4--> baby.png
26-01-14 14:16:31.117 : ----PSNR/SSIM for (/root/media/quoc-huy/eval-wir/srbenchmarks/Set5/LR-bicubic-matlab, x4)---- : 27.7638dB / 0.7725
26-01-14 14:16:31.117 : ---2 --> BSRGAN --> x4--> bird.png
26-01-14 14:16:31.170 : ----PSNR/SSIM for (/root/media/quoc-huy/eval-wir/srbenchmarks/Set5/LR-bicubic-matlab, x4)---- : 27.4533dB / 0.7847
26-01-14 14:16:31.170 : ---3 --> BSRGAN --> x4--> butterfly.png
26-01-14 14:16:31.217 : ----PSNR/SSIM for (/root/media/quoc-huy/eval-wir/srbenchmarks/Set5/LR-bicubic-matlab, x4)---- : 21.8608dB / 0.8087
26-01-14 14:16:31.217 : ---4 --> BSRGAN --> x4--> head.png
26-01-14 14:16:31.265 : ----PSNR/SSIM for (/root/media/quoc-huy/eval-wir/srbenchmarks/Set5/LR-bicubic-matlab, x4)---- : 29.1451dB / 0.6615
26-01-14 14:16:31.265 : ---5 --> BSRGAN --> x4--> woman.png
26-01-14 14:16:31.309 : ----PSNR/SSIM for (/root/media/quoc-huy/eval-wir/srbenchmarks/Set5/LR-bicubic-matlab, x4)---- : 25.7027dB / 0.8196
26-01-14 14:16:31.309 : ----Average PSNR/SSIM for (/root/media/quoc-huy/eval-wir/srbenchmarks/Set5/LR-bicubic-matlab, x4)---- : 26.3851dB / 0.7694
26-01-14 14:16:31.309 :  
26-01-14 14:17:03.513 :       Model Name : BSRGAN
26-01-14 14:17:03.976 :       Input Path : /root/media/quoc-huy/eval-wir/srbenchmarks/Set14/LR-bicubic-matlab
26-01-14 14:17:03.976 :      Output Path : /root/quoc-huy/all-tested-results/BSRGAN/Set14-bic-matlab
26-01-14 14:17:03.976 : ---1 --> BSRGAN --> x4--> baboon.png
26-01-14 14:17:04.188 : ----PSNR/SSIM for (/root/media/quoc-huy/eval-wir/srbenchmarks/Set14/LR-bicubic-matlab, x4)---- : 20.1310dB / 0.3951
26-01-14 14:17:04.188 : ---2 --> BSRGAN --> x4--> barbara.png
26-01-14 14:17:04.391 : ----PSNR/SSIM for (/root/media/quoc-huy/eval-wir/srbenchmarks/Set14/LR-bicubic-matlab, x4)---- : 23.1750dB / 0.6554
26-01-14 14:17:04.391 : ---3 --> BSRGAN --> x4--> bridge.png
26-01-14 14:17:04.517 : ----PSNR/SSIM for (/root/media/quoc-huy/eval-wir/srbenchmarks/Set14/LR-bicubic-matlab, x4)---- : 21.0758dB / 0.4924
26-01-14 14:17:04.517 : ---4 --> BSRGAN --> x4--> coastguard.png
26-01-14 14:17:04.577 : ----PSNR/SSIM for (/root/media/quoc-huy/eval-wir/srbenchmarks/Set14/LR-bicubic-matlab, x4)---- : 23.6325dB / 0.4510
26-01-14 14:17:04.578 : ---5 --> BSRGAN --> x4--> comic.png
26-01-14 14:17:04.634 : ----PSNR/SSIM for (/root/media/quoc-huy/eval-wir/srbenchmarks/Set14/LR-bicubic-matlab, x4)---- : 18.7486dB / 0.4605
26-01-14 14:17:04.634 : ---6 --> BSRGAN --> x4--> face.png
26-01-14 14:17:04.683 : ----PSNR/SSIM for (/root/media/quoc-huy/eval-wir/srbenchmarks/Set14/LR-bicubic-matlab, x4)---- : 29.0688dB / 0.6549
26-01-14 14:17:04.683 : ---7 --> BSRGAN --> x4--> flowers.png
26-01-14 14:17:04.778 : ----PSNR/SSIM for (/root/media/quoc-huy/eval-wir/srbenchmarks/Set14/LR-bicubic-matlab, x4)---- : 23.2280dB / 0.6615
26-01-14 14:17:04.778 : ---8 --> BSRGAN --> x4--> foreman.png
26-01-14 14:17:04.835 : ----PSNR/SSIM for (/root/media/quoc-huy/eval-wir/srbenchmarks/Set14/LR-bicubic-matlab, x4)---- : 25.8805dB / 0.8360
26-01-14 14:17:04.835 : ---9 --> BSRGAN --> x4--> lenna.png
26-01-14 14:17:04.958 : ----PSNR/SSIM for (/root/media/quoc-huy/eval-wir/srbenchmarks/Set14/LR-bicubic-matlab, x4)---- : 28.0899dB / 0.7788
26-01-14 14:17:04.958 : --10 --> BSRGAN --> x4--> man.png
26-01-14 14:17:05.081 : ----PSNR/SSIM for (/root/media/quoc-huy/eval-wir/srbenchmarks/Set14/LR-bicubic-matlab, x4)---- : 21.0685dB / 0.5743
26-01-14 14:17:05.081 : --11 --> BSRGAN --> x4--> monarch.png
26-01-14 14:17:05.270 : ----PSNR/SSIM for (/root/media/quoc-huy/eval-wir/srbenchmarks/Set14/LR-bicubic-matlab, x4)---- : 26.9153dB / 0.8763
26-01-14 14:17:05.270 : --12 --> BSRGAN --> x4--> pepper.png
26-01-14 14:17:05.393 : ----PSNR/SSIM for (/root/media/quoc-huy/eval-wir/srbenchmarks/Set14/LR-bicubic-matlab, x4)---- : 23.4721dB / 0.7183
26-01-14 14:17:05.393 : --13 --> BSRGAN --> x4--> ppt3.png
26-01-14 14:17:05.559 : ----PSNR/SSIM for (/root/media/quoc-huy/eval-wir/srbenchmarks/Set14/LR-bicubic-matlab, x4)---- : 12.1407dB / 0.6550
26-01-14 14:17:05.559 : --14 --> BSRGAN --> x4--> zebra.png
26-01-14 14:17:05.672 : ----PSNR/SSIM for (/root/media/quoc-huy/eval-wir/srbenchmarks/Set14/LR-bicubic-matlab, x4)---- : 17.2896dB / 0.4413
26-01-14 14:17:05.672 : ----Average PSNR/SSIM for (/root/media/quoc-huy/eval-wir/srbenchmarks/Set14/LR-bicubic-matlab, x4)---- : 22.4226dB / 0.6179
26-01-14 14:17:05.672 :  
26-01-14 14:17:36.286 :       Model Name : BSRGAN
26-01-14 14:17:36.749 :       Input Path : /root/media/quoc-huy/eval-wir/srbenchmarks/BSD100/LR-bicubic-matlab
26-01-14 14:17:36.749 :      Output Path : /root/quoc-huy/all-tested-results/BSRGAN/BSD100-bic-matlab
26-01-14 14:17:36.750 : ---1 --> BSRGAN --> x4--> 101085.png
26-01-14 14:17:36.919 : ----PSNR/SSIM for (/root/media/quoc-huy/eval-wir/srbenchmarks/BSD100/LR-bicubic-matlab, x4)---- : 20.9109dB / 0.4431
26-01-14 14:17:36.919 : ---2 --> BSRGAN --> x4--> 101087.png
26-01-14 14:17:37.001 : ----PSNR/SSIM for (/root/media/quoc-huy/eval-wir/srbenchmarks/BSD100/LR-bicubic-matlab, x4)---- : 19.1036dB / 0.6791
26-01-14 14:17:37.001 : ---3 --> BSRGAN --> x4--> 102061.png
26-01-14 14:17:37.084 : ----PSNR/SSIM for (/root/media/quoc-huy/eval-wir/srbenchmarks/BSD100/LR-bicubic-matlab, x4)---- : 22.6632dB / 0.6947
26-01-14 14:17:37.084 : ---4 --> BSRGAN --> x4--> 103070.png
26-01-14 14:17:37.169 : ----PSNR/SSIM for (/root/media/quoc-huy/eval-wir/srbenchmarks/BSD100/LR-bicubic-matlab, x4)---- : 26.8000dB / 0.7335
26-01-14 14:17:37.169 : ---5 --> BSRGAN --> x4--> 105025.png
26-01-14 14:17:37.250 : ----PSNR/SSIM for (/root/media/quoc-huy/eval-wir/srbenchmarks/BSD100/LR-bicubic-matlab, x4)---- : 22.4822dB / 0.5613
26-01-14 14:17:37.250 : ---6 --> BSRGAN --> x4--> 106024.png
26-01-14 14:17:37.324 : ----PSNR/SSIM for (/root/media/quoc-huy/eval-wir/srbenchmarks/BSD100/LR-bicubic-matlab, x4)---- : 27.7761dB / 0.8340
26-01-14 14:17:37.324 : ---7 --> BSRGAN --> x4--> 108005.png
26-01-14 14:17:37.398 : ----PSNR/SSIM for (/root/media/quoc-huy/eval-wir/srbenchmarks/BSD100/LR-bicubic-matlab, x4)---- : 22.3597dB / 0.5954
26-01-14 14:17:37.398 : ---8 --> BSRGAN --> x4--> 108070.png
26-01-14 14:17:37.471 : ----PSNR/SSIM for (/root/media/quoc-huy/eval-wir/srbenchmarks/BSD100/LR-bicubic-matlab, x4)---- : 20.4221dB / 0.4141
26-01-14 14:17:37.471 : ---9 --> BSRGAN --> x4--> 108082.png
26-01-14 14:17:37.544 : ----PSNR/SSIM for (/root/media/quoc-huy/eval-wir/srbenchmarks/BSD100/LR-bicubic-matlab, x4)---- : 23.1164dB / 0.6646
26-01-14 14:17:37.544 : --10 --> BSRGAN --> x4--> 109053.png
26-01-14 14:17:37.618 : ----PSNR/SSIM for (/root/media/quoc-huy/eval-wir/srbenchmarks/BSD100/LR-bicubic-matlab, x4)---- : 25.9877dB / 0.6948
26-01-14 14:17:37.618 : --11 --> BSRGAN --> x4--> 119082.png
26-01-14 14:17:37.692 : ----PSNR/SSIM for (/root/media/quoc-huy/eval-wir/srbenchmarks/BSD100/LR-bicubic-matlab, x4)---- : 20.9857dB / 0.5824
26-01-14 14:17:37.692 : --12 --> BSRGAN --> x4--> 12084.png
26-01-14 14:17:37.765 : ----PSNR/SSIM for (/root/media/quoc-huy/eval-wir/srbenchmarks/BSD100/LR-bicubic-matlab, x4)---- : 23.6188dB / 0.5431
26-01-14 14:17:37.765 : --13 --> BSRGAN --> x4--> 123074.png
26-01-14 14:17:37.839 : ----PSNR/SSIM for (/root/media/quoc-huy/eval-wir/srbenchmarks/BSD100/LR-bicubic-matlab, x4)---- : 25.7408dB / 0.6451
26-01-14 14:17:37.839 : --14 --> BSRGAN --> x4--> 126007.png
26-01-14 14:17:37.913 : ----PSNR/SSIM for (/root/media/quoc-huy/eval-wir/srbenchmarks/BSD100/LR-bicubic-matlab, x4)---- : 23.0274dB / 0.7158
26-01-14 14:17:37.913 : --15 --> BSRGAN --> x4--> 130026.png
26-01-14 14:17:37.987 : ----PSNR/SSIM for (/root/media/quoc-huy/eval-wir/srbenchmarks/BSD100/LR-bicubic-matlab, x4)---- : 21.7930dB / 0.5318
26-01-14 14:17:37.987 : --16 --> BSRGAN --> x4--> 134035.png
26-01-14 14:17:38.061 : ----PSNR/SSIM for (/root/media/quoc-huy/eval-wir/srbenchmarks/BSD100/LR-bicubic-matlab, x4)---- : 21.1129dB / 0.6128
26-01-14 14:17:38.062 : --17 --> BSRGAN --> x4--> 14037.png
26-01-14 14:17:38.135 : ----PSNR/SSIM for (/root/media/quoc-huy/eval-wir/srbenchmarks/BSD100/LR-bicubic-matlab, x4)---- : 30.4514dB / 0.8255
26-01-14 14:17:38.135 : --18 --> BSRGAN --> x4--> 143090.png
26-01-14 14:17:38.209 : ----PSNR/SSIM for (/root/media/quoc-huy/eval-wir/srbenchmarks/BSD100/LR-bicubic-matlab, x4)---- : 29.0748dB / 0.8304
26-01-14 14:17:38.209 : --19 --> BSRGAN --> x4--> 145086.png
26-01-14 14:17:38.283 : ----PSNR/SSIM for (/root/media/quoc-huy/eval-wir/srbenchmarks/BSD100/LR-bicubic-matlab, x4)---- : 22.2579dB / 0.6269
26-01-14 14:17:38.283 : --20 --> BSRGAN --> x4--> 147091.png
26-01-14 14:17:38.356 : ----PSNR/SSIM for (/root/media/quoc-huy/eval-wir/srbenchmarks/BSD100/LR-bicubic-matlab, x4)---- : 22.1756dB / 0.7062
26-01-14 14:17:38.357 : --21 --> BSRGAN --> x4--> 148026.png
26-01-14 14:17:38.431 : ----PSNR/SSIM for (/root/media/quoc-huy/eval-wir/srbenchmarks/BSD100/LR-bicubic-matlab, x4)---- : 18.9623dB / 0.5379
26-01-14 14:17:38.431 : --22 --> BSRGAN --> x4--> 148089.png
26-01-14 14:17:38.506 : ----PSNR/SSIM for (/root/media/quoc-huy/eval-wir/srbenchmarks/BSD100/LR-bicubic-matlab, x4)---- : 20.6739dB / 0.4720
26-01-14 14:17:38.506 : --23 --> BSRGAN --> x4--> 156065.png
26-01-14 14:17:38.579 : ----PSNR/SSIM for (/root/media/quoc-huy/eval-wir/srbenchmarks/BSD100/LR-bicubic-matlab, x4)---- : 22.5191dB / 0.4492
26-01-14 14:17:38.579 : --24 --> BSRGAN --> x4--> 157055.png
26-01-14 14:17:38.654 : ----PSNR/SSIM for (/root/media/quoc-huy/eval-wir/srbenchmarks/BSD100/LR-bicubic-matlab, x4)---- : 22.5514dB / 0.6562
26-01-14 14:17:38.657 : --25 --> BSRGAN --> x4--> 159008.png
26-01-14 14:17:38.731 : ----PSNR/SSIM for (/root/media/quoc-huy/eval-wir/srbenchmarks/BSD100/LR-bicubic-matlab, x4)---- : 23.1706dB / 0.6903
26-01-14 14:17:38.731 : --26 --> BSRGAN --> x4--> 160068.png
26-01-14 14:17:38.805 : ----PSNR/SSIM for (/root/media/quoc-huy/eval-wir/srbenchmarks/BSD100/LR-bicubic-matlab, x4)---- : 24.0358dB / 0.7772
26-01-14 14:17:38.805 : --27 --> BSRGAN --> x4--> 16077.png
26-01-14 14:17:38.879 : ----PSNR/SSIM for (/root/media/quoc-huy/eval-wir/srbenchmarks/BSD100/LR-bicubic-matlab, x4)---- : 23.5714dB / 0.6117
26-01-14 14:17:38.879 : --28 --> BSRGAN --> x4--> 163085.png
26-01-14 14:17:38.953 : ----PSNR/SSIM for (/root/media/quoc-huy/eval-wir/srbenchmarks/BSD100/LR-bicubic-matlab, x4)---- : 26.1851dB / 0.7032
26-01-14 14:17:38.953 : --29 --> BSRGAN --> x4--> 167062.png
26-01-14 14:17:39.026 : ----PSNR/SSIM for (/root/media/quoc-huy/eval-wir/srbenchmarks/BSD100/LR-bicubic-matlab, x4)---- : 18.1216dB / 0.7682
26-01-14 14:17:39.026 : --30 --> BSRGAN --> x4--> 167083.png
26-01-14 14:17:39.100 : ----PSNR/SSIM for (/root/media/quoc-huy/eval-wir/srbenchmarks/BSD100/LR-bicubic-matlab, x4)---- : 17.4009dB / 0.3775
26-01-14 14:17:39.100 : --31 --> BSRGAN --> x4--> 170057.png
26-01-14 14:17:39.175 : ----PSNR/SSIM for (/root/media/quoc-huy/eval-wir/srbenchmarks/BSD100/LR-bicubic-matlab, x4)---- : 25.5579dB / 0.6271
26-01-14 14:17:39.175 : --32 --> BSRGAN --> x4--> 175032.png
26-01-14 14:17:39.249 : ----PSNR/SSIM for (/root/media/quoc-huy/eval-wir/srbenchmarks/BSD100/LR-bicubic-matlab, x4)---- : 18.7533dB / 0.3083
26-01-14 14:17:39.249 : --33 --> BSRGAN --> x4--> 175043.png
26-01-14 14:17:39.323 : ----PSNR/SSIM for (/root/media/quoc-huy/eval-wir/srbenchmarks/BSD100/LR-bicubic-matlab, x4)---- : 21.8061dB / 0.4891
26-01-14 14:17:39.323 : --34 --> BSRGAN --> x4--> 182053.png
26-01-14 14:17:39.396 : ----PSNR/SSIM for (/root/media/quoc-huy/eval-wir/srbenchmarks/BSD100/LR-bicubic-matlab, x4)---- : 21.3943dB / 0.6785
26-01-14 14:17:39.396 : --35 --> BSRGAN --> x4--> 189080.png
26-01-14 14:17:39.472 : ----PSNR/SSIM for (/root/media/quoc-huy/eval-wir/srbenchmarks/BSD100/LR-bicubic-matlab, x4)---- : 27.4245dB / 0.8168
26-01-14 14:17:39.472 : --36 --> BSRGAN --> x4--> 19021.png
26-01-14 14:17:39.545 : ----PSNR/SSIM for (/root/media/quoc-huy/eval-wir/srbenchmarks/BSD100/LR-bicubic-matlab, x4)---- : 22.7073dB / 0.6248
26-01-14 14:17:39.545 : --37 --> BSRGAN --> x4--> 196073.png
26-01-14 14:17:39.618 : ----PSNR/SSIM for (/root/media/quoc-huy/eval-wir/srbenchmarks/BSD100/LR-bicubic-matlab, x4)---- : 26.0699dB / 0.3968
26-01-14 14:17:39.618 : --38 --> BSRGAN --> x4--> 197017.png
26-01-14 14:17:39.692 : ----PSNR/SSIM for (/root/media/quoc-huy/eval-wir/srbenchmarks/BSD100/LR-bicubic-matlab, x4)---- : 25.4110dB / 0.6280
26-01-14 14:17:39.693 : --39 --> BSRGAN --> x4--> 208001.png
26-01-14 14:17:39.768 : ----PSNR/SSIM for (/root/media/quoc-huy/eval-wir/srbenchmarks/BSD100/LR-bicubic-matlab, x4)---- : 24.1918dB / 0.5921
26-01-14 14:17:39.768 : --40 --> BSRGAN --> x4--> 210088.png
26-01-14 14:17:39.843 : ----PSNR/SSIM for (/root/media/quoc-huy/eval-wir/srbenchmarks/BSD100/LR-bicubic-matlab, x4)---- : 28.6829dB / 0.8671
26-01-14 14:17:39.843 : --41 --> BSRGAN --> x4--> 21077.png
26-01-14 14:17:39.918 : ----PSNR/SSIM for (/root/media/quoc-huy/eval-wir/srbenchmarks/BSD100/LR-bicubic-matlab, x4)---- : 19.6767dB / 0.5610
26-01-14 14:17:39.918 : --42 --> BSRGAN --> x4--> 216081.png
26-01-14 14:17:39.993 : ----PSNR/SSIM for (/root/media/quoc-huy/eval-wir/srbenchmarks/BSD100/LR-bicubic-matlab, x4)---- : 21.9240dB / 0.5722
26-01-14 14:17:39.993 : --43 --> BSRGAN --> x4--> 219090.png
26-01-14 14:17:40.067 : ----PSNR/SSIM for (/root/media/quoc-huy/eval-wir/srbenchmarks/BSD100/LR-bicubic-matlab, x4)---- : 23.6012dB / 0.6702
26-01-14 14:17:40.067 : --44 --> BSRGAN --> x4--> 220075.png
26-01-14 14:17:40.142 : ----PSNR/SSIM for (/root/media/quoc-huy/eval-wir/srbenchmarks/BSD100/LR-bicubic-matlab, x4)---- : 20.8399dB / 0.7277
26-01-14 14:17:40.142 : --45 --> BSRGAN --> x4--> 223061.png
26-01-14 14:17:40.216 : ----PSNR/SSIM for (/root/media/quoc-huy/eval-wir/srbenchmarks/BSD100/LR-bicubic-matlab, x4)---- : 21.4628dB / 0.5800
26-01-14 14:17:40.216 : --46 --> BSRGAN --> x4--> 227092.png
26-01-14 14:17:40.290 : ----PSNR/SSIM for (/root/media/quoc-huy/eval-wir/srbenchmarks/BSD100/LR-bicubic-matlab, x4)---- : 30.6204dB / 0.7931
26-01-14 14:17:40.290 : --47 --> BSRGAN --> x4--> 229036.png
26-01-14 14:17:40.365 : ----PSNR/SSIM for (/root/media/quoc-huy/eval-wir/srbenchmarks/BSD100/LR-bicubic-matlab, x4)---- : 18.8343dB / 0.4344
26-01-14 14:17:40.365 : --48 --> BSRGAN --> x4--> 236037.png
26-01-14 14:17:40.438 : ----PSNR/SSIM for (/root/media/quoc-huy/eval-wir/srbenchmarks/BSD100/LR-bicubic-matlab, x4)---- : 22.0733dB / 0.4724
26-01-14 14:17:40.438 : --49 --> BSRGAN --> x4--> 24077.png
26-01-14 14:17:40.513 : ----PSNR/SSIM for (/root/media/quoc-huy/eval-wir/srbenchmarks/BSD100/LR-bicubic-matlab, x4)---- : 16.1804dB / 0.5975
26-01-14 14:17:40.513 : --50 --> BSRGAN --> x4--> 241004.png
26-01-14 14:17:40.586 : ----PSNR/SSIM for (/root/media/quoc-huy/eval-wir/srbenchmarks/BSD100/LR-bicubic-matlab, x4)---- : 26.6489dB / 0.7361
26-01-14 14:17:40.586 : --51 --> BSRGAN --> x4--> 241048.png
26-01-14 14:17:40.660 : ----PSNR/SSIM for (/root/media/quoc-huy/eval-wir/srbenchmarks/BSD100/LR-bicubic-matlab, x4)---- : 21.2081dB / 0.4681
26-01-14 14:17:40.660 : --52 --> BSRGAN --> x4--> 253027.png
26-01-14 14:17:40.734 : ----PSNR/SSIM for (/root/media/quoc-huy/eval-wir/srbenchmarks/BSD100/LR-bicubic-matlab, x4)---- : 19.5451dB / 0.5753
26-01-14 14:17:40.734 : --53 --> BSRGAN --> x4--> 253055.png
26-01-14 14:17:40.807 : ----PSNR/SSIM for (/root/media/quoc-huy/eval-wir/srbenchmarks/BSD100/LR-bicubic-matlab, x4)---- : 29.0349dB / 0.7662
26-01-14 14:17:40.807 : --54 --> BSRGAN --> x4--> 260058.png
26-01-14 14:17:40.881 : ----PSNR/SSIM for (/root/media/quoc-huy/eval-wir/srbenchmarks/BSD100/LR-bicubic-matlab, x4)---- : 28.3886dB / 0.6779
26-01-14 14:17:40.881 : --55 --> BSRGAN --> x4--> 271035.png
26-01-14 14:17:40.957 : ----PSNR/SSIM for (/root/media/quoc-huy/eval-wir/srbenchmarks/BSD100/LR-bicubic-matlab, x4)---- : 23.8382dB / 0.6450
26-01-14 14:17:40.957 : --56 --> BSRGAN --> x4--> 285079.png
26-01-14 14:17:41.031 : ----PSNR/SSIM for (/root/media/quoc-huy/eval-wir/srbenchmarks/BSD100/LR-bicubic-matlab, x4)---- : 20.3126dB / 0.4982
26-01-14 14:17:41.032 : --57 --> BSRGAN --> x4--> 291000.png
26-01-14 14:17:41.105 : ----PSNR/SSIM for (/root/media/quoc-huy/eval-wir/srbenchmarks/BSD100/LR-bicubic-matlab, x4)---- : 18.7872dB / 0.2583
26-01-14 14:17:41.105 : --58 --> BSRGAN --> x4--> 295087.png
26-01-14 14:17:41.178 : ----PSNR/SSIM for (/root/media/quoc-huy/eval-wir/srbenchmarks/BSD100/LR-bicubic-matlab, x4)---- : 24.7027dB / 0.6325
26-01-14 14:17:41.178 : --59 --> BSRGAN --> x4--> 296007.png
26-01-14 14:17:41.252 : ----PSNR/SSIM for (/root/media/quoc-huy/eval-wir/srbenchmarks/BSD100/LR-bicubic-matlab, x4)---- : 28.8855dB / 0.6986
26-01-14 14:17:41.252 : --60 --> BSRGAN --> x4--> 296059.png
26-01-14 14:17:41.325 : ----PSNR/SSIM for (/root/media/quoc-huy/eval-wir/srbenchmarks/BSD100/LR-bicubic-matlab, x4)---- : 28.2719dB / 0.7084
26-01-14 14:17:41.325 : --61 --> BSRGAN --> x4--> 299086.png
26-01-14 14:17:41.400 : ----PSNR/SSIM for (/root/media/quoc-huy/eval-wir/srbenchmarks/BSD100/LR-bicubic-matlab, x4)---- : 28.6213dB / 0.7335
26-01-14 14:17:41.400 : --62 --> BSRGAN --> x4--> 300091.png
26-01-14 14:17:41.474 : ----PSNR/SSIM for (/root/media/quoc-huy/eval-wir/srbenchmarks/BSD100/LR-bicubic-matlab, x4)---- : 24.2012dB / 0.6864
26-01-14 14:17:41.475 : --63 --> BSRGAN --> x4--> 302008.png
26-01-14 14:17:41.549 : ----PSNR/SSIM for (/root/media/quoc-huy/eval-wir/srbenchmarks/BSD100/LR-bicubic-matlab, x4)---- : 25.2007dB / 0.8223
26-01-14 14:17:41.549 : --64 --> BSRGAN --> x4--> 304034.png
26-01-14 14:17:41.624 : ----PSNR/SSIM for (/root/media/quoc-huy/eval-wir/srbenchmarks/BSD100/LR-bicubic-matlab, x4)---- : 21.0298dB / 0.4890
26-01-14 14:17:41.624 : --65 --> BSRGAN --> x4--> 304074.png
26-01-14 14:17:41.698 : ----PSNR/SSIM for (/root/media/quoc-huy/eval-wir/srbenchmarks/BSD100/LR-bicubic-matlab, x4)---- : 22.9128dB / 0.4835
26-01-14 14:17:41.698 : --66 --> BSRGAN --> x4--> 306005.png
26-01-14 14:17:41.772 : ----PSNR/SSIM for (/root/media/quoc-huy/eval-wir/srbenchmarks/BSD100/LR-bicubic-matlab, x4)---- : 23.1328dB / 0.6166
26-01-14 14:17:41.772 : --67 --> BSRGAN --> x4--> 3096.png
26-01-14 14:17:41.846 : ----PSNR/SSIM for (/root/media/quoc-huy/eval-wir/srbenchmarks/BSD100/LR-bicubic-matlab, x4)---- : 33.8971dB / 0.9557
26-01-14 14:17:41.846 : --68 --> BSRGAN --> x4--> 33039.png
26-01-14 14:17:41.920 : ----PSNR/SSIM for (/root/media/quoc-huy/eval-wir/srbenchmarks/BSD100/LR-bicubic-matlab, x4)---- : 18.0234dB / 0.4378
26-01-14 14:17:41.921 : --69 --> BSRGAN --> x4--> 351093.png
26-01-14 14:17:41.993 : ----PSNR/SSIM for (/root/media/quoc-huy/eval-wir/srbenchmarks/BSD100/LR-bicubic-matlab, x4)---- : 17.7920dB / 0.4790
26-01-14 14:17:41.994 : --70 --> BSRGAN --> x4--> 361010.png
26-01-14 14:17:42.068 : ----PSNR/SSIM for (/root/media/quoc-huy/eval-wir/srbenchmarks/BSD100/LR-bicubic-matlab, x4)---- : 21.9057dB / 0.6661
26-01-14 14:17:42.068 : --71 --> BSRGAN --> x4--> 37073.png
26-01-14 14:17:42.142 : ----PSNR/SSIM for (/root/media/quoc-huy/eval-wir/srbenchmarks/BSD100/LR-bicubic-matlab, x4)---- : 27.1494dB / 0.7243
26-01-14 14:17:42.142 : --72 --> BSRGAN --> x4--> 376043.png
26-01-14 14:17:42.217 : ----PSNR/SSIM for (/root/media/quoc-huy/eval-wir/srbenchmarks/BSD100/LR-bicubic-matlab, x4)---- : 21.8899dB / 0.4232
26-01-14 14:17:42.217 : --73 --> BSRGAN --> x4--> 38082.png
26-01-14 14:17:42.290 : ----PSNR/SSIM for (/root/media/quoc-huy/eval-wir/srbenchmarks/BSD100/LR-bicubic-matlab, x4)---- : 24.2302dB / 0.4548
26-01-14 14:17:42.290 : --74 --> BSRGAN --> x4--> 38092.png
26-01-14 14:17:42.364 : ----PSNR/SSIM for (/root/media/quoc-huy/eval-wir/srbenchmarks/BSD100/LR-bicubic-matlab, x4)---- : 22.9141dB / 0.5865
26-01-14 14:17:42.364 : --75 --> BSRGAN --> x4--> 385039.png
26-01-14 14:17:42.438 : ----PSNR/SSIM for (/root/media/quoc-huy/eval-wir/srbenchmarks/BSD100/LR-bicubic-matlab, x4)---- : 21.4350dB / 0.5990
26-01-14 14:17:42.438 : --76 --> BSRGAN --> x4--> 41033.png
26-01-14 14:17:42.513 : ----PSNR/SSIM for (/root/media/quoc-huy/eval-wir/srbenchmarks/BSD100/LR-bicubic-matlab, x4)---- : 27.1387dB / 0.6649
26-01-14 14:17:42.513 : --77 --> BSRGAN --> x4--> 41069.png
26-01-14 14:17:42.586 : ----PSNR/SSIM for (/root/media/quoc-huy/eval-wir/srbenchmarks/BSD100/LR-bicubic-matlab, x4)---- : 21.2822dB / 0.3377
26-01-14 14:17:42.586 : --78 --> BSRGAN --> x4--> 42012.png
26-01-14 14:17:42.662 : ----PSNR/SSIM for (/root/media/quoc-huy/eval-wir/srbenchmarks/BSD100/LR-bicubic-matlab, x4)---- : 26.2285dB / 0.7083
26-01-14 14:17:42.662 : --79 --> BSRGAN --> x4--> 42049.png
26-01-14 14:17:42.736 : ----PSNR/SSIM for (/root/media/quoc-huy/eval-wir/srbenchmarks/BSD100/LR-bicubic-matlab, x4)---- : 27.4933dB / 0.9121
26-01-14 14:17:42.736 : --80 --> BSRGAN --> x4--> 43074.png
26-01-14 14:17:42.810 : ----PSNR/SSIM for (/root/media/quoc-huy/eval-wir/srbenchmarks/BSD100/LR-bicubic-matlab, x4)---- : 27.1793dB / 0.7386
26-01-14 14:17:42.810 : --81 --> BSRGAN --> x4--> 45096.png
26-01-14 14:17:42.883 : ----PSNR/SSIM for (/root/media/quoc-huy/eval-wir/srbenchmarks/BSD100/LR-bicubic-matlab, x4)---- : 30.6167dB / 0.8777
26-01-14 14:17:42.883 : --82 --> BSRGAN --> x4--> 54082.png
26-01-14 14:17:42.957 : ----PSNR/SSIM for (/root/media/quoc-huy/eval-wir/srbenchmarks/BSD100/LR-bicubic-matlab, x4)---- : 25.9431dB / 0.6347
26-01-14 14:17:42.958 : --83 --> BSRGAN --> x4--> 55073.png
26-01-14 14:17:43.033 : ----PSNR/SSIM for (/root/media/quoc-huy/eval-wir/srbenchmarks/BSD100/LR-bicubic-matlab, x4)---- : 19.3360dB / 0.3822
26-01-14 14:17:43.033 : --84 --> BSRGAN --> x4--> 58060.png
26-01-14 14:17:43.106 : ----PSNR/SSIM for (/root/media/quoc-huy/eval-wir/srbenchmarks/BSD100/LR-bicubic-matlab, x4)---- : 18.9161dB / 0.4956
26-01-14 14:17:43.106 : --85 --> BSRGAN --> x4--> 62096.png
26-01-14 14:17:43.180 : ----PSNR/SSIM for (/root/media/quoc-huy/eval-wir/srbenchmarks/BSD100/LR-bicubic-matlab, x4)---- : 18.1023dB / 0.5731
26-01-14 14:17:43.180 : --86 --> BSRGAN --> x4--> 65033.png
26-01-14 14:17:43.253 : ----PSNR/SSIM for (/root/media/quoc-huy/eval-wir/srbenchmarks/BSD100/LR-bicubic-matlab, x4)---- : 21.2382dB / 0.4278
26-01-14 14:17:43.253 : --87 --> BSRGAN --> x4--> 66053.png
26-01-14 14:17:43.328 : ----PSNR/SSIM for (/root/media/quoc-huy/eval-wir/srbenchmarks/BSD100/LR-bicubic-matlab, x4)---- : 24.4268dB / 0.5755
26-01-14 14:17:43.328 : --88 --> BSRGAN --> x4--> 69015.png
26-01-14 14:17:43.403 : ----PSNR/SSIM for (/root/media/quoc-huy/eval-wir/srbenchmarks/BSD100/LR-bicubic-matlab, x4)---- : 26.4924dB / 0.6565
26-01-14 14:17:43.403 : --89 --> BSRGAN --> x4--> 69020.png
26-01-14 14:17:43.477 : ----PSNR/SSIM for (/root/media/quoc-huy/eval-wir/srbenchmarks/BSD100/LR-bicubic-matlab, x4)---- : 24.4474dB / 0.4236
26-01-14 14:17:43.477 : --90 --> BSRGAN --> x4--> 69040.png
26-01-14 14:17:43.551 : ----PSNR/SSIM for (/root/media/quoc-huy/eval-wir/srbenchmarks/BSD100/LR-bicubic-matlab, x4)---- : 22.3339dB / 0.4975
26-01-14 14:17:43.551 : --91 --> BSRGAN --> x4--> 76053.png
26-01-14 14:17:43.626 : ----PSNR/SSIM for (/root/media/quoc-huy/eval-wir/srbenchmarks/BSD100/LR-bicubic-matlab, x4)---- : 25.8023dB / 0.5774
26-01-14 14:17:43.626 : --92 --> BSRGAN --> x4--> 78004.png
26-01-14 14:17:43.708 : ----PSNR/SSIM for (/root/media/quoc-huy/eval-wir/srbenchmarks/BSD100/LR-bicubic-matlab, x4)---- : 23.4439dB / 0.6409
26-01-14 14:17:43.708 : --93 --> BSRGAN --> x4--> 8023.png
26-01-14 14:17:43.783 : ----PSNR/SSIM for (/root/media/quoc-huy/eval-wir/srbenchmarks/BSD100/LR-bicubic-matlab, x4)---- : 26.3256dB / 0.7375
26-01-14 14:17:43.783 : --94 --> BSRGAN --> x4--> 85048.png
26-01-14 14:17:43.858 : ----PSNR/SSIM for (/root/media/quoc-huy/eval-wir/srbenchmarks/BSD100/LR-bicubic-matlab, x4)---- : 19.5234dB / 0.4787
26-01-14 14:17:43.858 : --95 --> BSRGAN --> x4--> 86000.png
26-01-14 14:17:43.933 : ----PSNR/SSIM for (/root/media/quoc-huy/eval-wir/srbenchmarks/BSD100/LR-bicubic-matlab, x4)---- : 22.6698dB / 0.6864
26-01-14 14:17:43.933 : --96 --> BSRGAN --> x4--> 86016.png
26-01-14 14:17:44.008 : ----PSNR/SSIM for (/root/media/quoc-huy/eval-wir/srbenchmarks/BSD100/LR-bicubic-matlab, x4)---- : 19.7975dB / 0.2011
26-01-14 14:17:44.008 : --97 --> BSRGAN --> x4--> 86068.png
26-01-14 14:17:44.082 : ----PSNR/SSIM for (/root/media/quoc-huy/eval-wir/srbenchmarks/BSD100/LR-bicubic-matlab, x4)---- : 24.6578dB / 0.4374
26-01-14 14:17:44.082 : --98 --> BSRGAN --> x4--> 87046.png
26-01-14 14:17:44.157 : ----PSNR/SSIM for (/root/media/quoc-huy/eval-wir/srbenchmarks/BSD100/LR-bicubic-matlab, x4)---- : 21.3805dB / 0.6084
26-01-14 14:17:44.157 : --99 --> BSRGAN --> x4--> 89072.png
26-01-14 14:17:44.232 : ----PSNR/SSIM for (/root/media/quoc-huy/eval-wir/srbenchmarks/BSD100/LR-bicubic-matlab, x4)---- : 24.0802dB / 0.6288
26-01-14 14:17:44.232 : -100 --> BSRGAN --> x4--> 97033.png
26-01-14 14:17:44.306 : ----PSNR/SSIM for (/root/media/quoc-huy/eval-wir/srbenchmarks/BSD100/LR-bicubic-matlab, x4)---- : 19.7494dB / 0.5050
26-01-14 14:17:44.307 : ----Average PSNR/SSIM for (/root/media/quoc-huy/eval-wir/srbenchmarks/BSD100/LR-bicubic-matlab, x4)---- : 23.3883dB / 0.6065
26-01-14 14:17:44.307 :  
26-01-14 14:18:26.343 :       Model Name : BSRGAN
26-01-14 14:18:26.807 :       Input Path : /root/media/quoc-huy/eval-wir/srbenchmarks/Urban100/LR-bicubic-matlab
26-01-14 14:18:26.807 :      Output Path : /root/quoc-huy/all-tested-results/BSRGAN/Urban100-bic-matlab
26-01-14 14:18:26.807 : ---1 --> BSRGAN --> x4--> img_001.png
26-01-14 14:18:27.219 : ----PSNR/SSIM for (/root/media/quoc-huy/eval-wir/srbenchmarks/Urban100/LR-bicubic-matlab, x4)---- : 22.1832dB / 0.6018
26-01-14 14:18:27.219 : ---2 --> BSRGAN --> x4--> img_002.png
26-01-14 14:18:27.579 : ----PSNR/SSIM for (/root/media/quoc-huy/eval-wir/srbenchmarks/Urban100/LR-bicubic-matlab, x4)---- : 21.6616dB / 0.6766
26-01-14 14:18:27.579 : ---3 --> BSRGAN --> x4--> img_003.png
26-01-14 14:18:27.896 : ----PSNR/SSIM for (/root/media/quoc-huy/eval-wir/srbenchmarks/Urban100/LR-bicubic-matlab, x4)---- : 20.9632dB / 0.5622
26-01-14 14:18:27.896 : ---4 --> BSRGAN --> x4--> img_004.png
26-01-14 14:18:28.211 : ----PSNR/SSIM for (/root/media/quoc-huy/eval-wir/srbenchmarks/Urban100/LR-bicubic-matlab, x4)---- : 14.7383dB / 0.4732
26-01-14 14:18:28.212 : ---5 --> BSRGAN --> x4--> img_005.png
26-01-14 14:18:28.569 : ----PSNR/SSIM for (/root/media/quoc-huy/eval-wir/srbenchmarks/Urban100/LR-bicubic-matlab, x4)---- : 17.0840dB / 0.6608
26-01-14 14:18:28.569 : ---6 --> BSRGAN --> x4--> img_006.png
26-01-14 14:18:29.043 : ----PSNR/SSIM for (/root/media/quoc-huy/eval-wir/srbenchmarks/Urban100/LR-bicubic-matlab, x4)---- : 17.5030dB / 0.3858
26-01-14 14:18:29.043 : ---7 --> BSRGAN --> x4--> img_007.png
26-01-14 14:18:29.356 : ----PSNR/SSIM for (/root/media/quoc-huy/eval-wir/srbenchmarks/Urban100/LR-bicubic-matlab, x4)---- : 22.6087dB / 0.7056
26-01-14 14:18:29.356 : ---8 --> BSRGAN --> x4--> img_008.png
26-01-14 14:18:29.626 : ----PSNR/SSIM for (/root/media/quoc-huy/eval-wir/srbenchmarks/Urban100/LR-bicubic-matlab, x4)---- : 17.8773dB / 0.4844
26-01-14 14:18:29.627 : ---9 --> BSRGAN --> x4--> img_009.png
26-01-14 14:18:29.998 : ----PSNR/SSIM for (/root/media/quoc-huy/eval-wir/srbenchmarks/Urban100/LR-bicubic-matlab, x4)---- : 28.8091dB / 0.8566
26-01-14 14:18:29.998 : --10 --> BSRGAN --> x4--> img_010.png
26-01-14 14:18:30.377 : ----PSNR/SSIM for (/root/media/quoc-huy/eval-wir/srbenchmarks/Urban100/LR-bicubic-matlab, x4)---- : 23.5048dB / 0.8023
26-01-14 14:18:30.377 : --11 --> BSRGAN --> x4--> img_011.png
26-01-14 14:18:30.640 : ----PSNR/SSIM for (/root/media/quoc-huy/eval-wir/srbenchmarks/Urban100/LR-bicubic-matlab, x4)---- : 9.8305dB / 0.4251
26-01-14 14:18:30.640 : --12 --> BSRGAN --> x4--> img_012.png
26-01-14 14:18:30.998 : ----PSNR/SSIM for (/root/media/quoc-huy/eval-wir/srbenchmarks/Urban100/LR-bicubic-matlab, x4)---- : 19.8561dB / 0.5728
26-01-14 14:18:30.998 : --13 --> BSRGAN --> x4--> img_013.png
26-01-14 14:18:31.355 : ----PSNR/SSIM for (/root/media/quoc-huy/eval-wir/srbenchmarks/Urban100/LR-bicubic-matlab, x4)---- : 23.5664dB / 0.6926
26-01-14 14:18:31.355 : --14 --> BSRGAN --> x4--> img_014.png
26-01-14 14:18:31.830 : ----PSNR/SSIM for (/root/media/quoc-huy/eval-wir/srbenchmarks/Urban100/LR-bicubic-matlab, x4)---- : 19.8864dB / 0.6002
26-01-14 14:18:31.830 : --15 --> BSRGAN --> x4--> img_015.png
26-01-14 14:18:32.190 : ----PSNR/SSIM for (/root/media/quoc-huy/eval-wir/srbenchmarks/Urban100/LR-bicubic-matlab, x4)---- : 20.2949dB / 0.5719
26-01-14 14:18:32.191 : --16 --> BSRGAN --> x4--> img_016.png
26-01-14 14:18:32.646 : ----PSNR/SSIM for (/root/media/quoc-huy/eval-wir/srbenchmarks/Urban100/LR-bicubic-matlab, x4)---- : 20.4425dB / 0.8116
26-01-14 14:18:32.646 : --17 --> BSRGAN --> x4--> img_017.png
26-01-14 14:18:32.966 : ----PSNR/SSIM for (/root/media/quoc-huy/eval-wir/srbenchmarks/Urban100/LR-bicubic-matlab, x4)---- : 21.0725dB / 0.6920
26-01-14 14:18:32.966 : --18 --> BSRGAN --> x4--> img_018.png
26-01-14 14:18:33.325 : ----PSNR/SSIM for (/root/media/quoc-huy/eval-wir/srbenchmarks/Urban100/LR-bicubic-matlab, x4)---- : 19.2311dB / 0.4634
26-01-14 14:18:33.325 : --19 --> BSRGAN --> x4--> img_019.png
26-01-14 14:18:33.635 : ----PSNR/SSIM for (/root/media/quoc-huy/eval-wir/srbenchmarks/Urban100/LR-bicubic-matlab, x4)---- : 15.5649dB / 0.5423
26-01-14 14:18:33.635 : --20 --> BSRGAN --> x4--> img_020.png
26-01-14 14:18:34.189 : ----PSNR/SSIM for (/root/media/quoc-huy/eval-wir/srbenchmarks/Urban100/LR-bicubic-matlab, x4)---- : 18.5701dB / 0.5745
26-01-14 14:18:34.189 : --21 --> BSRGAN --> x4--> img_021.png
26-01-14 14:18:34.621 : ----PSNR/SSIM for (/root/media/quoc-huy/eval-wir/srbenchmarks/Urban100/LR-bicubic-matlab, x4)---- : 25.2467dB / 0.6743
26-01-14 14:18:34.621 : --22 --> BSRGAN --> x4--> img_022.png
26-01-14 14:18:34.936 : ----PSNR/SSIM for (/root/media/quoc-huy/eval-wir/srbenchmarks/Urban100/LR-bicubic-matlab, x4)---- : 23.3587dB / 0.6820
26-01-14 14:18:34.936 : --23 --> BSRGAN --> x4--> img_023.png
26-01-14 14:18:35.403 : ----PSNR/SSIM for (/root/media/quoc-huy/eval-wir/srbenchmarks/Urban100/LR-bicubic-matlab, x4)---- : 21.6314dB / 0.7123
26-01-14 14:18:35.403 : --24 --> BSRGAN --> x4--> img_024.png
26-01-14 14:18:35.711 : ----PSNR/SSIM for (/root/media/quoc-huy/eval-wir/srbenchmarks/Urban100/LR-bicubic-matlab, x4)---- : 14.4236dB / 0.4747
26-01-14 14:18:35.711 : --25 --> BSRGAN --> x4--> img_025.png
26-01-14 14:18:36.046 : ----PSNR/SSIM for (/root/media/quoc-huy/eval-wir/srbenchmarks/Urban100/LR-bicubic-matlab, x4)---- : 26.9376dB / 0.8019
26-01-14 14:18:36.046 : --26 --> BSRGAN --> x4--> img_026.png
26-01-14 14:18:36.406 : ----PSNR/SSIM for (/root/media/quoc-huy/eval-wir/srbenchmarks/Urban100/LR-bicubic-matlab, x4)---- : 25.3400dB / 0.6224
26-01-14 14:18:36.406 : --27 --> BSRGAN --> x4--> img_027.png
26-01-14 14:18:36.793 : ----PSNR/SSIM for (/root/media/quoc-huy/eval-wir/srbenchmarks/Urban100/LR-bicubic-matlab, x4)---- : 25.4739dB / 0.7153
26-01-14 14:18:36.794 : --28 --> BSRGAN --> x4--> img_028.png
26-01-14 14:18:37.100 : ----PSNR/SSIM for (/root/media/quoc-huy/eval-wir/srbenchmarks/Urban100/LR-bicubic-matlab, x4)---- : 26.3093dB / 0.8126
26-01-14 14:18:37.100 : --29 --> BSRGAN --> x4--> img_029.png
26-01-14 14:18:37.417 : ----PSNR/SSIM for (/root/media/quoc-huy/eval-wir/srbenchmarks/Urban100/LR-bicubic-matlab, x4)---- : 19.3003dB / 0.6651
26-01-14 14:18:37.417 : --30 --> BSRGAN --> x4--> img_030.png
26-01-14 14:18:37.736 : ----PSNR/SSIM for (/root/media/quoc-huy/eval-wir/srbenchmarks/Urban100/LR-bicubic-matlab, x4)---- : 16.5606dB / 0.5510
26-01-14 14:18:37.736 : --31 --> BSRGAN --> x4--> img_031.png
26-01-14 14:18:38.046 : ----PSNR/SSIM for (/root/media/quoc-huy/eval-wir/srbenchmarks/Urban100/LR-bicubic-matlab, x4)---- : 19.9948dB / 0.6047
26-01-14 14:18:38.046 : --32 --> BSRGAN --> x4--> img_032.png
26-01-14 14:18:38.358 : ----PSNR/SSIM for (/root/media/quoc-huy/eval-wir/srbenchmarks/Urban100/LR-bicubic-matlab, x4)---- : 24.7717dB / 0.7443
26-01-14 14:18:38.358 : --33 --> BSRGAN --> x4--> img_033.png
26-01-14 14:18:38.673 : ----PSNR/SSIM for (/root/media/quoc-huy/eval-wir/srbenchmarks/Urban100/LR-bicubic-matlab, x4)---- : 23.4561dB / 0.6764
26-01-14 14:18:38.673 : --34 --> BSRGAN --> x4--> img_034.png
26-01-14 14:18:38.987 : ----PSNR/SSIM for (/root/media/quoc-huy/eval-wir/srbenchmarks/Urban100/LR-bicubic-matlab, x4)---- : 18.7745dB / 0.4066
26-01-14 14:18:38.987 : --35 --> BSRGAN --> x4--> img_035.png
26-01-14 14:18:39.305 : ----PSNR/SSIM for (/root/media/quoc-huy/eval-wir/srbenchmarks/Urban100/LR-bicubic-matlab, x4)---- : 14.7417dB / 0.7148
26-01-14 14:18:39.305 : --36 --> BSRGAN --> x4--> img_036.png
26-01-14 14:18:39.627 : ----PSNR/SSIM for (/root/media/quoc-huy/eval-wir/srbenchmarks/Urban100/LR-bicubic-matlab, x4)---- : 25.0421dB / 0.8063
26-01-14 14:18:39.627 : --37 --> BSRGAN --> x4--> img_037.png
26-01-14 14:18:39.987 : ----PSNR/SSIM for (/root/media/quoc-huy/eval-wir/srbenchmarks/Urban100/LR-bicubic-matlab, x4)---- : 21.1228dB / 0.6223
26-01-14 14:18:39.987 : --38 --> BSRGAN --> x4--> img_038.png
26-01-14 14:18:40.348 : ----PSNR/SSIM for (/root/media/quoc-huy/eval-wir/srbenchmarks/Urban100/LR-bicubic-matlab, x4)---- : 21.1357dB / 0.4997
26-01-14 14:18:40.348 : --39 --> BSRGAN --> x4--> img_039.png
26-01-14 14:18:40.711 : ----PSNR/SSIM for (/root/media/quoc-huy/eval-wir/srbenchmarks/Urban100/LR-bicubic-matlab, x4)---- : 19.3942dB / 0.6100
26-01-14 14:18:40.711 : --40 --> BSRGAN --> x4--> img_040.png
26-01-14 14:18:40.981 : ----PSNR/SSIM for (/root/media/quoc-huy/eval-wir/srbenchmarks/Urban100/LR-bicubic-matlab, x4)---- : 19.6911dB / 0.7728
26-01-14 14:18:40.981 : --41 --> BSRGAN --> x4--> img_041.png
26-01-14 14:18:41.296 : ----PSNR/SSIM for (/root/media/quoc-huy/eval-wir/srbenchmarks/Urban100/LR-bicubic-matlab, x4)---- : 18.4967dB / 0.6498
26-01-14 14:18:41.296 : --42 --> BSRGAN --> x4--> img_042.png
26-01-14 14:18:41.608 : ----PSNR/SSIM for (/root/media/quoc-huy/eval-wir/srbenchmarks/Urban100/LR-bicubic-matlab, x4)---- : 23.5319dB / 0.7828
26-01-14 14:18:41.609 : --43 --> BSRGAN --> x4--> img_043.png
26-01-14 14:18:41.916 : ----PSNR/SSIM for (/root/media/quoc-huy/eval-wir/srbenchmarks/Urban100/LR-bicubic-matlab, x4)---- : 13.1479dB / 0.4404
26-01-14 14:18:41.916 : --44 --> BSRGAN --> x4--> img_044.png
26-01-14 14:18:42.234 : ----PSNR/SSIM for (/root/media/quoc-huy/eval-wir/srbenchmarks/Urban100/LR-bicubic-matlab, x4)---- : 24.0054dB / 0.7224
26-01-14 14:18:42.234 : --45 --> BSRGAN --> x4--> img_045.png
26-01-14 14:18:42.590 : ----PSNR/SSIM for (/root/media/quoc-huy/eval-wir/srbenchmarks/Urban100/LR-bicubic-matlab, x4)---- : 16.7029dB / 0.4201
26-01-14 14:18:42.591 : --46 --> BSRGAN --> x4--> img_046.png
26-01-14 14:18:42.912 : ----PSNR/SSIM for (/root/media/quoc-huy/eval-wir/srbenchmarks/Urban100/LR-bicubic-matlab, x4)---- : 21.1090dB / 0.6819
26-01-14 14:18:42.913 : --47 --> BSRGAN --> x4--> img_047.png
26-01-14 14:18:43.200 : ----PSNR/SSIM for (/root/media/quoc-huy/eval-wir/srbenchmarks/Urban100/LR-bicubic-matlab, x4)---- : 18.2621dB / 0.6223
26-01-14 14:18:43.200 : --48 --> BSRGAN --> x4--> img_048.png
26-01-14 14:18:43.516 : ----PSNR/SSIM for (/root/media/quoc-huy/eval-wir/srbenchmarks/Urban100/LR-bicubic-matlab, x4)---- : 16.4110dB / 0.6517
26-01-14 14:18:43.516 : --49 --> BSRGAN --> x4--> img_049.png
26-01-14 14:18:43.842 : ----PSNR/SSIM for (/root/media/quoc-huy/eval-wir/srbenchmarks/Urban100/LR-bicubic-matlab, x4)---- : 16.0394dB / 0.4609
26-01-14 14:18:43.842 : --50 --> BSRGAN --> x4--> img_050.png
26-01-14 14:18:44.156 : ----PSNR/SSIM for (/root/media/quoc-huy/eval-wir/srbenchmarks/Urban100/LR-bicubic-matlab, x4)---- : 21.9345dB / 0.6473
26-01-14 14:18:44.156 : --51 --> BSRGAN --> x4--> img_051.png
26-01-14 14:18:44.473 : ----PSNR/SSIM for (/root/media/quoc-huy/eval-wir/srbenchmarks/Urban100/LR-bicubic-matlab, x4)---- : 22.8787dB / 0.7212
26-01-14 14:18:44.473 : --52 --> BSRGAN --> x4--> img_052.png
26-01-14 14:18:44.792 : ----PSNR/SSIM for (/root/media/quoc-huy/eval-wir/srbenchmarks/Urban100/LR-bicubic-matlab, x4)---- : 21.8499dB / 0.8106
26-01-14 14:18:44.792 : --53 --> BSRGAN --> x4--> img_053.png
26-01-14 14:18:45.100 : ----PSNR/SSIM for (/root/media/quoc-huy/eval-wir/srbenchmarks/Urban100/LR-bicubic-matlab, x4)---- : 16.8630dB / 0.5400
26-01-14 14:18:45.100 : --54 --> BSRGAN --> x4--> img_054.png
26-01-14 14:18:45.418 : ----PSNR/SSIM for (/root/media/quoc-huy/eval-wir/srbenchmarks/Urban100/LR-bicubic-matlab, x4)---- : 18.5950dB / 0.5537
26-01-14 14:18:45.419 : --55 --> BSRGAN --> x4--> img_055.png
26-01-14 14:18:45.783 : ----PSNR/SSIM for (/root/media/quoc-huy/eval-wir/srbenchmarks/Urban100/LR-bicubic-matlab, x4)---- : 26.5574dB / 0.8747
26-01-14 14:18:45.783 : --56 --> BSRGAN --> x4--> img_056.png
26-01-14 14:18:46.143 : ----PSNR/SSIM for (/root/media/quoc-huy/eval-wir/srbenchmarks/Urban100/LR-bicubic-matlab, x4)---- : 19.5653dB / 0.6071
26-01-14 14:18:46.144 : --57 --> BSRGAN --> x4--> img_057.png
26-01-14 14:18:46.473 : ----PSNR/SSIM for (/root/media/quoc-huy/eval-wir/srbenchmarks/Urban100/LR-bicubic-matlab, x4)---- : 21.5191dB / 0.7455
26-01-14 14:18:46.474 : --58 --> BSRGAN --> x4--> img_058.png
26-01-14 14:18:46.791 : ----PSNR/SSIM for (/root/media/quoc-huy/eval-wir/srbenchmarks/Urban100/LR-bicubic-matlab, x4)---- : 15.1550dB / 0.5963
26-01-14 14:18:46.791 : --59 --> BSRGAN --> x4--> img_059.png
26-01-14 14:18:47.099 : ----PSNR/SSIM for (/root/media/quoc-huy/eval-wir/srbenchmarks/Urban100/LR-bicubic-matlab, x4)---- : 19.5870dB / 0.6738
26-01-14 14:18:47.099 : --60 --> BSRGAN --> x4--> img_060.png
26-01-14 14:18:47.417 : ----PSNR/SSIM for (/root/media/quoc-huy/eval-wir/srbenchmarks/Urban100/LR-bicubic-matlab, x4)---- : 19.4723dB / 0.4421
26-01-14 14:18:47.417 : --61 --> BSRGAN --> x4--> img_061.png
26-01-14 14:18:47.731 : ----PSNR/SSIM for (/root/media/quoc-huy/eval-wir/srbenchmarks/Urban100/LR-bicubic-matlab, x4)---- : 20.0355dB / 0.5894
26-01-14 14:18:47.731 : --62 --> BSRGAN --> x4--> img_062.png
26-01-14 14:18:48.040 : ----PSNR/SSIM for (/root/media/quoc-huy/eval-wir/srbenchmarks/Urban100/LR-bicubic-matlab, x4)---- : 15.1632dB / 0.4565
26-01-14 14:18:48.040 : --63 --> BSRGAN --> x4--> img_063.png
26-01-14 14:18:48.485 : ----PSNR/SSIM for (/root/media/quoc-huy/eval-wir/srbenchmarks/Urban100/LR-bicubic-matlab, x4)---- : 18.1380dB / 0.4784
26-01-14 14:18:48.485 : --64 --> BSRGAN --> x4--> img_064.png
26-01-14 14:18:48.804 : ----PSNR/SSIM for (/root/media/quoc-huy/eval-wir/srbenchmarks/Urban100/LR-bicubic-matlab, x4)---- : 22.0539dB / 0.6199
26-01-14 14:18:48.804 : --65 --> BSRGAN --> x4--> img_065.png
26-01-14 14:18:49.121 : ----PSNR/SSIM for (/root/media/quoc-huy/eval-wir/srbenchmarks/Urban100/LR-bicubic-matlab, x4)---- : 22.0107dB / 0.5962
26-01-14 14:18:49.121 : --66 --> BSRGAN --> x4--> img_066.png
26-01-14 14:18:49.521 : ----PSNR/SSIM for (/root/media/quoc-huy/eval-wir/srbenchmarks/Urban100/LR-bicubic-matlab, x4)---- : 19.7285dB / 0.5329
26-01-14 14:18:49.522 : --67 --> BSRGAN --> x4--> img_067.png
26-01-14 14:18:49.837 : ----PSNR/SSIM for (/root/media/quoc-huy/eval-wir/srbenchmarks/Urban100/LR-bicubic-matlab, x4)---- : 12.9791dB / 0.5673
26-01-14 14:18:49.837 : --68 --> BSRGAN --> x4--> img_068.png
26-01-14 14:18:50.314 : ----PSNR/SSIM for (/root/media/quoc-huy/eval-wir/srbenchmarks/Urban100/LR-bicubic-matlab, x4)---- : 25.1550dB / 0.7288
26-01-14 14:18:50.314 : --69 --> BSRGAN --> x4--> img_069.png
26-01-14 14:18:50.762 : ----PSNR/SSIM for (/root/media/quoc-huy/eval-wir/srbenchmarks/Urban100/LR-bicubic-matlab, x4)---- : 21.1747dB / 0.6101
26-01-14 14:18:50.762 : --70 --> BSRGAN --> x4--> img_070.png
26-01-14 14:18:51.118 : ----PSNR/SSIM for (/root/media/quoc-huy/eval-wir/srbenchmarks/Urban100/LR-bicubic-matlab, x4)---- : 20.0844dB / 0.5158
26-01-14 14:18:51.119 : --71 --> BSRGAN --> x4--> img_071.png
26-01-14 14:18:51.479 : ----PSNR/SSIM for (/root/media/quoc-huy/eval-wir/srbenchmarks/Urban100/LR-bicubic-matlab, x4)---- : 25.3883dB / 0.5512
26-01-14 14:18:51.479 : --72 --> BSRGAN --> x4--> img_072.png
26-01-14 14:18:51.795 : ----PSNR/SSIM for (/root/media/quoc-huy/eval-wir/srbenchmarks/Urban100/LR-bicubic-matlab, x4)---- : 15.4078dB / 0.6751
26-01-14 14:18:51.795 : --73 --> BSRGAN --> x4--> img_073.png
26-01-14 14:18:52.160 : ----PSNR/SSIM for (/root/media/quoc-huy/eval-wir/srbenchmarks/Urban100/LR-bicubic-matlab, x4)---- : 17.1950dB / 0.3837
26-01-14 14:18:52.160 : --74 --> BSRGAN --> x4--> img_074.png
26-01-14 14:18:52.475 : ----PSNR/SSIM for (/root/media/quoc-huy/eval-wir/srbenchmarks/Urban100/LR-bicubic-matlab, x4)---- : 20.7327dB / 0.5918
26-01-14 14:18:52.476 : --75 --> BSRGAN --> x4--> img_075.png
26-01-14 14:18:52.795 : ----PSNR/SSIM for (/root/media/quoc-huy/eval-wir/srbenchmarks/Urban100/LR-bicubic-matlab, x4)---- : 26.4864dB / 0.7997
26-01-14 14:18:52.796 : --76 --> BSRGAN --> x4--> img_076.png
26-01-14 14:18:53.114 : ----PSNR/SSIM for (/root/media/quoc-huy/eval-wir/srbenchmarks/Urban100/LR-bicubic-matlab, x4)---- : 19.1966dB / 0.5539
26-01-14 14:18:53.114 : --77 --> BSRGAN --> x4--> img_077.png
26-01-14 14:18:53.431 : ----PSNR/SSIM for (/root/media/quoc-huy/eval-wir/srbenchmarks/Urban100/LR-bicubic-matlab, x4)---- : 19.9903dB / 0.5653
26-01-14 14:18:53.431 : --78 --> BSRGAN --> x4--> img_078.png
26-01-14 14:18:53.766 : ----PSNR/SSIM for (/root/media/quoc-huy/eval-wir/srbenchmarks/Urban100/LR-bicubic-matlab, x4)---- : 21.8681dB / 0.5775
26-01-14 14:18:53.766 : --79 --> BSRGAN --> x4--> img_079.png
26-01-14 14:18:54.127 : ----PSNR/SSIM for (/root/media/quoc-huy/eval-wir/srbenchmarks/Urban100/LR-bicubic-matlab, x4)---- : 22.0678dB / 0.5757
26-01-14 14:18:54.128 : --80 --> BSRGAN --> x4--> img_080.png
26-01-14 14:18:54.510 : ----PSNR/SSIM for (/root/media/quoc-huy/eval-wir/srbenchmarks/Urban100/LR-bicubic-matlab, x4)---- : 27.9672dB / 0.8762
26-01-14 14:18:54.510 : --81 --> BSRGAN --> x4--> img_081.png
26-01-14 14:18:54.982 : ----PSNR/SSIM for (/root/media/quoc-huy/eval-wir/srbenchmarks/Urban100/LR-bicubic-matlab, x4)---- : 18.8036dB / 0.6432
26-01-14 14:18:54.982 : --82 --> BSRGAN --> x4--> img_082.png
26-01-14 14:18:55.463 : ----PSNR/SSIM for (/root/media/quoc-huy/eval-wir/srbenchmarks/Urban100/LR-bicubic-matlab, x4)---- : 24.3254dB / 0.8219
26-01-14 14:18:55.463 : --83 --> BSRGAN --> x4--> img_083.png
26-01-14 14:18:55.944 : ----PSNR/SSIM for (/root/media/quoc-huy/eval-wir/srbenchmarks/Urban100/LR-bicubic-matlab, x4)---- : 18.7097dB / 0.5513
26-01-14 14:18:55.944 : --84 --> BSRGAN --> x4--> img_084.png
26-01-14 14:18:56.424 : ----PSNR/SSIM for (/root/media/quoc-huy/eval-wir/srbenchmarks/Urban100/LR-bicubic-matlab, x4)---- : 23.3069dB / 0.6592
26-01-14 14:18:56.424 : --85 --> BSRGAN --> x4--> img_085.png
26-01-14 14:18:56.738 : ----PSNR/SSIM for (/root/media/quoc-huy/eval-wir/srbenchmarks/Urban100/LR-bicubic-matlab, x4)---- : 23.6537dB / 0.8182
26-01-14 14:18:56.738 : --86 --> BSRGAN --> x4--> img_086.png
26-01-14 14:18:57.099 : ----PSNR/SSIM for (/root/media/quoc-huy/eval-wir/srbenchmarks/Urban100/LR-bicubic-matlab, x4)---- : 25.8953dB / 0.8009
26-01-14 14:18:57.099 : --87 --> BSRGAN --> x4--> img_087.png
26-01-14 14:18:57.584 : ----PSNR/SSIM for (/root/media/quoc-huy/eval-wir/srbenchmarks/Urban100/LR-bicubic-matlab, x4)---- : 21.7324dB / 0.7490
26-01-14 14:18:57.584 : --88 --> BSRGAN --> x4--> img_088.png
26-01-14 14:18:57.895 : ----PSNR/SSIM for (/root/media/quoc-huy/eval-wir/srbenchmarks/Urban100/LR-bicubic-matlab, x4)---- : 16.6794dB / 0.3862
26-01-14 14:18:57.895 : --89 --> BSRGAN --> x4--> img_089.png
26-01-14 14:18:58.260 : ----PSNR/SSIM for (/root/media/quoc-huy/eval-wir/srbenchmarks/Urban100/LR-bicubic-matlab, x4)---- : 22.8782dB / 0.5877
26-01-14 14:18:58.260 : --90 --> BSRGAN --> x4--> img_090.png
26-01-14 14:18:58.575 : ----PSNR/SSIM for (/root/media/quoc-huy/eval-wir/srbenchmarks/Urban100/LR-bicubic-matlab, x4)---- : 22.9778dB / 0.8648
26-01-14 14:18:58.575 : --91 --> BSRGAN --> x4--> img_091.png
26-01-14 14:18:58.890 : ----PSNR/SSIM for (/root/media/quoc-huy/eval-wir/srbenchmarks/Urban100/LR-bicubic-matlab, x4)---- : 19.9084dB / 0.4868
26-01-14 14:18:58.890 : --92 --> BSRGAN --> x4--> img_092.png
26-01-14 14:18:59.210 : ----PSNR/SSIM for (/root/media/quoc-huy/eval-wir/srbenchmarks/Urban100/LR-bicubic-matlab, x4)---- : 16.0535dB / 0.5264
26-01-14 14:18:59.210 : --93 --> BSRGAN --> x4--> img_093.png
26-01-14 14:18:59.569 : ----PSNR/SSIM for (/root/media/quoc-huy/eval-wir/srbenchmarks/Urban100/LR-bicubic-matlab, x4)---- : 16.0071dB / 0.6390
26-01-14 14:18:59.569 : --94 --> BSRGAN --> x4--> img_094.png
26-01-14 14:18:59.932 : ----PSNR/SSIM for (/root/media/quoc-huy/eval-wir/srbenchmarks/Urban100/LR-bicubic-matlab, x4)---- : 21.7992dB / 0.6644
26-01-14 14:18:59.932 : --95 --> BSRGAN --> x4--> img_095.png
26-01-14 14:19:00.291 : ----PSNR/SSIM for (/root/media/quoc-huy/eval-wir/srbenchmarks/Urban100/LR-bicubic-matlab, x4)---- : 17.6094dB / 0.3020
26-01-14 14:19:00.291 : --96 --> BSRGAN --> x4--> img_096.png
26-01-14 14:19:00.656 : ----PSNR/SSIM for (/root/media/quoc-huy/eval-wir/srbenchmarks/Urban100/LR-bicubic-matlab, x4)---- : 20.2450dB / 0.7436
26-01-14 14:19:00.657 : --97 --> BSRGAN --> x4--> img_097.png
26-01-14 14:19:00.977 : ----PSNR/SSIM for (/root/media/quoc-huy/eval-wir/srbenchmarks/Urban100/LR-bicubic-matlab, x4)---- : 21.5210dB / 0.6491
26-01-14 14:19:00.977 : --98 --> BSRGAN --> x4--> img_098.png
26-01-14 14:19:01.290 : ----PSNR/SSIM for (/root/media/quoc-huy/eval-wir/srbenchmarks/Urban100/LR-bicubic-matlab, x4)---- : 17.9614dB / 0.3622
26-01-14 14:19:01.290 : --99 --> BSRGAN --> x4--> img_099.png
26-01-14 14:19:01.671 : ----PSNR/SSIM for (/root/media/quoc-huy/eval-wir/srbenchmarks/Urban100/LR-bicubic-matlab, x4)---- : 17.6651dB / 0.6038
26-01-14 14:19:01.671 : -100 --> BSRGAN --> x4--> img_100.png
26-01-14 14:19:02.155 : ----PSNR/SSIM for (/root/media/quoc-huy/eval-wir/srbenchmarks/Urban100/LR-bicubic-matlab, x4)---- : 16.8860dB / 0.5343
26-01-14 14:19:02.155 : ----Average PSNR/SSIM for (/root/media/quoc-huy/eval-wir/srbenchmarks/Urban100/LR-bicubic-matlab, x4)---- : 20.3708dB / 0.6221
26-01-14 14:19:02.155 :  
26-01-15 16:50:40.859 :       Model Name : BSRGAN
26-01-15 16:50:41.993 :       Input Path : /root/media/quoc-huy/eval-wir/srbenchmarks/Urban100/LR-bicubic-matlab
26-01-15 16:50:41.993 :      Output Path : /root/quoc-huy/all-tested-results/BSRGAN/Urban100-bic-matlab
26-01-15 16:50:41.993 : ---1 --> BSRGAN --> x4--> img_001.png
26-01-15 16:52:20.950 :       Model Name : BSRGAN
26-01-15 16:52:22.073 :       Input Path : /root/media/quoc-huy/eval-wir/srbenchmarks/Urban100/LR-bicubic-matlab
26-01-15 16:52:22.073 :      Output Path : /root/quoc-huy/all-tested-results/BSRGAN/Urban100-bic-matlab
26-01-15 16:52:22.073 : ---1 --> BSRGAN --> x4--> img_001.png
26-01-15 16:52:22.461 : ----PSNR/SSIM for (/root/media/quoc-huy/eval-wir/srbenchmarks/Urban100/LR-bicubic-matlab, x4)---- : 22.1832dB / 0.6018
26-01-15 16:52:39.250 :       Model Name : BSRGAN
26-01-15 16:52:40.364 :       Input Path : /root/media/quoc-huy/eval-wir/srbenchmarks/Urban100/LR-bicubic-matlab
26-01-15 16:52:40.364 :      Output Path : /root/quoc-huy/all-tested-results/BSRGAN/Urban100-bic-matlab
26-01-15 16:52:40.365 : ---1 --> BSRGAN --> x4--> img_001.png
26-01-15 16:52:40.753 : ----PSNR/SSIM for (/root/media/quoc-huy/eval-wir/srbenchmarks/Urban100/LR-bicubic-matlab, x4)---- : 22.1832dB / 0.6018
26-01-15 16:52:40.933 : ---2 --> BSRGAN --> x4--> img_002.png
26-01-15 16:52:41.263 : ----PSNR/SSIM for (/root/media/quoc-huy/eval-wir/srbenchmarks/Urban100/LR-bicubic-matlab, x4)---- : 21.6616dB / 0.6766
26-01-15 16:52:41.310 : ---3 --> BSRGAN --> x4--> img_003.png
26-01-15 16:52:41.599 : ----PSNR/SSIM for (/root/media/quoc-huy/eval-wir/srbenchmarks/Urban100/LR-bicubic-matlab, x4)---- : 20.9632dB / 0.5622
26-01-15 16:52:41.643 : ---4 --> BSRGAN --> x4--> img_004.png
26-01-15 16:52:41.931 : ----PSNR/SSIM for (/root/media/quoc-huy/eval-wir/srbenchmarks/Urban100/LR-bicubic-matlab, x4)---- : 14.7383dB / 0.4732
26-01-15 16:52:41.974 : ---5 --> BSRGAN --> x4--> img_005.png
26-01-15 16:52:42.302 : ----PSNR/SSIM for (/root/media/quoc-huy/eval-wir/srbenchmarks/Urban100/LR-bicubic-matlab, x4)---- : 17.0840dB / 0.6608
26-01-15 16:52:42.348 : ---6 --> BSRGAN --> x4--> img_006.png
26-01-15 16:52:42.777 : ----PSNR/SSIM for (/root/media/quoc-huy/eval-wir/srbenchmarks/Urban100/LR-bicubic-matlab, x4)---- : 17.5030dB / 0.3858
26-01-15 16:52:42.833 : ---7 --> BSRGAN --> x4--> img_007.png
26-01-15 16:52:43.121 : ----PSNR/SSIM for (/root/media/quoc-huy/eval-wir/srbenchmarks/Urban100/LR-bicubic-matlab, x4)---- : 22.6087dB / 0.7056
26-01-15 16:52:43.165 : ---8 --> BSRGAN --> x4--> img_008.png
26-01-15 16:52:43.412 : ----PSNR/SSIM for (/root/media/quoc-huy/eval-wir/srbenchmarks/Urban100/LR-bicubic-matlab, x4)---- : 17.8773dB / 0.4844
26-01-15 16:52:43.454 : ---9 --> BSRGAN --> x4--> img_009.png
26-01-15 16:52:43.793 : ----PSNR/SSIM for (/root/media/quoc-huy/eval-wir/srbenchmarks/Urban100/LR-bicubic-matlab, x4)---- : 28.8091dB / 0.8566
26-01-15 16:52:43.841 : --10 --> BSRGAN --> x4--> img_010.png
26-01-15 16:52:44.185 : ----PSNR/SSIM for (/root/media/quoc-huy/eval-wir/srbenchmarks/Urban100/LR-bicubic-matlab, x4)---- : 23.5048dB / 0.8023
26-01-15 16:52:44.234 : --11 --> BSRGAN --> x4--> img_011.png
26-01-15 16:52:44.475 : ----PSNR/SSIM for (/root/media/quoc-huy/eval-wir/srbenchmarks/Urban100/LR-bicubic-matlab, x4)---- : 9.8305dB / 0.4251
26-01-15 16:52:44.517 : --12 --> BSRGAN --> x4--> img_012.png
26-01-15 16:52:44.842 : ----PSNR/SSIM for (/root/media/quoc-huy/eval-wir/srbenchmarks/Urban100/LR-bicubic-matlab, x4)---- : 19.8561dB / 0.5728
26-01-15 16:52:44.889 : --13 --> BSRGAN --> x4--> img_013.png
26-01-15 16:52:45.213 : ----PSNR/SSIM for (/root/media/quoc-huy/eval-wir/srbenchmarks/Urban100/LR-bicubic-matlab, x4)---- : 23.5664dB / 0.6926
26-01-15 16:52:45.260 : --14 --> BSRGAN --> x4--> img_014.png
26-01-15 16:52:45.694 : ----PSNR/SSIM for (/root/media/quoc-huy/eval-wir/srbenchmarks/Urban100/LR-bicubic-matlab, x4)---- : 19.8864dB / 0.6002
26-01-15 16:52:45.749 : --15 --> BSRGAN --> x4--> img_015.png
26-01-15 16:52:46.077 : ----PSNR/SSIM for (/root/media/quoc-huy/eval-wir/srbenchmarks/Urban100/LR-bicubic-matlab, x4)---- : 20.2949dB / 0.5719
26-01-15 16:52:46.124 : --16 --> BSRGAN --> x4--> img_016.png
26-01-15 16:52:46.548 : ----PSNR/SSIM for (/root/media/quoc-huy/eval-wir/srbenchmarks/Urban100/LR-bicubic-matlab, x4)---- : 20.4425dB / 0.8116
26-01-15 16:52:46.603 : --17 --> BSRGAN --> x4--> img_017.png
26-01-15 16:52:46.894 : ----PSNR/SSIM for (/root/media/quoc-huy/eval-wir/srbenchmarks/Urban100/LR-bicubic-matlab, x4)---- : 21.0725dB / 0.6920
26-01-15 16:52:46.941 : --18 --> BSRGAN --> x4--> img_018.png
26-01-15 16:52:47.275 : ----PSNR/SSIM for (/root/media/quoc-huy/eval-wir/srbenchmarks/Urban100/LR-bicubic-matlab, x4)---- : 19.2311dB / 0.4634
26-01-15 16:52:47.322 : --19 --> BSRGAN --> x4--> img_019.png
26-01-15 16:52:47.605 : ----PSNR/SSIM for (/root/media/quoc-huy/eval-wir/srbenchmarks/Urban100/LR-bicubic-matlab, x4)---- : 15.5649dB / 0.5423
26-01-15 16:52:47.649 : --20 --> BSRGAN --> x4--> img_020.png
26-01-15 16:52:48.151 : ----PSNR/SSIM for (/root/media/quoc-huy/eval-wir/srbenchmarks/Urban100/LR-bicubic-matlab, x4)---- : 18.5701dB / 0.5745
26-01-15 16:52:48.214 : --21 --> BSRGAN --> x4--> img_021.png
26-01-15 16:52:48.610 : ----PSNR/SSIM for (/root/media/quoc-huy/eval-wir/srbenchmarks/Urban100/LR-bicubic-matlab, x4)---- : 25.2467dB / 0.6743
26-01-15 16:52:48.665 : --22 --> BSRGAN --> x4--> img_022.png
26-01-15 16:52:48.952 : ----PSNR/SSIM for (/root/media/quoc-huy/eval-wir/srbenchmarks/Urban100/LR-bicubic-matlab, x4)---- : 23.3587dB / 0.6820
26-01-15 16:52:48.996 : --23 --> BSRGAN --> x4--> img_023.png
26-01-15 16:52:49.431 : ----PSNR/SSIM for (/root/media/quoc-huy/eval-wir/srbenchmarks/Urban100/LR-bicubic-matlab, x4)---- : 21.6314dB / 0.7123
26-01-15 16:52:49.486 : --24 --> BSRGAN --> x4--> img_024.png
26-01-15 16:52:49.768 : ----PSNR/SSIM for (/root/media/quoc-huy/eval-wir/srbenchmarks/Urban100/LR-bicubic-matlab, x4)---- : 14.4236dB / 0.4747
26-01-15 16:52:49.812 : --25 --> BSRGAN --> x4--> img_025.png
26-01-15 16:52:50.112 : ----PSNR/SSIM for (/root/media/quoc-huy/eval-wir/srbenchmarks/Urban100/LR-bicubic-matlab, x4)---- : 26.9376dB / 0.8019
26-01-15 16:52:50.158 : --26 --> BSRGAN --> x4--> img_026.png
26-01-15 16:52:50.485 : ----PSNR/SSIM for (/root/media/quoc-huy/eval-wir/srbenchmarks/Urban100/LR-bicubic-matlab, x4)---- : 25.3400dB / 0.6224
26-01-15 16:52:50.532 : --27 --> BSRGAN --> x4--> img_027.png
26-01-15 16:52:50.885 : ----PSNR/SSIM for (/root/media/quoc-huy/eval-wir/srbenchmarks/Urban100/LR-bicubic-matlab, x4)---- : 25.4739dB / 0.7153
26-01-15 16:52:50.934 : --28 --> BSRGAN --> x4--> img_028.png
26-01-15 16:52:51.216 : ----PSNR/SSIM for (/root/media/quoc-huy/eval-wir/srbenchmarks/Urban100/LR-bicubic-matlab, x4)---- : 26.3093dB / 0.8126
26-01-15 16:52:51.260 : --29 --> BSRGAN --> x4--> img_029.png
26-01-15 16:52:51.547 : ----PSNR/SSIM for (/root/media/quoc-huy/eval-wir/srbenchmarks/Urban100/LR-bicubic-matlab, x4)---- : 19.3003dB / 0.6651
26-01-15 16:52:51.593 : --30 --> BSRGAN --> x4--> img_030.png
26-01-15 16:52:51.882 : ----PSNR/SSIM for (/root/media/quoc-huy/eval-wir/srbenchmarks/Urban100/LR-bicubic-matlab, x4)---- : 16.5606dB / 0.5510
26-01-15 16:52:51.927 : --31 --> BSRGAN --> x4--> img_031.png
26-01-15 16:52:52.215 : ----PSNR/SSIM for (/root/media/quoc-huy/eval-wir/srbenchmarks/Urban100/LR-bicubic-matlab, x4)---- : 19.9948dB / 0.6047
26-01-15 16:52:52.260 : --32 --> BSRGAN --> x4--> img_032.png
26-01-15 16:52:52.546 : ----PSNR/SSIM for (/root/media/quoc-huy/eval-wir/srbenchmarks/Urban100/LR-bicubic-matlab, x4)---- : 24.7717dB / 0.7443
26-01-15 16:52:52.590 : --33 --> BSRGAN --> x4--> img_033.png
26-01-15 16:52:52.876 : ----PSNR/SSIM for (/root/media/quoc-huy/eval-wir/srbenchmarks/Urban100/LR-bicubic-matlab, x4)---- : 23.4561dB / 0.6764
26-01-15 16:52:52.920 : --34 --> BSRGAN --> x4--> img_034.png
26-01-15 16:52:53.208 : ----PSNR/SSIM for (/root/media/quoc-huy/eval-wir/srbenchmarks/Urban100/LR-bicubic-matlab, x4)---- : 18.7745dB / 0.4066
26-01-15 16:52:53.253 : --35 --> BSRGAN --> x4--> img_035.png
26-01-15 16:52:53.540 : ----PSNR/SSIM for (/root/media/quoc-huy/eval-wir/srbenchmarks/Urban100/LR-bicubic-matlab, x4)---- : 14.7417dB / 0.7148
26-01-15 16:52:53.585 : --36 --> BSRGAN --> x4--> img_036.png
26-01-15 16:52:53.875 : ----PSNR/SSIM for (/root/media/quoc-huy/eval-wir/srbenchmarks/Urban100/LR-bicubic-matlab, x4)---- : 25.0421dB / 0.8063
26-01-15 16:52:53.921 : --37 --> BSRGAN --> x4--> img_037.png
26-01-15 16:52:54.249 : ----PSNR/SSIM for (/root/media/quoc-huy/eval-wir/srbenchmarks/Urban100/LR-bicubic-matlab, x4)---- : 21.1228dB / 0.6223
26-01-15 16:52:54.296 : --38 --> BSRGAN --> x4--> img_038.png
26-01-15 16:52:54.626 : ----PSNR/SSIM for (/root/media/quoc-huy/eval-wir/srbenchmarks/Urban100/LR-bicubic-matlab, x4)---- : 21.1357dB / 0.4997
26-01-15 16:52:54.673 : --39 --> BSRGAN --> x4--> img_039.png
26-01-15 16:52:55.006 : ----PSNR/SSIM for (/root/media/quoc-huy/eval-wir/srbenchmarks/Urban100/LR-bicubic-matlab, x4)---- : 19.3942dB / 0.6100
26-01-15 16:52:55.052 : --40 --> BSRGAN --> x4--> img_040.png
26-01-15 16:52:55.298 : ----PSNR/SSIM for (/root/media/quoc-huy/eval-wir/srbenchmarks/Urban100/LR-bicubic-matlab, x4)---- : 19.6911dB / 0.7728
26-01-15 16:52:55.339 : --41 --> BSRGAN --> x4--> img_041.png
26-01-15 16:52:55.622 : ----PSNR/SSIM for (/root/media/quoc-huy/eval-wir/srbenchmarks/Urban100/LR-bicubic-matlab, x4)---- : 18.4967dB / 0.6498
26-01-15 16:52:55.666 : --42 --> BSRGAN --> x4--> img_042.png
26-01-15 16:52:55.948 : ----PSNR/SSIM for (/root/media/quoc-huy/eval-wir/srbenchmarks/Urban100/LR-bicubic-matlab, x4)---- : 23.5319dB / 0.7828
26-01-15 16:52:55.998 : --43 --> BSRGAN --> x4--> img_043.png
26-01-15 16:52:56.279 : ----PSNR/SSIM for (/root/media/quoc-huy/eval-wir/srbenchmarks/Urban100/LR-bicubic-matlab, x4)---- : 13.1479dB / 0.4404
26-01-15 16:52:56.323 : --44 --> BSRGAN --> x4--> img_044.png
26-01-15 16:52:56.623 : ----PSNR/SSIM for (/root/media/quoc-huy/eval-wir/srbenchmarks/Urban100/LR-bicubic-matlab, x4)---- : 24.0054dB / 0.7224
26-01-15 16:52:56.667 : --45 --> BSRGAN --> x4--> img_045.png
26-01-15 16:52:56.989 : ----PSNR/SSIM for (/root/media/quoc-huy/eval-wir/srbenchmarks/Urban100/LR-bicubic-matlab, x4)---- : 16.7029dB / 0.4201
26-01-15 16:52:57.037 : --46 --> BSRGAN --> x4--> img_046.png
26-01-15 16:52:57.332 : ----PSNR/SSIM for (/root/media/quoc-huy/eval-wir/srbenchmarks/Urban100/LR-bicubic-matlab, x4)---- : 21.1090dB / 0.6819
26-01-15 16:52:57.377 : --47 --> BSRGAN --> x4--> img_047.png
26-01-15 16:52:57.638 : ----PSNR/SSIM for (/root/media/quoc-huy/eval-wir/srbenchmarks/Urban100/LR-bicubic-matlab, x4)---- : 18.2621dB / 0.6223
26-01-15 16:52:57.681 : --48 --> BSRGAN --> x4--> img_048.png
26-01-15 16:52:57.968 : ----PSNR/SSIM for (/root/media/quoc-huy/eval-wir/srbenchmarks/Urban100/LR-bicubic-matlab, x4)---- : 16.4110dB / 0.6517
26-01-15 16:52:58.014 : --49 --> BSRGAN --> x4--> img_049.png
26-01-15 16:52:58.307 : ----PSNR/SSIM for (/root/media/quoc-huy/eval-wir/srbenchmarks/Urban100/LR-bicubic-matlab, x4)---- : 16.0394dB / 0.4609
26-01-15 16:52:58.353 : --50 --> BSRGAN --> x4--> img_050.png
26-01-15 16:52:58.640 : ----PSNR/SSIM for (/root/media/quoc-huy/eval-wir/srbenchmarks/Urban100/LR-bicubic-matlab, x4)---- : 21.9345dB / 0.6473
26-01-15 16:52:58.685 : --51 --> BSRGAN --> x4--> img_051.png
26-01-15 16:52:58.973 : ----PSNR/SSIM for (/root/media/quoc-huy/eval-wir/srbenchmarks/Urban100/LR-bicubic-matlab, x4)---- : 22.8787dB / 0.7212
26-01-15 16:52:59.018 : --52 --> BSRGAN --> x4--> img_052.png
26-01-15 16:52:59.308 : ----PSNR/SSIM for (/root/media/quoc-huy/eval-wir/srbenchmarks/Urban100/LR-bicubic-matlab, x4)---- : 21.8499dB / 0.8106
26-01-15 16:52:59.352 : --53 --> BSRGAN --> x4--> img_053.png
26-01-15 16:52:59.636 : ----PSNR/SSIM for (/root/media/quoc-huy/eval-wir/srbenchmarks/Urban100/LR-bicubic-matlab, x4)---- : 16.8630dB / 0.5400
26-01-15 16:52:59.680 : --54 --> BSRGAN --> x4--> img_054.png
26-01-15 16:52:59.971 : ----PSNR/SSIM for (/root/media/quoc-huy/eval-wir/srbenchmarks/Urban100/LR-bicubic-matlab, x4)---- : 18.5950dB / 0.5537
26-01-15 16:53:00.016 : --55 --> BSRGAN --> x4--> img_055.png
26-01-15 16:53:00.350 : ----PSNR/SSIM for (/root/media/quoc-huy/eval-wir/srbenchmarks/Urban100/LR-bicubic-matlab, x4)---- : 26.5574dB / 0.8747
26-01-15 16:53:00.398 : --56 --> BSRGAN --> x4--> img_056.png
26-01-15 16:53:00.730 : ----PSNR/SSIM for (/root/media/quoc-huy/eval-wir/srbenchmarks/Urban100/LR-bicubic-matlab, x4)---- : 19.5653dB / 0.6071
26-01-15 16:53:00.777 : --57 --> BSRGAN --> x4--> img_057.png
26-01-15 16:53:01.076 : ----PSNR/SSIM for (/root/media/quoc-huy/eval-wir/srbenchmarks/Urban100/LR-bicubic-matlab, x4)---- : 21.5191dB / 0.7455
26-01-15 16:53:01.123 : --58 --> BSRGAN --> x4--> img_058.png
26-01-15 16:53:01.411 : ----PSNR/SSIM for (/root/media/quoc-huy/eval-wir/srbenchmarks/Urban100/LR-bicubic-matlab, x4)---- : 15.1550dB / 0.5963
26-01-15 16:53:01.457 : --59 --> BSRGAN --> x4--> img_059.png
26-01-15 16:53:01.738 : ----PSNR/SSIM for (/root/media/quoc-huy/eval-wir/srbenchmarks/Urban100/LR-bicubic-matlab, x4)---- : 19.5870dB / 0.6738
26-01-15 16:53:01.783 : --60 --> BSRGAN --> x4--> img_060.png
26-01-15 16:53:02.073 : ----PSNR/SSIM for (/root/media/quoc-huy/eval-wir/srbenchmarks/Urban100/LR-bicubic-matlab, x4)---- : 19.4723dB / 0.4421
26-01-15 16:53:02.117 : --61 --> BSRGAN --> x4--> img_061.png
26-01-15 16:53:02.404 : ----PSNR/SSIM for (/root/media/quoc-huy/eval-wir/srbenchmarks/Urban100/LR-bicubic-matlab, x4)---- : 20.0355dB / 0.5894
26-01-15 16:53:02.448 : --62 --> BSRGAN --> x4--> img_062.png
26-01-15 16:53:02.735 : ----PSNR/SSIM for (/root/media/quoc-huy/eval-wir/srbenchmarks/Urban100/LR-bicubic-matlab, x4)---- : 15.1632dB / 0.4565
26-01-15 16:53:02.780 : --63 --> BSRGAN --> x4--> img_063.png
26-01-15 16:53:03.185 : ----PSNR/SSIM for (/root/media/quoc-huy/eval-wir/srbenchmarks/Urban100/LR-bicubic-matlab, x4)---- : 18.1380dB / 0.4784
26-01-15 16:53:03.242 : --64 --> BSRGAN --> x4--> img_064.png
26-01-15 16:53:03.532 : ----PSNR/SSIM for (/root/media/quoc-huy/eval-wir/srbenchmarks/Urban100/LR-bicubic-matlab, x4)---- : 22.0539dB / 0.6199
26-01-15 16:53:03.576 : --65 --> BSRGAN --> x4--> img_065.png
26-01-15 16:53:03.865 : ----PSNR/SSIM for (/root/media/quoc-huy/eval-wir/srbenchmarks/Urban100/LR-bicubic-matlab, x4)---- : 22.0107dB / 0.5962
26-01-15 16:53:03.910 : --66 --> BSRGAN --> x4--> img_066.png
26-01-15 16:53:04.274 : ----PSNR/SSIM for (/root/media/quoc-huy/eval-wir/srbenchmarks/Urban100/LR-bicubic-matlab, x4)---- : 19.7285dB / 0.5329
26-01-15 16:53:04.326 : --67 --> BSRGAN --> x4--> img_067.png
26-01-15 16:53:04.610 : ----PSNR/SSIM for (/root/media/quoc-huy/eval-wir/srbenchmarks/Urban100/LR-bicubic-matlab, x4)---- : 12.9791dB / 0.5673
26-01-15 16:53:04.655 : --68 --> BSRGAN --> x4--> img_068.png
26-01-15 16:53:05.089 : ----PSNR/SSIM for (/root/media/quoc-huy/eval-wir/srbenchmarks/Urban100/LR-bicubic-matlab, x4)---- : 25.1550dB / 0.7288
26-01-15 16:53:05.144 : --69 --> BSRGAN --> x4--> img_069.png
26-01-15 16:53:05.559 : ----PSNR/SSIM for (/root/media/quoc-huy/eval-wir/srbenchmarks/Urban100/LR-bicubic-matlab, x4)---- : 21.1747dB / 0.6101
26-01-15 16:53:05.615 : --70 --> BSRGAN --> x4--> img_070.png
26-01-15 16:53:05.942 : ----PSNR/SSIM for (/root/media/quoc-huy/eval-wir/srbenchmarks/Urban100/LR-bicubic-matlab, x4)---- : 20.0844dB / 0.5158
26-01-15 16:53:05.990 : --71 --> BSRGAN --> x4--> img_071.png
26-01-15 16:53:06.314 : ----PSNR/SSIM for (/root/media/quoc-huy/eval-wir/srbenchmarks/Urban100/LR-bicubic-matlab, x4)---- : 25.3883dB / 0.5512
26-01-15 16:53:06.362 : --72 --> BSRGAN --> x4--> img_072.png
26-01-15 16:53:06.647 : ----PSNR/SSIM for (/root/media/quoc-huy/eval-wir/srbenchmarks/Urban100/LR-bicubic-matlab, x4)---- : 15.4078dB / 0.6751
26-01-15 16:53:06.691 : --73 --> BSRGAN --> x4--> img_073.png
26-01-15 16:53:07.033 : ----PSNR/SSIM for (/root/media/quoc-huy/eval-wir/srbenchmarks/Urban100/LR-bicubic-matlab, x4)---- : 17.1950dB / 0.3837
26-01-15 16:53:07.080 : --74 --> BSRGAN --> x4--> img_074.png
26-01-15 16:53:07.368 : ----PSNR/SSIM for (/root/media/quoc-huy/eval-wir/srbenchmarks/Urban100/LR-bicubic-matlab, x4)---- : 20.7327dB / 0.5918
26-01-15 16:53:07.412 : --75 --> BSRGAN --> x4--> img_075.png
26-01-15 16:53:07.740 : ----PSNR/SSIM for (/root/media/quoc-huy/eval-wir/srbenchmarks/Urban100/LR-bicubic-matlab, x4)---- : 26.4864dB / 0.7997
26-01-15 16:53:07.785 : --76 --> BSRGAN --> x4--> img_076.png
26-01-15 16:53:08.077 : ----PSNR/SSIM for (/root/media/quoc-huy/eval-wir/srbenchmarks/Urban100/LR-bicubic-matlab, x4)---- : 19.1966dB / 0.5539
26-01-15 16:53:08.123 : --77 --> BSRGAN --> x4--> img_077.png
26-01-15 16:53:08.411 : ----PSNR/SSIM for (/root/media/quoc-huy/eval-wir/srbenchmarks/Urban100/LR-bicubic-matlab, x4)---- : 19.9903dB / 0.5653
26-01-15 16:53:08.456 : --78 --> BSRGAN --> x4--> img_078.png
26-01-15 16:53:08.760 : ----PSNR/SSIM for (/root/media/quoc-huy/eval-wir/srbenchmarks/Urban100/LR-bicubic-matlab, x4)---- : 21.8681dB / 0.5775
26-01-15 16:53:08.806 : --79 --> BSRGAN --> x4--> img_079.png
26-01-15 16:53:09.137 : ----PSNR/SSIM for (/root/media/quoc-huy/eval-wir/srbenchmarks/Urban100/LR-bicubic-matlab, x4)---- : 22.0678dB / 0.5757
26-01-15 16:53:09.184 : --80 --> BSRGAN --> x4--> img_080.png
26-01-15 16:53:09.536 : ----PSNR/SSIM for (/root/media/quoc-huy/eval-wir/srbenchmarks/Urban100/LR-bicubic-matlab, x4)---- : 27.9672dB / 0.8762
26-01-15 16:53:09.584 : --81 --> BSRGAN --> x4--> img_081.png
26-01-15 16:53:10.017 : ----PSNR/SSIM for (/root/media/quoc-huy/eval-wir/srbenchmarks/Urban100/LR-bicubic-matlab, x4)---- : 18.8036dB / 0.6432
26-01-15 16:53:10.072 : --82 --> BSRGAN --> x4--> img_082.png
26-01-15 16:53:10.509 : ----PSNR/SSIM for (/root/media/quoc-huy/eval-wir/srbenchmarks/Urban100/LR-bicubic-matlab, x4)---- : 24.3254dB / 0.8219
26-01-15 16:53:10.564 : --83 --> BSRGAN --> x4--> img_083.png
26-01-15 16:53:11.000 : ----PSNR/SSIM for (/root/media/quoc-huy/eval-wir/srbenchmarks/Urban100/LR-bicubic-matlab, x4)---- : 18.7097dB / 0.5513
26-01-15 16:53:11.056 : --84 --> BSRGAN --> x4--> img_084.png
26-01-15 16:53:11.497 : ----PSNR/SSIM for (/root/media/quoc-huy/eval-wir/srbenchmarks/Urban100/LR-bicubic-matlab, x4)---- : 23.3069dB / 0.6592
26-01-15 16:53:11.552 : --85 --> BSRGAN --> x4--> img_085.png
26-01-15 16:53:11.840 : ----PSNR/SSIM for (/root/media/quoc-huy/eval-wir/srbenchmarks/Urban100/LR-bicubic-matlab, x4)---- : 23.6537dB / 0.8182
26-01-15 16:53:11.884 : --86 --> BSRGAN --> x4--> img_086.png
26-01-15 16:53:12.218 : ----PSNR/SSIM for (/root/media/quoc-huy/eval-wir/srbenchmarks/Urban100/LR-bicubic-matlab, x4)---- : 25.8953dB / 0.8009
26-01-15 16:53:12.267 : --87 --> BSRGAN --> x4--> img_087.png
26-01-15 16:53:12.711 : ----PSNR/SSIM for (/root/media/quoc-huy/eval-wir/srbenchmarks/Urban100/LR-bicubic-matlab, x4)---- : 21.7324dB / 0.7490
26-01-15 16:53:12.767 : --88 --> BSRGAN --> x4--> img_088.png
26-01-15 16:53:13.053 : ----PSNR/SSIM for (/root/media/quoc-huy/eval-wir/srbenchmarks/Urban100/LR-bicubic-matlab, x4)---- : 16.6794dB / 0.3862
26-01-15 16:53:13.098 : --89 --> BSRGAN --> x4--> img_089.png
26-01-15 16:53:13.432 : ----PSNR/SSIM for (/root/media/quoc-huy/eval-wir/srbenchmarks/Urban100/LR-bicubic-matlab, x4)---- : 22.8782dB / 0.5877
26-01-15 16:53:13.478 : --90 --> BSRGAN --> x4--> img_090.png
26-01-15 16:53:13.768 : ----PSNR/SSIM for (/root/media/quoc-huy/eval-wir/srbenchmarks/Urban100/LR-bicubic-matlab, x4)---- : 22.9778dB / 0.8648
26-01-15 16:53:13.813 : --91 --> BSRGAN --> x4--> img_091.png
26-01-15 16:53:14.100 : ----PSNR/SSIM for (/root/media/quoc-huy/eval-wir/srbenchmarks/Urban100/LR-bicubic-matlab, x4)---- : 19.9084dB / 0.4868
26-01-15 16:53:14.144 : --92 --> BSRGAN --> x4--> img_092.png
26-01-15 16:53:14.433 : ----PSNR/SSIM for (/root/media/quoc-huy/eval-wir/srbenchmarks/Urban100/LR-bicubic-matlab, x4)---- : 16.0535dB / 0.5264
26-01-15 16:53:14.477 : --93 --> BSRGAN --> x4--> img_093.png
26-01-15 16:53:14.806 : ----PSNR/SSIM for (/root/media/quoc-huy/eval-wir/srbenchmarks/Urban100/LR-bicubic-matlab, x4)---- : 16.0071dB / 0.6390
26-01-15 16:53:14.854 : --94 --> BSRGAN --> x4--> img_094.png
26-01-15 16:53:15.185 : ----PSNR/SSIM for (/root/media/quoc-huy/eval-wir/srbenchmarks/Urban100/LR-bicubic-matlab, x4)---- : 21.7992dB / 0.6644
26-01-15 16:53:15.233 : --95 --> BSRGAN --> x4--> img_095.png
26-01-15 16:53:15.559 : ----PSNR/SSIM for (/root/media/quoc-huy/eval-wir/srbenchmarks/Urban100/LR-bicubic-matlab, x4)---- : 17.6094dB / 0.3020
26-01-15 16:53:15.607 : --96 --> BSRGAN --> x4--> img_096.png
26-01-15 16:53:15.941 : ----PSNR/SSIM for (/root/media/quoc-huy/eval-wir/srbenchmarks/Urban100/LR-bicubic-matlab, x4)---- : 20.2450dB / 0.7436
26-01-15 16:53:15.988 : --97 --> BSRGAN --> x4--> img_097.png
26-01-15 16:53:16.278 : ----PSNR/SSIM for (/root/media/quoc-huy/eval-wir/srbenchmarks/Urban100/LR-bicubic-matlab, x4)---- : 21.5210dB / 0.6491
26-01-15 16:53:16.323 : --98 --> BSRGAN --> x4--> img_098.png
26-01-15 16:53:16.612 : ----PSNR/SSIM for (/root/media/quoc-huy/eval-wir/srbenchmarks/Urban100/LR-bicubic-matlab, x4)---- : 17.9614dB / 0.3622
26-01-15 16:53:16.656 : --99 --> BSRGAN --> x4--> img_099.png
26-01-15 16:53:17.010 : ----PSNR/SSIM for (/root/media/quoc-huy/eval-wir/srbenchmarks/Urban100/LR-bicubic-matlab, x4)---- : 17.6651dB / 0.6038
26-01-15 16:53:17.059 : -100 --> BSRGAN --> x4--> img_100.png
26-01-15 16:53:17.497 : ----PSNR/SSIM for (/root/media/quoc-huy/eval-wir/srbenchmarks/Urban100/LR-bicubic-matlab, x4)---- : 16.8860dB / 0.5343
26-01-15 16:53:17.552 : ----Average PSNR/SSIM for (/root/media/quoc-huy/eval-wir/srbenchmarks/Urban100/LR-bicubic-matlab, x4)---- : 20.3708dB / 0.6221
26-01-15 16:53:17.552 :  
26-01-15 16:53:17.552 : ----Average LPIPS / NIQE---- : 0.2770 / 4.3944
26-01-15 16:53:17.552 : Computing FID...
26-01-15 16:53:24.607 : ----FID---- : 56.6227
26-01-15 16:57:48.503 :       Model Name : BSRGAN
26-01-15 16:57:49.636 :       Input Path : /root/media/quoc-huy/eval-wir/srbenchmarks/BSD100/LR-bicubic-matlab
26-01-15 16:57:49.636 :      Output Path : /root/quoc-huy/all-tested-results/BSRGAN/BSD100-bic-matlab
26-01-15 16:57:49.637 : ---1 --> BSRGAN --> x4--> 101085.png
26-01-15 16:57:49.798 : ----PSNR/SSIM for (/root/media/quoc-huy/eval-wir/srbenchmarks/BSD100/LR-bicubic-matlab, x4)---- : 20.9109dB / 0.4431
26-01-15 16:57:49.991 : ---2 --> BSRGAN --> x4--> 101087.png
26-01-15 16:57:50.067 : ----PSNR/SSIM for (/root/media/quoc-huy/eval-wir/srbenchmarks/BSD100/LR-bicubic-matlab, x4)---- : 19.1036dB / 0.6791
26-01-15 16:57:50.098 : ---3 --> BSRGAN --> x4--> 102061.png
26-01-15 16:57:50.173 : ----PSNR/SSIM for (/root/media/quoc-huy/eval-wir/srbenchmarks/BSD100/LR-bicubic-matlab, x4)---- : 22.6632dB / 0.6947
26-01-15 16:57:50.205 : ---4 --> BSRGAN --> x4--> 103070.png
26-01-15 16:57:50.283 : ----PSNR/SSIM for (/root/media/quoc-huy/eval-wir/srbenchmarks/BSD100/LR-bicubic-matlab, x4)---- : 26.8000dB / 0.7335
26-01-15 16:57:50.317 : ---5 --> BSRGAN --> x4--> 105025.png
26-01-15 16:57:50.386 : ----PSNR/SSIM for (/root/media/quoc-huy/eval-wir/srbenchmarks/BSD100/LR-bicubic-matlab, x4)---- : 22.4822dB / 0.5613
26-01-15 16:57:50.414 : ---6 --> BSRGAN --> x4--> 106024.png
26-01-15 16:57:50.479 : ----PSNR/SSIM for (/root/media/quoc-huy/eval-wir/srbenchmarks/BSD100/LR-bicubic-matlab, x4)---- : 27.7761dB / 0.8340
26-01-15 16:57:50.507 : ---7 --> BSRGAN --> x4--> 108005.png
26-01-15 16:57:50.573 : ----PSNR/SSIM for (/root/media/quoc-huy/eval-wir/srbenchmarks/BSD100/LR-bicubic-matlab, x4)---- : 22.3597dB / 0.5954
26-01-15 16:57:50.602 : ---8 --> BSRGAN --> x4--> 108070.png
26-01-15 16:57:50.667 : ----PSNR/SSIM for (/root/media/quoc-huy/eval-wir/srbenchmarks/BSD100/LR-bicubic-matlab, x4)---- : 20.4221dB / 0.4141
26-01-15 16:57:50.696 : ---9 --> BSRGAN --> x4--> 108082.png
26-01-15 16:57:50.761 : ----PSNR/SSIM for (/root/media/quoc-huy/eval-wir/srbenchmarks/BSD100/LR-bicubic-matlab, x4)---- : 23.1164dB / 0.6646
26-01-15 16:57:50.789 : --10 --> BSRGAN --> x4--> 109053.png
26-01-15 16:57:50.854 : ----PSNR/SSIM for (/root/media/quoc-huy/eval-wir/srbenchmarks/BSD100/LR-bicubic-matlab, x4)---- : 25.9877dB / 0.6948
26-01-15 16:57:50.883 : --11 --> BSRGAN --> x4--> 119082.png
26-01-15 16:57:50.949 : ----PSNR/SSIM for (/root/media/quoc-huy/eval-wir/srbenchmarks/BSD100/LR-bicubic-matlab, x4)---- : 20.9857dB / 0.5824
26-01-15 16:57:50.977 : --12 --> BSRGAN --> x4--> 12084.png
26-01-15 16:57:51.041 : ----PSNR/SSIM for (/root/media/quoc-huy/eval-wir/srbenchmarks/BSD100/LR-bicubic-matlab, x4)---- : 23.6188dB / 0.5431
26-01-15 16:57:51.070 : --13 --> BSRGAN --> x4--> 123074.png
26-01-15 16:57:51.135 : ----PSNR/SSIM for (/root/media/quoc-huy/eval-wir/srbenchmarks/BSD100/LR-bicubic-matlab, x4)---- : 25.7408dB / 0.6451
26-01-15 16:57:51.163 : --14 --> BSRGAN --> x4--> 126007.png
26-01-15 16:57:51.229 : ----PSNR/SSIM for (/root/media/quoc-huy/eval-wir/srbenchmarks/BSD100/LR-bicubic-matlab, x4)---- : 23.0274dB / 0.7158
26-01-15 16:57:51.257 : --15 --> BSRGAN --> x4--> 130026.png
26-01-15 16:57:51.321 : ----PSNR/SSIM for (/root/media/quoc-huy/eval-wir/srbenchmarks/BSD100/LR-bicubic-matlab, x4)---- : 21.7930dB / 0.5318
26-01-15 16:57:51.350 : --16 --> BSRGAN --> x4--> 134035.png
26-01-15 16:57:51.416 : ----PSNR/SSIM for (/root/media/quoc-huy/eval-wir/srbenchmarks/BSD100/LR-bicubic-matlab, x4)---- : 21.1129dB / 0.6128
26-01-15 16:57:51.445 : --17 --> BSRGAN --> x4--> 14037.png
26-01-15 16:57:51.510 : ----PSNR/SSIM for (/root/media/quoc-huy/eval-wir/srbenchmarks/BSD100/LR-bicubic-matlab, x4)---- : 30.4514dB / 0.8255
26-01-15 16:57:51.539 : --18 --> BSRGAN --> x4--> 143090.png
26-01-15 16:57:51.604 : ----PSNR/SSIM for (/root/media/quoc-huy/eval-wir/srbenchmarks/BSD100/LR-bicubic-matlab, x4)---- : 29.0748dB / 0.8304
26-01-15 16:57:51.633 : --19 --> BSRGAN --> x4--> 145086.png
26-01-15 16:57:51.699 : ----PSNR/SSIM for (/root/media/quoc-huy/eval-wir/srbenchmarks/BSD100/LR-bicubic-matlab, x4)---- : 22.2579dB / 0.6269
26-01-15 16:57:51.728 : --20 --> BSRGAN --> x4--> 147091.png
26-01-15 16:57:51.793 : ----PSNR/SSIM for (/root/media/quoc-huy/eval-wir/srbenchmarks/BSD100/LR-bicubic-matlab, x4)---- : 22.1756dB / 0.7062
26-01-15 16:57:51.822 : --21 --> BSRGAN --> x4--> 148026.png
26-01-15 16:57:51.889 : ----PSNR/SSIM for (/root/media/quoc-huy/eval-wir/srbenchmarks/BSD100/LR-bicubic-matlab, x4)---- : 18.9623dB / 0.5379
26-01-15 16:57:51.919 : --22 --> BSRGAN --> x4--> 148089.png
26-01-15 16:57:51.984 : ----PSNR/SSIM for (/root/media/quoc-huy/eval-wir/srbenchmarks/BSD100/LR-bicubic-matlab, x4)---- : 20.6739dB / 0.4720
26-01-15 16:57:52.013 : --23 --> BSRGAN --> x4--> 156065.png
26-01-15 16:57:52.078 : ----PSNR/SSIM for (/root/media/quoc-huy/eval-wir/srbenchmarks/BSD100/LR-bicubic-matlab, x4)---- : 22.5191dB / 0.4492
26-01-15 16:57:52.107 : --24 --> BSRGAN --> x4--> 157055.png
26-01-15 16:57:52.173 : ----PSNR/SSIM for (/root/media/quoc-huy/eval-wir/srbenchmarks/BSD100/LR-bicubic-matlab, x4)---- : 22.5514dB / 0.6562
26-01-15 16:57:52.202 : --25 --> BSRGAN --> x4--> 159008.png
26-01-15 16:57:52.267 : ----PSNR/SSIM for (/root/media/quoc-huy/eval-wir/srbenchmarks/BSD100/LR-bicubic-matlab, x4)---- : 23.1706dB / 0.6903
26-01-15 16:57:52.297 : --26 --> BSRGAN --> x4--> 160068.png
26-01-15 16:57:52.362 : ----PSNR/SSIM for (/root/media/quoc-huy/eval-wir/srbenchmarks/BSD100/LR-bicubic-matlab, x4)---- : 24.0358dB / 0.7772
26-01-15 16:57:52.391 : --27 --> BSRGAN --> x4--> 16077.png
26-01-15 16:57:52.456 : ----PSNR/SSIM for (/root/media/quoc-huy/eval-wir/srbenchmarks/BSD100/LR-bicubic-matlab, x4)---- : 23.5714dB / 0.6117
26-01-15 16:57:52.484 : --28 --> BSRGAN --> x4--> 163085.png
26-01-15 16:57:52.549 : ----PSNR/SSIM for (/root/media/quoc-huy/eval-wir/srbenchmarks/BSD100/LR-bicubic-matlab, x4)---- : 26.1851dB / 0.7032
26-01-15 16:57:52.578 : --29 --> BSRGAN --> x4--> 167062.png
26-01-15 16:57:52.642 : ----PSNR/SSIM for (/root/media/quoc-huy/eval-wir/srbenchmarks/BSD100/LR-bicubic-matlab, x4)---- : 18.1216dB / 0.7682
26-01-15 16:57:52.671 : --30 --> BSRGAN --> x4--> 167083.png
26-01-15 16:57:52.738 : ----PSNR/SSIM for (/root/media/quoc-huy/eval-wir/srbenchmarks/BSD100/LR-bicubic-matlab, x4)---- : 17.4009dB / 0.3775
26-01-15 16:57:52.767 : --31 --> BSRGAN --> x4--> 170057.png
26-01-15 16:57:52.834 : ----PSNR/SSIM for (/root/media/quoc-huy/eval-wir/srbenchmarks/BSD100/LR-bicubic-matlab, x4)---- : 25.5579dB / 0.6271
26-01-15 16:57:52.863 : --32 --> BSRGAN --> x4--> 175032.png
26-01-15 16:57:52.929 : ----PSNR/SSIM for (/root/media/quoc-huy/eval-wir/srbenchmarks/BSD100/LR-bicubic-matlab, x4)---- : 18.7533dB / 0.3083
26-01-15 16:57:52.958 : --33 --> BSRGAN --> x4--> 175043.png
26-01-15 16:57:53.023 : ----PSNR/SSIM for (/root/media/quoc-huy/eval-wir/srbenchmarks/BSD100/LR-bicubic-matlab, x4)---- : 21.8061dB / 0.4891
26-01-15 16:57:53.051 : --34 --> BSRGAN --> x4--> 182053.png
26-01-15 16:57:53.118 : ----PSNR/SSIM for (/root/media/quoc-huy/eval-wir/srbenchmarks/BSD100/LR-bicubic-matlab, x4)---- : 21.3943dB / 0.6785
26-01-15 16:57:53.147 : --35 --> BSRGAN --> x4--> 189080.png
26-01-15 16:57:53.214 : ----PSNR/SSIM for (/root/media/quoc-huy/eval-wir/srbenchmarks/BSD100/LR-bicubic-matlab, x4)---- : 27.4245dB / 0.8168
26-01-15 16:57:53.242 : --36 --> BSRGAN --> x4--> 19021.png
26-01-15 16:57:53.308 : ----PSNR/SSIM for (/root/media/quoc-huy/eval-wir/srbenchmarks/BSD100/LR-bicubic-matlab, x4)---- : 22.7073dB / 0.6248
26-01-15 16:57:53.337 : --37 --> BSRGAN --> x4--> 196073.png
26-01-15 16:57:53.404 : ----PSNR/SSIM for (/root/media/quoc-huy/eval-wir/srbenchmarks/BSD100/LR-bicubic-matlab, x4)---- : 26.0699dB / 0.3968
26-01-15 16:57:53.432 : --38 --> BSRGAN --> x4--> 197017.png
26-01-15 16:57:53.499 : ----PSNR/SSIM for (/root/media/quoc-huy/eval-wir/srbenchmarks/BSD100/LR-bicubic-matlab, x4)---- : 25.4110dB / 0.6280
26-01-15 16:57:53.527 : --39 --> BSRGAN --> x4--> 208001.png
26-01-15 16:57:53.596 : ----PSNR/SSIM for (/root/media/quoc-huy/eval-wir/srbenchmarks/BSD100/LR-bicubic-matlab, x4)---- : 24.1918dB / 0.5921
26-01-15 16:57:53.625 : --40 --> BSRGAN --> x4--> 210088.png
26-01-15 16:57:53.692 : ----PSNR/SSIM for (/root/media/quoc-huy/eval-wir/srbenchmarks/BSD100/LR-bicubic-matlab, x4)---- : 28.6829dB / 0.8671
26-01-15 16:57:53.720 : --41 --> BSRGAN --> x4--> 21077.png
26-01-15 16:57:53.786 : ----PSNR/SSIM for (/root/media/quoc-huy/eval-wir/srbenchmarks/BSD100/LR-bicubic-matlab, x4)---- : 19.6767dB / 0.5610
26-01-15 16:57:53.815 : --42 --> BSRGAN --> x4--> 216081.png
26-01-15 16:57:53.880 : ----PSNR/SSIM for (/root/media/quoc-huy/eval-wir/srbenchmarks/BSD100/LR-bicubic-matlab, x4)---- : 21.9240dB / 0.5722
26-01-15 16:57:53.909 : --43 --> BSRGAN --> x4--> 219090.png
26-01-15 16:57:53.974 : ----PSNR/SSIM for (/root/media/quoc-huy/eval-wir/srbenchmarks/BSD100/LR-bicubic-matlab, x4)---- : 23.6012dB / 0.6702
26-01-15 16:57:54.003 : --44 --> BSRGAN --> x4--> 220075.png
26-01-15 16:57:54.069 : ----PSNR/SSIM for (/root/media/quoc-huy/eval-wir/srbenchmarks/BSD100/LR-bicubic-matlab, x4)---- : 20.8399dB / 0.7277
26-01-15 16:57:54.097 : --45 --> BSRGAN --> x4--> 223061.png
26-01-15 16:57:54.162 : ----PSNR/SSIM for (/root/media/quoc-huy/eval-wir/srbenchmarks/BSD100/LR-bicubic-matlab, x4)---- : 21.4628dB / 0.5800
26-01-15 16:57:54.191 : --46 --> BSRGAN --> x4--> 227092.png
26-01-15 16:57:54.257 : ----PSNR/SSIM for (/root/media/quoc-huy/eval-wir/srbenchmarks/BSD100/LR-bicubic-matlab, x4)---- : 30.6204dB / 0.7931
26-01-15 16:57:54.286 : --47 --> BSRGAN --> x4--> 229036.png
26-01-15 16:57:54.351 : ----PSNR/SSIM for (/root/media/quoc-huy/eval-wir/srbenchmarks/BSD100/LR-bicubic-matlab, x4)---- : 18.8343dB / 0.4344
26-01-15 16:57:54.380 : --48 --> BSRGAN --> x4--> 236037.png
26-01-15 16:57:54.445 : ----PSNR/SSIM for (/root/media/quoc-huy/eval-wir/srbenchmarks/BSD100/LR-bicubic-matlab, x4)---- : 22.0733dB / 0.4724
26-01-15 16:57:54.474 : --49 --> BSRGAN --> x4--> 24077.png
26-01-15 16:57:54.540 : ----PSNR/SSIM for (/root/media/quoc-huy/eval-wir/srbenchmarks/BSD100/LR-bicubic-matlab, x4)---- : 16.1804dB / 0.5975
26-01-15 16:57:54.568 : --50 --> BSRGAN --> x4--> 241004.png
26-01-15 16:57:54.632 : ----PSNR/SSIM for (/root/media/quoc-huy/eval-wir/srbenchmarks/BSD100/LR-bicubic-matlab, x4)---- : 26.6489dB / 0.7361
26-01-15 16:57:54.661 : --51 --> BSRGAN --> x4--> 241048.png
26-01-15 16:57:54.726 : ----PSNR/SSIM for (/root/media/quoc-huy/eval-wir/srbenchmarks/BSD100/LR-bicubic-matlab, x4)---- : 21.2081dB / 0.4681
26-01-15 16:57:54.754 : --52 --> BSRGAN --> x4--> 253027.png
26-01-15 16:57:54.819 : ----PSNR/SSIM for (/root/media/quoc-huy/eval-wir/srbenchmarks/BSD100/LR-bicubic-matlab, x4)---- : 19.5451dB / 0.5753
26-01-15 16:57:54.848 : --53 --> BSRGAN --> x4--> 253055.png
26-01-15 16:57:54.913 : ----PSNR/SSIM for (/root/media/quoc-huy/eval-wir/srbenchmarks/BSD100/LR-bicubic-matlab, x4)---- : 29.0349dB / 0.7662
26-01-15 16:57:54.941 : --54 --> BSRGAN --> x4--> 260058.png
26-01-15 16:57:55.006 : ----PSNR/SSIM for (/root/media/quoc-huy/eval-wir/srbenchmarks/BSD100/LR-bicubic-matlab, x4)---- : 28.3886dB / 0.6779
26-01-15 16:57:55.034 : --55 --> BSRGAN --> x4--> 271035.png
26-01-15 16:57:55.101 : ----PSNR/SSIM for (/root/media/quoc-huy/eval-wir/srbenchmarks/BSD100/LR-bicubic-matlab, x4)---- : 23.8382dB / 0.6450
26-01-15 16:57:55.130 : --56 --> BSRGAN --> x4--> 285079.png
26-01-15 16:57:55.196 : ----PSNR/SSIM for (/root/media/quoc-huy/eval-wir/srbenchmarks/BSD100/LR-bicubic-matlab, x4)---- : 20.3126dB / 0.4982
26-01-15 16:57:55.225 : --57 --> BSRGAN --> x4--> 291000.png
26-01-15 16:57:55.289 : ----PSNR/SSIM for (/root/media/quoc-huy/eval-wir/srbenchmarks/BSD100/LR-bicubic-matlab, x4)---- : 18.7872dB / 0.2583
26-01-15 16:57:55.318 : --58 --> BSRGAN --> x4--> 295087.png
26-01-15 16:57:55.383 : ----PSNR/SSIM for (/root/media/quoc-huy/eval-wir/srbenchmarks/BSD100/LR-bicubic-matlab, x4)---- : 24.7027dB / 0.6325
26-01-15 16:57:55.412 : --59 --> BSRGAN --> x4--> 296007.png
26-01-15 16:57:55.477 : ----PSNR/SSIM for (/root/media/quoc-huy/eval-wir/srbenchmarks/BSD100/LR-bicubic-matlab, x4)---- : 28.8855dB / 0.6986
26-01-15 16:57:55.505 : --60 --> BSRGAN --> x4--> 296059.png
26-01-15 16:57:55.570 : ----PSNR/SSIM for (/root/media/quoc-huy/eval-wir/srbenchmarks/BSD100/LR-bicubic-matlab, x4)---- : 28.2719dB / 0.7084
26-01-15 16:57:55.599 : --61 --> BSRGAN --> x4--> 299086.png
26-01-15 16:57:55.663 : ----PSNR/SSIM for (/root/media/quoc-huy/eval-wir/srbenchmarks/BSD100/LR-bicubic-matlab, x4)---- : 28.6213dB / 0.7335
26-01-15 16:57:55.691 : --62 --> BSRGAN --> x4--> 300091.png
26-01-15 16:57:55.756 : ----PSNR/SSIM for (/root/media/quoc-huy/eval-wir/srbenchmarks/BSD100/LR-bicubic-matlab, x4)---- : 24.2012dB / 0.6864
26-01-15 16:57:55.785 : --63 --> BSRGAN --> x4--> 302008.png
26-01-15 16:57:55.851 : ----PSNR/SSIM for (/root/media/quoc-huy/eval-wir/srbenchmarks/BSD100/LR-bicubic-matlab, x4)---- : 25.2007dB / 0.8223
26-01-15 16:57:55.879 : --64 --> BSRGAN --> x4--> 304034.png
26-01-15 16:57:55.944 : ----PSNR/SSIM for (/root/media/quoc-huy/eval-wir/srbenchmarks/BSD100/LR-bicubic-matlab, x4)---- : 21.0298dB / 0.4890
26-01-15 16:57:55.973 : --65 --> BSRGAN --> x4--> 304074.png
26-01-15 16:57:56.039 : ----PSNR/SSIM for (/root/media/quoc-huy/eval-wir/srbenchmarks/BSD100/LR-bicubic-matlab, x4)---- : 22.9128dB / 0.4835
26-01-15 16:57:56.067 : --66 --> BSRGAN --> x4--> 306005.png
26-01-15 16:57:56.132 : ----PSNR/SSIM for (/root/media/quoc-huy/eval-wir/srbenchmarks/BSD100/LR-bicubic-matlab, x4)---- : 23.1328dB / 0.6166
26-01-15 16:57:56.161 : --67 --> BSRGAN --> x4--> 3096.png
26-01-15 16:57:56.226 : ----PSNR/SSIM for (/root/media/quoc-huy/eval-wir/srbenchmarks/BSD100/LR-bicubic-matlab, x4)---- : 33.8971dB / 0.9557
26-01-15 16:57:56.255 : --68 --> BSRGAN --> x4--> 33039.png
26-01-15 16:57:56.321 : ----PSNR/SSIM for (/root/media/quoc-huy/eval-wir/srbenchmarks/BSD100/LR-bicubic-matlab, x4)---- : 18.0234dB / 0.4378
26-01-15 16:57:56.350 : --69 --> BSRGAN --> x4--> 351093.png
26-01-15 16:57:56.415 : ----PSNR/SSIM for (/root/media/quoc-huy/eval-wir/srbenchmarks/BSD100/LR-bicubic-matlab, x4)---- : 17.7920dB / 0.4790
26-01-15 16:57:56.444 : --70 --> BSRGAN --> x4--> 361010.png
26-01-15 16:57:56.510 : ----PSNR/SSIM for (/root/media/quoc-huy/eval-wir/srbenchmarks/BSD100/LR-bicubic-matlab, x4)---- : 21.9057dB / 0.6661
26-01-15 16:57:56.538 : --71 --> BSRGAN --> x4--> 37073.png
26-01-15 16:57:56.604 : ----PSNR/SSIM for (/root/media/quoc-huy/eval-wir/srbenchmarks/BSD100/LR-bicubic-matlab, x4)---- : 27.1494dB / 0.7243
26-01-15 16:57:56.632 : --72 --> BSRGAN --> x4--> 376043.png
26-01-15 16:57:56.698 : ----PSNR/SSIM for (/root/media/quoc-huy/eval-wir/srbenchmarks/BSD100/LR-bicubic-matlab, x4)---- : 21.8899dB / 0.4232
26-01-15 16:57:56.728 : --73 --> BSRGAN --> x4--> 38082.png
26-01-15 16:57:56.793 : ----PSNR/SSIM for (/root/media/quoc-huy/eval-wir/srbenchmarks/BSD100/LR-bicubic-matlab, x4)---- : 24.2302dB / 0.4548
26-01-15 16:57:56.821 : --74 --> BSRGAN --> x4--> 38092.png
26-01-15 16:57:56.887 : ----PSNR/SSIM for (/root/media/quoc-huy/eval-wir/srbenchmarks/BSD100/LR-bicubic-matlab, x4)---- : 22.9141dB / 0.5865
26-01-15 16:57:56.914 : --75 --> BSRGAN --> x4--> 385039.png
26-01-15 16:57:56.980 : ----PSNR/SSIM for (/root/media/quoc-huy/eval-wir/srbenchmarks/BSD100/LR-bicubic-matlab, x4)---- : 21.4350dB / 0.5990
26-01-15 16:57:57.009 : --76 --> BSRGAN --> x4--> 41033.png
26-01-15 16:57:57.074 : ----PSNR/SSIM for (/root/media/quoc-huy/eval-wir/srbenchmarks/BSD100/LR-bicubic-matlab, x4)---- : 27.1387dB / 0.6649
26-01-15 16:57:57.102 : --77 --> BSRGAN --> x4--> 41069.png
26-01-15 16:57:57.167 : ----PSNR/SSIM for (/root/media/quoc-huy/eval-wir/srbenchmarks/BSD100/LR-bicubic-matlab, x4)---- : 21.2822dB / 0.3377
26-01-15 16:57:57.197 : --78 --> BSRGAN --> x4--> 42012.png
26-01-15 16:57:57.264 : ----PSNR/SSIM for (/root/media/quoc-huy/eval-wir/srbenchmarks/BSD100/LR-bicubic-matlab, x4)---- : 26.2285dB / 0.7083
26-01-15 16:57:57.293 : --79 --> BSRGAN --> x4--> 42049.png
26-01-15 16:57:57.358 : ----PSNR/SSIM for (/root/media/quoc-huy/eval-wir/srbenchmarks/BSD100/LR-bicubic-matlab, x4)---- : 27.4933dB / 0.9121
26-01-15 16:57:57.387 : --80 --> BSRGAN --> x4--> 43074.png
26-01-15 16:57:57.453 : ----PSNR/SSIM for (/root/media/quoc-huy/eval-wir/srbenchmarks/BSD100/LR-bicubic-matlab, x4)---- : 27.1793dB / 0.7386
26-01-15 16:57:57.481 : --81 --> BSRGAN --> x4--> 45096.png
26-01-15 16:57:57.546 : ----PSNR/SSIM for (/root/media/quoc-huy/eval-wir/srbenchmarks/BSD100/LR-bicubic-matlab, x4)---- : 30.6167dB / 0.8777
26-01-15 16:57:57.575 : --82 --> BSRGAN --> x4--> 54082.png
26-01-15 16:57:57.641 : ----PSNR/SSIM for (/root/media/quoc-huy/eval-wir/srbenchmarks/BSD100/LR-bicubic-matlab, x4)---- : 25.9431dB / 0.6347
26-01-15 16:57:57.670 : --83 --> BSRGAN --> x4--> 55073.png
26-01-15 16:57:57.736 : ----PSNR/SSIM for (/root/media/quoc-huy/eval-wir/srbenchmarks/BSD100/LR-bicubic-matlab, x4)---- : 19.3360dB / 0.3822
26-01-15 16:57:57.765 : --84 --> BSRGAN --> x4--> 58060.png
26-01-15 16:57:57.831 : ----PSNR/SSIM for (/root/media/quoc-huy/eval-wir/srbenchmarks/BSD100/LR-bicubic-matlab, x4)---- : 18.9161dB / 0.4956
26-01-15 16:57:57.860 : --85 --> BSRGAN --> x4--> 62096.png
26-01-15 16:57:57.925 : ----PSNR/SSIM for (/root/media/quoc-huy/eval-wir/srbenchmarks/BSD100/LR-bicubic-matlab, x4)---- : 18.1023dB / 0.5731
26-01-15 16:57:57.953 : --86 --> BSRGAN --> x4--> 65033.png
26-01-15 16:57:58.018 : ----PSNR/SSIM for (/root/media/quoc-huy/eval-wir/srbenchmarks/BSD100/LR-bicubic-matlab, x4)---- : 21.2382dB / 0.4278
26-01-15 16:57:58.046 : --87 --> BSRGAN --> x4--> 66053.png
26-01-15 16:57:58.111 : ----PSNR/SSIM for (/root/media/quoc-huy/eval-wir/srbenchmarks/BSD100/LR-bicubic-matlab, x4)---- : 24.4268dB / 0.5755
26-01-15 16:57:58.141 : --88 --> BSRGAN --> x4--> 69015.png
26-01-15 16:57:58.208 : ----PSNR/SSIM for (/root/media/quoc-huy/eval-wir/srbenchmarks/BSD100/LR-bicubic-matlab, x4)---- : 26.4924dB / 0.6565
26-01-15 16:57:58.236 : --89 --> BSRGAN --> x4--> 69020.png
26-01-15 16:57:58.301 : ----PSNR/SSIM for (/root/media/quoc-huy/eval-wir/srbenchmarks/BSD100/LR-bicubic-matlab, x4)---- : 24.4474dB / 0.4236
26-01-15 16:57:58.331 : --90 --> BSRGAN --> x4--> 69040.png
26-01-15 16:57:58.397 : ----PSNR/SSIM for (/root/media/quoc-huy/eval-wir/srbenchmarks/BSD100/LR-bicubic-matlab, x4)---- : 22.3339dB / 0.4975
26-01-15 16:57:58.425 : --91 --> BSRGAN --> x4--> 76053.png
26-01-15 16:57:58.490 : ----PSNR/SSIM for (/root/media/quoc-huy/eval-wir/srbenchmarks/BSD100/LR-bicubic-matlab, x4)---- : 25.8023dB / 0.5774
26-01-15 16:57:58.520 : --92 --> BSRGAN --> x4--> 78004.png
26-01-15 16:57:58.586 : ----PSNR/SSIM for (/root/media/quoc-huy/eval-wir/srbenchmarks/BSD100/LR-bicubic-matlab, x4)---- : 23.4439dB / 0.6409
26-01-15 16:57:58.615 : --93 --> BSRGAN --> x4--> 8023.png
26-01-15 16:57:58.681 : ----PSNR/SSIM for (/root/media/quoc-huy/eval-wir/srbenchmarks/BSD100/LR-bicubic-matlab, x4)---- : 26.3256dB / 0.7375
26-01-15 16:57:58.710 : --94 --> BSRGAN --> x4--> 85048.png
26-01-15 16:57:58.776 : ----PSNR/SSIM for (/root/media/quoc-huy/eval-wir/srbenchmarks/BSD100/LR-bicubic-matlab, x4)---- : 19.5234dB / 0.4787
26-01-15 16:57:58.804 : --95 --> BSRGAN --> x4--> 86000.png
26-01-15 16:57:58.871 : ----PSNR/SSIM for (/root/media/quoc-huy/eval-wir/srbenchmarks/BSD100/LR-bicubic-matlab, x4)---- : 22.6698dB / 0.6864
26-01-15 16:57:58.899 : --96 --> BSRGAN --> x4--> 86016.png
26-01-15 16:57:58.964 : ----PSNR/SSIM for (/root/media/quoc-huy/eval-wir/srbenchmarks/BSD100/LR-bicubic-matlab, x4)---- : 19.7975dB / 0.2011
26-01-15 16:57:58.992 : --97 --> BSRGAN --> x4--> 86068.png
26-01-15 16:57:59.057 : ----PSNR/SSIM for (/root/media/quoc-huy/eval-wir/srbenchmarks/BSD100/LR-bicubic-matlab, x4)---- : 24.6578dB / 0.4374
26-01-15 16:57:59.085 : --98 --> BSRGAN --> x4--> 87046.png
26-01-15 16:57:59.151 : ----PSNR/SSIM for (/root/media/quoc-huy/eval-wir/srbenchmarks/BSD100/LR-bicubic-matlab, x4)---- : 21.3805dB / 0.6084
26-01-15 16:57:59.179 : --99 --> BSRGAN --> x4--> 89072.png
26-01-15 16:57:59.245 : ----PSNR/SSIM for (/root/media/quoc-huy/eval-wir/srbenchmarks/BSD100/LR-bicubic-matlab, x4)---- : 24.0802dB / 0.6288
26-01-15 16:57:59.274 : -100 --> BSRGAN --> x4--> 97033.png
26-01-15 16:57:59.340 : ----PSNR/SSIM for (/root/media/quoc-huy/eval-wir/srbenchmarks/BSD100/LR-bicubic-matlab, x4)---- : 19.7494dB / 0.5050
26-01-15 16:57:59.368 : ----Average PSNR/SSIM for (/root/media/quoc-huy/eval-wir/srbenchmarks/BSD100/LR-bicubic-matlab, x4)---- : 23.3883dB / 0.6065
26-01-15 16:57:59.368 :  
26-01-15 16:57:59.368 : ----Average LPIPS / NIQE---- : 0.3188 / 4.4348
26-01-15 16:57:59.368 : Computing FID...
26-01-15 16:58:05.427 : ----FID---- : 136.9366
26-01-15 16:58:54.442 :       Model Name : BSRGAN
26-01-15 16:58:55.562 :       Input Path : /root/media/quoc-huy/eval-wir/srbenchmarks/Set14/LR-bicubic-matlab
26-01-15 16:58:55.562 :      Output Path : /root/quoc-huy/all-tested-results/BSRGAN/Set14-bic-matlab
26-01-15 16:58:55.563 : ---1 --> BSRGAN --> x4--> baboon.png
26-01-15 16:58:55.774 : ----PSNR/SSIM for (/root/media/quoc-huy/eval-wir/srbenchmarks/Set14/LR-bicubic-matlab, x4)---- : 20.1310dB / 0.3951
26-01-15 16:58:55.949 : ---2 --> BSRGAN --> x4--> barbara.png
26-01-15 16:58:56.135 : ----PSNR/SSIM for (/root/media/quoc-huy/eval-wir/srbenchmarks/Set14/LR-bicubic-matlab, x4)---- : 23.1750dB / 0.6554
26-01-15 16:58:56.173 : ---3 --> BSRGAN --> x4--> bridge.png
26-01-15 16:58:56.289 : ----PSNR/SSIM for (/root/media/quoc-huy/eval-wir/srbenchmarks/Set14/LR-bicubic-matlab, x4)---- : 21.0758dB / 0.4924
26-01-15 16:58:56.324 : ---4 --> BSRGAN --> x4--> coastguard.png
26-01-15 16:58:56.381 : ----PSNR/SSIM for (/root/media/quoc-huy/eval-wir/srbenchmarks/Set14/LR-bicubic-matlab, x4)---- : 23.6325dB / 0.4510
26-01-15 16:58:56.418 : ---5 --> BSRGAN --> x4--> comic.png
26-01-15 16:58:56.472 : ----PSNR/SSIM for (/root/media/quoc-huy/eval-wir/srbenchmarks/Set14/LR-bicubic-matlab, x4)---- : 18.7486dB / 0.4605
26-01-15 16:58:56.504 : ---6 --> BSRGAN --> x4--> face.png
26-01-15 16:58:56.551 : ----PSNR/SSIM for (/root/media/quoc-huy/eval-wir/srbenchmarks/Set14/LR-bicubic-matlab, x4)---- : 29.0688dB / 0.6549
26-01-15 16:58:56.583 : ---7 --> BSRGAN --> x4--> flowers.png
26-01-15 16:58:56.671 : ----PSNR/SSIM for (/root/media/quoc-huy/eval-wir/srbenchmarks/Set14/LR-bicubic-matlab, x4)---- : 23.2280dB / 0.6615
26-01-15 16:58:56.704 : ---8 --> BSRGAN --> x4--> foreman.png
26-01-15 16:58:56.756 : ----PSNR/SSIM for (/root/media/quoc-huy/eval-wir/srbenchmarks/Set14/LR-bicubic-matlab, x4)---- : 25.8805dB / 0.8360
26-01-15 16:58:56.784 : ---9 --> BSRGAN --> x4--> lenna.png
26-01-15 16:58:56.896 : ----PSNR/SSIM for (/root/media/quoc-huy/eval-wir/srbenchmarks/Set14/LR-bicubic-matlab, x4)---- : 28.0899dB / 0.7788
26-01-15 16:58:56.928 : --10 --> BSRGAN --> x4--> man.png
26-01-15 16:58:57.039 : ----PSNR/SSIM for (/root/media/quoc-huy/eval-wir/srbenchmarks/Set14/LR-bicubic-matlab, x4)---- : 21.0685dB / 0.5743
26-01-15 16:58:57.071 : --11 --> BSRGAN --> x4--> monarch.png
26-01-15 16:58:57.243 : ----PSNR/SSIM for (/root/media/quoc-huy/eval-wir/srbenchmarks/Set14/LR-bicubic-matlab, x4)---- : 26.9153dB / 0.8763
26-01-15 16:58:57.282 : --12 --> BSRGAN --> x4--> pepper.png
26-01-15 16:58:57.396 : ----PSNR/SSIM for (/root/media/quoc-huy/eval-wir/srbenchmarks/Set14/LR-bicubic-matlab, x4)---- : 23.4721dB / 0.7183
26-01-15 16:58:57.429 : --13 --> BSRGAN --> x4--> ppt3.png
26-01-15 16:58:57.582 : ----PSNR/SSIM for (/root/media/quoc-huy/eval-wir/srbenchmarks/Set14/LR-bicubic-matlab, x4)---- : 12.1407dB / 0.6550
26-01-15 16:58:57.619 : --14 --> BSRGAN --> x4--> zebra.png
26-01-15 16:58:57.733 : ----PSNR/SSIM for (/root/media/quoc-huy/eval-wir/srbenchmarks/Set14/LR-bicubic-matlab, x4)---- : 17.2896dB / 0.4413
26-01-15 16:58:57.767 : ----Average PSNR/SSIM for (/root/media/quoc-huy/eval-wir/srbenchmarks/Set14/LR-bicubic-matlab, x4)---- : 22.4226dB / 0.6179
26-01-15 16:58:57.767 :  
26-01-15 16:58:57.767 : ----Average LPIPS / NIQE---- : 0.3120 / 4.8676
26-01-15 16:58:57.767 : Computing FID...
26-01-15 16:59:02.600 : ----FID---- : 167.5224
26-01-15 17:00:04.148 :       Model Name : BSRGAN
26-01-15 17:00:05.266 :       Input Path : /root/media/quoc-huy/eval-wir/srbenchmarks/Set14/LR-bicubic-matlab
26-01-15 17:00:05.266 :      Output Path : /root/quoc-huy/all-tested-results/BSRGAN/Set14-bic-matlab
26-01-15 17:00:05.266 : ---1 --> BSRGAN --> x4--> baboon.png
26-01-15 17:00:05.477 : ----PSNR/SSIM for (/root/media/quoc-huy/eval-wir/srbenchmarks/Set14/LR-bicubic-matlab, x4)---- : 20.1310dB / 0.3951
26-01-15 17:00:05.665 : ---2 --> BSRGAN --> x4--> barbara.png
26-01-15 17:00:05.847 : ----PSNR/SSIM for (/root/media/quoc-huy/eval-wir/srbenchmarks/Set14/LR-bicubic-matlab, x4)---- : 23.1750dB / 0.6554
26-01-15 17:00:05.887 : ---3 --> BSRGAN --> x4--> bridge.png
26-01-15 17:00:06.005 : ----PSNR/SSIM for (/root/media/quoc-huy/eval-wir/srbenchmarks/Set14/LR-bicubic-matlab, x4)---- : 21.0758dB / 0.4924
26-01-15 17:00:06.040 : ---4 --> BSRGAN --> x4--> coastguard.png
26-01-15 17:00:06.095 : ----PSNR/SSIM for (/root/media/quoc-huy/eval-wir/srbenchmarks/Set14/LR-bicubic-matlab, x4)---- : 23.6325dB / 0.4510
26-01-15 17:00:06.131 : ---5 --> BSRGAN --> x4--> comic.png
26-01-15 17:00:06.185 : ----PSNR/SSIM for (/root/media/quoc-huy/eval-wir/srbenchmarks/Set14/LR-bicubic-matlab, x4)---- : 18.7486dB / 0.4605
26-01-15 17:00:06.217 : ---6 --> BSRGAN --> x4--> face.png
26-01-15 17:00:06.263 : ----PSNR/SSIM for (/root/media/quoc-huy/eval-wir/srbenchmarks/Set14/LR-bicubic-matlab, x4)---- : 29.0688dB / 0.6549
26-01-15 17:00:06.295 : ---7 --> BSRGAN --> x4--> flowers.png
26-01-15 17:00:06.383 : ----PSNR/SSIM for (/root/media/quoc-huy/eval-wir/srbenchmarks/Set14/LR-bicubic-matlab, x4)---- : 23.2280dB / 0.6615
26-01-15 17:00:06.416 : ---8 --> BSRGAN --> x4--> foreman.png
26-01-15 17:00:06.469 : ----PSNR/SSIM for (/root/media/quoc-huy/eval-wir/srbenchmarks/Set14/LR-bicubic-matlab, x4)---- : 25.8805dB / 0.8360
26-01-15 17:00:06.497 : ---9 --> BSRGAN --> x4--> lenna.png
26-01-15 17:00:06.609 : ----PSNR/SSIM for (/root/media/quoc-huy/eval-wir/srbenchmarks/Set14/LR-bicubic-matlab, x4)---- : 28.0899dB / 0.7788
26-01-15 17:00:06.641 : --10 --> BSRGAN --> x4--> man.png
26-01-15 17:00:06.752 : ----PSNR/SSIM for (/root/media/quoc-huy/eval-wir/srbenchmarks/Set14/LR-bicubic-matlab, x4)---- : 21.0685dB / 0.5743
26-01-15 17:00:06.784 : --11 --> BSRGAN --> x4--> monarch.png
26-01-15 17:00:06.955 : ----PSNR/SSIM for (/root/media/quoc-huy/eval-wir/srbenchmarks/Set14/LR-bicubic-matlab, x4)---- : 26.9153dB / 0.8763
26-01-15 17:00:06.993 : --12 --> BSRGAN --> x4--> pepper.png
26-01-15 17:00:07.107 : ----PSNR/SSIM for (/root/media/quoc-huy/eval-wir/srbenchmarks/Set14/LR-bicubic-matlab, x4)---- : 23.4721dB / 0.7183
26-01-15 17:00:07.139 : --13 --> BSRGAN --> x4--> ppt3.png
26-01-15 17:00:07.293 : ----PSNR/SSIM for (/root/media/quoc-huy/eval-wir/srbenchmarks/Set14/LR-bicubic-matlab, x4)---- : 12.1407dB / 0.6550
26-01-15 17:00:07.329 : --14 --> BSRGAN --> x4--> zebra.png
26-01-15 17:00:07.434 : ----PSNR/SSIM for (/root/media/quoc-huy/eval-wir/srbenchmarks/Set14/LR-bicubic-matlab, x4)---- : 17.2896dB / 0.4413
26-01-15 17:00:07.468 : ----Average PSNR/SSIM for (/root/media/quoc-huy/eval-wir/srbenchmarks/Set14/LR-bicubic-matlab, x4)---- : 22.4226dB / 0.6179
26-01-15 17:00:07.468 :  
26-01-15 17:00:07.468 : ----Average LPIPS / NIQE---- : 0.3120 / 4.8676
26-01-15 17:00:07.469 : Computing FID...
26-01-15 17:00:12.662 : ----FID---- : 167.5224
26-01-15 17:00:17.521 :       Model Name : BSRGAN
26-01-15 17:00:18.643 :       Input Path : /root/media/quoc-huy/eval-wir/srbenchmarks/Set5/LR-bicubic-matlab
26-01-15 17:00:18.643 :      Output Path : /root/quoc-huy/all-tested-results/BSRGAN/Set5-bic-matlab
26-01-15 17:00:18.643 : ---1 --> BSRGAN --> x4--> baby.png
26-01-15 17:00:18.860 : ----PSNR/SSIM for (/root/media/quoc-huy/eval-wir/srbenchmarks/Set5/LR-bicubic-matlab, x4)---- : 27.7638dB / 0.7725
26-01-15 17:00:19.036 : ---2 --> BSRGAN --> x4--> bird.png
26-01-15 17:00:19.086 : ----PSNR/SSIM for (/root/media/quoc-huy/eval-wir/srbenchmarks/Set5/LR-bicubic-matlab, x4)---- : 27.4533dB / 0.7847
26-01-15 17:00:19.124 : ---3 --> BSRGAN --> x4--> butterfly.png
26-01-15 17:00:19.170 : ----PSNR/SSIM for (/root/media/quoc-huy/eval-wir/srbenchmarks/Set5/LR-bicubic-matlab, x4)---- : 21.8608dB / 0.8087
26-01-15 17:00:19.202 : ---4 --> BSRGAN --> x4--> head.png
26-01-15 17:00:19.249 : ----PSNR/SSIM for (/root/media/quoc-huy/eval-wir/srbenchmarks/Set5/LR-bicubic-matlab, x4)---- : 29.1451dB / 0.6615
26-01-15 17:00:19.281 : ---5 --> BSRGAN --> x4--> woman.png
26-01-15 17:00:19.323 : ----PSNR/SSIM for (/root/media/quoc-huy/eval-wir/srbenchmarks/Set5/LR-bicubic-matlab, x4)---- : 25.7027dB / 0.8196
26-01-15 17:00:19.356 : ----Average PSNR/SSIM for (/root/media/quoc-huy/eval-wir/srbenchmarks/Set5/LR-bicubic-matlab, x4)---- : 26.3851dB / 0.7694
26-01-15 17:00:19.356 :  
26-01-15 17:00:19.356 : ----Average LPIPS / NIQE---- : 0.1737 / 6.0460
26-01-15 17:00:19.356 : Computing FID...
26-01-15 17:00:24.326 : ----FID---- : 103.4904
26-01-15 17:00:59.009 :       Model Name : BSRNet
26-01-15 17:01:00.123 :       Input Path : /root/media/quoc-huy/eval-wir/srbenchmarks/Set5/LR-bicubic-matlab
26-01-15 17:01:00.124 :      Output Path : /root/quoc-huy/all-tested-results/BSRGAN/Set5-bic-matlab
26-01-15 17:01:00.124 : ---1 --> BSRNet --> x4--> baby.png
26-01-15 17:01:00.340 : ----PSNR/SSIM for (/root/media/quoc-huy/eval-wir/srbenchmarks/Set5/LR-bicubic-matlab, x4)---- : 30.6906dB / 0.8570
26-01-15 17:01:00.508 : ---2 --> BSRNet --> x4--> bird.png
26-01-15 17:01:00.557 : ----PSNR/SSIM for (/root/media/quoc-huy/eval-wir/srbenchmarks/Set5/LR-bicubic-matlab, x4)---- : 29.3423dB / 0.8437
26-01-15 17:01:00.595 : ---3 --> BSRNet --> x4--> butterfly.png
26-01-15 17:01:00.640 : ----PSNR/SSIM for (/root/media/quoc-huy/eval-wir/srbenchmarks/Set5/LR-bicubic-matlab, x4)---- : 24.4673dB / 0.8705
26-01-15 17:01:00.672 : ---4 --> BSRNet --> x4--> head.png
26-01-15 17:01:00.719 : ----PSNR/SSIM for (/root/media/quoc-huy/eval-wir/srbenchmarks/Set5/LR-bicubic-matlab, x4)---- : 30.4836dB / 0.6939
26-01-15 17:01:00.751 : ---5 --> BSRNet --> x4--> woman.png
26-01-15 17:01:00.793 : ----PSNR/SSIM for (/root/media/quoc-huy/eval-wir/srbenchmarks/Set5/LR-bicubic-matlab, x4)---- : 27.6263dB / 0.8657
26-01-15 17:01:00.825 : ----Average PSNR/SSIM for (/root/media/quoc-huy/eval-wir/srbenchmarks/Set5/LR-bicubic-matlab, x4)---- : 28.5220dB / 0.8262
26-01-15 17:01:00.825 :  
26-01-15 17:01:00.825 : ----Average LPIPS / NIQE---- : 0.2428 / 8.7028
26-01-15 17:01:00.825 : Computing FID...
26-01-15 17:01:05.297 : ----FID---- : 103.4904
26-01-15 17:03:15.409 :       Model Name : BSRNet
26-01-15 17:03:16.518 :       Input Path : /root/media/quoc-huy/eval-wir/srbenchmarks/Set14/LR-bicubic-matlab
26-01-15 17:03:16.518 :      Output Path : /root/quoc-huy/all-tested-results/BSRGAN/Set14-bic-matlab
26-01-15 17:03:16.518 : ---1 --> BSRNet --> x4--> baboon.png
26-01-15 17:03:16.724 : ----PSNR/SSIM for (/root/media/quoc-huy/eval-wir/srbenchmarks/Set14/LR-bicubic-matlab, x4)---- : 21.1091dB / 0.4443
26-01-15 17:03:16.907 : ---2 --> BSRNet --> x4--> barbara.png
26-01-15 17:03:17.095 : ----PSNR/SSIM for (/root/media/quoc-huy/eval-wir/srbenchmarks/Set14/LR-bicubic-matlab, x4)---- : 23.8967dB / 0.7155
26-01-15 17:03:17.135 : ---3 --> BSRNet --> x4--> bridge.png
26-01-15 17:03:17.257 : ----PSNR/SSIM for (/root/media/quoc-huy/eval-wir/srbenchmarks/Set14/LR-bicubic-matlab, x4)---- : 21.4806dB / 0.5422
26-01-15 17:03:17.292 : ---4 --> BSRNet --> x4--> coastguard.png
26-01-15 17:03:17.347 : ----PSNR/SSIM for (/root/media/quoc-huy/eval-wir/srbenchmarks/Set14/LR-bicubic-matlab, x4)---- : 24.1905dB / 0.4815
26-01-15 17:03:17.383 : ---5 --> BSRNet --> x4--> comic.png
26-01-15 17:03:17.436 : ----PSNR/SSIM for (/root/media/quoc-huy/eval-wir/srbenchmarks/Set14/LR-bicubic-matlab, x4)---- : 19.3975dB / 0.5078
26-01-15 17:03:17.468 : ---6 --> BSRNet --> x4--> face.png
26-01-15 17:03:17.514 : ----PSNR/SSIM for (/root/media/quoc-huy/eval-wir/srbenchmarks/Set14/LR-bicubic-matlab, x4)---- : 30.4840dB / 0.6922
26-01-15 17:03:17.546 : ---7 --> BSRNet --> x4--> flowers.png
26-01-15 17:03:17.634 : ----PSNR/SSIM for (/root/media/quoc-huy/eval-wir/srbenchmarks/Set14/LR-bicubic-matlab, x4)---- : 23.9511dB / 0.6884
26-01-15 17:03:17.667 : ---8 --> BSRNet --> x4--> foreman.png
26-01-15 17:03:17.720 : ----PSNR/SSIM for (/root/media/quoc-huy/eval-wir/srbenchmarks/Set14/LR-bicubic-matlab, x4)---- : 28.1512dB / 0.8864
26-01-15 17:03:17.748 : ---9 --> BSRNet --> x4--> lenna.png
26-01-15 17:03:17.859 : ----PSNR/SSIM for (/root/media/quoc-huy/eval-wir/srbenchmarks/Set14/LR-bicubic-matlab, x4)---- : 29.5682dB / 0.8093
26-01-15 17:03:17.890 : --10 --> BSRNet --> x4--> man.png
26-01-15 17:03:18.001 : ----PSNR/SSIM for (/root/media/quoc-huy/eval-wir/srbenchmarks/Set14/LR-bicubic-matlab, x4)---- : 21.6675dB / 0.5672
26-01-15 17:03:18.033 : --11 --> BSRNet --> x4--> monarch.png
26-01-15 17:03:18.205 : ----PSNR/SSIM for (/root/media/quoc-huy/eval-wir/srbenchmarks/Set14/LR-bicubic-matlab, x4)---- : 28.9732dB / 0.9095
26-01-15 17:03:18.244 : --12 --> BSRNet --> x4--> pepper.png
26-01-15 17:03:18.390 : ----PSNR/SSIM for (/root/media/quoc-huy/eval-wir/srbenchmarks/Set14/LR-bicubic-matlab, x4)---- : 23.4839dB / 0.7443
26-01-15 17:03:18.421 : --13 --> BSRNet --> x4--> ppt3.png
26-01-15 17:03:18.605 : ----PSNR/SSIM for (/root/media/quoc-huy/eval-wir/srbenchmarks/Set14/LR-bicubic-matlab, x4)---- : 12.3349dB / 0.6437
26-01-15 17:03:18.641 : --14 --> BSRNet --> x4--> zebra.png
26-01-15 17:03:18.779 : ----PSNR/SSIM for (/root/media/quoc-huy/eval-wir/srbenchmarks/Set14/LR-bicubic-matlab, x4)---- : 17.9208dB / 0.4481
26-01-15 17:03:18.813 : ----Average PSNR/SSIM for (/root/media/quoc-huy/eval-wir/srbenchmarks/Set14/LR-bicubic-matlab, x4)---- : 23.3292dB / 0.6486
26-01-15 17:03:18.813 :  
26-01-15 17:03:18.813 : ----Average LPIPS / NIQE---- : 0.4112 / 7.1812
26-01-15 17:03:18.813 : Computing FID...
26-01-15 17:03:23.756 : ----FID---- : 167.5224
26-01-15 17:04:03.968 :       Model Name : BSRNet
26-01-15 17:04:05.082 :       Input Path : /root/media/quoc-huy/eval-wir/srbenchmarks/BSD100/LR-bicubic-matlab
26-01-15 17:04:05.082 :      Output Path : /root/quoc-huy/all-tested-results/BSRGAN/BSD100-bic-matlab
26-01-15 17:04:05.083 : ---1 --> BSRNet --> x4--> 101085.png
26-01-15 17:04:05.245 : ----PSNR/SSIM for (/root/media/quoc-huy/eval-wir/srbenchmarks/BSD100/LR-bicubic-matlab, x4)---- : 21.1483dB / 0.4577
26-01-15 17:04:05.411 : ---2 --> BSRNet --> x4--> 101087.png
26-01-15 17:04:05.488 : ----PSNR/SSIM for (/root/media/quoc-huy/eval-wir/srbenchmarks/BSD100/LR-bicubic-matlab, x4)---- : 18.8719dB / 0.6716
26-01-15 17:04:05.520 : ---3 --> BSRNet --> x4--> 102061.png
26-01-15 17:04:05.594 : ----PSNR/SSIM for (/root/media/quoc-huy/eval-wir/srbenchmarks/BSD100/LR-bicubic-matlab, x4)---- : 23.6782dB / 0.7338
26-01-15 17:04:05.626 : ---4 --> BSRNet --> x4--> 103070.png
26-01-15 17:04:05.703 : ----PSNR/SSIM for (/root/media/quoc-huy/eval-wir/srbenchmarks/BSD100/LR-bicubic-matlab, x4)---- : 28.6307dB / 0.8060
26-01-15 17:04:05.738 : ---5 --> BSRNet --> x4--> 105025.png
26-01-15 17:04:05.806 : ----PSNR/SSIM for (/root/media/quoc-huy/eval-wir/srbenchmarks/BSD100/LR-bicubic-matlab, x4)---- : 22.6904dB / 0.5657
26-01-15 17:04:05.834 : ---6 --> BSRNet --> x4--> 106024.png
26-01-15 17:04:05.898 : ----PSNR/SSIM for (/root/media/quoc-huy/eval-wir/srbenchmarks/BSD100/LR-bicubic-matlab, x4)---- : 29.3768dB / 0.8571
26-01-15 17:04:05.926 : ---7 --> BSRNet --> x4--> 108005.png
26-01-15 17:04:05.992 : ----PSNR/SSIM for (/root/media/quoc-huy/eval-wir/srbenchmarks/BSD100/LR-bicubic-matlab, x4)---- : 22.9545dB / 0.6319
26-01-15 17:04:06.020 : ---8 --> BSRNet --> x4--> 108070.png
26-01-15 17:04:06.085 : ----PSNR/SSIM for (/root/media/quoc-huy/eval-wir/srbenchmarks/BSD100/LR-bicubic-matlab, x4)---- : 21.1457dB / 0.4742
26-01-15 17:04:06.113 : ---9 --> BSRNet --> x4--> 108082.png
26-01-15 17:04:06.178 : ----PSNR/SSIM for (/root/media/quoc-huy/eval-wir/srbenchmarks/BSD100/LR-bicubic-matlab, x4)---- : 23.5392dB / 0.6937
26-01-15 17:04:06.206 : --10 --> BSRNet --> x4--> 109053.png
26-01-15 17:04:06.272 : ----PSNR/SSIM for (/root/media/quoc-huy/eval-wir/srbenchmarks/BSD100/LR-bicubic-matlab, x4)---- : 27.3792dB / 0.7544
26-01-15 17:04:06.300 : --11 --> BSRNet --> x4--> 119082.png
26-01-15 17:04:06.365 : ----PSNR/SSIM for (/root/media/quoc-huy/eval-wir/srbenchmarks/BSD100/LR-bicubic-matlab, x4)---- : 21.8566dB / 0.6346
26-01-15 17:04:06.393 : --12 --> BSRNet --> x4--> 12084.png
26-01-15 17:04:06.458 : ----PSNR/SSIM for (/root/media/quoc-huy/eval-wir/srbenchmarks/BSD100/LR-bicubic-matlab, x4)---- : 25.3444dB / 0.6406
26-01-15 17:04:06.486 : --13 --> BSRNet --> x4--> 123074.png
26-01-15 17:04:06.552 : ----PSNR/SSIM for (/root/media/quoc-huy/eval-wir/srbenchmarks/BSD100/LR-bicubic-matlab, x4)---- : 28.1929dB / 0.7723
26-01-15 17:04:06.580 : --14 --> BSRNet --> x4--> 126007.png
26-01-15 17:04:06.645 : ----PSNR/SSIM for (/root/media/quoc-huy/eval-wir/srbenchmarks/BSD100/LR-bicubic-matlab, x4)---- : 22.8746dB / 0.7337
26-01-15 17:04:06.673 : --15 --> BSRNet --> x4--> 130026.png
26-01-15 17:04:06.737 : ----PSNR/SSIM for (/root/media/quoc-huy/eval-wir/srbenchmarks/BSD100/LR-bicubic-matlab, x4)---- : 22.2039dB / 0.5509
26-01-15 17:04:06.766 : --16 --> BSRNet --> x4--> 134035.png
26-01-15 17:04:06.831 : ----PSNR/SSIM for (/root/media/quoc-huy/eval-wir/srbenchmarks/BSD100/LR-bicubic-matlab, x4)---- : 22.5973dB / 0.6898
26-01-15 17:04:06.859 : --17 --> BSRNet --> x4--> 14037.png
26-01-15 17:04:06.923 : ----PSNR/SSIM for (/root/media/quoc-huy/eval-wir/srbenchmarks/BSD100/LR-bicubic-matlab, x4)---- : 31.7626dB / 0.8511
26-01-15 17:04:06.951 : --18 --> BSRNet --> x4--> 143090.png
26-01-15 17:04:07.016 : ----PSNR/SSIM for (/root/media/quoc-huy/eval-wir/srbenchmarks/BSD100/LR-bicubic-matlab, x4)---- : 30.5256dB / 0.8599
26-01-15 17:04:07.046 : --19 --> BSRNet --> x4--> 145086.png
26-01-15 17:04:07.112 : ----PSNR/SSIM for (/root/media/quoc-huy/eval-wir/srbenchmarks/BSD100/LR-bicubic-matlab, x4)---- : 22.4003dB / 0.6321
26-01-15 17:04:07.141 : --20 --> BSRNet --> x4--> 147091.png
26-01-15 17:04:07.206 : ----PSNR/SSIM for (/root/media/quoc-huy/eval-wir/srbenchmarks/BSD100/LR-bicubic-matlab, x4)---- : 23.3663dB / 0.7312
26-01-15 17:04:07.235 : --21 --> BSRNet --> x4--> 148026.png
26-01-15 17:04:07.302 : ----PSNR/SSIM for (/root/media/quoc-huy/eval-wir/srbenchmarks/BSD100/LR-bicubic-matlab, x4)---- : 20.0560dB / 0.5939
26-01-15 17:04:07.330 : --22 --> BSRNet --> x4--> 148089.png
26-01-15 17:04:07.397 : ----PSNR/SSIM for (/root/media/quoc-huy/eval-wir/srbenchmarks/BSD100/LR-bicubic-matlab, x4)---- : 21.6561dB / 0.5260
26-01-15 17:04:07.425 : --23 --> BSRNet --> x4--> 156065.png
26-01-15 17:04:07.491 : ----PSNR/SSIM for (/root/media/quoc-huy/eval-wir/srbenchmarks/BSD100/LR-bicubic-matlab, x4)---- : 23.2731dB / 0.4964
26-01-15 17:04:07.521 : --24 --> BSRNet --> x4--> 157055.png
26-01-15 17:04:07.588 : ----PSNR/SSIM for (/root/media/quoc-huy/eval-wir/srbenchmarks/BSD100/LR-bicubic-matlab, x4)---- : 23.2163dB / 0.6861
26-01-15 17:04:07.616 : --25 --> BSRNet --> x4--> 159008.png
26-01-15 17:04:07.682 : ----PSNR/SSIM for (/root/media/quoc-huy/eval-wir/srbenchmarks/BSD100/LR-bicubic-matlab, x4)---- : 24.8640dB / 0.7559
26-01-15 17:04:07.709 : --26 --> BSRNet --> x4--> 160068.png
26-01-15 17:04:07.774 : ----PSNR/SSIM for (/root/media/quoc-huy/eval-wir/srbenchmarks/BSD100/LR-bicubic-matlab, x4)---- : 25.1020dB / 0.8003
26-01-15 17:04:07.802 : --27 --> BSRNet --> x4--> 16077.png
26-01-15 17:04:07.868 : ----PSNR/SSIM for (/root/media/quoc-huy/eval-wir/srbenchmarks/BSD100/LR-bicubic-matlab, x4)---- : 23.9197dB / 0.6172
26-01-15 17:04:07.896 : --28 --> BSRNet --> x4--> 163085.png
26-01-15 17:04:07.961 : ----PSNR/SSIM for (/root/media/quoc-huy/eval-wir/srbenchmarks/BSD100/LR-bicubic-matlab, x4)---- : 27.4879dB / 0.7444
26-01-15 17:04:07.990 : --29 --> BSRNet --> x4--> 167062.png
26-01-15 17:04:08.054 : ----PSNR/SSIM for (/root/media/quoc-huy/eval-wir/srbenchmarks/BSD100/LR-bicubic-matlab, x4)---- : 18.5296dB / 0.7697
26-01-15 17:04:08.083 : --30 --> BSRNet --> x4--> 167083.png
26-01-15 17:04:08.149 : ----PSNR/SSIM for (/root/media/quoc-huy/eval-wir/srbenchmarks/BSD100/LR-bicubic-matlab, x4)---- : 17.8790dB / 0.3894
26-01-15 17:04:08.177 : --31 --> BSRNet --> x4--> 170057.png
26-01-15 17:04:08.242 : ----PSNR/SSIM for (/root/media/quoc-huy/eval-wir/srbenchmarks/BSD100/LR-bicubic-matlab, x4)---- : 27.6677dB / 0.7655
26-01-15 17:04:08.270 : --32 --> BSRNet --> x4--> 175032.png
26-01-15 17:04:08.336 : ----PSNR/SSIM for (/root/media/quoc-huy/eval-wir/srbenchmarks/BSD100/LR-bicubic-matlab, x4)---- : 19.4350dB / 0.3622
26-01-15 17:04:08.364 : --33 --> BSRNet --> x4--> 175043.png
26-01-15 17:04:08.429 : ----PSNR/SSIM for (/root/media/quoc-huy/eval-wir/srbenchmarks/BSD100/LR-bicubic-matlab, x4)---- : 23.4136dB / 0.6099
26-01-15 17:04:08.457 : --34 --> BSRNet --> x4--> 182053.png
26-01-15 17:04:08.522 : ----PSNR/SSIM for (/root/media/quoc-huy/eval-wir/srbenchmarks/BSD100/LR-bicubic-matlab, x4)---- : 22.1243dB / 0.6902
26-01-15 17:04:08.550 : --35 --> BSRNet --> x4--> 189080.png
26-01-15 17:04:08.616 : ----PSNR/SSIM for (/root/media/quoc-huy/eval-wir/srbenchmarks/BSD100/LR-bicubic-matlab, x4)---- : 27.9147dB / 0.8230
26-01-15 17:04:08.645 : --36 --> BSRNet --> x4--> 19021.png
26-01-15 17:04:08.710 : ----PSNR/SSIM for (/root/media/quoc-huy/eval-wir/srbenchmarks/BSD100/LR-bicubic-matlab, x4)---- : 23.4776dB / 0.6453
26-01-15 17:04:08.739 : --37 --> BSRNet --> x4--> 196073.png
26-01-15 17:04:08.803 : ----PSNR/SSIM for (/root/media/quoc-huy/eval-wir/srbenchmarks/BSD100/LR-bicubic-matlab, x4)---- : 26.3451dB / 0.4107
26-01-15 17:04:08.830 : --38 --> BSRNet --> x4--> 197017.png
26-01-15 17:04:08.896 : ----PSNR/SSIM for (/root/media/quoc-huy/eval-wir/srbenchmarks/BSD100/LR-bicubic-matlab, x4)---- : 26.3182dB / 0.6589
26-01-15 17:04:08.925 : --39 --> BSRNet --> x4--> 208001.png
26-01-15 17:04:08.991 : ----PSNR/SSIM for (/root/media/quoc-huy/eval-wir/srbenchmarks/BSD100/LR-bicubic-matlab, x4)---- : 24.6195dB / 0.6053
26-01-15 17:04:09.020 : --40 --> BSRNet --> x4--> 210088.png
26-01-15 17:04:09.087 : ----PSNR/SSIM for (/root/media/quoc-huy/eval-wir/srbenchmarks/BSD100/LR-bicubic-matlab, x4)---- : 30.5256dB / 0.9046
26-01-15 17:04:09.115 : --41 --> BSRNet --> x4--> 21077.png
26-01-15 17:04:09.180 : ----PSNR/SSIM for (/root/media/quoc-huy/eval-wir/srbenchmarks/BSD100/LR-bicubic-matlab, x4)---- : 20.4269dB / 0.5715
26-01-15 17:04:09.208 : --42 --> BSRNet --> x4--> 216081.png
26-01-15 17:04:09.274 : ----PSNR/SSIM for (/root/media/quoc-huy/eval-wir/srbenchmarks/BSD100/LR-bicubic-matlab, x4)---- : 23.0170dB / 0.6197
26-01-15 17:04:09.302 : --43 --> BSRNet --> x4--> 219090.png
26-01-15 17:04:09.367 : ----PSNR/SSIM for (/root/media/quoc-huy/eval-wir/srbenchmarks/BSD100/LR-bicubic-matlab, x4)---- : 24.6737dB / 0.7004
26-01-15 17:04:09.395 : --44 --> BSRNet --> x4--> 220075.png
26-01-15 17:04:09.461 : ----PSNR/SSIM for (/root/media/quoc-huy/eval-wir/srbenchmarks/BSD100/LR-bicubic-matlab, x4)---- : 21.8257dB / 0.7580
26-01-15 17:04:09.489 : --45 --> BSRNet --> x4--> 223061.png
26-01-15 17:04:09.554 : ----PSNR/SSIM for (/root/media/quoc-huy/eval-wir/srbenchmarks/BSD100/LR-bicubic-matlab, x4)---- : 23.0647dB / 0.6483
26-01-15 17:04:09.582 : --46 --> BSRNet --> x4--> 227092.png
26-01-15 17:04:09.648 : ----PSNR/SSIM for (/root/media/quoc-huy/eval-wir/srbenchmarks/BSD100/LR-bicubic-matlab, x4)---- : 32.7577dB / 0.8322
26-01-15 17:04:09.677 : --47 --> BSRNet --> x4--> 229036.png
26-01-15 17:04:09.741 : ----PSNR/SSIM for (/root/media/quoc-huy/eval-wir/srbenchmarks/BSD100/LR-bicubic-matlab, x4)---- : 18.8255dB / 0.4354
26-01-15 17:04:09.769 : --48 --> BSRNet --> x4--> 236037.png
26-01-15 17:04:09.834 : ----PSNR/SSIM for (/root/media/quoc-huy/eval-wir/srbenchmarks/BSD100/LR-bicubic-matlab, x4)---- : 23.3153dB / 0.5716
26-01-15 17:04:09.863 : --49 --> BSRNet --> x4--> 24077.png
26-01-15 17:04:09.929 : ----PSNR/SSIM for (/root/media/quoc-huy/eval-wir/srbenchmarks/BSD100/LR-bicubic-matlab, x4)---- : 16.7560dB / 0.5929
26-01-15 17:04:09.958 : --50 --> BSRNet --> x4--> 241004.png
26-01-15 17:04:10.022 : ----PSNR/SSIM for (/root/media/quoc-huy/eval-wir/srbenchmarks/BSD100/LR-bicubic-matlab, x4)---- : 25.8974dB / 0.7546
26-01-15 17:04:10.050 : --51 --> BSRNet --> x4--> 241048.png
26-01-15 17:04:10.114 : ----PSNR/SSIM for (/root/media/quoc-huy/eval-wir/srbenchmarks/BSD100/LR-bicubic-matlab, x4)---- : 20.8141dB / 0.4698
26-01-15 17:04:10.143 : --52 --> BSRNet --> x4--> 253027.png
26-01-15 17:04:10.208 : ----PSNR/SSIM for (/root/media/quoc-huy/eval-wir/srbenchmarks/BSD100/LR-bicubic-matlab, x4)---- : 19.9316dB / 0.6029
26-01-15 17:04:10.237 : --53 --> BSRNet --> x4--> 253055.png
26-01-15 17:04:10.302 : ----PSNR/SSIM for (/root/media/quoc-huy/eval-wir/srbenchmarks/BSD100/LR-bicubic-matlab, x4)---- : 30.2128dB / 0.7903
26-01-15 17:04:10.330 : --54 --> BSRNet --> x4--> 260058.png
26-01-15 17:04:10.395 : ----PSNR/SSIM for (/root/media/quoc-huy/eval-wir/srbenchmarks/BSD100/LR-bicubic-matlab, x4)---- : 30.7002dB / 0.7441
26-01-15 17:04:10.423 : --55 --> BSRNet --> x4--> 271035.png
26-01-15 17:04:10.491 : ----PSNR/SSIM for (/root/media/quoc-huy/eval-wir/srbenchmarks/BSD100/LR-bicubic-matlab, x4)---- : 24.7198dB / 0.6812
26-01-15 17:04:10.519 : --56 --> BSRNet --> x4--> 285079.png
26-01-15 17:04:10.586 : ----PSNR/SSIM for (/root/media/quoc-huy/eval-wir/srbenchmarks/BSD100/LR-bicubic-matlab, x4)---- : 20.3503dB / 0.4974
26-01-15 17:04:10.615 : --57 --> BSRNet --> x4--> 291000.png
26-01-15 17:04:10.680 : ----PSNR/SSIM for (/root/media/quoc-huy/eval-wir/srbenchmarks/BSD100/LR-bicubic-matlab, x4)---- : 19.2985dB / 0.2895
26-01-15 17:04:10.708 : --58 --> BSRNet --> x4--> 295087.png
26-01-15 17:04:10.773 : ----PSNR/SSIM for (/root/media/quoc-huy/eval-wir/srbenchmarks/BSD100/LR-bicubic-matlab, x4)---- : 25.6815dB / 0.6647
26-01-15 17:04:10.801 : --59 --> BSRNet --> x4--> 296007.png
26-01-15 17:04:10.866 : ----PSNR/SSIM for (/root/media/quoc-huy/eval-wir/srbenchmarks/BSD100/LR-bicubic-matlab, x4)---- : 30.1818dB / 0.7404
26-01-15 17:04:10.894 : --60 --> BSRNet --> x4--> 296059.png
26-01-15 17:04:10.959 : ----PSNR/SSIM for (/root/media/quoc-huy/eval-wir/srbenchmarks/BSD100/LR-bicubic-matlab, x4)---- : 29.3187dB / 0.7362
26-01-15 17:04:10.987 : --61 --> BSRNet --> x4--> 299086.png
26-01-15 17:04:11.052 : ----PSNR/SSIM for (/root/media/quoc-huy/eval-wir/srbenchmarks/BSD100/LR-bicubic-matlab, x4)---- : 30.0667dB / 0.7695
26-01-15 17:04:11.081 : --62 --> BSRNet --> x4--> 300091.png
26-01-15 17:04:11.146 : ----PSNR/SSIM for (/root/media/quoc-huy/eval-wir/srbenchmarks/BSD100/LR-bicubic-matlab, x4)---- : 25.0139dB / 0.7004
26-01-15 17:04:11.174 : --63 --> BSRNet --> x4--> 302008.png
26-01-15 17:04:11.240 : ----PSNR/SSIM for (/root/media/quoc-huy/eval-wir/srbenchmarks/BSD100/LR-bicubic-matlab, x4)---- : 29.0455dB / 0.9048
26-01-15 17:04:11.268 : --64 --> BSRNet --> x4--> 304034.png
26-01-15 17:04:11.334 : ----PSNR/SSIM for (/root/media/quoc-huy/eval-wir/srbenchmarks/BSD100/LR-bicubic-matlab, x4)---- : 22.4539dB / 0.5967
26-01-15 17:04:11.362 : --65 --> BSRNet --> x4--> 304074.png
26-01-15 17:04:11.428 : ----PSNR/SSIM for (/root/media/quoc-huy/eval-wir/srbenchmarks/BSD100/LR-bicubic-matlab, x4)---- : 23.7509dB / 0.5332
26-01-15 17:04:11.457 : --66 --> BSRNet --> x4--> 306005.png
26-01-15 17:04:11.522 : ----PSNR/SSIM for (/root/media/quoc-huy/eval-wir/srbenchmarks/BSD100/LR-bicubic-matlab, x4)---- : 23.3657dB / 0.6497
26-01-15 17:04:11.551 : --67 --> BSRNet --> x4--> 3096.png
26-01-15 17:04:11.617 : ----PSNR/SSIM for (/root/media/quoc-huy/eval-wir/srbenchmarks/BSD100/LR-bicubic-matlab, x4)---- : 36.7972dB / 0.9695
26-01-15 17:04:11.644 : --68 --> BSRNet --> x4--> 33039.png
26-01-15 17:04:11.710 : ----PSNR/SSIM for (/root/media/quoc-huy/eval-wir/srbenchmarks/BSD100/LR-bicubic-matlab, x4)---- : 18.8926dB / 0.4853
26-01-15 17:04:11.739 : --69 --> BSRNet --> x4--> 351093.png
26-01-15 17:04:11.804 : ----PSNR/SSIM for (/root/media/quoc-huy/eval-wir/srbenchmarks/BSD100/LR-bicubic-matlab, x4)---- : 18.1090dB / 0.4769
26-01-15 17:04:11.833 : --70 --> BSRNet --> x4--> 361010.png
26-01-15 17:04:11.898 : ----PSNR/SSIM for (/root/media/quoc-huy/eval-wir/srbenchmarks/BSD100/LR-bicubic-matlab, x4)---- : 22.5605dB / 0.6864
26-01-15 17:04:11.926 : --71 --> BSRNet --> x4--> 37073.png
26-01-15 17:04:11.991 : ----PSNR/SSIM for (/root/media/quoc-huy/eval-wir/srbenchmarks/BSD100/LR-bicubic-matlab, x4)---- : 28.1271dB / 0.7536
26-01-15 17:04:12.019 : --72 --> BSRNet --> x4--> 376043.png
26-01-15 17:04:12.087 : ----PSNR/SSIM for (/root/media/quoc-huy/eval-wir/srbenchmarks/BSD100/LR-bicubic-matlab, x4)---- : 22.1928dB / 0.4542
26-01-15 17:04:12.115 : --73 --> BSRNet --> x4--> 38082.png
26-01-15 17:04:12.180 : ----PSNR/SSIM for (/root/media/quoc-huy/eval-wir/srbenchmarks/BSD100/LR-bicubic-matlab, x4)---- : 25.5807dB / 0.5536
26-01-15 17:04:12.209 : --74 --> BSRNet --> x4--> 38092.png
26-01-15 17:04:12.274 : ----PSNR/SSIM for (/root/media/quoc-huy/eval-wir/srbenchmarks/BSD100/LR-bicubic-matlab, x4)---- : 23.7996dB / 0.6288
26-01-15 17:04:12.304 : --75 --> BSRNet --> x4--> 385039.png
26-01-15 17:04:12.370 : ----PSNR/SSIM for (/root/media/quoc-huy/eval-wir/srbenchmarks/BSD100/LR-bicubic-matlab, x4)---- : 22.1406dB / 0.6237
26-01-15 17:04:12.398 : --76 --> BSRNet --> x4--> 41033.png
26-01-15 17:04:12.464 : ----PSNR/SSIM for (/root/media/quoc-huy/eval-wir/srbenchmarks/BSD100/LR-bicubic-matlab, x4)---- : 28.5363dB / 0.7276
26-01-15 17:04:12.492 : --77 --> BSRNet --> x4--> 41069.png
26-01-15 17:04:12.557 : ----PSNR/SSIM for (/root/media/quoc-huy/eval-wir/srbenchmarks/BSD100/LR-bicubic-matlab, x4)---- : 22.1191dB / 0.4081
26-01-15 17:04:12.586 : --78 --> BSRNet --> x4--> 42012.png
26-01-15 17:04:12.653 : ----PSNR/SSIM for (/root/media/quoc-huy/eval-wir/srbenchmarks/BSD100/LR-bicubic-matlab, x4)---- : 27.9155dB / 0.7779
26-01-15 17:04:12.682 : --79 --> BSRNet --> x4--> 42049.png
26-01-15 17:04:12.747 : ----PSNR/SSIM for (/root/media/quoc-huy/eval-wir/srbenchmarks/BSD100/LR-bicubic-matlab, x4)---- : 29.3585dB / 0.9292
26-01-15 17:04:12.775 : --80 --> BSRNet --> x4--> 43074.png
26-01-15 17:04:12.841 : ----PSNR/SSIM for (/root/media/quoc-huy/eval-wir/srbenchmarks/BSD100/LR-bicubic-matlab, x4)---- : 28.2265dB / 0.7841
26-01-15 17:04:12.869 : --81 --> BSRNet --> x4--> 45096.png
26-01-15 17:04:12.934 : ----PSNR/SSIM for (/root/media/quoc-huy/eval-wir/srbenchmarks/BSD100/LR-bicubic-matlab, x4)---- : 32.3420dB / 0.9039
26-01-15 17:04:12.963 : --82 --> BSRNet --> x4--> 54082.png
26-01-15 17:04:13.029 : ----PSNR/SSIM for (/root/media/quoc-huy/eval-wir/srbenchmarks/BSD100/LR-bicubic-matlab, x4)---- : 26.8635dB / 0.6648
26-01-15 17:04:13.057 : --83 --> BSRNet --> x4--> 55073.png
26-01-15 17:04:13.123 : ----PSNR/SSIM for (/root/media/quoc-huy/eval-wir/srbenchmarks/BSD100/LR-bicubic-matlab, x4)---- : 20.0078dB / 0.4291
26-01-15 17:04:13.151 : --84 --> BSRNet --> x4--> 58060.png
26-01-15 17:04:13.216 : ----PSNR/SSIM for (/root/media/quoc-huy/eval-wir/srbenchmarks/BSD100/LR-bicubic-matlab, x4)---- : 19.5055dB / 0.5305
26-01-15 17:04:13.245 : --85 --> BSRNet --> x4--> 62096.png
26-01-15 17:04:13.310 : ----PSNR/SSIM for (/root/media/quoc-huy/eval-wir/srbenchmarks/BSD100/LR-bicubic-matlab, x4)---- : 18.3542dB / 0.5729
26-01-15 17:04:13.338 : --86 --> BSRNet --> x4--> 65033.png
26-01-15 17:04:13.403 : ----PSNR/SSIM for (/root/media/quoc-huy/eval-wir/srbenchmarks/BSD100/LR-bicubic-matlab, x4)---- : 21.8781dB / 0.4654
26-01-15 17:04:13.431 : --87 --> BSRNet --> x4--> 66053.png
26-01-15 17:04:13.497 : ----PSNR/SSIM for (/root/media/quoc-huy/eval-wir/srbenchmarks/BSD100/LR-bicubic-matlab, x4)---- : 25.6051dB / 0.6348
26-01-15 17:04:13.525 : --88 --> BSRNet --> x4--> 69015.png
26-01-15 17:04:13.592 : ----PSNR/SSIM for (/root/media/quoc-huy/eval-wir/srbenchmarks/BSD100/LR-bicubic-matlab, x4)---- : 27.7362dB / 0.7084
26-01-15 17:04:13.620 : --89 --> BSRNet --> x4--> 69020.png
26-01-15 17:04:13.685 : ----PSNR/SSIM for (/root/media/quoc-huy/eval-wir/srbenchmarks/BSD100/LR-bicubic-matlab, x4)---- : 25.5648dB / 0.4843
26-01-15 17:04:13.713 : --90 --> BSRNet --> x4--> 69040.png
26-01-15 17:04:13.779 : ----PSNR/SSIM for (/root/media/quoc-huy/eval-wir/srbenchmarks/BSD100/LR-bicubic-matlab, x4)---- : 23.5118dB / 0.5944
26-01-15 17:04:13.808 : --91 --> BSRNet --> x4--> 76053.png
26-01-15 17:04:13.874 : ----PSNR/SSIM for (/root/media/quoc-huy/eval-wir/srbenchmarks/BSD100/LR-bicubic-matlab, x4)---- : 26.6362dB / 0.6265
26-01-15 17:04:13.901 : --92 --> BSRNet --> x4--> 78004.png
26-01-15 17:04:13.967 : ----PSNR/SSIM for (/root/media/quoc-huy/eval-wir/srbenchmarks/BSD100/LR-bicubic-matlab, x4)---- : 24.1116dB / 0.6678
26-01-15 17:04:13.996 : --93 --> BSRNet --> x4--> 8023.png
26-01-15 17:04:14.061 : ----PSNR/SSIM for (/root/media/quoc-huy/eval-wir/srbenchmarks/BSD100/LR-bicubic-matlab, x4)---- : 28.3544dB / 0.8248
26-01-15 17:04:14.090 : --94 --> BSRNet --> x4--> 85048.png
26-01-15 17:04:14.156 : ----PSNR/SSIM for (/root/media/quoc-huy/eval-wir/srbenchmarks/BSD100/LR-bicubic-matlab, x4)---- : 20.1484dB / 0.5109
26-01-15 17:04:14.185 : --95 --> BSRNet --> x4--> 86000.png
26-01-15 17:04:14.251 : ----PSNR/SSIM for (/root/media/quoc-huy/eval-wir/srbenchmarks/BSD100/LR-bicubic-matlab, x4)---- : 23.9420dB / 0.7285
26-01-15 17:04:14.279 : --96 --> BSRNet --> x4--> 86016.png
26-01-15 17:04:14.344 : ----PSNR/SSIM for (/root/media/quoc-huy/eval-wir/srbenchmarks/BSD100/LR-bicubic-matlab, x4)---- : 20.4591dB / 0.2453
26-01-15 17:04:14.372 : --97 --> BSRNet --> x4--> 86068.png
26-01-15 17:04:14.437 : ----PSNR/SSIM for (/root/media/quoc-huy/eval-wir/srbenchmarks/BSD100/LR-bicubic-matlab, x4)---- : 25.3213dB / 0.4732
26-01-15 17:04:14.467 : --98 --> BSRNet --> x4--> 87046.png
26-01-15 17:04:14.533 : ----PSNR/SSIM for (/root/media/quoc-huy/eval-wir/srbenchmarks/BSD100/LR-bicubic-matlab, x4)---- : 21.5631dB / 0.6283
26-01-15 17:04:14.561 : --99 --> BSRNet --> x4--> 89072.png
26-01-15 17:04:14.628 : ----PSNR/SSIM for (/root/media/quoc-huy/eval-wir/srbenchmarks/BSD100/LR-bicubic-matlab, x4)---- : 25.0289dB / 0.6743
26-01-15 17:04:14.657 : -100 --> BSRNet --> x4--> 97033.png
26-01-15 17:04:14.722 : ----PSNR/SSIM for (/root/media/quoc-huy/eval-wir/srbenchmarks/BSD100/LR-bicubic-matlab, x4)---- : 20.3163dB / 0.5248
26-01-15 17:04:14.750 : ----Average PSNR/SSIM for (/root/media/quoc-huy/eval-wir/srbenchmarks/BSD100/LR-bicubic-matlab, x4)---- : 24.3544dB / 0.6460
26-01-15 17:04:14.750 :  
26-01-15 17:04:14.750 : ----Average LPIPS / NIQE---- : 0.4695 / 7.2727
26-01-15 17:04:14.750 : Computing FID...
26-01-15 17:04:20.550 : ----FID---- : 136.9366
26-01-15 17:05:50.600 :       Model Name : BSRNet
26-01-15 17:05:51.714 :       Input Path : /root/media/quoc-huy/eval-wir/srbenchmarks/BSD100/LR-bicubic-matlab
26-01-15 17:05:51.714 :      Output Path : /root/quoc-huy/all-tested-results/BSRGAN/BSD100-bic-matlab
26-01-15 17:05:51.715 : ---1 --> BSRNet --> x4--> 101085.png
26-01-15 17:05:51.877 : ----PSNR/SSIM for (/root/media/quoc-huy/eval-wir/srbenchmarks/BSD100/LR-bicubic-matlab, x4)---- : 21.1483dB / 0.4577
26-01-15 17:05:52.063 : ---2 --> BSRNet --> x4--> 101087.png
26-01-15 17:05:52.138 : ----PSNR/SSIM for (/root/media/quoc-huy/eval-wir/srbenchmarks/BSD100/LR-bicubic-matlab, x4)---- : 18.8719dB / 0.6716
26-01-15 17:05:52.176 : ---3 --> BSRNet --> x4--> 102061.png
26-01-15 17:05:52.250 : ----PSNR/SSIM for (/root/media/quoc-huy/eval-wir/srbenchmarks/BSD100/LR-bicubic-matlab, x4)---- : 23.6782dB / 0.7338
26-01-15 17:05:52.286 : ---4 --> BSRNet --> x4--> 103070.png
26-01-15 17:05:52.358 : ----PSNR/SSIM for (/root/media/quoc-huy/eval-wir/srbenchmarks/BSD100/LR-bicubic-matlab, x4)---- : 28.6307dB / 0.8060
26-01-15 17:05:52.398 : ---5 --> BSRNet --> x4--> 105025.png
26-01-15 17:05:52.466 : ----PSNR/SSIM for (/root/media/quoc-huy/eval-wir/srbenchmarks/BSD100/LR-bicubic-matlab, x4)---- : 22.6904dB / 0.5657
26-01-15 17:05:52.500 : ---6 --> BSRNet --> x4--> 106024.png
26-01-15 17:05:52.564 : ----PSNR/SSIM for (/root/media/quoc-huy/eval-wir/srbenchmarks/BSD100/LR-bicubic-matlab, x4)---- : 29.3768dB / 0.8571
26-01-15 17:05:52.598 : ---7 --> BSRNet --> x4--> 108005.png
26-01-15 17:05:52.664 : ----PSNR/SSIM for (/root/media/quoc-huy/eval-wir/srbenchmarks/BSD100/LR-bicubic-matlab, x4)---- : 22.9545dB / 0.6319
26-01-15 17:05:52.698 : ---8 --> BSRNet --> x4--> 108070.png
26-01-15 17:05:52.763 : ----PSNR/SSIM for (/root/media/quoc-huy/eval-wir/srbenchmarks/BSD100/LR-bicubic-matlab, x4)---- : 21.1457dB / 0.4742
26-01-15 17:05:52.798 : ---9 --> BSRNet --> x4--> 108082.png
26-01-15 17:05:52.864 : ----PSNR/SSIM for (/root/media/quoc-huy/eval-wir/srbenchmarks/BSD100/LR-bicubic-matlab, x4)---- : 23.5392dB / 0.6937
26-01-15 17:05:52.900 : --10 --> BSRNet --> x4--> 109053.png
26-01-15 17:05:52.965 : ----PSNR/SSIM for (/root/media/quoc-huy/eval-wir/srbenchmarks/BSD100/LR-bicubic-matlab, x4)---- : 27.3792dB / 0.7544
26-01-15 17:05:53.000 : --11 --> BSRNet --> x4--> 119082.png
26-01-15 17:05:53.066 : ----PSNR/SSIM for (/root/media/quoc-huy/eval-wir/srbenchmarks/BSD100/LR-bicubic-matlab, x4)---- : 21.8566dB / 0.6346
26-01-15 17:05:53.100 : --12 --> BSRNet --> x4--> 12084.png
26-01-15 17:05:53.165 : ----PSNR/SSIM for (/root/media/quoc-huy/eval-wir/srbenchmarks/BSD100/LR-bicubic-matlab, x4)---- : 25.3444dB / 0.6406
26-01-15 17:05:53.200 : --13 --> BSRNet --> x4--> 123074.png
26-01-15 17:05:53.265 : ----PSNR/SSIM for (/root/media/quoc-huy/eval-wir/srbenchmarks/BSD100/LR-bicubic-matlab, x4)---- : 28.1929dB / 0.7723
26-01-15 17:05:53.300 : --14 --> BSRNet --> x4--> 126007.png
26-01-15 17:05:53.365 : ----PSNR/SSIM for (/root/media/quoc-huy/eval-wir/srbenchmarks/BSD100/LR-bicubic-matlab, x4)---- : 22.8746dB / 0.7337
26-01-15 17:05:53.399 : --15 --> BSRNet --> x4--> 130026.png
26-01-15 17:05:53.463 : ----PSNR/SSIM for (/root/media/quoc-huy/eval-wir/srbenchmarks/BSD100/LR-bicubic-matlab, x4)---- : 22.2039dB / 0.5509
26-01-15 17:05:53.498 : --16 --> BSRNet --> x4--> 134035.png
26-01-15 17:05:53.563 : ----PSNR/SSIM for (/root/media/quoc-huy/eval-wir/srbenchmarks/BSD100/LR-bicubic-matlab, x4)---- : 22.5973dB / 0.6898
26-01-15 17:05:53.598 : --17 --> BSRNet --> x4--> 14037.png
26-01-15 17:05:53.663 : ----PSNR/SSIM for (/root/media/quoc-huy/eval-wir/srbenchmarks/BSD100/LR-bicubic-matlab, x4)---- : 31.7626dB / 0.8511
26-01-15 17:05:53.695 : --18 --> BSRNet --> x4--> 143090.png
26-01-15 17:05:53.761 : ----PSNR/SSIM for (/root/media/quoc-huy/eval-wir/srbenchmarks/BSD100/LR-bicubic-matlab, x4)---- : 30.5256dB / 0.8599
26-01-15 17:05:53.795 : --19 --> BSRNet --> x4--> 145086.png
26-01-15 17:05:53.860 : ----PSNR/SSIM for (/root/media/quoc-huy/eval-wir/srbenchmarks/BSD100/LR-bicubic-matlab, x4)---- : 22.4003dB / 0.6321
26-01-15 17:05:53.896 : --20 --> BSRNet --> x4--> 147091.png
26-01-15 17:05:53.961 : ----PSNR/SSIM for (/root/media/quoc-huy/eval-wir/srbenchmarks/BSD100/LR-bicubic-matlab, x4)---- : 23.3663dB / 0.7312
26-01-15 17:05:53.996 : --21 --> BSRNet --> x4--> 148026.png
26-01-15 17:05:54.062 : ----PSNR/SSIM for (/root/media/quoc-huy/eval-wir/srbenchmarks/BSD100/LR-bicubic-matlab, x4)---- : 20.0560dB / 0.5939
26-01-15 17:05:54.096 : --22 --> BSRNet --> x4--> 148089.png
26-01-15 17:05:54.162 : ----PSNR/SSIM for (/root/media/quoc-huy/eval-wir/srbenchmarks/BSD100/LR-bicubic-matlab, x4)---- : 21.6561dB / 0.5260
26-01-15 17:05:54.197 : --23 --> BSRNet --> x4--> 156065.png
26-01-15 17:05:54.261 : ----PSNR/SSIM for (/root/media/quoc-huy/eval-wir/srbenchmarks/BSD100/LR-bicubic-matlab, x4)---- : 23.2731dB / 0.4964
26-01-15 17:05:54.297 : --24 --> BSRNet --> x4--> 157055.png
26-01-15 17:05:54.362 : ----PSNR/SSIM for (/root/media/quoc-huy/eval-wir/srbenchmarks/BSD100/LR-bicubic-matlab, x4)---- : 23.2163dB / 0.6861
26-01-15 17:05:54.397 : --25 --> BSRNet --> x4--> 159008.png
26-01-15 17:05:54.463 : ----PSNR/SSIM for (/root/media/quoc-huy/eval-wir/srbenchmarks/BSD100/LR-bicubic-matlab, x4)---- : 24.8640dB / 0.7559
26-01-15 17:05:54.497 : --26 --> BSRNet --> x4--> 160068.png
26-01-15 17:05:54.562 : ----PSNR/SSIM for (/root/media/quoc-huy/eval-wir/srbenchmarks/BSD100/LR-bicubic-matlab, x4)---- : 25.1020dB / 0.8003
26-01-15 17:05:54.596 : --27 --> BSRNet --> x4--> 16077.png
26-01-15 17:05:54.661 : ----PSNR/SSIM for (/root/media/quoc-huy/eval-wir/srbenchmarks/BSD100/LR-bicubic-matlab, x4)---- : 23.9197dB / 0.6172
26-01-15 17:05:54.695 : --28 --> BSRNet --> x4--> 163085.png
26-01-15 17:05:54.760 : ----PSNR/SSIM for (/root/media/quoc-huy/eval-wir/srbenchmarks/BSD100/LR-bicubic-matlab, x4)---- : 27.4879dB / 0.7444
26-01-15 17:05:54.795 : --29 --> BSRNet --> x4--> 167062.png
26-01-15 17:05:54.859 : ----PSNR/SSIM for (/root/media/quoc-huy/eval-wir/srbenchmarks/BSD100/LR-bicubic-matlab, x4)---- : 18.5296dB / 0.7697
26-01-15 17:05:54.892 : --30 --> BSRNet --> x4--> 167083.png
26-01-15 17:05:54.958 : ----PSNR/SSIM for (/root/media/quoc-huy/eval-wir/srbenchmarks/BSD100/LR-bicubic-matlab, x4)---- : 17.8790dB / 0.3894
26-01-15 17:05:54.992 : --31 --> BSRNet --> x4--> 170057.png
26-01-15 17:05:55.058 : ----PSNR/SSIM for (/root/media/quoc-huy/eval-wir/srbenchmarks/BSD100/LR-bicubic-matlab, x4)---- : 27.6677dB / 0.7655
26-01-15 17:05:55.092 : --32 --> BSRNet --> x4--> 175032.png
26-01-15 17:05:55.159 : ----PSNR/SSIM for (/root/media/quoc-huy/eval-wir/srbenchmarks/BSD100/LR-bicubic-matlab, x4)---- : 19.4350dB / 0.3622
26-01-15 17:05:55.193 : --33 --> BSRNet --> x4--> 175043.png
26-01-15 17:05:55.258 : ----PSNR/SSIM for (/root/media/quoc-huy/eval-wir/srbenchmarks/BSD100/LR-bicubic-matlab, x4)---- : 23.4136dB / 0.6099
26-01-15 17:05:55.293 : --34 --> BSRNet --> x4--> 182053.png
26-01-15 17:05:55.358 : ----PSNR/SSIM for (/root/media/quoc-huy/eval-wir/srbenchmarks/BSD100/LR-bicubic-matlab, x4)---- : 22.1243dB / 0.6902
26-01-15 17:05:55.391 : --35 --> BSRNet --> x4--> 189080.png
26-01-15 17:05:55.458 : ----PSNR/SSIM for (/root/media/quoc-huy/eval-wir/srbenchmarks/BSD100/LR-bicubic-matlab, x4)---- : 27.9147dB / 0.8230
26-01-15 17:05:55.492 : --36 --> BSRNet --> x4--> 19021.png
26-01-15 17:05:55.557 : ----PSNR/SSIM for (/root/media/quoc-huy/eval-wir/srbenchmarks/BSD100/LR-bicubic-matlab, x4)---- : 23.4776dB / 0.6453
26-01-15 17:05:55.592 : --37 --> BSRNet --> x4--> 196073.png
26-01-15 17:05:55.656 : ----PSNR/SSIM for (/root/media/quoc-huy/eval-wir/srbenchmarks/BSD100/LR-bicubic-matlab, x4)---- : 26.3451dB / 0.4107
26-01-15 17:05:55.689 : --38 --> BSRNet --> x4--> 197017.png
26-01-15 17:05:55.754 : ----PSNR/SSIM for (/root/media/quoc-huy/eval-wir/srbenchmarks/BSD100/LR-bicubic-matlab, x4)---- : 26.3182dB / 0.6589
26-01-15 17:05:55.789 : --39 --> BSRNet --> x4--> 208001.png
26-01-15 17:05:55.856 : ----PSNR/SSIM for (/root/media/quoc-huy/eval-wir/srbenchmarks/BSD100/LR-bicubic-matlab, x4)---- : 24.6195dB / 0.6053
26-01-15 17:05:55.890 : --40 --> BSRNet --> x4--> 210088.png
26-01-15 17:05:55.957 : ----PSNR/SSIM for (/root/media/quoc-huy/eval-wir/srbenchmarks/BSD100/LR-bicubic-matlab, x4)---- : 30.5256dB / 0.9046
26-01-15 17:05:55.992 : --41 --> BSRNet --> x4--> 21077.png
26-01-15 17:05:56.058 : ----PSNR/SSIM for (/root/media/quoc-huy/eval-wir/srbenchmarks/BSD100/LR-bicubic-matlab, x4)---- : 20.4269dB / 0.5715
26-01-15 17:05:56.091 : --42 --> BSRNet --> x4--> 216081.png
26-01-15 17:05:56.156 : ----PSNR/SSIM for (/root/media/quoc-huy/eval-wir/srbenchmarks/BSD100/LR-bicubic-matlab, x4)---- : 23.0170dB / 0.6197
26-01-15 17:05:56.190 : --43 --> BSRNet --> x4--> 219090.png
26-01-15 17:05:56.255 : ----PSNR/SSIM for (/root/media/quoc-huy/eval-wir/srbenchmarks/BSD100/LR-bicubic-matlab, x4)---- : 24.6737dB / 0.7004
26-01-15 17:05:56.289 : --44 --> BSRNet --> x4--> 220075.png
26-01-15 17:05:56.355 : ----PSNR/SSIM for (/root/media/quoc-huy/eval-wir/srbenchmarks/BSD100/LR-bicubic-matlab, x4)---- : 21.8257dB / 0.7580
26-01-15 17:05:56.390 : --45 --> BSRNet --> x4--> 223061.png
26-01-15 17:05:56.455 : ----PSNR/SSIM for (/root/media/quoc-huy/eval-wir/srbenchmarks/BSD100/LR-bicubic-matlab, x4)---- : 23.0647dB / 0.6483
26-01-15 17:05:56.488 : --46 --> BSRNet --> x4--> 227092.png
26-01-15 17:05:56.555 : ----PSNR/SSIM for (/root/media/quoc-huy/eval-wir/srbenchmarks/BSD100/LR-bicubic-matlab, x4)---- : 32.7577dB / 0.8322
26-01-15 17:05:56.589 : --47 --> BSRNet --> x4--> 229036.png
26-01-15 17:05:56.654 : ----PSNR/SSIM for (/root/media/quoc-huy/eval-wir/srbenchmarks/BSD100/LR-bicubic-matlab, x4)---- : 18.8255dB / 0.4354
26-01-15 17:05:56.688 : --48 --> BSRNet --> x4--> 236037.png
26-01-15 17:05:56.754 : ----PSNR/SSIM for (/root/media/quoc-huy/eval-wir/srbenchmarks/BSD100/LR-bicubic-matlab, x4)---- : 23.3153dB / 0.5716
26-01-15 17:05:56.789 : --49 --> BSRNet --> x4--> 24077.png
26-01-15 17:05:56.854 : ----PSNR/SSIM for (/root/media/quoc-huy/eval-wir/srbenchmarks/BSD100/LR-bicubic-matlab, x4)---- : 16.7560dB / 0.5929
26-01-15 17:05:56.889 : --50 --> BSRNet --> x4--> 241004.png
26-01-15 17:05:56.954 : ----PSNR/SSIM for (/root/media/quoc-huy/eval-wir/srbenchmarks/BSD100/LR-bicubic-matlab, x4)---- : 25.8974dB / 0.7546
26-01-15 17:05:56.986 : --51 --> BSRNet --> x4--> 241048.png
26-01-15 17:05:57.051 : ----PSNR/SSIM for (/root/media/quoc-huy/eval-wir/srbenchmarks/BSD100/LR-bicubic-matlab, x4)---- : 20.8141dB / 0.4698
26-01-15 17:05:57.085 : --52 --> BSRNet --> x4--> 253027.png
26-01-15 17:05:57.151 : ----PSNR/SSIM for (/root/media/quoc-huy/eval-wir/srbenchmarks/BSD100/LR-bicubic-matlab, x4)---- : 19.9316dB / 0.6029
26-01-15 17:05:57.186 : --53 --> BSRNet --> x4--> 253055.png
26-01-15 17:05:57.251 : ----PSNR/SSIM for (/root/media/quoc-huy/eval-wir/srbenchmarks/BSD100/LR-bicubic-matlab, x4)---- : 30.2128dB / 0.7903
26-01-15 17:05:57.284 : --54 --> BSRNet --> x4--> 260058.png
26-01-15 17:05:57.349 : ----PSNR/SSIM for (/root/media/quoc-huy/eval-wir/srbenchmarks/BSD100/LR-bicubic-matlab, x4)---- : 30.7002dB / 0.7441
26-01-15 17:05:57.383 : --55 --> BSRNet --> x4--> 271035.png
26-01-15 17:05:57.450 : ----PSNR/SSIM for (/root/media/quoc-huy/eval-wir/srbenchmarks/BSD100/LR-bicubic-matlab, x4)---- : 24.7198dB / 0.6812
26-01-15 17:05:57.485 : --56 --> BSRNet --> x4--> 285079.png
26-01-15 17:05:57.551 : ----PSNR/SSIM for (/root/media/quoc-huy/eval-wir/srbenchmarks/BSD100/LR-bicubic-matlab, x4)---- : 20.3503dB / 0.4974
26-01-15 17:05:57.586 : --57 --> BSRNet --> x4--> 291000.png
26-01-15 17:05:57.652 : ----PSNR/SSIM for (/root/media/quoc-huy/eval-wir/srbenchmarks/BSD100/LR-bicubic-matlab, x4)---- : 19.2985dB / 0.2895
26-01-15 17:05:57.686 : --58 --> BSRNet --> x4--> 295087.png
26-01-15 17:05:57.751 : ----PSNR/SSIM for (/root/media/quoc-huy/eval-wir/srbenchmarks/BSD100/LR-bicubic-matlab, x4)---- : 25.6815dB / 0.6647
26-01-15 17:05:57.785 : --59 --> BSRNet --> x4--> 296007.png
26-01-15 17:05:57.850 : ----PSNR/SSIM for (/root/media/quoc-huy/eval-wir/srbenchmarks/BSD100/LR-bicubic-matlab, x4)---- : 30.1818dB / 0.7404
26-01-15 17:05:57.885 : --60 --> BSRNet --> x4--> 296059.png
26-01-15 17:05:57.950 : ----PSNR/SSIM for (/root/media/quoc-huy/eval-wir/srbenchmarks/BSD100/LR-bicubic-matlab, x4)---- : 29.3187dB / 0.7362
26-01-15 17:05:57.984 : --61 --> BSRNet --> x4--> 299086.png
26-01-15 17:05:58.049 : ----PSNR/SSIM for (/root/media/quoc-huy/eval-wir/srbenchmarks/BSD100/LR-bicubic-matlab, x4)---- : 30.0667dB / 0.7695
26-01-15 17:05:58.083 : --62 --> BSRNet --> x4--> 300091.png
26-01-15 17:05:58.148 : ----PSNR/SSIM for (/root/media/quoc-huy/eval-wir/srbenchmarks/BSD100/LR-bicubic-matlab, x4)---- : 25.0139dB / 0.7004
26-01-15 17:05:58.182 : --63 --> BSRNet --> x4--> 302008.png
26-01-15 17:05:58.248 : ----PSNR/SSIM for (/root/media/quoc-huy/eval-wir/srbenchmarks/BSD100/LR-bicubic-matlab, x4)---- : 29.0455dB / 0.9048
26-01-15 17:05:58.282 : --64 --> BSRNet --> x4--> 304034.png
26-01-15 17:05:58.347 : ----PSNR/SSIM for (/root/media/quoc-huy/eval-wir/srbenchmarks/BSD100/LR-bicubic-matlab, x4)---- : 22.4539dB / 0.5967
26-01-15 17:05:58.382 : --65 --> BSRNet --> x4--> 304074.png
26-01-15 17:05:58.448 : ----PSNR/SSIM for (/root/media/quoc-huy/eval-wir/srbenchmarks/BSD100/LR-bicubic-matlab, x4)---- : 23.7509dB / 0.5332
26-01-15 17:05:58.484 : --66 --> BSRNet --> x4--> 306005.png
26-01-15 17:05:58.549 : ----PSNR/SSIM for (/root/media/quoc-huy/eval-wir/srbenchmarks/BSD100/LR-bicubic-matlab, x4)---- : 23.3657dB / 0.6497
26-01-15 17:05:58.584 : --67 --> BSRNet --> x4--> 3096.png
26-01-15 17:05:58.649 : ----PSNR/SSIM for (/root/media/quoc-huy/eval-wir/srbenchmarks/BSD100/LR-bicubic-matlab, x4)---- : 36.7972dB / 0.9695
26-01-15 17:05:58.682 : --68 --> BSRNet --> x4--> 33039.png
26-01-15 17:05:58.748 : ----PSNR/SSIM for (/root/media/quoc-huy/eval-wir/srbenchmarks/BSD100/LR-bicubic-matlab, x4)---- : 18.8926dB / 0.4853
26-01-15 17:05:58.784 : --69 --> BSRNet --> x4--> 351093.png
26-01-15 17:05:58.850 : ----PSNR/SSIM for (/root/media/quoc-huy/eval-wir/srbenchmarks/BSD100/LR-bicubic-matlab, x4)---- : 18.1090dB / 0.4769
26-01-15 17:05:58.884 : --70 --> BSRNet --> x4--> 361010.png
26-01-15 17:05:58.950 : ----PSNR/SSIM for (/root/media/quoc-huy/eval-wir/srbenchmarks/BSD100/LR-bicubic-matlab, x4)---- : 22.5605dB / 0.6864
26-01-15 17:05:58.984 : --71 --> BSRNet --> x4--> 37073.png
26-01-15 17:05:59.049 : ----PSNR/SSIM for (/root/media/quoc-huy/eval-wir/srbenchmarks/BSD100/LR-bicubic-matlab, x4)---- : 28.1271dB / 0.7536
26-01-15 17:05:59.082 : --72 --> BSRNet --> x4--> 376043.png
26-01-15 17:05:59.149 : ----PSNR/SSIM for (/root/media/quoc-huy/eval-wir/srbenchmarks/BSD100/LR-bicubic-matlab, x4)---- : 22.1928dB / 0.4542
26-01-15 17:05:59.183 : --73 --> BSRNet --> x4--> 38082.png
26-01-15 17:05:59.248 : ----PSNR/SSIM for (/root/media/quoc-huy/eval-wir/srbenchmarks/BSD100/LR-bicubic-matlab, x4)---- : 25.5807dB / 0.5536
26-01-15 17:05:59.284 : --74 --> BSRNet --> x4--> 38092.png
26-01-15 17:05:59.349 : ----PSNR/SSIM for (/root/media/quoc-huy/eval-wir/srbenchmarks/BSD100/LR-bicubic-matlab, x4)---- : 23.7996dB / 0.6288
26-01-15 17:05:59.384 : --75 --> BSRNet --> x4--> 385039.png
26-01-15 17:05:59.450 : ----PSNR/SSIM for (/root/media/quoc-huy/eval-wir/srbenchmarks/BSD100/LR-bicubic-matlab, x4)---- : 22.1406dB / 0.6237
26-01-15 17:05:59.484 : --76 --> BSRNet --> x4--> 41033.png
26-01-15 17:05:59.550 : ----PSNR/SSIM for (/root/media/quoc-huy/eval-wir/srbenchmarks/BSD100/LR-bicubic-matlab, x4)---- : 28.5363dB / 0.7276
26-01-15 17:05:59.584 : --77 --> BSRNet --> x4--> 41069.png
26-01-15 17:05:59.649 : ----PSNR/SSIM for (/root/media/quoc-huy/eval-wir/srbenchmarks/BSD100/LR-bicubic-matlab, x4)---- : 22.1191dB / 0.4081
26-01-15 17:05:59.685 : --78 --> BSRNet --> x4--> 42012.png
26-01-15 17:05:59.752 : ----PSNR/SSIM for (/root/media/quoc-huy/eval-wir/srbenchmarks/BSD100/LR-bicubic-matlab, x4)---- : 27.9155dB / 0.7779
26-01-15 17:05:59.788 : --79 --> BSRNet --> x4--> 42049.png
26-01-15 17:05:59.853 : ----PSNR/SSIM for (/root/media/quoc-huy/eval-wir/srbenchmarks/BSD100/LR-bicubic-matlab, x4)---- : 29.3585dB / 0.9292
26-01-15 17:05:59.886 : --80 --> BSRNet --> x4--> 43074.png
26-01-15 17:05:59.951 : ----PSNR/SSIM for (/root/media/quoc-huy/eval-wir/srbenchmarks/BSD100/LR-bicubic-matlab, x4)---- : 28.2265dB / 0.7841
26-01-15 17:05:59.986 : --81 --> BSRNet --> x4--> 45096.png
26-01-15 17:06:00.050 : ----PSNR/SSIM for (/root/media/quoc-huy/eval-wir/srbenchmarks/BSD100/LR-bicubic-matlab, x4)---- : 32.3420dB / 0.9039
26-01-15 17:06:00.083 : --82 --> BSRNet --> x4--> 54082.png
26-01-15 17:06:00.149 : ----PSNR/SSIM for (/root/media/quoc-huy/eval-wir/srbenchmarks/BSD100/LR-bicubic-matlab, x4)---- : 26.8635dB / 0.6648
26-01-15 17:06:00.183 : --83 --> BSRNet --> x4--> 55073.png
26-01-15 17:06:00.249 : ----PSNR/SSIM for (/root/media/quoc-huy/eval-wir/srbenchmarks/BSD100/LR-bicubic-matlab, x4)---- : 20.0078dB / 0.4291
26-01-15 17:06:00.284 : --84 --> BSRNet --> x4--> 58060.png
26-01-15 17:06:00.349 : ----PSNR/SSIM for (/root/media/quoc-huy/eval-wir/srbenchmarks/BSD100/LR-bicubic-matlab, x4)---- : 19.5055dB / 0.5305
26-01-15 17:06:00.383 : --85 --> BSRNet --> x4--> 62096.png
26-01-15 17:06:00.448 : ----PSNR/SSIM for (/root/media/quoc-huy/eval-wir/srbenchmarks/BSD100/LR-bicubic-matlab, x4)---- : 18.3542dB / 0.5729
26-01-15 17:06:00.482 : --86 --> BSRNet --> x4--> 65033.png
26-01-15 17:06:00.547 : ----PSNR/SSIM for (/root/media/quoc-huy/eval-wir/srbenchmarks/BSD100/LR-bicubic-matlab, x4)---- : 21.8781dB / 0.4654
26-01-15 17:06:00.581 : --87 --> BSRNet --> x4--> 66053.png
26-01-15 17:06:00.647 : ----PSNR/SSIM for (/root/media/quoc-huy/eval-wir/srbenchmarks/BSD100/LR-bicubic-matlab, x4)---- : 25.6051dB / 0.6348
26-01-15 17:06:00.681 : --88 --> BSRNet --> x4--> 69015.png
26-01-15 17:06:00.748 : ----PSNR/SSIM for (/root/media/quoc-huy/eval-wir/srbenchmarks/BSD100/LR-bicubic-matlab, x4)---- : 27.7362dB / 0.7084
26-01-15 17:06:00.783 : --89 --> BSRNet --> x4--> 69020.png
26-01-15 17:06:00.847 : ----PSNR/SSIM for (/root/media/quoc-huy/eval-wir/srbenchmarks/BSD100/LR-bicubic-matlab, x4)---- : 25.5648dB / 0.4843
26-01-15 17:06:00.882 : --90 --> BSRNet --> x4--> 69040.png
26-01-15 17:06:00.948 : ----PSNR/SSIM for (/root/media/quoc-huy/eval-wir/srbenchmarks/BSD100/LR-bicubic-matlab, x4)---- : 23.5118dB / 0.5944
26-01-15 17:06:00.983 : --91 --> BSRNet --> x4--> 76053.png
26-01-15 17:06:01.049 : ----PSNR/SSIM for (/root/media/quoc-huy/eval-wir/srbenchmarks/BSD100/LR-bicubic-matlab, x4)---- : 26.6362dB / 0.6265
26-01-15 17:06:01.082 : --92 --> BSRNet --> x4--> 78004.png
26-01-15 17:06:01.149 : ----PSNR/SSIM for (/root/media/quoc-huy/eval-wir/srbenchmarks/BSD100/LR-bicubic-matlab, x4)---- : 24.1116dB / 0.6678
26-01-15 17:06:01.183 : --93 --> BSRNet --> x4--> 8023.png
26-01-15 17:06:01.249 : ----PSNR/SSIM for (/root/media/quoc-huy/eval-wir/srbenchmarks/BSD100/LR-bicubic-matlab, x4)---- : 28.3544dB / 0.8248
26-01-15 17:06:01.284 : --94 --> BSRNet --> x4--> 85048.png
26-01-15 17:06:01.350 : ----PSNR/SSIM for (/root/media/quoc-huy/eval-wir/srbenchmarks/BSD100/LR-bicubic-matlab, x4)---- : 20.1484dB / 0.5109
26-01-15 17:06:01.385 : --95 --> BSRNet --> x4--> 86000.png
26-01-15 17:06:01.452 : ----PSNR/SSIM for (/root/media/quoc-huy/eval-wir/srbenchmarks/BSD100/LR-bicubic-matlab, x4)---- : 23.9420dB / 0.7285
26-01-15 17:06:01.486 : --96 --> BSRNet --> x4--> 86016.png
26-01-15 17:06:01.550 : ----PSNR/SSIM for (/root/media/quoc-huy/eval-wir/srbenchmarks/BSD100/LR-bicubic-matlab, x4)---- : 20.4591dB / 0.2453
26-01-15 17:06:01.585 : --97 --> BSRNet --> x4--> 86068.png
26-01-15 17:06:01.651 : ----PSNR/SSIM for (/root/media/quoc-huy/eval-wir/srbenchmarks/BSD100/LR-bicubic-matlab, x4)---- : 25.3213dB / 0.4732
26-01-15 17:06:01.686 : --98 --> BSRNet --> x4--> 87046.png
26-01-15 17:06:01.752 : ----PSNR/SSIM for (/root/media/quoc-huy/eval-wir/srbenchmarks/BSD100/LR-bicubic-matlab, x4)---- : 21.5631dB / 0.6283
26-01-15 17:06:01.787 : --99 --> BSRNet --> x4--> 89072.png
26-01-15 17:06:01.853 : ----PSNR/SSIM for (/root/media/quoc-huy/eval-wir/srbenchmarks/BSD100/LR-bicubic-matlab, x4)---- : 25.0289dB / 0.6743
26-01-15 17:06:01.888 : -100 --> BSRNet --> x4--> 97033.png
26-01-15 17:06:01.953 : ----PSNR/SSIM for (/root/media/quoc-huy/eval-wir/srbenchmarks/BSD100/LR-bicubic-matlab, x4)---- : 20.3163dB / 0.5248
26-01-15 17:06:01.987 : ----Average PSNR/SSIM for (/root/media/quoc-huy/eval-wir/srbenchmarks/BSD100/LR-bicubic-matlab, x4)---- : 24.3544dB / 0.6460
26-01-15 17:06:01.987 :  
26-01-15 17:06:01.988 : ----Average LPIPS / NIQE---- : 0.4695 / 7.2727
26-01-15 17:06:01.988 : Computing FID...
26-01-15 17:06:07.783 : ----FID---- : 184.7333
26-01-15 17:06:31.975 :       Model Name : BSRNet
26-01-15 17:06:33.084 :       Input Path : /root/media/quoc-huy/eval-wir/srbenchmarks/Urban100/LR-bicubic-matlab
26-01-15 17:06:33.085 :      Output Path : /root/quoc-huy/all-tested-results/BSRGAN/Urban100-bic-matlab
26-01-15 17:06:33.085 : ---1 --> BSRNet --> x4--> img_001.png
26-01-15 17:06:33.471 : ----PSNR/SSIM for (/root/media/quoc-huy/eval-wir/srbenchmarks/Urban100/LR-bicubic-matlab, x4)---- : 22.7474dB / 0.6129
26-01-15 17:06:33.678 : ---2 --> BSRNet --> x4--> img_002.png
26-01-15 17:06:34.008 : ----PSNR/SSIM for (/root/media/quoc-huy/eval-wir/srbenchmarks/Urban100/LR-bicubic-matlab, x4)---- : 22.9567dB / 0.7056
26-01-15 17:06:34.089 : ---3 --> BSRNet --> x4--> img_003.png
26-01-15 17:06:34.384 : ----PSNR/SSIM for (/root/media/quoc-huy/eval-wir/srbenchmarks/Urban100/LR-bicubic-matlab, x4)---- : 21.8652dB / 0.6070
26-01-15 17:06:34.460 : ---4 --> BSRNet --> x4--> img_004.png
26-01-15 17:06:34.785 : ----PSNR/SSIM for (/root/media/quoc-huy/eval-wir/srbenchmarks/Urban100/LR-bicubic-matlab, x4)---- : 15.2870dB / 0.4832
26-01-15 17:06:34.859 : ---5 --> BSRNet --> x4--> img_005.png
26-01-15 17:06:35.218 : ----PSNR/SSIM for (/root/media/quoc-huy/eval-wir/srbenchmarks/Urban100/LR-bicubic-matlab, x4)---- : 17.8175dB / 0.7315
26-01-15 17:06:35.292 : ---6 --> BSRNet --> x4--> img_006.png
26-01-15 17:06:35.723 : ----PSNR/SSIM for (/root/media/quoc-huy/eval-wir/srbenchmarks/Urban100/LR-bicubic-matlab, x4)---- : 18.1199dB / 0.4222
26-01-15 17:06:35.825 : ---7 --> BSRNet --> x4--> img_007.png
26-01-15 17:06:36.115 : ----PSNR/SSIM for (/root/media/quoc-huy/eval-wir/srbenchmarks/Urban100/LR-bicubic-matlab, x4)---- : 23.6099dB / 0.7550
26-01-15 17:06:36.189 : ---8 --> BSRNet --> x4--> img_008.png
26-01-15 17:06:36.438 : ----PSNR/SSIM for (/root/media/quoc-huy/eval-wir/srbenchmarks/Urban100/LR-bicubic-matlab, x4)---- : 19.2231dB / 0.5571
26-01-15 17:06:36.507 : ---9 --> BSRNet --> x4--> img_009.png
26-01-15 17:06:36.846 : ----PSNR/SSIM for (/root/media/quoc-huy/eval-wir/srbenchmarks/Urban100/LR-bicubic-matlab, x4)---- : 29.5241dB / 0.8588
26-01-15 17:06:36.920 : --10 --> BSRNet --> x4--> img_010.png
26-01-15 17:06:37.266 : ----PSNR/SSIM for (/root/media/quoc-huy/eval-wir/srbenchmarks/Urban100/LR-bicubic-matlab, x4)---- : 24.2637dB / 0.8320
26-01-15 17:06:37.348 : --11 --> BSRNet --> x4--> img_011.png
26-01-15 17:06:37.590 : ----PSNR/SSIM for (/root/media/quoc-huy/eval-wir/srbenchmarks/Urban100/LR-bicubic-matlab, x4)---- : 9.9578dB / 0.4180
26-01-15 17:06:37.656 : --12 --> BSRNet --> x4--> img_012.png
26-01-15 17:06:37.983 : ----PSNR/SSIM for (/root/media/quoc-huy/eval-wir/srbenchmarks/Urban100/LR-bicubic-matlab, x4)---- : 20.7713dB / 0.6166
26-01-15 17:06:38.062 : --13 --> BSRNet --> x4--> img_013.png
26-01-15 17:06:38.389 : ----PSNR/SSIM for (/root/media/quoc-huy/eval-wir/srbenchmarks/Urban100/LR-bicubic-matlab, x4)---- : 25.1677dB / 0.7457
26-01-15 17:06:38.468 : --14 --> BSRNet --> x4--> img_014.png
26-01-15 17:06:38.901 : ----PSNR/SSIM for (/root/media/quoc-huy/eval-wir/srbenchmarks/Urban100/LR-bicubic-matlab, x4)---- : 20.7525dB / 0.6414
26-01-15 17:06:38.997 : --15 --> BSRNet --> x4--> img_015.png
26-01-15 17:06:39.328 : ----PSNR/SSIM for (/root/media/quoc-huy/eval-wir/srbenchmarks/Urban100/LR-bicubic-matlab, x4)---- : 20.7947dB / 0.5855
26-01-15 17:06:39.406 : --16 --> BSRNet --> x4--> img_016.png
26-01-15 17:06:39.832 : ----PSNR/SSIM for (/root/media/quoc-huy/eval-wir/srbenchmarks/Urban100/LR-bicubic-matlab, x4)---- : 21.1659dB / 0.8313
26-01-15 17:06:39.918 : --17 --> BSRNet --> x4--> img_017.png
26-01-15 17:06:40.212 : ----PSNR/SSIM for (/root/media/quoc-huy/eval-wir/srbenchmarks/Urban100/LR-bicubic-matlab, x4)---- : 22.7428dB / 0.7424
26-01-15 17:06:40.286 : --18 --> BSRNet --> x4--> img_018.png
26-01-15 17:06:40.616 : ----PSNR/SSIM for (/root/media/quoc-huy/eval-wir/srbenchmarks/Urban100/LR-bicubic-matlab, x4)---- : 19.9636dB / 0.4833
26-01-15 17:06:40.697 : --19 --> BSRNet --> x4--> img_019.png
26-01-15 17:06:40.982 : ----PSNR/SSIM for (/root/media/quoc-huy/eval-wir/srbenchmarks/Urban100/LR-bicubic-matlab, x4)---- : 15.9061dB / 0.5492
26-01-15 17:06:41.055 : --20 --> BSRNet --> x4--> img_020.png
26-01-15 17:06:41.559 : ----PSNR/SSIM for (/root/media/quoc-huy/eval-wir/srbenchmarks/Urban100/LR-bicubic-matlab, x4)---- : 19.1973dB / 0.5958
26-01-15 17:06:41.675 : --21 --> BSRNet --> x4--> img_021.png
26-01-15 17:06:42.074 : ----PSNR/SSIM for (/root/media/quoc-huy/eval-wir/srbenchmarks/Urban100/LR-bicubic-matlab, x4)---- : 26.8889dB / 0.7132
26-01-15 17:06:42.160 : --22 --> BSRNet --> x4--> img_022.png
26-01-15 17:06:42.447 : ----PSNR/SSIM for (/root/media/quoc-huy/eval-wir/srbenchmarks/Urban100/LR-bicubic-matlab, x4)---- : 24.3051dB / 0.7141
26-01-15 17:06:42.516 : --23 --> BSRNet --> x4--> img_023.png
26-01-15 17:06:42.953 : ----PSNR/SSIM for (/root/media/quoc-huy/eval-wir/srbenchmarks/Urban100/LR-bicubic-matlab, x4)---- : 23.4327dB / 0.7434
26-01-15 17:06:43.047 : --24 --> BSRNet --> x4--> img_024.png
26-01-15 17:06:43.330 : ----PSNR/SSIM for (/root/media/quoc-huy/eval-wir/srbenchmarks/Urban100/LR-bicubic-matlab, x4)---- : 14.5664dB / 0.4826
26-01-15 17:06:43.404 : --25 --> BSRNet --> x4--> img_025.png
26-01-15 17:06:43.704 : ----PSNR/SSIM for (/root/media/quoc-huy/eval-wir/srbenchmarks/Urban100/LR-bicubic-matlab, x4)---- : 28.7135dB / 0.8512
26-01-15 17:06:43.783 : --26 --> BSRNet --> x4--> img_026.png
26-01-15 17:06:44.113 : ----PSNR/SSIM for (/root/media/quoc-huy/eval-wir/srbenchmarks/Urban100/LR-bicubic-matlab, x4)---- : 25.6965dB / 0.6405
26-01-15 17:06:44.192 : --27 --> BSRNet --> x4--> img_027.png
26-01-15 17:06:44.547 : ----PSNR/SSIM for (/root/media/quoc-huy/eval-wir/srbenchmarks/Urban100/LR-bicubic-matlab, x4)---- : 26.5221dB / 0.7530
26-01-15 17:06:44.633 : --28 --> BSRNet --> x4--> img_028.png
26-01-15 17:06:44.915 : ----PSNR/SSIM for (/root/media/quoc-huy/eval-wir/srbenchmarks/Urban100/LR-bicubic-matlab, x4)---- : 26.8582dB / 0.8172
26-01-15 17:06:44.981 : --29 --> BSRNet --> x4--> img_029.png
26-01-15 17:06:45.269 : ----PSNR/SSIM for (/root/media/quoc-huy/eval-wir/srbenchmarks/Urban100/LR-bicubic-matlab, x4)---- : 19.3701dB / 0.6552
26-01-15 17:06:45.345 : --30 --> BSRNet --> x4--> img_030.png
26-01-15 17:06:45.636 : ----PSNR/SSIM for (/root/media/quoc-huy/eval-wir/srbenchmarks/Urban100/LR-bicubic-matlab, x4)---- : 17.3368dB / 0.5769
26-01-15 17:06:45.712 : --31 --> BSRNet --> x4--> img_031.png
26-01-15 17:06:45.998 : ----PSNR/SSIM for (/root/media/quoc-huy/eval-wir/srbenchmarks/Urban100/LR-bicubic-matlab, x4)---- : 20.3398dB / 0.6186
26-01-15 17:06:46.069 : --32 --> BSRNet --> x4--> img_032.png
26-01-15 17:06:46.356 : ----PSNR/SSIM for (/root/media/quoc-huy/eval-wir/srbenchmarks/Urban100/LR-bicubic-matlab, x4)---- : 25.8130dB / 0.7755
26-01-15 17:06:46.428 : --33 --> BSRNet --> x4--> img_033.png
26-01-15 17:06:46.715 : ----PSNR/SSIM for (/root/media/quoc-huy/eval-wir/srbenchmarks/Urban100/LR-bicubic-matlab, x4)---- : 24.5946dB / 0.7234
26-01-15 17:06:46.787 : --34 --> BSRNet --> x4--> img_034.png
26-01-15 17:06:47.075 : ----PSNR/SSIM for (/root/media/quoc-huy/eval-wir/srbenchmarks/Urban100/LR-bicubic-matlab, x4)---- : 19.2767dB / 0.4175
26-01-15 17:06:47.150 : --35 --> BSRNet --> x4--> img_035.png
26-01-15 17:06:47.438 : ----PSNR/SSIM for (/root/media/quoc-huy/eval-wir/srbenchmarks/Urban100/LR-bicubic-matlab, x4)---- : 15.0857dB / 0.7326
26-01-15 17:06:47.513 : --36 --> BSRNet --> x4--> img_036.png
26-01-15 17:06:47.803 : ----PSNR/SSIM for (/root/media/quoc-huy/eval-wir/srbenchmarks/Urban100/LR-bicubic-matlab, x4)---- : 26.1022dB / 0.8438
26-01-15 17:06:47.880 : --37 --> BSRNet --> x4--> img_037.png
26-01-15 17:06:48.209 : ----PSNR/SSIM for (/root/media/quoc-huy/eval-wir/srbenchmarks/Urban100/LR-bicubic-matlab, x4)---- : 22.0679dB / 0.6870
26-01-15 17:06:48.289 : --38 --> BSRNet --> x4--> img_038.png
26-01-15 17:06:48.618 : ----PSNR/SSIM for (/root/media/quoc-huy/eval-wir/srbenchmarks/Urban100/LR-bicubic-matlab, x4)---- : 21.1771dB / 0.5077
26-01-15 17:06:48.700 : --39 --> BSRNet --> x4--> img_039.png
26-01-15 17:06:49.033 : ----PSNR/SSIM for (/root/media/quoc-huy/eval-wir/srbenchmarks/Urban100/LR-bicubic-matlab, x4)---- : 19.7558dB / 0.6042
26-01-15 17:06:49.114 : --40 --> BSRNet --> x4--> img_040.png
26-01-15 17:06:49.361 : ----PSNR/SSIM for (/root/media/quoc-huy/eval-wir/srbenchmarks/Urban100/LR-bicubic-matlab, x4)---- : 20.8883dB / 0.8309
26-01-15 17:06:49.426 : --41 --> BSRNet --> x4--> img_041.png
26-01-15 17:06:49.735 : ----PSNR/SSIM for (/root/media/quoc-huy/eval-wir/srbenchmarks/Urban100/LR-bicubic-matlab, x4)---- : 19.0521dB / 0.6757
26-01-15 17:06:49.812 : --42 --> BSRNet --> x4--> img_042.png
26-01-15 17:06:50.095 : ----PSNR/SSIM for (/root/media/quoc-huy/eval-wir/srbenchmarks/Urban100/LR-bicubic-matlab, x4)---- : 25.0586dB / 0.8224
26-01-15 17:06:50.168 : --43 --> BSRNet --> x4--> img_043.png
26-01-15 17:06:50.452 : ----PSNR/SSIM for (/root/media/quoc-huy/eval-wir/srbenchmarks/Urban100/LR-bicubic-matlab, x4)---- : 14.0026dB / 0.5182
26-01-15 17:06:50.525 : --44 --> BSRNet --> x4--> img_044.png
26-01-15 17:06:50.814 : ----PSNR/SSIM for (/root/media/quoc-huy/eval-wir/srbenchmarks/Urban100/LR-bicubic-matlab, x4)---- : 27.9417dB / 0.8097
26-01-15 17:06:50.889 : --45 --> BSRNet --> x4--> img_045.png
26-01-15 17:06:51.211 : ----PSNR/SSIM for (/root/media/quoc-huy/eval-wir/srbenchmarks/Urban100/LR-bicubic-matlab, x4)---- : 18.1766dB / 0.5267
26-01-15 17:06:51.297 : --46 --> BSRNet --> x4--> img_046.png
26-01-15 17:06:51.591 : ----PSNR/SSIM for (/root/media/quoc-huy/eval-wir/srbenchmarks/Urban100/LR-bicubic-matlab, x4)---- : 21.6048dB / 0.6934
26-01-15 17:06:51.662 : --47 --> BSRNet --> x4--> img_047.png
26-01-15 17:06:51.923 : ----PSNR/SSIM for (/root/media/quoc-huy/eval-wir/srbenchmarks/Urban100/LR-bicubic-matlab, x4)---- : 18.9822dB / 0.6513
26-01-15 17:06:51.993 : --48 --> BSRNet --> x4--> img_048.png
26-01-15 17:06:52.279 : ----PSNR/SSIM for (/root/media/quoc-huy/eval-wir/srbenchmarks/Urban100/LR-bicubic-matlab, x4)---- : 17.1147dB / 0.6839
26-01-15 17:06:52.351 : --49 --> BSRNet --> x4--> img_049.png
26-01-15 17:06:52.643 : ----PSNR/SSIM for (/root/media/quoc-huy/eval-wir/srbenchmarks/Urban100/LR-bicubic-matlab, x4)---- : 16.4203dB / 0.4625
26-01-15 17:06:52.718 : --50 --> BSRNet --> x4--> img_050.png
26-01-15 17:06:53.006 : ----PSNR/SSIM for (/root/media/quoc-huy/eval-wir/srbenchmarks/Urban100/LR-bicubic-matlab, x4)---- : 22.8197dB / 0.6849
26-01-15 17:06:53.077 : --51 --> BSRNet --> x4--> img_051.png
26-01-15 17:06:53.366 : ----PSNR/SSIM for (/root/media/quoc-huy/eval-wir/srbenchmarks/Urban100/LR-bicubic-matlab, x4)---- : 24.5801dB / 0.7857
26-01-15 17:06:53.441 : --52 --> BSRNet --> x4--> img_052.png
26-01-15 17:06:53.732 : ----PSNR/SSIM for (/root/media/quoc-huy/eval-wir/srbenchmarks/Urban100/LR-bicubic-matlab, x4)---- : 22.1353dB / 0.8017
26-01-15 17:06:53.805 : --53 --> BSRNet --> x4--> img_053.png
26-01-15 17:06:54.090 : ----PSNR/SSIM for (/root/media/quoc-huy/eval-wir/srbenchmarks/Urban100/LR-bicubic-matlab, x4)---- : 17.2154dB / 0.5434
26-01-15 17:06:54.164 : --54 --> BSRNet --> x4--> img_054.png
26-01-15 17:06:54.459 : ----PSNR/SSIM for (/root/media/quoc-huy/eval-wir/srbenchmarks/Urban100/LR-bicubic-matlab, x4)---- : 19.4746dB / 0.5970
26-01-15 17:06:54.530 : --55 --> BSRNet --> x4--> img_055.png
26-01-15 17:06:54.863 : ----PSNR/SSIM for (/root/media/quoc-huy/eval-wir/srbenchmarks/Urban100/LR-bicubic-matlab, x4)---- : 28.7093dB / 0.9039
26-01-15 17:06:54.944 : --56 --> BSRNet --> x4--> img_056.png
26-01-15 17:06:55.276 : ----PSNR/SSIM for (/root/media/quoc-huy/eval-wir/srbenchmarks/Urban100/LR-bicubic-matlab, x4)---- : 20.2123dB / 0.6342
26-01-15 17:06:55.360 : --57 --> BSRNet --> x4--> img_057.png
26-01-15 17:06:55.661 : ----PSNR/SSIM for (/root/media/quoc-huy/eval-wir/srbenchmarks/Urban100/LR-bicubic-matlab, x4)---- : 22.0868dB / 0.7672
26-01-15 17:06:55.738 : --58 --> BSRNet --> x4--> img_058.png
26-01-15 17:06:56.027 : ----PSNR/SSIM for (/root/media/quoc-huy/eval-wir/srbenchmarks/Urban100/LR-bicubic-matlab, x4)---- : 15.6338dB / 0.6208
26-01-15 17:06:56.102 : --59 --> BSRNet --> x4--> img_059.png
26-01-15 17:06:56.385 : ----PSNR/SSIM for (/root/media/quoc-huy/eval-wir/srbenchmarks/Urban100/LR-bicubic-matlab, x4)---- : 20.0000dB / 0.6942
26-01-15 17:06:56.453 : --60 --> BSRNet --> x4--> img_060.png
26-01-15 17:06:56.745 : ----PSNR/SSIM for (/root/media/quoc-huy/eval-wir/srbenchmarks/Urban100/LR-bicubic-matlab, x4)---- : 20.1536dB / 0.4715
26-01-15 17:06:56.819 : --61 --> BSRNet --> x4--> img_061.png
26-01-15 17:06:57.105 : ----PSNR/SSIM for (/root/media/quoc-huy/eval-wir/srbenchmarks/Urban100/LR-bicubic-matlab, x4)---- : 20.7879dB / 0.5989
26-01-15 17:06:57.178 : --62 --> BSRNet --> x4--> img_062.png
26-01-15 17:06:57.463 : ----PSNR/SSIM for (/root/media/quoc-huy/eval-wir/srbenchmarks/Urban100/LR-bicubic-matlab, x4)---- : 15.5386dB / 0.4694
26-01-15 17:06:57.534 : --63 --> BSRNet --> x4--> img_063.png
26-01-15 17:06:57.946 : ----PSNR/SSIM for (/root/media/quoc-huy/eval-wir/srbenchmarks/Urban100/LR-bicubic-matlab, x4)---- : 17.8161dB / 0.4632
26-01-15 17:06:58.042 : --64 --> BSRNet --> x4--> img_064.png
26-01-15 17:06:58.335 : ----PSNR/SSIM for (/root/media/quoc-huy/eval-wir/srbenchmarks/Urban100/LR-bicubic-matlab, x4)---- : 23.6756dB / 0.7072
26-01-15 17:06:58.411 : --65 --> BSRNet --> x4--> img_065.png
26-01-15 17:06:58.703 : ----PSNR/SSIM for (/root/media/quoc-huy/eval-wir/srbenchmarks/Urban100/LR-bicubic-matlab, x4)---- : 23.3125dB / 0.6569
26-01-15 17:06:58.777 : --66 --> BSRNet --> x4--> img_066.png
26-01-15 17:06:59.143 : ----PSNR/SSIM for (/root/media/quoc-huy/eval-wir/srbenchmarks/Urban100/LR-bicubic-matlab, x4)---- : 20.4053dB / 0.5760
26-01-15 17:06:59.234 : --67 --> BSRNet --> x4--> img_067.png
26-01-15 17:06:59.523 : ----PSNR/SSIM for (/root/media/quoc-huy/eval-wir/srbenchmarks/Urban100/LR-bicubic-matlab, x4)---- : 13.0972dB / 0.5714
26-01-15 17:06:59.595 : --68 --> BSRNet --> x4--> img_068.png
26-01-15 17:07:00.034 : ----PSNR/SSIM for (/root/media/quoc-huy/eval-wir/srbenchmarks/Urban100/LR-bicubic-matlab, x4)---- : 26.2005dB / 0.7623
26-01-15 17:07:00.134 : --69 --> BSRNet --> x4--> img_069.png
26-01-15 17:07:00.543 : ----PSNR/SSIM for (/root/media/quoc-huy/eval-wir/srbenchmarks/Urban100/LR-bicubic-matlab, x4)---- : 21.8005dB / 0.6332
26-01-15 17:07:00.637 : --70 --> BSRNet --> x4--> img_070.png
26-01-15 17:07:00.966 : ----PSNR/SSIM for (/root/media/quoc-huy/eval-wir/srbenchmarks/Urban100/LR-bicubic-matlab, x4)---- : 20.5988dB / 0.5429
26-01-15 17:07:01.044 : --71 --> BSRNet --> x4--> img_071.png
26-01-15 17:07:01.371 : ----PSNR/SSIM for (/root/media/quoc-huy/eval-wir/srbenchmarks/Urban100/LR-bicubic-matlab, x4)---- : 25.9152dB / 0.5802
26-01-15 17:07:01.450 : --72 --> BSRNet --> x4--> img_072.png
26-01-15 17:07:01.738 : ----PSNR/SSIM for (/root/media/quoc-huy/eval-wir/srbenchmarks/Urban100/LR-bicubic-matlab, x4)---- : 16.2457dB / 0.7016
26-01-15 17:07:01.813 : --73 --> BSRNet --> x4--> img_073.png
26-01-15 17:07:02.147 : ----PSNR/SSIM for (/root/media/quoc-huy/eval-wir/srbenchmarks/Urban100/LR-bicubic-matlab, x4)---- : 17.8163dB / 0.4023
26-01-15 17:07:02.229 : --74 --> BSRNet --> x4--> img_074.png
26-01-15 17:07:02.516 : ----PSNR/SSIM for (/root/media/quoc-huy/eval-wir/srbenchmarks/Urban100/LR-bicubic-matlab, x4)---- : 21.6246dB / 0.6241
26-01-15 17:07:02.588 : --75 --> BSRNet --> x4--> img_075.png
26-01-15 17:07:02.879 : ----PSNR/SSIM for (/root/media/quoc-huy/eval-wir/srbenchmarks/Urban100/LR-bicubic-matlab, x4)---- : 27.2554dB / 0.8089
26-01-15 17:07:02.951 : --76 --> BSRNet --> x4--> img_076.png
26-01-15 17:07:03.242 : ----PSNR/SSIM for (/root/media/quoc-huy/eval-wir/srbenchmarks/Urban100/LR-bicubic-matlab, x4)---- : 19.7010dB / 0.5758
26-01-15 17:07:03.317 : --77 --> BSRNet --> x4--> img_077.png
26-01-15 17:07:03.606 : ----PSNR/SSIM for (/root/media/quoc-huy/eval-wir/srbenchmarks/Urban100/LR-bicubic-matlab, x4)---- : 20.8741dB / 0.6046
26-01-15 17:07:03.680 : --78 --> BSRNet --> x4--> img_078.png
26-01-15 17:07:03.985 : ----PSNR/SSIM for (/root/media/quoc-huy/eval-wir/srbenchmarks/Urban100/LR-bicubic-matlab, x4)---- : 22.6260dB / 0.5907
26-01-15 17:07:04.064 : --79 --> BSRNet --> x4--> img_079.png
26-01-15 17:07:04.396 : ----PSNR/SSIM for (/root/media/quoc-huy/eval-wir/srbenchmarks/Urban100/LR-bicubic-matlab, x4)---- : 23.2798dB / 0.6318
26-01-15 17:07:04.478 : --80 --> BSRNet --> x4--> img_080.png
26-01-15 17:07:04.830 : ----PSNR/SSIM for (/root/media/quoc-huy/eval-wir/srbenchmarks/Urban100/LR-bicubic-matlab, x4)---- : 29.4276dB / 0.9068
26-01-15 17:07:04.905 : --81 --> BSRNet --> x4--> img_081.png
26-01-15 17:07:05.348 : ----PSNR/SSIM for (/root/media/quoc-huy/eval-wir/srbenchmarks/Urban100/LR-bicubic-matlab, x4)---- : 19.8525dB / 0.6959
26-01-15 17:07:05.443 : --82 --> BSRNet --> x4--> img_082.png
26-01-15 17:07:05.883 : ----PSNR/SSIM for (/root/media/quoc-huy/eval-wir/srbenchmarks/Urban100/LR-bicubic-matlab, x4)---- : 25.8527dB / 0.8495
26-01-15 17:07:05.977 : --83 --> BSRNet --> x4--> img_083.png
26-01-15 17:07:06.416 : ----PSNR/SSIM for (/root/media/quoc-huy/eval-wir/srbenchmarks/Urban100/LR-bicubic-matlab, x4)---- : 19.1338dB / 0.5628
26-01-15 17:07:06.519 : --84 --> BSRNet --> x4--> img_084.png
26-01-15 17:07:06.960 : ----PSNR/SSIM for (/root/media/quoc-huy/eval-wir/srbenchmarks/Urban100/LR-bicubic-matlab, x4)---- : 24.4694dB / 0.7196
26-01-15 17:07:07.061 : --85 --> BSRNet --> x4--> img_085.png
26-01-15 17:07:07.352 : ----PSNR/SSIM for (/root/media/quoc-huy/eval-wir/srbenchmarks/Urban100/LR-bicubic-matlab, x4)---- : 25.0382dB / 0.8418
26-01-15 17:07:07.417 : --86 --> BSRNet --> x4--> img_086.png
26-01-15 17:07:07.750 : ----PSNR/SSIM for (/root/media/quoc-huy/eval-wir/srbenchmarks/Urban100/LR-bicubic-matlab, x4)---- : 27.8528dB / 0.8435
26-01-15 17:07:07.820 : --87 --> BSRNet --> x4--> img_087.png
26-01-15 17:07:08.265 : ----PSNR/SSIM for (/root/media/quoc-huy/eval-wir/srbenchmarks/Urban100/LR-bicubic-matlab, x4)---- : 22.4132dB / 0.7686
26-01-15 17:07:08.363 : --88 --> BSRNet --> x4--> img_088.png
26-01-15 17:07:08.649 : ----PSNR/SSIM for (/root/media/quoc-huy/eval-wir/srbenchmarks/Urban100/LR-bicubic-matlab, x4)---- : 17.0171dB / 0.3890
26-01-15 17:07:08.725 : --89 --> BSRNet --> x4--> img_089.png
26-01-15 17:07:09.060 : ----PSNR/SSIM for (/root/media/quoc-huy/eval-wir/srbenchmarks/Urban100/LR-bicubic-matlab, x4)---- : 23.8303dB / 0.6284
26-01-15 17:07:09.140 : --90 --> BSRNet --> x4--> img_090.png
26-01-15 17:07:09.434 : ----PSNR/SSIM for (/root/media/quoc-huy/eval-wir/srbenchmarks/Urban100/LR-bicubic-matlab, x4)---- : 23.0460dB / 0.8769
26-01-15 17:07:09.504 : --91 --> BSRNet --> x4--> img_091.png
26-01-15 17:07:09.795 : ----PSNR/SSIM for (/root/media/quoc-huy/eval-wir/srbenchmarks/Urban100/LR-bicubic-matlab, x4)---- : 20.9254dB / 0.5321
26-01-15 17:07:09.867 : --92 --> BSRNet --> x4--> img_092.png
26-01-15 17:07:10.157 : ----PSNR/SSIM for (/root/media/quoc-huy/eval-wir/srbenchmarks/Urban100/LR-bicubic-matlab, x4)---- : 16.2334dB / 0.5327
26-01-15 17:07:10.233 : --93 --> BSRNet --> x4--> img_093.png
26-01-15 17:07:10.564 : ----PSNR/SSIM for (/root/media/quoc-huy/eval-wir/srbenchmarks/Urban100/LR-bicubic-matlab, x4)---- : 16.3110dB / 0.6447
26-01-15 17:07:10.643 : --94 --> BSRNet --> x4--> img_094.png
26-01-15 17:07:10.976 : ----PSNR/SSIM for (/root/media/quoc-huy/eval-wir/srbenchmarks/Urban100/LR-bicubic-matlab, x4)---- : 21.9639dB / 0.6689
26-01-15 17:07:11.053 : --95 --> BSRNet --> x4--> img_095.png
26-01-15 17:07:11.379 : ----PSNR/SSIM for (/root/media/quoc-huy/eval-wir/srbenchmarks/Urban100/LR-bicubic-matlab, x4)---- : 17.7983dB / 0.3093
26-01-15 17:07:11.461 : --96 --> BSRNet --> x4--> img_096.png
26-01-15 17:07:11.795 : ----PSNR/SSIM for (/root/media/quoc-huy/eval-wir/srbenchmarks/Urban100/LR-bicubic-matlab, x4)---- : 22.2904dB / 0.8130
26-01-15 17:07:11.869 : --97 --> BSRNet --> x4--> img_097.png
26-01-15 17:07:12.161 : ----PSNR/SSIM for (/root/media/quoc-huy/eval-wir/srbenchmarks/Urban100/LR-bicubic-matlab, x4)---- : 22.7953dB / 0.7082
26-01-15 17:07:12.236 : --98 --> BSRNet --> x4--> img_098.png
26-01-15 17:07:12.524 : ----PSNR/SSIM for (/root/media/quoc-huy/eval-wir/srbenchmarks/Urban100/LR-bicubic-matlab, x4)---- : 18.2582dB / 0.3661
26-01-15 17:07:12.598 : --99 --> BSRNet --> x4--> img_099.png
26-01-15 17:07:12.956 : ----PSNR/SSIM for (/root/media/quoc-huy/eval-wir/srbenchmarks/Urban100/LR-bicubic-matlab, x4)---- : 17.9632dB / 0.5860
26-01-15 17:07:13.038 : -100 --> BSRNet --> x4--> img_100.png
26-01-15 17:07:13.480 : ----PSNR/SSIM for (/root/media/quoc-huy/eval-wir/srbenchmarks/Urban100/LR-bicubic-matlab, x4)---- : 17.2126dB / 0.5358
26-01-15 17:07:13.580 : ----Average PSNR/SSIM for (/root/media/quoc-huy/eval-wir/srbenchmarks/Urban100/LR-bicubic-matlab, x4)---- : 21.2026dB / 0.6509
26-01-15 17:07:13.581 :  
26-01-15 17:07:13.581 : ----Average LPIPS / NIQE---- : 0.3696 / 6.0748
26-01-15 17:07:13.581 : Computing FID...
26-01-15 17:07:20.479 : ----FID---- : 57.5136
26-01-15 17:07:43.693 :       Model Name : BSRNet
26-01-15 17:07:44.808 :       Input Path : /root/media/quoc-huy/eval-wir/srbenchmarks/Set5/LR-bicubic-matlab
26-01-15 17:07:44.808 :      Output Path : /root/quoc-huy/all-tested-results/BSRGAN/Set5-bic-matlab
26-01-15 17:07:44.808 : ---1 --> BSRNet --> x4--> baby.png
26-01-15 17:07:45.032 : ----PSNR/SSIM for (/root/media/quoc-huy/eval-wir/srbenchmarks/Set5/LR-bicubic-matlab, x4)---- : 30.6906dB / 0.8570
26-01-15 17:07:45.239 : ---2 --> BSRNet --> x4--> bird.png
26-01-15 17:07:45.286 : ----PSNR/SSIM for (/root/media/quoc-huy/eval-wir/srbenchmarks/Set5/LR-bicubic-matlab, x4)---- : 29.3423dB / 0.8437
26-01-15 17:07:45.327 : ---3 --> BSRNet --> x4--> butterfly.png
26-01-15 17:07:45.372 : ----PSNR/SSIM for (/root/media/quoc-huy/eval-wir/srbenchmarks/Set5/LR-bicubic-matlab, x4)---- : 24.4673dB / 0.8705
26-01-15 17:07:45.406 : ---4 --> BSRNet --> x4--> head.png
26-01-15 17:07:45.456 : ----PSNR/SSIM for (/root/media/quoc-huy/eval-wir/srbenchmarks/Set5/LR-bicubic-matlab, x4)---- : 30.4836dB / 0.6939
26-01-15 17:07:45.493 : ---5 --> BSRNet --> x4--> woman.png
26-01-15 17:07:45.533 : ----PSNR/SSIM for (/root/media/quoc-huy/eval-wir/srbenchmarks/Set5/LR-bicubic-matlab, x4)---- : 27.6263dB / 0.8657
26-01-15 17:07:45.567 : ----Average PSNR/SSIM for (/root/media/quoc-huy/eval-wir/srbenchmarks/Set5/LR-bicubic-matlab, x4)---- : 28.5220dB / 0.8262
26-01-15 17:07:45.567 :  
26-01-15 17:07:45.568 : ----Average LPIPS / NIQE---- : 0.2428 / 8.7028
26-01-15 17:07:45.568 : Computing FID...
26-01-15 17:07:50.007 : ----FID---- : 113.0549
26-01-15 17:08:14.809 :       Model Name : BSRNet
26-01-15 17:08:15.921 :       Input Path : /root/media/quoc-huy/eval-wir/srbenchmarks/Set14/LR-bicubic-matlab
26-01-15 17:08:15.921 :      Output Path : /root/quoc-huy/all-tested-results/BSRGAN/Set14-bic-matlab
26-01-15 17:08:15.921 : ---1 --> BSRNet --> x4--> baboon.png
26-01-15 17:08:16.124 : ----PSNR/SSIM for (/root/media/quoc-huy/eval-wir/srbenchmarks/Set14/LR-bicubic-matlab, x4)---- : 21.1091dB / 0.4443
26-01-15 17:08:16.310 : ---2 --> BSRNet --> x4--> barbara.png
26-01-15 17:08:16.499 : ----PSNR/SSIM for (/root/media/quoc-huy/eval-wir/srbenchmarks/Set14/LR-bicubic-matlab, x4)---- : 23.8967dB / 0.7155
26-01-15 17:08:16.556 : ---3 --> BSRNet --> x4--> bridge.png
26-01-15 17:08:16.672 : ----PSNR/SSIM for (/root/media/quoc-huy/eval-wir/srbenchmarks/Set14/LR-bicubic-matlab, x4)---- : 21.4806dB / 0.5422
26-01-15 17:08:16.717 : ---4 --> BSRNet --> x4--> coastguard.png
26-01-15 17:08:16.771 : ----PSNR/SSIM for (/root/media/quoc-huy/eval-wir/srbenchmarks/Set14/LR-bicubic-matlab, x4)---- : 24.1905dB / 0.4815
26-01-15 17:08:16.810 : ---5 --> BSRNet --> x4--> comic.png
26-01-15 17:08:16.863 : ----PSNR/SSIM for (/root/media/quoc-huy/eval-wir/srbenchmarks/Set14/LR-bicubic-matlab, x4)---- : 19.3975dB / 0.5078
26-01-15 17:08:16.898 : ---6 --> BSRNet --> x4--> face.png
26-01-15 17:08:16.942 : ----PSNR/SSIM for (/root/media/quoc-huy/eval-wir/srbenchmarks/Set14/LR-bicubic-matlab, x4)---- : 30.4840dB / 0.6922
26-01-15 17:08:16.977 : ---7 --> BSRNet --> x4--> flowers.png
26-01-15 17:08:17.064 : ----PSNR/SSIM for (/root/media/quoc-huy/eval-wir/srbenchmarks/Set14/LR-bicubic-matlab, x4)---- : 23.9511dB / 0.6884
26-01-15 17:08:17.103 : ---8 --> BSRNet --> x4--> foreman.png
26-01-15 17:08:17.155 : ----PSNR/SSIM for (/root/media/quoc-huy/eval-wir/srbenchmarks/Set14/LR-bicubic-matlab, x4)---- : 28.1512dB / 0.8864
26-01-15 17:08:17.186 : ---9 --> BSRNet --> x4--> lenna.png
26-01-15 17:08:17.297 : ----PSNR/SSIM for (/root/media/quoc-huy/eval-wir/srbenchmarks/Set14/LR-bicubic-matlab, x4)---- : 29.5682dB / 0.8093
26-01-15 17:08:17.338 : --10 --> BSRNet --> x4--> man.png
26-01-15 17:08:17.448 : ----PSNR/SSIM for (/root/media/quoc-huy/eval-wir/srbenchmarks/Set14/LR-bicubic-matlab, x4)---- : 21.6675dB / 0.5672
26-01-15 17:08:17.491 : --11 --> BSRNet --> x4--> monarch.png
26-01-15 17:08:17.662 : ----PSNR/SSIM for (/root/media/quoc-huy/eval-wir/srbenchmarks/Set14/LR-bicubic-matlab, x4)---- : 28.9732dB / 0.9095
26-01-15 17:08:17.713 : --12 --> BSRNet --> x4--> pepper.png
26-01-15 17:08:17.847 : ----PSNR/SSIM for (/root/media/quoc-huy/eval-wir/srbenchmarks/Set14/LR-bicubic-matlab, x4)---- : 23.4839dB / 0.7443
26-01-15 17:08:17.889 : --13 --> BSRNet --> x4--> ppt3.png
26-01-15 17:08:18.041 : ----PSNR/SSIM for (/root/media/quoc-huy/eval-wir/srbenchmarks/Set14/LR-bicubic-matlab, x4)---- : 12.3349dB / 0.6437
26-01-15 17:08:18.095 : --14 --> BSRNet --> x4--> zebra.png
26-01-15 17:08:18.199 : ----PSNR/SSIM for (/root/media/quoc-huy/eval-wir/srbenchmarks/Set14/LR-bicubic-matlab, x4)---- : 17.9208dB / 0.4481
26-01-15 17:08:18.240 : ----Average PSNR/SSIM for (/root/media/quoc-huy/eval-wir/srbenchmarks/Set14/LR-bicubic-matlab, x4)---- : 23.3292dB / 0.6486
26-01-15 17:08:18.241 :  
26-01-15 17:08:18.241 : ----Average LPIPS / NIQE---- : 0.4112 / 7.1812
26-01-15 17:08:18.241 : Computing FID...
26-01-15 17:08:23.522 : ----FID---- : 179.5489
26-01-15 17:08:34.881 :       Model Name : BSRGAN
26-01-15 17:08:35.998 :       Input Path : /root/media/quoc-huy/eval-wir/srbenchmarks/Set14/LR-bicubic-matlab
26-01-15 17:08:35.999 :      Output Path : /root/quoc-huy/all-tested-results/BSRGAN/Set14-bic-matlab
26-01-15 17:08:35.999 : ---1 --> BSRGAN --> x4--> baboon.png
26-01-15 17:08:36.205 : ----PSNR/SSIM for (/root/media/quoc-huy/eval-wir/srbenchmarks/Set14/LR-bicubic-matlab, x4)---- : 20.1310dB / 0.3951
26-01-15 17:08:36.392 : ---2 --> BSRGAN --> x4--> barbara.png
26-01-15 17:08:36.584 : ----PSNR/SSIM for (/root/media/quoc-huy/eval-wir/srbenchmarks/Set14/LR-bicubic-matlab, x4)---- : 23.1750dB / 0.6554
26-01-15 17:08:36.644 : ---3 --> BSRGAN --> x4--> bridge.png
26-01-15 17:08:36.761 : ----PSNR/SSIM for (/root/media/quoc-huy/eval-wir/srbenchmarks/Set14/LR-bicubic-matlab, x4)---- : 21.0758dB / 0.4924
26-01-15 17:08:36.808 : ---4 --> BSRGAN --> x4--> coastguard.png
26-01-15 17:08:36.864 : ----PSNR/SSIM for (/root/media/quoc-huy/eval-wir/srbenchmarks/Set14/LR-bicubic-matlab, x4)---- : 23.6325dB / 0.4510
26-01-15 17:08:36.904 : ---5 --> BSRGAN --> x4--> comic.png
26-01-15 17:08:36.957 : ----PSNR/SSIM for (/root/media/quoc-huy/eval-wir/srbenchmarks/Set14/LR-bicubic-matlab, x4)---- : 18.7486dB / 0.4605
26-01-15 17:08:36.993 : ---6 --> BSRGAN --> x4--> face.png
26-01-15 17:08:37.038 : ----PSNR/SSIM for (/root/media/quoc-huy/eval-wir/srbenchmarks/Set14/LR-bicubic-matlab, x4)---- : 29.0688dB / 0.6549
26-01-15 17:08:37.073 : ---7 --> BSRGAN --> x4--> flowers.png
26-01-15 17:08:37.162 : ----PSNR/SSIM for (/root/media/quoc-huy/eval-wir/srbenchmarks/Set14/LR-bicubic-matlab, x4)---- : 23.2280dB / 0.6615
26-01-15 17:08:37.202 : ---8 --> BSRGAN --> x4--> foreman.png
26-01-15 17:08:37.254 : ----PSNR/SSIM for (/root/media/quoc-huy/eval-wir/srbenchmarks/Set14/LR-bicubic-matlab, x4)---- : 25.8805dB / 0.8360
26-01-15 17:08:37.286 : ---9 --> BSRGAN --> x4--> lenna.png
26-01-15 17:08:37.400 : ----PSNR/SSIM for (/root/media/quoc-huy/eval-wir/srbenchmarks/Set14/LR-bicubic-matlab, x4)---- : 28.0899dB / 0.7788
26-01-15 17:08:37.443 : --10 --> BSRGAN --> x4--> man.png
26-01-15 17:08:37.586 : ----PSNR/SSIM for (/root/media/quoc-huy/eval-wir/srbenchmarks/Set14/LR-bicubic-matlab, x4)---- : 21.0685dB / 0.5743
26-01-15 17:08:37.630 : --11 --> BSRGAN --> x4--> monarch.png
26-01-15 17:08:37.806 : ----PSNR/SSIM for (/root/media/quoc-huy/eval-wir/srbenchmarks/Set14/LR-bicubic-matlab, x4)---- : 26.9153dB / 0.8763
26-01-15 17:08:37.862 : --12 --> BSRGAN --> x4--> pepper.png
26-01-15 17:08:37.975 : ----PSNR/SSIM for (/root/media/quoc-huy/eval-wir/srbenchmarks/Set14/LR-bicubic-matlab, x4)---- : 23.4721dB / 0.7183
26-01-15 17:08:38.018 : --13 --> BSRGAN --> x4--> ppt3.png
26-01-15 17:08:38.172 : ----PSNR/SSIM for (/root/media/quoc-huy/eval-wir/srbenchmarks/Set14/LR-bicubic-matlab, x4)---- : 12.1407dB / 0.6550
26-01-15 17:08:38.222 : --14 --> BSRGAN --> x4--> zebra.png
26-01-15 17:08:38.326 : ----PSNR/SSIM for (/root/media/quoc-huy/eval-wir/srbenchmarks/Set14/LR-bicubic-matlab, x4)---- : 17.2896dB / 0.4413
26-01-15 17:08:38.369 : ----Average PSNR/SSIM for (/root/media/quoc-huy/eval-wir/srbenchmarks/Set14/LR-bicubic-matlab, x4)---- : 22.4226dB / 0.6179
26-01-15 17:08:38.369 :  
26-01-15 17:08:38.369 : ----Average LPIPS / NIQE---- : 0.3120 / 4.8676
26-01-15 17:08:38.370 : Computing FID...
26-01-15 17:08:43.452 : ----FID---- : 167.5224
26-01-15 17:09:27.124 :       Model Name : BSRGAN
26-01-15 17:09:28.236 :       Input Path : /root/media/quoc-huy/eval-wir/srbenchmarks/Set14/LRbic_opencv_x4
26-01-15 17:09:28.237 :      Output Path : /root/quoc-huy/all-tested-results/BSRGAN/Set14-LRbic_opencv_x4
26-01-15 17:09:28.237 : ---1 --> BSRGAN --> x4--> baboon.png
26-01-15 17:09:28.443 : ----PSNR/SSIM for (/root/media/quoc-huy/eval-wir/srbenchmarks/Set14/LRbic_opencv_x4, x4)---- : 18.8867dB / 0.3496
26-01-15 17:09:28.623 : ---2 --> BSRGAN --> x4--> barbara.png
26-01-15 17:09:28.813 : ----PSNR/SSIM for (/root/media/quoc-huy/eval-wir/srbenchmarks/Set14/LRbic_opencv_x4, x4)---- : 20.6141dB / 0.6257
26-01-15 17:09:28.871 : ---3 --> BSRGAN --> x4--> bridge.png
26-01-15 17:09:28.988 : ----PSNR/SSIM for (/root/media/quoc-huy/eval-wir/srbenchmarks/Set14/LRbic_opencv_x4, x4)---- : 21.0258dB / 0.4385
26-01-15 17:09:29.033 : ---4 --> BSRGAN --> x4--> coastguard.png
26-01-15 17:09:29.088 : ----PSNR/SSIM for (/root/media/quoc-huy/eval-wir/srbenchmarks/Set14/LRbic_opencv_x4, x4)---- : 21.7193dB / 0.4100
26-01-15 17:09:29.130 : ---5 --> BSRGAN --> x4--> comic.png
26-01-15 17:09:29.184 : ----PSNR/SSIM for (/root/media/quoc-huy/eval-wir/srbenchmarks/Set14/LRbic_opencv_x4, x4)---- : 17.5986dB / 0.4492
26-01-15 17:09:29.220 : ---6 --> BSRGAN --> x4--> face.png
26-01-15 17:09:29.265 : ----PSNR/SSIM for (/root/media/quoc-huy/eval-wir/srbenchmarks/Set14/LRbic_opencv_x4, x4)---- : 27.8553dB / 0.5998
26-01-15 17:09:29.299 : ---7 --> BSRGAN --> x4--> flowers.png
26-01-15 17:09:29.387 : ----PSNR/SSIM for (/root/media/quoc-huy/eval-wir/srbenchmarks/Set14/LRbic_opencv_x4, x4)---- : 21.2384dB / 0.6049
26-01-15 17:09:29.429 : ---8 --> BSRGAN --> x4--> foreman.png
26-01-15 17:09:29.481 : ----PSNR/SSIM for (/root/media/quoc-huy/eval-wir/srbenchmarks/Set14/LRbic_opencv_x4, x4)---- : 24.2576dB / 0.8229
26-01-15 17:09:29.513 : ---9 --> BSRGAN --> x4--> lenna.png
26-01-15 17:09:29.624 : ----PSNR/SSIM for (/root/media/quoc-huy/eval-wir/srbenchmarks/Set14/LRbic_opencv_x4, x4)---- : 26.8368dB / 0.7671
26-01-15 17:09:29.667 : --10 --> BSRGAN --> x4--> man.png
26-01-15 17:09:29.778 : ----PSNR/SSIM for (/root/media/quoc-huy/eval-wir/srbenchmarks/Set14/LRbic_opencv_x4, x4)---- : 22.7216dB / 0.5804
26-01-15 17:09:29.821 : --11 --> BSRGAN --> x4--> monarch.png
26-01-15 17:09:29.993 : ----PSNR/SSIM for (/root/media/quoc-huy/eval-wir/srbenchmarks/Set14/LRbic_opencv_x4, x4)---- : 24.7439dB / 0.8563
26-01-15 17:09:30.048 : --12 --> BSRGAN --> x4--> pepper.png
26-01-15 17:09:30.161 : ----PSNR/SSIM for (/root/media/quoc-huy/eval-wir/srbenchmarks/Set14/LRbic_opencv_x4, x4)---- : 25.9941dB / 0.7855
26-01-15 17:09:30.204 : --13 --> BSRGAN --> x4--> ppt3.png
26-01-15 17:09:30.357 : ----PSNR/SSIM for (/root/media/quoc-huy/eval-wir/srbenchmarks/Set14/LRbic_opencv_x4, x4)---- : 19.2556dB / 0.8198
26-01-15 17:09:30.405 : --14 --> BSRGAN --> x4--> zebra.png
26-01-15 17:09:30.519 : ----PSNR/SSIM for (/root/media/quoc-huy/eval-wir/srbenchmarks/Set14/LRbic_opencv_x4, x4)---- : 17.7653dB / 0.4298
26-01-15 17:09:30.563 : ----Average PSNR/SSIM for (/root/media/quoc-huy/eval-wir/srbenchmarks/Set14/LRbic_opencv_x4, x4)---- : 22.1795dB / 0.6100
26-01-15 17:09:30.563 :  
26-01-15 17:09:30.563 : ----Average LPIPS / NIQE---- : 0.2628 / 4.6072
26-01-15 17:09:30.563 : Computing FID...
26-01-15 17:09:35.842 : ----FID---- : 132.5419
26-01-15 17:12:41.508 :       Model Name : BSRGAN
26-01-15 17:12:42.610 :       Input Path : /root/media/quoc-huy/eval-wir/srbenchmarks/Set5/LRbic_opencv_x4
26-01-15 17:12:42.610 :      Output Path : /root/quoc-huy/all-tested-results/BSRGAN/Set5-LRbic_opencv_x4
26-01-15 17:12:42.610 : ---1 --> BSRGAN --> x4--> baby.png
26-01-15 17:12:42.825 : ----PSNR/SSIM for (/root/media/quoc-huy/eval-wir/srbenchmarks/Set5/LRbic_opencv_x4, x4)---- : 26.8095dB / 0.7537
26-01-15 17:12:43.023 : ---2 --> BSRGAN --> x4--> bird.png
26-01-15 17:12:43.072 : ----PSNR/SSIM for (/root/media/quoc-huy/eval-wir/srbenchmarks/Set5/LRbic_opencv_x4, x4)---- : 26.2178dB / 0.7788
26-01-15 17:12:43.114 : ---3 --> BSRGAN --> x4--> butterfly.png
26-01-15 17:12:43.159 : ----PSNR/SSIM for (/root/media/quoc-huy/eval-wir/srbenchmarks/Set5/LRbic_opencv_x4, x4)---- : 19.7718dB / 0.7547
26-01-15 17:12:43.195 : ---4 --> BSRGAN --> x4--> head.png
26-01-15 17:12:43.241 : ----PSNR/SSIM for (/root/media/quoc-huy/eval-wir/srbenchmarks/Set5/LRbic_opencv_x4, x4)---- : 27.8158dB / 0.5988
26-01-15 17:12:43.278 : ---5 --> BSRGAN --> x4--> woman.png
26-01-15 17:12:43.319 : ----PSNR/SSIM for (/root/media/quoc-huy/eval-wir/srbenchmarks/Set5/LRbic_opencv_x4, x4)---- : 23.8557dB / 0.8041
26-01-15 17:12:43.352 : ----Average PSNR/SSIM for (/root/media/quoc-huy/eval-wir/srbenchmarks/Set5/LRbic_opencv_x4, x4)---- : 24.8941dB / 0.7380
26-01-15 17:12:43.352 :  
26-01-15 17:12:43.352 : ----Average LPIPS / NIQE---- : 0.1826 / 6.2151
26-01-15 17:12:43.353 : Computing FID...
26-01-15 17:12:48.382 : ----FID---- : 123.3587
26-01-15 17:14:11.990 :       Model Name : BSRGAN
26-01-15 17:14:13.103 :       Input Path : /root/media/quoc-huy/eval-wir/srbenchmarks/BSD100/LRbic_opencv_x4
26-01-15 17:14:13.103 :      Output Path : /root/quoc-huy/all-tested-results/BSRGAN/BSD100-LRbic_opencv_x4
26-01-15 17:14:13.104 : ---1 --> BSRGAN --> x4--> 101085.png
26-01-15 17:14:13.268 : ----PSNR/SSIM for (/root/media/quoc-huy/eval-wir/srbenchmarks/BSD100/LRbic_opencv_x4, x4)---- : 19.5618dB / 0.3928
26-01-15 17:14:13.442 : ---2 --> BSRGAN --> x4--> 101087.png
26-01-15 17:14:13.518 : ----PSNR/SSIM for (/root/media/quoc-huy/eval-wir/srbenchmarks/BSD100/LRbic_opencv_x4, x4)---- : 23.0702dB / 0.7004
26-01-15 17:14:13.555 : ---3 --> BSRGAN --> x4--> 102061.png
26-01-15 17:14:13.629 : ----PSNR/SSIM for (/root/media/quoc-huy/eval-wir/srbenchmarks/BSD100/LRbic_opencv_x4, x4)---- : 21.1822dB / 0.6840
26-01-15 17:14:13.668 : ---4 --> BSRGAN --> x4--> 103070.png
26-01-15 17:14:13.742 : ----PSNR/SSIM for (/root/media/quoc-huy/eval-wir/srbenchmarks/BSD100/LRbic_opencv_x4, x4)---- : 24.5015dB / 0.6847
26-01-15 17:14:13.781 : ---5 --> BSRGAN --> x4--> 105025.png
26-01-15 17:14:13.846 : ----PSNR/SSIM for (/root/media/quoc-huy/eval-wir/srbenchmarks/BSD100/LRbic_opencv_x4, x4)---- : 21.9935dB / 0.5568
26-01-15 17:14:13.880 : ---6 --> BSRGAN --> x4--> 106024.png
26-01-15 17:14:13.945 : ----PSNR/SSIM for (/root/media/quoc-huy/eval-wir/srbenchmarks/BSD100/LRbic_opencv_x4, x4)---- : 26.7163dB / 0.8064
26-01-15 17:14:13.980 : ---7 --> BSRGAN --> x4--> 108005.png
26-01-15 17:14:14.045 : ----PSNR/SSIM for (/root/media/quoc-huy/eval-wir/srbenchmarks/BSD100/LRbic_opencv_x4, x4)---- : 21.2682dB / 0.5517
26-01-15 17:14:14.080 : ---8 --> BSRGAN --> x4--> 108070.png
26-01-15 17:14:14.145 : ----PSNR/SSIM for (/root/media/quoc-huy/eval-wir/srbenchmarks/BSD100/LRbic_opencv_x4, x4)---- : 19.1091dB / 0.3768
26-01-15 17:14:14.181 : ---9 --> BSRGAN --> x4--> 108082.png
26-01-15 17:14:14.246 : ----PSNR/SSIM for (/root/media/quoc-huy/eval-wir/srbenchmarks/BSD100/LRbic_opencv_x4, x4)---- : 21.9792dB / 0.6307
26-01-15 17:14:14.280 : --10 --> BSRGAN --> x4--> 109053.png
26-01-15 17:14:14.345 : ----PSNR/SSIM for (/root/media/quoc-huy/eval-wir/srbenchmarks/BSD100/LRbic_opencv_x4, x4)---- : 24.2220dB / 0.6529
26-01-15 17:14:14.380 : --11 --> BSRGAN --> x4--> 119082.png
26-01-15 17:14:14.447 : ----PSNR/SSIM for (/root/media/quoc-huy/eval-wir/srbenchmarks/BSD100/LRbic_opencv_x4, x4)---- : 18.1338dB / 0.5189
26-01-15 17:14:14.482 : --12 --> BSRGAN --> x4--> 12084.png
26-01-15 17:14:14.547 : ----PSNR/SSIM for (/root/media/quoc-huy/eval-wir/srbenchmarks/BSD100/LRbic_opencv_x4, x4)---- : 22.0796dB / 0.4826
26-01-15 17:14:14.583 : --13 --> BSRGAN --> x4--> 123074.png
26-01-15 17:14:14.649 : ----PSNR/SSIM for (/root/media/quoc-huy/eval-wir/srbenchmarks/BSD100/LRbic_opencv_x4, x4)---- : 24.2935dB / 0.6112
26-01-15 17:14:14.684 : --14 --> BSRGAN --> x4--> 126007.png
26-01-15 17:14:14.750 : ----PSNR/SSIM for (/root/media/quoc-huy/eval-wir/srbenchmarks/BSD100/LRbic_opencv_x4, x4)---- : 23.3540dB / 0.6961
26-01-15 17:14:14.785 : --15 --> BSRGAN --> x4--> 130026.png
26-01-15 17:14:14.851 : ----PSNR/SSIM for (/root/media/quoc-huy/eval-wir/srbenchmarks/BSD100/LRbic_opencv_x4, x4)---- : 20.7928dB / 0.4989
26-01-15 17:14:14.887 : --16 --> BSRGAN --> x4--> 134035.png
26-01-15 17:14:14.958 : ----PSNR/SSIM for (/root/media/quoc-huy/eval-wir/srbenchmarks/BSD100/LRbic_opencv_x4, x4)---- : 18.9221dB / 0.5293
26-01-15 17:14:14.996 : --17 --> BSRGAN --> x4--> 14037.png
26-01-15 17:14:15.061 : ----PSNR/SSIM for (/root/media/quoc-huy/eval-wir/srbenchmarks/BSD100/LRbic_opencv_x4, x4)---- : 27.7443dB / 0.7918
26-01-15 17:14:15.096 : --18 --> BSRGAN --> x4--> 143090.png
26-01-15 17:14:15.161 : ----PSNR/SSIM for (/root/media/quoc-huy/eval-wir/srbenchmarks/BSD100/LRbic_opencv_x4, x4)---- : 26.4283dB / 0.7974
26-01-15 17:14:15.195 : --19 --> BSRGAN --> x4--> 145086.png
26-01-15 17:14:15.260 : ----PSNR/SSIM for (/root/media/quoc-huy/eval-wir/srbenchmarks/BSD100/LRbic_opencv_x4, x4)---- : 20.8960dB / 0.6001
26-01-15 17:14:15.296 : --20 --> BSRGAN --> x4--> 147091.png
26-01-15 17:14:15.361 : ----PSNR/SSIM for (/root/media/quoc-huy/eval-wir/srbenchmarks/BSD100/LRbic_opencv_x4, x4)---- : 20.8450dB / 0.6816
26-01-15 17:14:15.396 : --21 --> BSRGAN --> x4--> 148026.png
26-01-15 17:14:15.463 : ----PSNR/SSIM for (/root/media/quoc-huy/eval-wir/srbenchmarks/BSD100/LRbic_opencv_x4, x4)---- : 16.7708dB / 0.4523
26-01-15 17:14:15.498 : --22 --> BSRGAN --> x4--> 148089.png
26-01-15 17:14:15.565 : ----PSNR/SSIM for (/root/media/quoc-huy/eval-wir/srbenchmarks/BSD100/LRbic_opencv_x4, x4)---- : 18.5534dB / 0.4070
26-01-15 17:14:15.600 : --23 --> BSRGAN --> x4--> 156065.png
26-01-15 17:14:15.665 : ----PSNR/SSIM for (/root/media/quoc-huy/eval-wir/srbenchmarks/BSD100/LRbic_opencv_x4, x4)---- : 20.8304dB / 0.3925
26-01-15 17:14:15.700 : --24 --> BSRGAN --> x4--> 157055.png
26-01-15 17:14:15.766 : ----PSNR/SSIM for (/root/media/quoc-huy/eval-wir/srbenchmarks/BSD100/LRbic_opencv_x4, x4)---- : 21.3123dB / 0.6194
26-01-15 17:14:15.801 : --25 --> BSRGAN --> x4--> 159008.png
26-01-15 17:14:15.867 : ----PSNR/SSIM for (/root/media/quoc-huy/eval-wir/srbenchmarks/BSD100/LRbic_opencv_x4, x4)---- : 20.9973dB / 0.6309
26-01-15 17:14:15.902 : --26 --> BSRGAN --> x4--> 160068.png
26-01-15 17:14:15.967 : ----PSNR/SSIM for (/root/media/quoc-huy/eval-wir/srbenchmarks/BSD100/LRbic_opencv_x4, x4)---- : 21.6946dB / 0.7327
26-01-15 17:14:16.002 : --27 --> BSRGAN --> x4--> 16077.png
26-01-15 17:14:16.068 : ----PSNR/SSIM for (/root/media/quoc-huy/eval-wir/srbenchmarks/BSD100/LRbic_opencv_x4, x4)---- : 22.3737dB / 0.5691
26-01-15 17:14:16.102 : --28 --> BSRGAN --> x4--> 163085.png
26-01-15 17:14:16.168 : ----PSNR/SSIM for (/root/media/quoc-huy/eval-wir/srbenchmarks/BSD100/LRbic_opencv_x4, x4)---- : 23.7940dB / 0.6583
26-01-15 17:14:16.203 : --29 --> BSRGAN --> x4--> 167062.png
26-01-15 17:14:16.267 : ----PSNR/SSIM for (/root/media/quoc-huy/eval-wir/srbenchmarks/BSD100/LRbic_opencv_x4, x4)---- : 23.9871dB / 0.7806
26-01-15 17:14:16.301 : --30 --> BSRGAN --> x4--> 167083.png
26-01-15 17:14:16.367 : ----PSNR/SSIM for (/root/media/quoc-huy/eval-wir/srbenchmarks/BSD100/LRbic_opencv_x4, x4)---- : 16.1599dB / 0.3503
26-01-15 17:14:16.403 : --31 --> BSRGAN --> x4--> 170057.png
26-01-15 17:14:16.469 : ----PSNR/SSIM for (/root/media/quoc-huy/eval-wir/srbenchmarks/BSD100/LRbic_opencv_x4, x4)---- : 24.1962dB / 0.6215
26-01-15 17:14:16.504 : --32 --> BSRGAN --> x4--> 175032.png
26-01-15 17:14:16.570 : ----PSNR/SSIM for (/root/media/quoc-huy/eval-wir/srbenchmarks/BSD100/LRbic_opencv_x4, x4)---- : 17.2507dB / 0.2312
26-01-15 17:14:16.604 : --33 --> BSRGAN --> x4--> 175043.png
26-01-15 17:14:16.669 : ----PSNR/SSIM for (/root/media/quoc-huy/eval-wir/srbenchmarks/BSD100/LRbic_opencv_x4, x4)---- : 20.3026dB / 0.4161
26-01-15 17:14:16.703 : --34 --> BSRGAN --> x4--> 182053.png
26-01-15 17:14:16.769 : ----PSNR/SSIM for (/root/media/quoc-huy/eval-wir/srbenchmarks/BSD100/LRbic_opencv_x4, x4)---- : 19.3302dB / 0.6320
26-01-15 17:14:16.803 : --35 --> BSRGAN --> x4--> 189080.png
26-01-15 17:14:16.869 : ----PSNR/SSIM for (/root/media/quoc-huy/eval-wir/srbenchmarks/BSD100/LRbic_opencv_x4, x4)---- : 27.1784dB / 0.8044
26-01-15 17:14:16.904 : --36 --> BSRGAN --> x4--> 19021.png
26-01-15 17:14:16.968 : ----PSNR/SSIM for (/root/media/quoc-huy/eval-wir/srbenchmarks/BSD100/LRbic_opencv_x4, x4)---- : 21.4565dB / 0.5631
26-01-15 17:14:17.004 : --37 --> BSRGAN --> x4--> 196073.png
26-01-15 17:14:17.068 : ----PSNR/SSIM for (/root/media/quoc-huy/eval-wir/srbenchmarks/BSD100/LRbic_opencv_x4, x4)---- : 25.0644dB / 0.3754
26-01-15 17:14:17.103 : --38 --> BSRGAN --> x4--> 197017.png
26-01-15 17:14:17.168 : ----PSNR/SSIM for (/root/media/quoc-huy/eval-wir/srbenchmarks/BSD100/LRbic_opencv_x4, x4)---- : 23.3381dB / 0.5873
26-01-15 17:14:17.203 : --39 --> BSRGAN --> x4--> 208001.png
26-01-15 17:14:17.269 : ----PSNR/SSIM for (/root/media/quoc-huy/eval-wir/srbenchmarks/BSD100/LRbic_opencv_x4, x4)---- : 23.2072dB / 0.5435
26-01-15 17:14:17.305 : --40 --> BSRGAN --> x4--> 210088.png
26-01-15 17:14:17.372 : ----PSNR/SSIM for (/root/media/quoc-huy/eval-wir/srbenchmarks/BSD100/LRbic_opencv_x4, x4)---- : 26.2188dB / 0.8349
26-01-15 17:14:17.406 : --41 --> BSRGAN --> x4--> 21077.png
26-01-15 17:14:17.471 : ----PSNR/SSIM for (/root/media/quoc-huy/eval-wir/srbenchmarks/BSD100/LRbic_opencv_x4, x4)---- : 21.3753dB / 0.5746
26-01-15 17:14:17.506 : --42 --> BSRGAN --> x4--> 216081.png
26-01-15 17:14:17.571 : ----PSNR/SSIM for (/root/media/quoc-huy/eval-wir/srbenchmarks/BSD100/LRbic_opencv_x4, x4)---- : 20.5638dB / 0.5457
26-01-15 17:14:17.606 : --43 --> BSRGAN --> x4--> 219090.png
26-01-15 17:14:17.671 : ----PSNR/SSIM for (/root/media/quoc-huy/eval-wir/srbenchmarks/BSD100/LRbic_opencv_x4, x4)---- : 21.4392dB / 0.6229
26-01-15 17:14:17.706 : --44 --> BSRGAN --> x4--> 220075.png
26-01-15 17:14:17.772 : ----PSNR/SSIM for (/root/media/quoc-huy/eval-wir/srbenchmarks/BSD100/LRbic_opencv_x4, x4)---- : 21.5146dB / 0.7287
26-01-15 17:14:17.807 : --45 --> BSRGAN --> x4--> 223061.png
26-01-15 17:14:17.873 : ----PSNR/SSIM for (/root/media/quoc-huy/eval-wir/srbenchmarks/BSD100/LRbic_opencv_x4, x4)---- : 20.3416dB / 0.5029
26-01-15 17:14:17.908 : --46 --> BSRGAN --> x4--> 227092.png
26-01-15 17:14:17.974 : ----PSNR/SSIM for (/root/media/quoc-huy/eval-wir/srbenchmarks/BSD100/LRbic_opencv_x4, x4)---- : 28.7061dB / 0.7601
26-01-15 17:14:18.009 : --47 --> BSRGAN --> x4--> 229036.png
26-01-15 17:14:18.073 : ----PSNR/SSIM for (/root/media/quoc-huy/eval-wir/srbenchmarks/BSD100/LRbic_opencv_x4, x4)---- : 18.2952dB / 0.4246
26-01-15 17:14:18.109 : --48 --> BSRGAN --> x4--> 236037.png
26-01-15 17:14:18.174 : ----PSNR/SSIM for (/root/media/quoc-huy/eval-wir/srbenchmarks/BSD100/LRbic_opencv_x4, x4)---- : 20.6714dB / 0.4226
26-01-15 17:14:18.209 : --49 --> BSRGAN --> x4--> 24077.png
26-01-15 17:14:18.275 : ----PSNR/SSIM for (/root/media/quoc-huy/eval-wir/srbenchmarks/BSD100/LRbic_opencv_x4, x4)---- : 19.7218dB / 0.6814
26-01-15 17:14:18.310 : --50 --> BSRGAN --> x4--> 241004.png
26-01-15 17:14:18.375 : ----PSNR/SSIM for (/root/media/quoc-huy/eval-wir/srbenchmarks/BSD100/LRbic_opencv_x4, x4)---- : 26.5577dB / 0.7238
26-01-15 17:14:18.408 : --51 --> BSRGAN --> x4--> 241048.png
26-01-15 17:14:18.474 : ----PSNR/SSIM for (/root/media/quoc-huy/eval-wir/srbenchmarks/BSD100/LRbic_opencv_x4, x4)---- : 20.5321dB / 0.4587
26-01-15 17:14:18.508 : --52 --> BSRGAN --> x4--> 253027.png
26-01-15 17:14:18.573 : ----PSNR/SSIM for (/root/media/quoc-huy/eval-wir/srbenchmarks/BSD100/LRbic_opencv_x4, x4)---- : 17.8499dB / 0.5490
26-01-15 17:14:18.608 : --53 --> BSRGAN --> x4--> 253055.png
26-01-15 17:14:18.673 : ----PSNR/SSIM for (/root/media/quoc-huy/eval-wir/srbenchmarks/BSD100/LRbic_opencv_x4, x4)---- : 26.9808dB / 0.7442
26-01-15 17:14:18.707 : --54 --> BSRGAN --> x4--> 260058.png
26-01-15 17:14:18.772 : ----PSNR/SSIM for (/root/media/quoc-huy/eval-wir/srbenchmarks/BSD100/LRbic_opencv_x4, x4)---- : 27.3954dB / 0.6535
26-01-15 17:14:18.809 : --55 --> BSRGAN --> x4--> 271035.png
26-01-15 17:14:18.876 : ----PSNR/SSIM for (/root/media/quoc-huy/eval-wir/srbenchmarks/BSD100/LRbic_opencv_x4, x4)---- : 21.9116dB / 0.5897
26-01-15 17:14:18.911 : --56 --> BSRGAN --> x4--> 285079.png
26-01-15 17:14:18.977 : ----PSNR/SSIM for (/root/media/quoc-huy/eval-wir/srbenchmarks/BSD100/LRbic_opencv_x4, x4)---- : 20.3905dB / 0.4964
26-01-15 17:14:19.012 : --57 --> BSRGAN --> x4--> 291000.png
26-01-15 17:14:19.077 : ----PSNR/SSIM for (/root/media/quoc-huy/eval-wir/srbenchmarks/BSD100/LRbic_opencv_x4, x4)---- : 17.8109dB / 0.2466
26-01-15 17:14:19.112 : --58 --> BSRGAN --> x4--> 295087.png
26-01-15 17:14:19.177 : ----PSNR/SSIM for (/root/media/quoc-huy/eval-wir/srbenchmarks/BSD100/LRbic_opencv_x4, x4)---- : 22.7758dB / 0.5798
26-01-15 17:14:19.211 : --59 --> BSRGAN --> x4--> 296007.png
26-01-15 17:14:19.276 : ----PSNR/SSIM for (/root/media/quoc-huy/eval-wir/srbenchmarks/BSD100/LRbic_opencv_x4, x4)---- : 27.5164dB / 0.6706
26-01-15 17:14:19.311 : --60 --> BSRGAN --> x4--> 296059.png
26-01-15 17:14:19.376 : ----PSNR/SSIM for (/root/media/quoc-huy/eval-wir/srbenchmarks/BSD100/LRbic_opencv_x4, x4)---- : 25.8712dB / 0.6585
26-01-15 17:14:19.410 : --61 --> BSRGAN --> x4--> 299086.png
26-01-15 17:14:19.475 : ----PSNR/SSIM for (/root/media/quoc-huy/eval-wir/srbenchmarks/BSD100/LRbic_opencv_x4, x4)---- : 27.0537dB / 0.6977
26-01-15 17:14:19.511 : --62 --> BSRGAN --> x4--> 300091.png
26-01-15 17:14:19.576 : ----PSNR/SSIM for (/root/media/quoc-huy/eval-wir/srbenchmarks/BSD100/LRbic_opencv_x4, x4)---- : 23.5769dB / 0.6668
26-01-15 17:14:19.612 : --63 --> BSRGAN --> x4--> 302008.png
26-01-15 17:14:19.678 : ----PSNR/SSIM for (/root/media/quoc-huy/eval-wir/srbenchmarks/BSD100/LRbic_opencv_x4, x4)---- : 22.2891dB / 0.7826
26-01-15 17:14:19.715 : --64 --> BSRGAN --> x4--> 304034.png
26-01-15 17:14:19.780 : ----PSNR/SSIM for (/root/media/quoc-huy/eval-wir/srbenchmarks/BSD100/LRbic_opencv_x4, x4)---- : 19.7730dB / 0.4506
26-01-15 17:14:19.815 : --65 --> BSRGAN --> x4--> 304074.png
26-01-15 17:14:19.880 : ----PSNR/SSIM for (/root/media/quoc-huy/eval-wir/srbenchmarks/BSD100/LRbic_opencv_x4, x4)---- : 21.2437dB / 0.4175
26-01-15 17:14:19.915 : --66 --> BSRGAN --> x4--> 306005.png
26-01-15 17:14:19.980 : ----PSNR/SSIM for (/root/media/quoc-huy/eval-wir/srbenchmarks/BSD100/LRbic_opencv_x4, x4)---- : 22.4250dB / 0.5948
26-01-15 17:14:20.014 : --67 --> BSRGAN --> x4--> 3096.png
26-01-15 17:14:20.080 : ----PSNR/SSIM for (/root/media/quoc-huy/eval-wir/srbenchmarks/BSD100/LRbic_opencv_x4, x4)---- : 30.2726dB / 0.9419
26-01-15 17:14:20.115 : --68 --> BSRGAN --> x4--> 33039.png
26-01-15 17:14:20.181 : ----PSNR/SSIM for (/root/media/quoc-huy/eval-wir/srbenchmarks/BSD100/LRbic_opencv_x4, x4)---- : 16.3462dB / 0.3565
26-01-15 17:14:20.216 : --69 --> BSRGAN --> x4--> 351093.png
26-01-15 17:14:20.281 : ----PSNR/SSIM for (/root/media/quoc-huy/eval-wir/srbenchmarks/BSD100/LRbic_opencv_x4, x4)---- : 18.4788dB / 0.5011
26-01-15 17:14:20.316 : --70 --> BSRGAN --> x4--> 361010.png
26-01-15 17:14:20.381 : ----PSNR/SSIM for (/root/media/quoc-huy/eval-wir/srbenchmarks/BSD100/LRbic_opencv_x4, x4)---- : 22.5981dB / 0.6394
26-01-15 17:14:20.416 : --71 --> BSRGAN --> x4--> 37073.png
26-01-15 17:14:20.482 : ----PSNR/SSIM for (/root/media/quoc-huy/eval-wir/srbenchmarks/BSD100/LRbic_opencv_x4, x4)---- : 24.6805dB / 0.6764
26-01-15 17:14:20.517 : --72 --> BSRGAN --> x4--> 376043.png
26-01-15 17:14:20.583 : ----PSNR/SSIM for (/root/media/quoc-huy/eval-wir/srbenchmarks/BSD100/LRbic_opencv_x4, x4)---- : 21.1377dB / 0.3813
26-01-15 17:14:20.618 : --73 --> BSRGAN --> x4--> 38082.png
26-01-15 17:14:20.683 : ----PSNR/SSIM for (/root/media/quoc-huy/eval-wir/srbenchmarks/BSD100/LRbic_opencv_x4, x4)---- : 22.8532dB / 0.3923
26-01-15 17:14:20.718 : --74 --> BSRGAN --> x4--> 38092.png
26-01-15 17:14:20.783 : ----PSNR/SSIM for (/root/media/quoc-huy/eval-wir/srbenchmarks/BSD100/LRbic_opencv_x4, x4)---- : 21.4804dB / 0.5426
26-01-15 17:14:20.817 : --75 --> BSRGAN --> x4--> 385039.png
26-01-15 17:14:20.883 : ----PSNR/SSIM for (/root/media/quoc-huy/eval-wir/srbenchmarks/BSD100/LRbic_opencv_x4, x4)---- : 18.9237dB / 0.5432
26-01-15 17:14:20.918 : --76 --> BSRGAN --> x4--> 41033.png
26-01-15 17:14:20.984 : ----PSNR/SSIM for (/root/media/quoc-huy/eval-wir/srbenchmarks/BSD100/LRbic_opencv_x4, x4)---- : 25.0198dB / 0.6238
26-01-15 17:14:21.019 : --77 --> BSRGAN --> x4--> 41069.png
26-01-15 17:14:21.084 : ----PSNR/SSIM for (/root/media/quoc-huy/eval-wir/srbenchmarks/BSD100/LRbic_opencv_x4, x4)---- : 19.9910dB / 0.2939
26-01-15 17:14:21.119 : --78 --> BSRGAN --> x4--> 42012.png
26-01-15 17:14:21.186 : ----PSNR/SSIM for (/root/media/quoc-huy/eval-wir/srbenchmarks/BSD100/LRbic_opencv_x4, x4)---- : 23.7098dB / 0.6560
26-01-15 17:14:21.220 : --79 --> BSRGAN --> x4--> 42049.png
26-01-15 17:14:21.286 : ----PSNR/SSIM for (/root/media/quoc-huy/eval-wir/srbenchmarks/BSD100/LRbic_opencv_x4, x4)---- : 22.6657dB / 0.8596
26-01-15 17:14:21.320 : --80 --> BSRGAN --> x4--> 43074.png
26-01-15 17:14:21.385 : ----PSNR/SSIM for (/root/media/quoc-huy/eval-wir/srbenchmarks/BSD100/LRbic_opencv_x4, x4)---- : 25.6863dB / 0.7199
26-01-15 17:14:21.420 : --81 --> BSRGAN --> x4--> 45096.png
26-01-15 17:14:21.484 : ----PSNR/SSIM for (/root/media/quoc-huy/eval-wir/srbenchmarks/BSD100/LRbic_opencv_x4, x4)---- : 28.5757dB / 0.8633
26-01-15 17:14:21.519 : --82 --> BSRGAN --> x4--> 54082.png
26-01-15 17:14:21.585 : ----PSNR/SSIM for (/root/media/quoc-huy/eval-wir/srbenchmarks/BSD100/LRbic_opencv_x4, x4)---- : 23.7961dB / 0.5835
26-01-15 17:14:21.620 : --83 --> BSRGAN --> x4--> 55073.png
26-01-15 17:14:21.686 : ----PSNR/SSIM for (/root/media/quoc-huy/eval-wir/srbenchmarks/BSD100/LRbic_opencv_x4, x4)---- : 18.0002dB / 0.3146
26-01-15 17:14:21.721 : --84 --> BSRGAN --> x4--> 58060.png
26-01-15 17:14:21.786 : ----PSNR/SSIM for (/root/media/quoc-huy/eval-wir/srbenchmarks/BSD100/LRbic_opencv_x4, x4)---- : 16.8519dB / 0.4222
26-01-15 17:14:21.820 : --85 --> BSRGAN --> x4--> 62096.png
26-01-15 17:14:21.884 : ----PSNR/SSIM for (/root/media/quoc-huy/eval-wir/srbenchmarks/BSD100/LRbic_opencv_x4, x4)---- : 20.1705dB / 0.6412
26-01-15 17:14:21.919 : --86 --> BSRGAN --> x4--> 65033.png
26-01-15 17:14:21.984 : ----PSNR/SSIM for (/root/media/quoc-huy/eval-wir/srbenchmarks/BSD100/LRbic_opencv_x4, x4)---- : 20.4406dB / 0.3730
26-01-15 17:14:22.019 : --87 --> BSRGAN --> x4--> 66053.png
26-01-15 17:14:22.085 : ----PSNR/SSIM for (/root/media/quoc-huy/eval-wir/srbenchmarks/BSD100/LRbic_opencv_x4, x4)---- : 22.4979dB / 0.5284
26-01-15 17:14:22.120 : --88 --> BSRGAN --> x4--> 69015.png
26-01-15 17:14:22.186 : ----PSNR/SSIM for (/root/media/quoc-huy/eval-wir/srbenchmarks/BSD100/LRbic_opencv_x4, x4)---- : 25.1668dB / 0.6281
26-01-15 17:14:22.221 : --89 --> BSRGAN --> x4--> 69020.png
26-01-15 17:14:22.286 : ----PSNR/SSIM for (/root/media/quoc-huy/eval-wir/srbenchmarks/BSD100/LRbic_opencv_x4, x4)---- : 23.1593dB / 0.3649
26-01-15 17:14:22.322 : --90 --> BSRGAN --> x4--> 69040.png
26-01-15 17:14:22.388 : ----PSNR/SSIM for (/root/media/quoc-huy/eval-wir/srbenchmarks/BSD100/LRbic_opencv_x4, x4)---- : 20.6864dB / 0.4193
26-01-15 17:14:22.421 : --91 --> BSRGAN --> x4--> 76053.png
26-01-15 17:14:22.487 : ----PSNR/SSIM for (/root/media/quoc-huy/eval-wir/srbenchmarks/BSD100/LRbic_opencv_x4, x4)---- : 24.5186dB / 0.5448
26-01-15 17:14:22.521 : --92 --> BSRGAN --> x4--> 78004.png
26-01-15 17:14:22.588 : ----PSNR/SSIM for (/root/media/quoc-huy/eval-wir/srbenchmarks/BSD100/LRbic_opencv_x4, x4)---- : 21.1652dB / 0.5874
26-01-15 17:14:22.624 : --93 --> BSRGAN --> x4--> 8023.png
26-01-15 17:14:22.689 : ----PSNR/SSIM for (/root/media/quoc-huy/eval-wir/srbenchmarks/BSD100/LRbic_opencv_x4, x4)---- : 25.1844dB / 0.7381
26-01-15 17:14:22.724 : --94 --> BSRGAN --> x4--> 85048.png
26-01-15 17:14:22.790 : ----PSNR/SSIM for (/root/media/quoc-huy/eval-wir/srbenchmarks/BSD100/LRbic_opencv_x4, x4)---- : 20.5811dB / 0.5190
26-01-15 17:14:22.825 : --95 --> BSRGAN --> x4--> 86000.png
26-01-15 17:14:22.892 : ----PSNR/SSIM for (/root/media/quoc-huy/eval-wir/srbenchmarks/BSD100/LRbic_opencv_x4, x4)---- : 20.5157dB / 0.6317
26-01-15 17:14:22.928 : --96 --> BSRGAN --> x4--> 86016.png
26-01-15 17:14:22.992 : ----PSNR/SSIM for (/root/media/quoc-huy/eval-wir/srbenchmarks/BSD100/LRbic_opencv_x4, x4)---- : 19.0041dB / 0.1680
26-01-15 17:14:23.027 : --97 --> BSRGAN --> x4--> 86068.png
26-01-15 17:14:23.092 : ----PSNR/SSIM for (/root/media/quoc-huy/eval-wir/srbenchmarks/BSD100/LRbic_opencv_x4, x4)---- : 23.3859dB / 0.3906
26-01-15 17:14:23.127 : --98 --> BSRGAN --> x4--> 87046.png
26-01-15 17:14:23.192 : ----PSNR/SSIM for (/root/media/quoc-huy/eval-wir/srbenchmarks/BSD100/LRbic_opencv_x4, x4)---- : 21.2185dB / 0.6168
26-01-15 17:14:23.227 : --99 --> BSRGAN --> x4--> 89072.png
26-01-15 17:14:23.294 : ----PSNR/SSIM for (/root/media/quoc-huy/eval-wir/srbenchmarks/BSD100/LRbic_opencv_x4, x4)---- : 21.4709dB / 0.5536
26-01-15 17:14:23.330 : -100 --> BSRGAN --> x4--> 97033.png
26-01-15 17:14:23.395 : ----PSNR/SSIM for (/root/media/quoc-huy/eval-wir/srbenchmarks/BSD100/LRbic_opencv_x4, x4)---- : 19.8444dB / 0.5325
26-01-15 17:14:23.429 : ----Average PSNR/SSIM for (/root/media/quoc-huy/eval-wir/srbenchmarks/BSD100/LRbic_opencv_x4, x4)---- : 22.1577dB / 0.5724
26-01-15 17:14:23.430 :  
26-01-15 17:14:23.430 : ----Average LPIPS / NIQE---- : 0.2952 / 3.9933
26-01-15 17:14:23.430 : Computing FID...
26-01-15 17:14:29.457 : ----FID---- : 131.3364
26-01-15 17:15:41.557 :       Model Name : BSRGAN
26-01-15 17:15:42.666 :       Input Path : /root/media/quoc-huy/eval-wir/srbenchmarks/Urban100/LRbic_opencv_x4
26-01-15 17:15:42.666 :      Output Path : /root/quoc-huy/all-tested-results/BSRGAN/Urban100-LRbic_opencv_x4
26-01-15 17:15:42.667 : ---1 --> BSRGAN --> x4--> img_001.png
26-01-15 17:15:43.062 : ----PSNR/SSIM for (/root/media/quoc-huy/eval-wir/srbenchmarks/Urban100/LRbic_opencv_x4, x4)---- : 22.4599dB / 0.6017
26-01-15 17:15:43.271 : ---2 --> BSRGAN --> x4--> img_002.png
26-01-15 17:15:43.602 : ----PSNR/SSIM for (/root/media/quoc-huy/eval-wir/srbenchmarks/Urban100/LRbic_opencv_x4, x4)---- : 20.7155dB / 0.6434
26-01-15 17:15:43.687 : ---3 --> BSRGAN --> x4--> img_003.png
26-01-15 17:15:43.977 : ----PSNR/SSIM for (/root/media/quoc-huy/eval-wir/srbenchmarks/Urban100/LRbic_opencv_x4, x4)---- : 19.0998dB / 0.4960
26-01-15 17:15:44.055 : ---4 --> BSRGAN --> x4--> img_004.png
26-01-15 17:15:44.344 : ----PSNR/SSIM for (/root/media/quoc-huy/eval-wir/srbenchmarks/Urban100/LRbic_opencv_x4, x4)---- : 17.6487dB / 0.6137
26-01-15 17:15:44.420 : ---5 --> BSRGAN --> x4--> img_005.png
26-01-15 17:15:44.749 : ----PSNR/SSIM for (/root/media/quoc-huy/eval-wir/srbenchmarks/Urban100/LRbic_opencv_x4, x4)---- : 20.8337dB / 0.8464
26-01-15 17:15:44.831 : ---6 --> BSRGAN --> x4--> img_006.png
26-01-15 17:15:45.264 : ----PSNR/SSIM for (/root/media/quoc-huy/eval-wir/srbenchmarks/Urban100/LRbic_opencv_x4, x4)---- : 18.0273dB / 0.4361
26-01-15 17:15:45.370 : ---7 --> BSRGAN --> x4--> img_007.png
26-01-15 17:15:45.662 : ----PSNR/SSIM for (/root/media/quoc-huy/eval-wir/srbenchmarks/Urban100/LRbic_opencv_x4, x4)---- : 23.1289dB / 0.7081
26-01-15 17:15:45.735 : ---8 --> BSRGAN --> x4--> img_008.png
26-01-15 17:15:45.984 : ----PSNR/SSIM for (/root/media/quoc-huy/eval-wir/srbenchmarks/Urban100/LRbic_opencv_x4, x4)---- : 16.8110dB / 0.4514
26-01-15 17:15:46.053 : ---9 --> BSRGAN --> x4--> img_009.png
26-01-15 17:15:46.394 : ----PSNR/SSIM for (/root/media/quoc-huy/eval-wir/srbenchmarks/Urban100/LRbic_opencv_x4, x4)---- : 27.4461dB / 0.8428
26-01-15 17:15:46.476 : --10 --> BSRGAN --> x4--> img_010.png
26-01-15 17:15:46.823 : ----PSNR/SSIM for (/root/media/quoc-huy/eval-wir/srbenchmarks/Urban100/LRbic_opencv_x4, x4)---- : 21.6147dB / 0.7689
26-01-15 17:15:46.912 : --11 --> BSRGAN --> x4--> img_011.png
26-01-15 17:15:47.156 : ----PSNR/SSIM for (/root/media/quoc-huy/eval-wir/srbenchmarks/Urban100/LRbic_opencv_x4, x4)---- : 12.7099dB / 0.5839
26-01-15 17:15:47.224 : --12 --> BSRGAN --> x4--> img_012.png
26-01-15 17:15:47.551 : ----PSNR/SSIM for (/root/media/quoc-huy/eval-wir/srbenchmarks/Urban100/LRbic_opencv_x4, x4)---- : 18.9723dB / 0.5596
26-01-15 17:15:47.634 : --13 --> BSRGAN --> x4--> img_013.png
26-01-15 17:15:47.962 : ----PSNR/SSIM for (/root/media/quoc-huy/eval-wir/srbenchmarks/Urban100/LRbic_opencv_x4, x4)---- : 22.8517dB / 0.6744
26-01-15 17:15:48.046 : --14 --> BSRGAN --> x4--> img_014.png
26-01-15 17:15:48.483 : ----PSNR/SSIM for (/root/media/quoc-huy/eval-wir/srbenchmarks/Urban100/LRbic_opencv_x4, x4)---- : 18.3429dB / 0.5514
26-01-15 17:15:48.584 : --15 --> BSRGAN --> x4--> img_015.png
26-01-15 17:15:48.917 : ----PSNR/SSIM for (/root/media/quoc-huy/eval-wir/srbenchmarks/Urban100/LRbic_opencv_x4, x4)---- : 21.1892dB / 0.5796
26-01-15 17:15:49.001 : --16 --> BSRGAN --> x4--> img_016.png
26-01-15 17:15:49.428 : ----PSNR/SSIM for (/root/media/quoc-huy/eval-wir/srbenchmarks/Urban100/LRbic_opencv_x4, x4)---- : 23.2682dB / 0.8214
26-01-15 17:15:49.520 : --17 --> BSRGAN --> x4--> img_017.png
26-01-15 17:15:49.814 : ----PSNR/SSIM for (/root/media/quoc-huy/eval-wir/srbenchmarks/Urban100/LRbic_opencv_x4, x4)---- : 19.9858dB / 0.6751
26-01-15 17:15:49.892 : --18 --> BSRGAN --> x4--> img_018.png
26-01-15 17:15:50.223 : ----PSNR/SSIM for (/root/media/quoc-huy/eval-wir/srbenchmarks/Urban100/LRbic_opencv_x4, x4)---- : 21.6340dB / 0.5210
26-01-15 17:15:50.305 : --19 --> BSRGAN --> x4--> img_019.png
26-01-15 17:15:50.593 : ----PSNR/SSIM for (/root/media/quoc-huy/eval-wir/srbenchmarks/Urban100/LRbic_opencv_x4, x4)---- : 16.1513dB / 0.5872
26-01-15 17:15:50.670 : --20 --> BSRGAN --> x4--> img_020.png
26-01-15 17:15:51.175 : ----PSNR/SSIM for (/root/media/quoc-huy/eval-wir/srbenchmarks/Urban100/LRbic_opencv_x4, x4)---- : 17.6375dB / 0.5468
26-01-15 17:15:51.292 : --21 --> BSRGAN --> x4--> img_021.png
26-01-15 17:15:51.689 : ----PSNR/SSIM for (/root/media/quoc-huy/eval-wir/srbenchmarks/Urban100/LRbic_opencv_x4, x4)---- : 24.4432dB / 0.6632
26-01-15 17:15:51.783 : --22 --> BSRGAN --> x4--> img_022.png
26-01-15 17:15:52.072 : ----PSNR/SSIM for (/root/media/quoc-huy/eval-wir/srbenchmarks/Urban100/LRbic_opencv_x4, x4)---- : 21.5301dB / 0.6488
26-01-15 17:15:52.148 : --23 --> BSRGAN --> x4--> img_023.png
26-01-15 17:15:52.588 : ----PSNR/SSIM for (/root/media/quoc-huy/eval-wir/srbenchmarks/Urban100/LRbic_opencv_x4, x4)---- : 22.9036dB / 0.7535
26-01-15 17:15:52.680 : --24 --> BSRGAN --> x4--> img_024.png
26-01-15 17:15:52.963 : ----PSNR/SSIM for (/root/media/quoc-huy/eval-wir/srbenchmarks/Urban100/LRbic_opencv_x4, x4)---- : 15.1544dB / 0.4432
26-01-15 17:15:53.040 : --25 --> BSRGAN --> x4--> img_025.png
26-01-15 17:15:53.343 : ----PSNR/SSIM for (/root/media/quoc-huy/eval-wir/srbenchmarks/Urban100/LRbic_opencv_x4, x4)---- : 25.2439dB / 0.7890
26-01-15 17:15:53.426 : --26 --> BSRGAN --> x4--> img_026.png
26-01-15 17:15:53.757 : ----PSNR/SSIM for (/root/media/quoc-huy/eval-wir/srbenchmarks/Urban100/LRbic_opencv_x4, x4)---- : 23.1438dB / 0.5884
26-01-15 17:15:53.841 : --27 --> BSRGAN --> x4--> img_027.png
26-01-15 17:15:54.198 : ----PSNR/SSIM for (/root/media/quoc-huy/eval-wir/srbenchmarks/Urban100/LRbic_opencv_x4, x4)---- : 23.5252dB / 0.6822
26-01-15 17:15:54.288 : --28 --> BSRGAN --> x4--> img_028.png
26-01-15 17:15:54.572 : ----PSNR/SSIM for (/root/media/quoc-huy/eval-wir/srbenchmarks/Urban100/LRbic_opencv_x4, x4)---- : 25.8248dB / 0.7858
26-01-15 17:15:54.651 : --29 --> BSRGAN --> x4--> img_029.png
26-01-15 17:15:54.941 : ----PSNR/SSIM for (/root/media/quoc-huy/eval-wir/srbenchmarks/Urban100/LRbic_opencv_x4, x4)---- : 20.9182dB / 0.7045
26-01-15 17:15:55.019 : --30 --> BSRGAN --> x4--> img_030.png
26-01-15 17:15:55.312 : ----PSNR/SSIM for (/root/media/quoc-huy/eval-wir/srbenchmarks/Urban100/LRbic_opencv_x4, x4)---- : 18.3096dB / 0.5973
26-01-15 17:15:55.389 : --31 --> BSRGAN --> x4--> img_031.png
26-01-15 17:15:55.678 : ----PSNR/SSIM for (/root/media/quoc-huy/eval-wir/srbenchmarks/Urban100/LRbic_opencv_x4, x4)---- : 19.6444dB / 0.6339
26-01-15 17:15:55.750 : --32 --> BSRGAN --> x4--> img_032.png
26-01-15 17:15:56.039 : ----PSNR/SSIM for (/root/media/quoc-huy/eval-wir/srbenchmarks/Urban100/LRbic_opencv_x4, x4)---- : 23.1854dB / 0.7055
26-01-15 17:15:56.114 : --33 --> BSRGAN --> x4--> img_033.png
26-01-15 17:15:56.402 : ----PSNR/SSIM for (/root/media/quoc-huy/eval-wir/srbenchmarks/Urban100/LRbic_opencv_x4, x4)---- : 21.5856dB / 0.6374
26-01-15 17:15:56.481 : --34 --> BSRGAN --> x4--> img_034.png
26-01-15 17:15:56.771 : ----PSNR/SSIM for (/root/media/quoc-huy/eval-wir/srbenchmarks/Urban100/LRbic_opencv_x4, x4)---- : 18.3132dB / 0.4020
26-01-15 17:15:56.846 : --35 --> BSRGAN --> x4--> img_035.png
26-01-15 17:15:57.135 : ----PSNR/SSIM for (/root/media/quoc-huy/eval-wir/srbenchmarks/Urban100/LRbic_opencv_x4, x4)---- : 20.3957dB / 0.7082
26-01-15 17:15:57.212 : --36 --> BSRGAN --> x4--> img_036.png
26-01-15 17:15:57.504 : ----PSNR/SSIM for (/root/media/quoc-huy/eval-wir/srbenchmarks/Urban100/LRbic_opencv_x4, x4)---- : 23.1690dB / 0.7737
26-01-15 17:15:57.584 : --37 --> BSRGAN --> x4--> img_037.png
26-01-15 17:15:57.915 : ----PSNR/SSIM for (/root/media/quoc-huy/eval-wir/srbenchmarks/Urban100/LRbic_opencv_x4, x4)---- : 20.3095dB / 0.6005
26-01-15 17:15:57.997 : --38 --> BSRGAN --> x4--> img_038.png
26-01-15 17:15:58.330 : ----PSNR/SSIM for (/root/media/quoc-huy/eval-wir/srbenchmarks/Urban100/LRbic_opencv_x4, x4)---- : 22.1053dB / 0.4608
26-01-15 17:15:58.414 : --39 --> BSRGAN --> x4--> img_039.png
26-01-15 17:15:58.749 : ----PSNR/SSIM for (/root/media/quoc-huy/eval-wir/srbenchmarks/Urban100/LRbic_opencv_x4, x4)---- : 18.3499dB / 0.5658
26-01-15 17:15:58.833 : --40 --> BSRGAN --> x4--> img_040.png
26-01-15 17:15:59.080 : ----PSNR/SSIM for (/root/media/quoc-huy/eval-wir/srbenchmarks/Urban100/LRbic_opencv_x4, x4)---- : 18.0949dB / 0.7421
26-01-15 17:15:59.150 : --41 --> BSRGAN --> x4--> img_041.png
26-01-15 17:15:59.436 : ----PSNR/SSIM for (/root/media/quoc-huy/eval-wir/srbenchmarks/Urban100/LRbic_opencv_x4, x4)---- : 19.1185dB / 0.6895
26-01-15 17:15:59.513 : --42 --> BSRGAN --> x4--> img_042.png
26-01-15 17:15:59.798 : ----PSNR/SSIM for (/root/media/quoc-huy/eval-wir/srbenchmarks/Urban100/LRbic_opencv_x4, x4)---- : 22.4620dB / 0.7630
26-01-15 17:15:59.875 : --43 --> BSRGAN --> x4--> img_043.png
26-01-15 17:16:00.157 : ----PSNR/SSIM for (/root/media/quoc-huy/eval-wir/srbenchmarks/Urban100/LRbic_opencv_x4, x4)---- : 22.1374dB / 0.8023
26-01-15 17:16:00.235 : --44 --> BSRGAN --> x4--> img_044.png
26-01-15 17:16:00.525 : ----PSNR/SSIM for (/root/media/quoc-huy/eval-wir/srbenchmarks/Urban100/LRbic_opencv_x4, x4)---- : 22.3603dB / 0.6584
26-01-15 17:16:00.603 : --45 --> BSRGAN --> x4--> img_045.png
26-01-15 17:16:00.927 : ----PSNR/SSIM for (/root/media/quoc-huy/eval-wir/srbenchmarks/Urban100/LRbic_opencv_x4, x4)---- : 17.6476dB / 0.4270
26-01-15 17:16:01.011 : --46 --> BSRGAN --> x4--> img_046.png
26-01-15 17:16:01.305 : ----PSNR/SSIM for (/root/media/quoc-huy/eval-wir/srbenchmarks/Urban100/LRbic_opencv_x4, x4)---- : 18.7025dB / 0.6489
26-01-15 17:16:01.384 : --47 --> BSRGAN --> x4--> img_047.png
26-01-15 17:16:01.646 : ----PSNR/SSIM for (/root/media/quoc-huy/eval-wir/srbenchmarks/Urban100/LRbic_opencv_x4, x4)---- : 17.1601dB / 0.5946
26-01-15 17:16:01.717 : --48 --> BSRGAN --> x4--> img_048.png
26-01-15 17:16:02.004 : ----PSNR/SSIM for (/root/media/quoc-huy/eval-wir/srbenchmarks/Urban100/LRbic_opencv_x4, x4)---- : 15.4377dB / 0.6584
26-01-15 17:16:02.083 : --49 --> BSRGAN --> x4--> img_049.png
26-01-15 17:16:02.377 : ----PSNR/SSIM for (/root/media/quoc-huy/eval-wir/srbenchmarks/Urban100/LRbic_opencv_x4, x4)---- : 17.8789dB / 0.5553
26-01-15 17:16:02.453 : --50 --> BSRGAN --> x4--> img_050.png
26-01-15 17:16:02.745 : ----PSNR/SSIM for (/root/media/quoc-huy/eval-wir/srbenchmarks/Urban100/LRbic_opencv_x4, x4)---- : 20.4600dB / 0.6069
26-01-15 17:16:02.818 : --51 --> BSRGAN --> x4--> img_051.png
26-01-15 17:16:03.107 : ----PSNR/SSIM for (/root/media/quoc-huy/eval-wir/srbenchmarks/Urban100/LRbic_opencv_x4, x4)---- : 21.4508dB / 0.7034
26-01-15 17:16:03.184 : --52 --> BSRGAN --> x4--> img_052.png
26-01-15 17:16:03.475 : ----PSNR/SSIM for (/root/media/quoc-huy/eval-wir/srbenchmarks/Urban100/LRbic_opencv_x4, x4)---- : 21.5436dB / 0.7577
26-01-15 17:16:03.552 : --53 --> BSRGAN --> x4--> img_053.png
26-01-15 17:16:03.836 : ----PSNR/SSIM for (/root/media/quoc-huy/eval-wir/srbenchmarks/Urban100/LRbic_opencv_x4, x4)---- : 16.9920dB / 0.5348
26-01-15 17:16:03.912 : --54 --> BSRGAN --> x4--> img_054.png
26-01-15 17:16:04.204 : ----PSNR/SSIM for (/root/media/quoc-huy/eval-wir/srbenchmarks/Urban100/LRbic_opencv_x4, x4)---- : 16.7764dB / 0.5015
26-01-15 17:16:04.282 : --55 --> BSRGAN --> x4--> img_055.png
26-01-15 17:16:04.621 : ----PSNR/SSIM for (/root/media/quoc-huy/eval-wir/srbenchmarks/Urban100/LRbic_opencv_x4, x4)---- : 23.4296dB / 0.8311
26-01-15 17:16:04.703 : --56 --> BSRGAN --> x4--> img_056.png
26-01-15 17:16:05.036 : ----PSNR/SSIM for (/root/media/quoc-huy/eval-wir/srbenchmarks/Urban100/LRbic_opencv_x4, x4)---- : 18.9003dB / 0.5821
26-01-15 17:16:05.122 : --57 --> BSRGAN --> x4--> img_057.png
26-01-15 17:16:05.423 : ----PSNR/SSIM for (/root/media/quoc-huy/eval-wir/srbenchmarks/Urban100/LRbic_opencv_x4, x4)---- : 24.1317dB / 0.7577
26-01-15 17:16:05.506 : --58 --> BSRGAN --> x4--> img_058.png
26-01-15 17:16:05.797 : ----PSNR/SSIM for (/root/media/quoc-huy/eval-wir/srbenchmarks/Urban100/LRbic_opencv_x4, x4)---- : 19.1646dB / 0.6624
26-01-15 17:16:05.873 : --59 --> BSRGAN --> x4--> img_059.png
26-01-15 17:16:06.155 : ----PSNR/SSIM for (/root/media/quoc-huy/eval-wir/srbenchmarks/Urban100/LRbic_opencv_x4, x4)---- : 17.4666dB / 0.6240
26-01-15 17:16:06.230 : --60 --> BSRGAN --> x4--> img_060.png
26-01-15 17:16:06.521 : ----PSNR/SSIM for (/root/media/quoc-huy/eval-wir/srbenchmarks/Urban100/LRbic_opencv_x4, x4)---- : 18.1087dB / 0.3957
26-01-15 17:16:06.599 : --61 --> BSRGAN --> x4--> img_061.png
26-01-15 17:16:06.886 : ----PSNR/SSIM for (/root/media/quoc-huy/eval-wir/srbenchmarks/Urban100/LRbic_opencv_x4, x4)---- : 19.3404dB / 0.5754
26-01-15 17:16:06.963 : --62 --> BSRGAN --> x4--> img_062.png
26-01-15 17:16:07.248 : ----PSNR/SSIM for (/root/media/quoc-huy/eval-wir/srbenchmarks/Urban100/LRbic_opencv_x4, x4)---- : 16.6927dB / 0.5889
26-01-15 17:16:07.320 : --63 --> BSRGAN --> x4--> img_063.png
26-01-15 17:16:07.733 : ----PSNR/SSIM for (/root/media/quoc-huy/eval-wir/srbenchmarks/Urban100/LRbic_opencv_x4, x4)---- : 17.0048dB / 0.4532
26-01-15 17:16:07.836 : --64 --> BSRGAN --> x4--> img_064.png
26-01-15 17:16:08.150 : ----PSNR/SSIM for (/root/media/quoc-huy/eval-wir/srbenchmarks/Urban100/LRbic_opencv_x4, x4)---- : 20.9106dB / 0.5901
26-01-15 17:16:08.228 : --65 --> BSRGAN --> x4--> img_065.png
26-01-15 17:16:08.519 : ----PSNR/SSIM for (/root/media/quoc-huy/eval-wir/srbenchmarks/Urban100/LRbic_opencv_x4, x4)---- : 20.3477dB / 0.5621
26-01-15 17:16:08.596 : --66 --> BSRGAN --> x4--> img_066.png
26-01-15 17:16:08.963 : ----PSNR/SSIM for (/root/media/quoc-huy/eval-wir/srbenchmarks/Urban100/LRbic_opencv_x4, x4)---- : 18.2316dB / 0.5011
26-01-15 17:16:09.056 : --67 --> BSRGAN --> x4--> img_067.png
26-01-15 17:16:09.342 : ----PSNR/SSIM for (/root/media/quoc-huy/eval-wir/srbenchmarks/Urban100/LRbic_opencv_x4, x4)---- : 14.1318dB / 0.7102
26-01-15 17:16:09.418 : --68 --> BSRGAN --> x4--> img_068.png
26-01-15 17:16:09.857 : ----PSNR/SSIM for (/root/media/quoc-huy/eval-wir/srbenchmarks/Urban100/LRbic_opencv_x4, x4)---- : 24.3719dB / 0.7317
26-01-15 17:16:09.958 : --69 --> BSRGAN --> x4--> img_069.png
26-01-15 17:16:10.366 : ----PSNR/SSIM for (/root/media/quoc-huy/eval-wir/srbenchmarks/Urban100/LRbic_opencv_x4, x4)---- : 19.9154dB / 0.5981
26-01-15 17:16:10.468 : --70 --> BSRGAN --> x4--> img_070.png
26-01-15 17:16:10.800 : ----PSNR/SSIM for (/root/media/quoc-huy/eval-wir/srbenchmarks/Urban100/LRbic_opencv_x4, x4)---- : 18.5189dB / 0.4728
26-01-15 17:16:10.883 : --71 --> BSRGAN --> x4--> img_071.png
26-01-15 17:16:11.212 : ----PSNR/SSIM for (/root/media/quoc-huy/eval-wir/srbenchmarks/Urban100/LRbic_opencv_x4, x4)---- : 23.4395dB / 0.4898
26-01-15 17:16:11.296 : --72 --> BSRGAN --> x4--> img_072.png
26-01-15 17:16:11.585 : ----PSNR/SSIM for (/root/media/quoc-huy/eval-wir/srbenchmarks/Urban100/LRbic_opencv_x4, x4)---- : 14.4003dB / 0.6020
26-01-15 17:16:11.660 : --73 --> BSRGAN --> x4--> img_073.png
26-01-15 17:16:11.996 : ----PSNR/SSIM for (/root/media/quoc-huy/eval-wir/srbenchmarks/Urban100/LRbic_opencv_x4, x4)---- : 15.9320dB / 0.3433
26-01-15 17:16:12.077 : --74 --> BSRGAN --> x4--> img_074.png
26-01-15 17:16:12.366 : ----PSNR/SSIM for (/root/media/quoc-huy/eval-wir/srbenchmarks/Urban100/LRbic_opencv_x4, x4)---- : 19.2836dB / 0.5350
26-01-15 17:16:12.439 : --75 --> BSRGAN --> x4--> img_075.png
26-01-15 17:16:12.731 : ----PSNR/SSIM for (/root/media/quoc-huy/eval-wir/srbenchmarks/Urban100/LRbic_opencv_x4, x4)---- : 25.3050dB / 0.7919
26-01-15 17:16:12.807 : --76 --> BSRGAN --> x4--> img_076.png
26-01-15 17:16:13.099 : ----PSNR/SSIM for (/root/media/quoc-huy/eval-wir/srbenchmarks/Urban100/LRbic_opencv_x4, x4)---- : 17.8073dB / 0.5519
26-01-15 17:16:13.175 : --77 --> BSRGAN --> x4--> img_077.png
26-01-15 17:16:13.465 : ----PSNR/SSIM for (/root/media/quoc-huy/eval-wir/srbenchmarks/Urban100/LRbic_opencv_x4, x4)---- : 18.6294dB / 0.5335
26-01-15 17:16:13.542 : --78 --> BSRGAN --> x4--> img_078.png
26-01-15 17:16:13.847 : ----PSNR/SSIM for (/root/media/quoc-huy/eval-wir/srbenchmarks/Urban100/LRbic_opencv_x4, x4)---- : 22.3068dB / 0.6111
26-01-15 17:16:13.928 : --79 --> BSRGAN --> x4--> img_079.png
26-01-15 17:16:14.260 : ----PSNR/SSIM for (/root/media/quoc-huy/eval-wir/srbenchmarks/Urban100/LRbic_opencv_x4, x4)---- : 20.4580dB / 0.5387
26-01-15 17:16:14.344 : --80 --> BSRGAN --> x4--> img_080.png
26-01-15 17:16:14.699 : ----PSNR/SSIM for (/root/media/quoc-huy/eval-wir/srbenchmarks/Urban100/LRbic_opencv_x4, x4)---- : 27.8981dB / 0.8660
26-01-15 17:16:14.781 : --81 --> BSRGAN --> x4--> img_081.png
26-01-15 17:16:15.218 : ----PSNR/SSIM for (/root/media/quoc-huy/eval-wir/srbenchmarks/Urban100/LRbic_opencv_x4, x4)---- : 25.3958dB / 0.8375
26-01-15 17:16:15.318 : --82 --> BSRGAN --> x4--> img_082.png
26-01-15 17:16:15.759 : ----PSNR/SSIM for (/root/media/quoc-huy/eval-wir/srbenchmarks/Urban100/LRbic_opencv_x4, x4)---- : 24.6180dB / 0.8348
26-01-15 17:16:15.869 : --83 --> BSRGAN --> x4--> img_083.png
26-01-15 17:16:16.310 : ----PSNR/SSIM for (/root/media/quoc-huy/eval-wir/srbenchmarks/Urban100/LRbic_opencv_x4, x4)---- : 17.4976dB / 0.5061
26-01-15 17:16:16.414 : --84 --> BSRGAN --> x4--> img_084.png
26-01-15 17:16:16.856 : ----PSNR/SSIM for (/root/media/quoc-huy/eval-wir/srbenchmarks/Urban100/LRbic_opencv_x4, x4)---- : 23.0459dB / 0.6483
26-01-15 17:16:16.958 : --85 --> BSRGAN --> x4--> img_085.png
26-01-15 17:16:17.248 : ----PSNR/SSIM for (/root/media/quoc-huy/eval-wir/srbenchmarks/Urban100/LRbic_opencv_x4, x4)---- : 22.3515dB / 0.8138
26-01-15 17:16:17.322 : --86 --> BSRGAN --> x4--> img_086.png
26-01-15 17:16:17.654 : ----PSNR/SSIM for (/root/media/quoc-huy/eval-wir/srbenchmarks/Urban100/LRbic_opencv_x4, x4)---- : 23.5744dB / 0.7739
26-01-15 17:16:17.738 : --87 --> BSRGAN --> x4--> img_087.png
26-01-15 17:16:18.182 : ----PSNR/SSIM for (/root/media/quoc-huy/eval-wir/srbenchmarks/Urban100/LRbic_opencv_x4, x4)---- : 20.4891dB / 0.7318
26-01-15 17:16:18.285 : --88 --> BSRGAN --> x4--> img_088.png
26-01-15 17:16:18.573 : ----PSNR/SSIM for (/root/media/quoc-huy/eval-wir/srbenchmarks/Urban100/LRbic_opencv_x4, x4)---- : 15.5572dB / 0.3562
26-01-15 17:16:18.650 : --89 --> BSRGAN --> x4--> img_089.png
26-01-15 17:16:18.984 : ----PSNR/SSIM for (/root/media/quoc-huy/eval-wir/srbenchmarks/Urban100/LRbic_opencv_x4, x4)---- : 21.8723dB / 0.5569
26-01-15 17:16:19.066 : --90 --> BSRGAN --> x4--> img_090.png
26-01-15 17:16:19.357 : ----PSNR/SSIM for (/root/media/quoc-huy/eval-wir/srbenchmarks/Urban100/LRbic_opencv_x4, x4)---- : 28.3097dB / 0.8771
26-01-15 17:16:19.433 : --91 --> BSRGAN --> x4--> img_091.png
26-01-15 17:16:19.721 : ----PSNR/SSIM for (/root/media/quoc-huy/eval-wir/srbenchmarks/Urban100/LRbic_opencv_x4, x4)---- : 18.7164dB / 0.4382
26-01-15 17:16:19.797 : --92 --> BSRGAN --> x4--> img_092.png
26-01-15 17:16:20.088 : ----PSNR/SSIM for (/root/media/quoc-huy/eval-wir/srbenchmarks/Urban100/LRbic_opencv_x4, x4)---- : 14.4613dB / 0.4683
26-01-15 17:16:20.165 : --93 --> BSRGAN --> x4--> img_093.png
26-01-15 17:16:20.496 : ----PSNR/SSIM for (/root/media/quoc-huy/eval-wir/srbenchmarks/Urban100/LRbic_opencv_x4, x4)---- : 22.0444dB / 0.8129
26-01-15 17:16:20.578 : --94 --> BSRGAN --> x4--> img_094.png
26-01-15 17:16:20.910 : ----PSNR/SSIM for (/root/media/quoc-huy/eval-wir/srbenchmarks/Urban100/LRbic_opencv_x4, x4)---- : 22.0941dB / 0.6437
26-01-15 17:16:20.991 : --95 --> BSRGAN --> x4--> img_095.png
26-01-15 17:16:21.318 : ----PSNR/SSIM for (/root/media/quoc-huy/eval-wir/srbenchmarks/Urban100/LRbic_opencv_x4, x4)---- : 16.3755dB / 0.2349
26-01-15 17:16:21.403 : --96 --> BSRGAN --> x4--> img_096.png
26-01-15 17:16:21.737 : ----PSNR/SSIM for (/root/media/quoc-huy/eval-wir/srbenchmarks/Urban100/LRbic_opencv_x4, x4)---- : 18.3498dB / 0.6997
26-01-15 17:16:21.821 : --97 --> BSRGAN --> x4--> img_097.png
26-01-15 17:16:22.115 : ----PSNR/SSIM for (/root/media/quoc-huy/eval-wir/srbenchmarks/Urban100/LRbic_opencv_x4, x4)---- : 19.7495dB / 0.6009
26-01-15 17:16:22.192 : --98 --> BSRGAN --> x4--> img_098.png
26-01-15 17:16:22.483 : ----PSNR/SSIM for (/root/media/quoc-huy/eval-wir/srbenchmarks/Urban100/LRbic_opencv_x4, x4)---- : 16.5060dB / 0.3344
26-01-15 17:16:22.558 : --99 --> BSRGAN --> x4--> img_099.png
26-01-15 17:16:22.911 : ----PSNR/SSIM for (/root/media/quoc-huy/eval-wir/srbenchmarks/Urban100/LRbic_opencv_x4, x4)---- : 19.2011dB / 0.5386
26-01-15 17:16:22.994 : -100 --> BSRGAN --> x4--> img_100.png
26-01-15 17:16:23.431 : ----PSNR/SSIM for (/root/media/quoc-huy/eval-wir/srbenchmarks/Urban100/LRbic_opencv_x4, x4)---- : 20.6582dB / 0.6049
26-01-15 17:16:23.536 : ----Average PSNR/SSIM for (/root/media/quoc-huy/eval-wir/srbenchmarks/Urban100/LRbic_opencv_x4, x4)---- : 20.2380dB / 0.6211
26-01-15 17:16:23.537 :  
26-01-15 17:16:23.537 : ----Average LPIPS / NIQE---- : 0.2663 / 4.0348
26-01-15 17:16:23.537 : Computing FID...
26-01-15 17:16:30.403 : ----FID---- : 58.0141
26-01-15 17:17:19.109 :       Model Name : BSRNet
26-01-15 17:17:20.219 :       Input Path : /root/media/quoc-huy/eval-wir/srbenchmarks/Urban100/LRbic_opencv_x4
26-01-15 17:17:20.219 :      Output Path : /root/quoc-huy/all-tested-results/BSRGAN/Urban100-LRbic_opencv_x4
26-01-15 17:17:20.220 : ---1 --> BSRNet --> x4--> img_001.png
26-01-15 17:17:20.607 : ----PSNR/SSIM for (/root/media/quoc-huy/eval-wir/srbenchmarks/Urban100/LRbic_opencv_x4, x4)---- : 23.0839dB / 0.6441
26-01-15 17:17:20.838 : ---2 --> BSRNet --> x4--> img_002.png
26-01-15 17:17:21.171 : ----PSNR/SSIM for (/root/media/quoc-huy/eval-wir/srbenchmarks/Urban100/LRbic_opencv_x4, x4)---- : 22.3673dB / 0.7394
26-01-15 17:17:21.254 : ---3 --> BSRNet --> x4--> img_003.png
26-01-15 17:17:21.545 : ----PSNR/SSIM for (/root/media/quoc-huy/eval-wir/srbenchmarks/Urban100/LRbic_opencv_x4, x4)---- : 20.0056dB / 0.5538
26-01-15 17:17:21.621 : ---4 --> BSRNet --> x4--> img_004.png
26-01-15 17:17:21.913 : ----PSNR/SSIM for (/root/media/quoc-huy/eval-wir/srbenchmarks/Urban100/LRbic_opencv_x4, x4)---- : 18.6786dB / 0.6868
26-01-15 17:17:21.987 : ---5 --> BSRNet --> x4--> img_005.png
26-01-15 17:17:22.352 : ----PSNR/SSIM for (/root/media/quoc-huy/eval-wir/srbenchmarks/Urban100/LRbic_opencv_x4, x4)---- : 22.7124dB / 0.8913
26-01-15 17:17:22.423 : ---6 --> BSRNet --> x4--> img_006.png
26-01-15 17:17:22.858 : ----PSNR/SSIM for (/root/media/quoc-huy/eval-wir/srbenchmarks/Urban100/LRbic_opencv_x4, x4)---- : 19.0431dB / 0.5037
26-01-15 17:17:22.964 : ---7 --> BSRNet --> x4--> img_007.png
26-01-15 17:17:23.254 : ----PSNR/SSIM for (/root/media/quoc-huy/eval-wir/srbenchmarks/Urban100/LRbic_opencv_x4, x4)---- : 24.9507dB / 0.7896
26-01-15 17:17:23.329 : ---8 --> BSRNet --> x4--> img_008.png
26-01-15 17:17:23.579 : ----PSNR/SSIM for (/root/media/quoc-huy/eval-wir/srbenchmarks/Urban100/LRbic_opencv_x4, x4)---- : 17.9063dB / 0.5428
26-01-15 17:17:23.649 : ---9 --> BSRNet --> x4--> img_009.png
26-01-15 17:17:23.990 : ----PSNR/SSIM for (/root/media/quoc-huy/eval-wir/srbenchmarks/Urban100/LRbic_opencv_x4, x4)---- : 28.6235dB / 0.8629
26-01-15 17:17:24.065 : --10 --> BSRNet --> x4--> img_010.png
26-01-15 17:17:24.413 : ----PSNR/SSIM for (/root/media/quoc-huy/eval-wir/srbenchmarks/Urban100/LRbic_opencv_x4, x4)---- : 22.6787dB / 0.8052
26-01-15 17:17:24.496 : --11 --> BSRNet --> x4--> img_011.png
26-01-15 17:17:24.738 : ----PSNR/SSIM for (/root/media/quoc-huy/eval-wir/srbenchmarks/Urban100/LRbic_opencv_x4, x4)---- : 13.0834dB / 0.6116
26-01-15 17:17:24.804 : --12 --> BSRNet --> x4--> img_012.png
26-01-15 17:17:25.131 : ----PSNR/SSIM for (/root/media/quoc-huy/eval-wir/srbenchmarks/Urban100/LRbic_opencv_x4, x4)---- : 20.1646dB / 0.6205
26-01-15 17:17:25.212 : --13 --> BSRNet --> x4--> img_013.png
26-01-15 17:17:25.540 : ----PSNR/SSIM for (/root/media/quoc-huy/eval-wir/srbenchmarks/Urban100/LRbic_opencv_x4, x4)---- : 24.4362dB / 0.7419
26-01-15 17:17:25.621 : --14 --> BSRNet --> x4--> img_014.png
26-01-15 17:17:26.058 : ----PSNR/SSIM for (/root/media/quoc-huy/eval-wir/srbenchmarks/Urban100/LRbic_opencv_x4, x4)---- : 19.0786dB / 0.6027
26-01-15 17:17:26.158 : --15 --> BSRNet --> x4--> img_015.png
26-01-15 17:17:26.490 : ----PSNR/SSIM for (/root/media/quoc-huy/eval-wir/srbenchmarks/Urban100/LRbic_opencv_x4, x4)---- : 22.0842dB / 0.6170
26-01-15 17:17:26.570 : --16 --> BSRNet --> x4--> img_016.png
26-01-15 17:17:26.998 : ----PSNR/SSIM for (/root/media/quoc-huy/eval-wir/srbenchmarks/Urban100/LRbic_opencv_x4, x4)---- : 24.7276dB / 0.8534
26-01-15 17:17:27.085 : --17 --> BSRNet --> x4--> img_017.png
26-01-15 17:17:27.378 : ----PSNR/SSIM for (/root/media/quoc-huy/eval-wir/srbenchmarks/Urban100/LRbic_opencv_x4, x4)---- : 21.6311dB / 0.7533
26-01-15 17:17:27.455 : --18 --> BSRNet --> x4--> img_018.png
26-01-15 17:17:27.786 : ----PSNR/SSIM for (/root/media/quoc-huy/eval-wir/srbenchmarks/Urban100/LRbic_opencv_x4, x4)---- : 22.9245dB / 0.5952
26-01-15 17:17:27.869 : --19 --> BSRNet --> x4--> img_019.png
26-01-15 17:17:28.156 : ----PSNR/SSIM for (/root/media/quoc-huy/eval-wir/srbenchmarks/Urban100/LRbic_opencv_x4, x4)---- : 16.9663dB / 0.6286
26-01-15 17:17:28.228 : --20 --> BSRNet --> x4--> img_020.png
26-01-15 17:17:28.732 : ----PSNR/SSIM for (/root/media/quoc-huy/eval-wir/srbenchmarks/Urban100/LRbic_opencv_x4, x4)---- : 18.6760dB / 0.6072
26-01-15 17:17:28.853 : --21 --> BSRNet --> x4--> img_021.png
26-01-15 17:17:29.261 : ----PSNR/SSIM for (/root/media/quoc-huy/eval-wir/srbenchmarks/Urban100/LRbic_opencv_x4, x4)---- : 25.6742dB / 0.7044
26-01-15 17:17:29.352 : --22 --> BSRNet --> x4--> img_022.png
26-01-15 17:17:29.641 : ----PSNR/SSIM for (/root/media/quoc-huy/eval-wir/srbenchmarks/Urban100/LRbic_opencv_x4, x4)---- : 22.6401dB / 0.6911
26-01-15 17:17:29.710 : --23 --> BSRNet --> x4--> img_023.png
26-01-15 17:17:30.148 : ----PSNR/SSIM for (/root/media/quoc-huy/eval-wir/srbenchmarks/Urban100/LRbic_opencv_x4, x4)---- : 25.7474dB / 0.8401
26-01-15 17:17:30.243 : --24 --> BSRNet --> x4--> img_024.png
26-01-15 17:17:30.526 : ----PSNR/SSIM for (/root/media/quoc-huy/eval-wir/srbenchmarks/Urban100/LRbic_opencv_x4, x4)---- : 15.6152dB / 0.4953
26-01-15 17:17:30.602 : --25 --> BSRNet --> x4--> img_025.png
26-01-15 17:17:30.905 : ----PSNR/SSIM for (/root/media/quoc-huy/eval-wir/srbenchmarks/Urban100/LRbic_opencv_x4, x4)---- : 26.6061dB / 0.8298
26-01-15 17:17:30.986 : --26 --> BSRNet --> x4--> img_026.png
26-01-15 17:17:31.316 : ----PSNR/SSIM for (/root/media/quoc-huy/eval-wir/srbenchmarks/Urban100/LRbic_opencv_x4, x4)---- : 23.7924dB / 0.6184
26-01-15 17:17:31.398 : --27 --> BSRNet --> x4--> img_027.png
26-01-15 17:17:31.754 : ----PSNR/SSIM for (/root/media/quoc-huy/eval-wir/srbenchmarks/Urban100/LRbic_opencv_x4, x4)---- : 24.3428dB / 0.7232
26-01-15 17:17:31.841 : --28 --> BSRNet --> x4--> img_028.png
26-01-15 17:17:32.136 : ----PSNR/SSIM for (/root/media/quoc-huy/eval-wir/srbenchmarks/Urban100/LRbic_opencv_x4, x4)---- : 26.5973dB / 0.8107
26-01-15 17:17:32.205 : --29 --> BSRNet --> x4--> img_029.png
26-01-15 17:17:32.495 : ----PSNR/SSIM for (/root/media/quoc-huy/eval-wir/srbenchmarks/Urban100/LRbic_opencv_x4, x4)---- : 21.6234dB / 0.7325
26-01-15 17:17:32.570 : --30 --> BSRNet --> x4--> img_030.png
26-01-15 17:17:32.861 : ----PSNR/SSIM for (/root/media/quoc-huy/eval-wir/srbenchmarks/Urban100/LRbic_opencv_x4, x4)---- : 19.7793dB / 0.6649
26-01-15 17:17:32.937 : --31 --> BSRNet --> x4--> img_031.png
26-01-15 17:17:33.227 : ----PSNR/SSIM for (/root/media/quoc-huy/eval-wir/srbenchmarks/Urban100/LRbic_opencv_x4, x4)---- : 20.7570dB / 0.6841
26-01-15 17:17:33.298 : --32 --> BSRNet --> x4--> img_032.png
26-01-15 17:17:33.586 : ----PSNR/SSIM for (/root/media/quoc-huy/eval-wir/srbenchmarks/Urban100/LRbic_opencv_x4, x4)---- : 24.5232dB / 0.7707
26-01-15 17:17:33.658 : --33 --> BSRNet --> x4--> img_033.png
26-01-15 17:17:33.946 : ----PSNR/SSIM for (/root/media/quoc-huy/eval-wir/srbenchmarks/Urban100/LRbic_opencv_x4, x4)---- : 22.2855dB / 0.6731
26-01-15 17:17:34.020 : --34 --> BSRNet --> x4--> img_034.png
26-01-15 17:17:34.309 : ----PSNR/SSIM for (/root/media/quoc-huy/eval-wir/srbenchmarks/Urban100/LRbic_opencv_x4, x4)---- : 19.1859dB / 0.4292
26-01-15 17:17:34.384 : --35 --> BSRNet --> x4--> img_035.png
26-01-15 17:17:34.674 : ----PSNR/SSIM for (/root/media/quoc-huy/eval-wir/srbenchmarks/Urban100/LRbic_opencv_x4, x4)---- : 21.5565dB / 0.7719
26-01-15 17:17:34.748 : --36 --> BSRNet --> x4--> img_036.png
26-01-15 17:17:35.042 : ----PSNR/SSIM for (/root/media/quoc-huy/eval-wir/srbenchmarks/Urban100/LRbic_opencv_x4, x4)---- : 24.1483dB / 0.8124
26-01-15 17:17:35.120 : --37 --> BSRNet --> x4--> img_037.png
26-01-15 17:17:35.451 : ----PSNR/SSIM for (/root/media/quoc-huy/eval-wir/srbenchmarks/Urban100/LRbic_opencv_x4, x4)---- : 21.5562dB / 0.6940
26-01-15 17:17:35.532 : --38 --> BSRNet --> x4--> img_038.png
26-01-15 17:17:35.864 : ----PSNR/SSIM for (/root/media/quoc-huy/eval-wir/srbenchmarks/Urban100/LRbic_opencv_x4, x4)---- : 23.0728dB / 0.5348
26-01-15 17:17:35.949 : --39 --> BSRNet --> x4--> img_039.png
26-01-15 17:17:36.285 : ----PSNR/SSIM for (/root/media/quoc-huy/eval-wir/srbenchmarks/Urban100/LRbic_opencv_x4, x4)---- : 19.0022dB / 0.6031
26-01-15 17:17:36.364 : --40 --> BSRNet --> x4--> img_040.png
26-01-15 17:17:36.613 : ----PSNR/SSIM for (/root/media/quoc-huy/eval-wir/srbenchmarks/Urban100/LRbic_opencv_x4, x4)---- : 19.7028dB / 0.7926
26-01-15 17:17:36.679 : --41 --> BSRNet --> x4--> img_041.png
26-01-15 17:17:36.967 : ----PSNR/SSIM for (/root/media/quoc-huy/eval-wir/srbenchmarks/Urban100/LRbic_opencv_x4, x4)---- : 19.7256dB / 0.7248
26-01-15 17:17:37.045 : --42 --> BSRNet --> x4--> img_042.png
26-01-15 17:17:37.331 : ----PSNR/SSIM for (/root/media/quoc-huy/eval-wir/srbenchmarks/Urban100/LRbic_opencv_x4, x4)---- : 24.9069dB / 0.8297
26-01-15 17:17:37.406 : --43 --> BSRNet --> x4--> img_043.png
26-01-15 17:17:37.692 : ----PSNR/SSIM for (/root/media/quoc-huy/eval-wir/srbenchmarks/Urban100/LRbic_opencv_x4, x4)---- : 22.4311dB / 0.8275
26-01-15 17:17:37.767 : --44 --> BSRNet --> x4--> img_044.png
26-01-15 17:17:38.059 : ----PSNR/SSIM for (/root/media/quoc-huy/eval-wir/srbenchmarks/Urban100/LRbic_opencv_x4, x4)---- : 24.8565dB / 0.7468
26-01-15 17:17:38.135 : --45 --> BSRNet --> x4--> img_045.png
26-01-15 17:17:38.460 : ----PSNR/SSIM for (/root/media/quoc-huy/eval-wir/srbenchmarks/Urban100/LRbic_opencv_x4, x4)---- : 20.6022dB / 0.6014
26-01-15 17:17:38.547 : --46 --> BSRNet --> x4--> img_046.png
26-01-15 17:17:38.843 : ----PSNR/SSIM for (/root/media/quoc-huy/eval-wir/srbenchmarks/Urban100/LRbic_opencv_x4, x4)---- : 19.7792dB / 0.6880
26-01-15 17:17:38.915 : --47 --> BSRNet --> x4--> img_047.png
26-01-15 17:17:39.179 : ----PSNR/SSIM for (/root/media/quoc-huy/eval-wir/srbenchmarks/Urban100/LRbic_opencv_x4, x4)---- : 18.3301dB / 0.6473
26-01-15 17:17:39.249 : --48 --> BSRNet --> x4--> img_048.png
26-01-15 17:17:39.538 : ----PSNR/SSIM for (/root/media/quoc-huy/eval-wir/srbenchmarks/Urban100/LRbic_opencv_x4, x4)---- : 16.2780dB / 0.6946
26-01-15 17:17:39.610 : --49 --> BSRNet --> x4--> img_049.png
26-01-15 17:17:39.907 : ----PSNR/SSIM for (/root/media/quoc-huy/eval-wir/srbenchmarks/Urban100/LRbic_opencv_x4, x4)---- : 18.7256dB / 0.6013
26-01-15 17:17:39.983 : --50 --> BSRNet --> x4--> img_050.png
26-01-15 17:17:40.275 : ----PSNR/SSIM for (/root/media/quoc-huy/eval-wir/srbenchmarks/Urban100/LRbic_opencv_x4, x4)---- : 21.3037dB / 0.6586
26-01-15 17:17:40.348 : --51 --> BSRNet --> x4--> img_051.png
26-01-15 17:17:40.641 : ----PSNR/SSIM for (/root/media/quoc-huy/eval-wir/srbenchmarks/Urban100/LRbic_opencv_x4, x4)---- : 23.2904dB / 0.7722
26-01-15 17:17:40.717 : --52 --> BSRNet --> x4--> img_052.png
26-01-15 17:17:41.011 : ----PSNR/SSIM for (/root/media/quoc-huy/eval-wir/srbenchmarks/Urban100/LRbic_opencv_x4, x4)---- : 22.5380dB / 0.7971
26-01-15 17:17:41.086 : --53 --> BSRNet --> x4--> img_053.png
26-01-15 17:17:41.374 : ----PSNR/SSIM for (/root/media/quoc-huy/eval-wir/srbenchmarks/Urban100/LRbic_opencv_x4, x4)---- : 17.9280dB / 0.6132
26-01-15 17:17:41.449 : --54 --> BSRNet --> x4--> img_054.png
26-01-15 17:17:41.745 : ----PSNR/SSIM for (/root/media/quoc-huy/eval-wir/srbenchmarks/Urban100/LRbic_opencv_x4, x4)---- : 17.6609dB / 0.5596
26-01-15 17:17:41.820 : --55 --> BSRNet --> x4--> img_055.png
26-01-15 17:17:42.160 : ----PSNR/SSIM for (/root/media/quoc-huy/eval-wir/srbenchmarks/Urban100/LRbic_opencv_x4, x4)---- : 25.0642dB / 0.8772
26-01-15 17:17:42.239 : --56 --> BSRNet --> x4--> img_056.png
26-01-15 17:17:42.574 : ----PSNR/SSIM for (/root/media/quoc-huy/eval-wir/srbenchmarks/Urban100/LRbic_opencv_x4, x4)---- : 20.1412dB / 0.6609
26-01-15 17:17:42.657 : --57 --> BSRNet --> x4--> img_057.png
26-01-15 17:17:42.962 : ----PSNR/SSIM for (/root/media/quoc-huy/eval-wir/srbenchmarks/Urban100/LRbic_opencv_x4, x4)---- : 24.9719dB / 0.8061
26-01-15 17:17:43.042 : --58 --> BSRNet --> x4--> img_058.png
26-01-15 17:17:43.337 : ----PSNR/SSIM for (/root/media/quoc-huy/eval-wir/srbenchmarks/Urban100/LRbic_opencv_x4, x4)---- : 21.6073dB / 0.7724
26-01-15 17:17:43.410 : --59 --> BSRNet --> x4--> img_059.png
26-01-15 17:17:43.696 : ----PSNR/SSIM for (/root/media/quoc-huy/eval-wir/srbenchmarks/Urban100/LRbic_opencv_x4, x4)---- : 18.6819dB / 0.6737
26-01-15 17:17:43.765 : --60 --> BSRNet --> x4--> img_060.png
26-01-15 17:17:44.060 : ----PSNR/SSIM for (/root/media/quoc-huy/eval-wir/srbenchmarks/Urban100/LRbic_opencv_x4, x4)---- : 18.6561dB / 0.4461
26-01-15 17:17:44.137 : --61 --> BSRNet --> x4--> img_061.png
26-01-15 17:17:44.425 : ----PSNR/SSIM for (/root/media/quoc-huy/eval-wir/srbenchmarks/Urban100/LRbic_opencv_x4, x4)---- : 20.9913dB / 0.6625
26-01-15 17:17:44.500 : --62 --> BSRNet --> x4--> img_062.png
26-01-15 17:17:44.789 : ----PSNR/SSIM for (/root/media/quoc-huy/eval-wir/srbenchmarks/Urban100/LRbic_opencv_x4, x4)---- : 17.4531dB / 0.6346
26-01-15 17:17:44.859 : --63 --> BSRNet --> x4--> img_063.png
26-01-15 17:17:45.270 : ----PSNR/SSIM for (/root/media/quoc-huy/eval-wir/srbenchmarks/Urban100/LRbic_opencv_x4, x4)---- : 18.0137dB / 0.4904
26-01-15 17:17:45.368 : --64 --> BSRNet --> x4--> img_064.png
26-01-15 17:17:45.662 : ----PSNR/SSIM for (/root/media/quoc-huy/eval-wir/srbenchmarks/Urban100/LRbic_opencv_x4, x4)---- : 22.5316dB / 0.7031
26-01-15 17:17:45.740 : --65 --> BSRNet --> x4--> img_065.png
26-01-15 17:17:46.033 : ----PSNR/SSIM for (/root/media/quoc-huy/eval-wir/srbenchmarks/Urban100/LRbic_opencv_x4, x4)---- : 21.6482dB / 0.6444
26-01-15 17:17:46.116 : --66 --> BSRNet --> x4--> img_066.png
26-01-15 17:17:46.483 : ----PSNR/SSIM for (/root/media/quoc-huy/eval-wir/srbenchmarks/Urban100/LRbic_opencv_x4, x4)---- : 18.9320dB / 0.5512
26-01-15 17:17:46.574 : --67 --> BSRNet --> x4--> img_067.png
26-01-15 17:17:46.862 : ----PSNR/SSIM for (/root/media/quoc-huy/eval-wir/srbenchmarks/Urban100/LRbic_opencv_x4, x4)---- : 14.5762dB / 0.7472
26-01-15 17:17:46.934 : --68 --> BSRNet --> x4--> img_068.png
26-01-15 17:17:47.377 : ----PSNR/SSIM for (/root/media/quoc-huy/eval-wir/srbenchmarks/Urban100/LRbic_opencv_x4, x4)---- : 26.0425dB / 0.8061
26-01-15 17:17:47.476 : --69 --> BSRNet --> x4--> img_069.png
26-01-15 17:17:47.885 : ----PSNR/SSIM for (/root/media/quoc-huy/eval-wir/srbenchmarks/Urban100/LRbic_opencv_x4, x4)---- : 21.0588dB / 0.6616
26-01-15 17:17:47.982 : --70 --> BSRNet --> x4--> img_070.png
26-01-15 17:17:48.315 : ----PSNR/SSIM for (/root/media/quoc-huy/eval-wir/srbenchmarks/Urban100/LRbic_opencv_x4, x4)---- : 19.1418dB / 0.5227
26-01-15 17:17:48.395 : --71 --> BSRNet --> x4--> img_071.png
26-01-15 17:17:48.725 : ----PSNR/SSIM for (/root/media/quoc-huy/eval-wir/srbenchmarks/Urban100/LRbic_opencv_x4, x4)---- : 23.8511dB / 0.5425
26-01-15 17:17:48.808 : --72 --> BSRNet --> x4--> img_072.png
26-01-15 17:17:49.096 : ----PSNR/SSIM for (/root/media/quoc-huy/eval-wir/srbenchmarks/Urban100/LRbic_opencv_x4, x4)---- : 15.2347dB / 0.6506
26-01-15 17:17:49.173 : --73 --> BSRNet --> x4--> img_073.png
26-01-15 17:17:49.508 : ----PSNR/SSIM for (/root/media/quoc-huy/eval-wir/srbenchmarks/Urban100/LRbic_opencv_x4, x4)---- : 17.0471dB / 0.4122
26-01-15 17:17:49.593 : --74 --> BSRNet --> x4--> img_074.png
26-01-15 17:17:49.880 : ----PSNR/SSIM for (/root/media/quoc-huy/eval-wir/srbenchmarks/Urban100/LRbic_opencv_x4, x4)---- : 20.2905dB / 0.5907
26-01-15 17:17:49.953 : --75 --> BSRNet --> x4--> img_075.png
26-01-15 17:17:50.245 : ----PSNR/SSIM for (/root/media/quoc-huy/eval-wir/srbenchmarks/Urban100/LRbic_opencv_x4, x4)---- : 26.5750dB / 0.8218
26-01-15 17:17:50.319 : --76 --> BSRNet --> x4--> img_076.png
26-01-15 17:17:50.612 : ----PSNR/SSIM for (/root/media/quoc-huy/eval-wir/srbenchmarks/Urban100/LRbic_opencv_x4, x4)---- : 19.1939dB / 0.6108
26-01-15 17:17:50.688 : --77 --> BSRNet --> x4--> img_077.png
26-01-15 17:17:50.979 : ----PSNR/SSIM for (/root/media/quoc-huy/eval-wir/srbenchmarks/Urban100/LRbic_opencv_x4, x4)---- : 19.5793dB / 0.5852
26-01-15 17:17:51.053 : --78 --> BSRNet --> x4--> img_078.png
26-01-15 17:17:51.361 : ----PSNR/SSIM for (/root/media/quoc-huy/eval-wir/srbenchmarks/Urban100/LRbic_opencv_x4, x4)---- : 23.7006dB / 0.6723
26-01-15 17:17:51.439 : --79 --> BSRNet --> x4--> img_079.png
26-01-15 17:17:51.774 : ----PSNR/SSIM for (/root/media/quoc-huy/eval-wir/srbenchmarks/Urban100/LRbic_opencv_x4, x4)---- : 21.4523dB / 0.5989
26-01-15 17:17:51.856 : --80 --> BSRNet --> x4--> img_080.png
26-01-15 17:17:52.215 : ----PSNR/SSIM for (/root/media/quoc-huy/eval-wir/srbenchmarks/Urban100/LRbic_opencv_x4, x4)---- : 29.6848dB / 0.9111
26-01-15 17:17:52.290 : --81 --> BSRNet --> x4--> img_081.png
26-01-15 17:17:52.732 : ----PSNR/SSIM for (/root/media/quoc-huy/eval-wir/srbenchmarks/Urban100/LRbic_opencv_x4, x4)---- : 27.6869dB / 0.8804
26-01-15 17:17:52.831 : --82 --> BSRNet --> x4--> img_082.png
26-01-15 17:17:53.277 : ----PSNR/SSIM for (/root/media/quoc-huy/eval-wir/srbenchmarks/Urban100/LRbic_opencv_x4, x4)---- : 27.2136dB / 0.8809
26-01-15 17:17:53.370 : --83 --> BSRNet --> x4--> img_083.png
26-01-15 17:17:53.812 : ----PSNR/SSIM for (/root/media/quoc-huy/eval-wir/srbenchmarks/Urban100/LRbic_opencv_x4, x4)---- : 18.2413dB / 0.5654
26-01-15 17:17:53.916 : --84 --> BSRNet --> x4--> img_084.png
26-01-15 17:17:54.363 : ----PSNR/SSIM for (/root/media/quoc-huy/eval-wir/srbenchmarks/Urban100/LRbic_opencv_x4, x4)---- : 24.8621dB / 0.7378
26-01-15 17:17:54.464 : --85 --> BSRNet --> x4--> img_085.png
26-01-15 17:17:54.754 : ----PSNR/SSIM for (/root/media/quoc-huy/eval-wir/srbenchmarks/Urban100/LRbic_opencv_x4, x4)---- : 24.0206dB / 0.8480
26-01-15 17:17:54.822 : --86 --> BSRNet --> x4--> img_086.png
26-01-15 17:17:55.154 : ----PSNR/SSIM for (/root/media/quoc-huy/eval-wir/srbenchmarks/Urban100/LRbic_opencv_x4, x4)---- : 25.8541dB / 0.8304
26-01-15 17:17:55.227 : --87 --> BSRNet --> x4--> img_087.png
26-01-15 17:17:55.680 : ----PSNR/SSIM for (/root/media/quoc-huy/eval-wir/srbenchmarks/Urban100/LRbic_opencv_x4, x4)---- : 21.3365dB / 0.7757
26-01-15 17:17:55.779 : --88 --> BSRNet --> x4--> img_088.png
26-01-15 17:17:56.066 : ----PSNR/SSIM for (/root/media/quoc-huy/eval-wir/srbenchmarks/Urban100/LRbic_opencv_x4, x4)---- : 16.2295dB / 0.4074
26-01-15 17:17:56.143 : --89 --> BSRNet --> x4--> img_089.png
26-01-15 17:17:56.479 : ----PSNR/SSIM for (/root/media/quoc-huy/eval-wir/srbenchmarks/Urban100/LRbic_opencv_x4, x4)---- : 23.2147dB / 0.6437
26-01-15 17:17:56.561 : --90 --> BSRNet --> x4--> img_090.png
26-01-15 17:17:56.851 : ----PSNR/SSIM for (/root/media/quoc-huy/eval-wir/srbenchmarks/Urban100/LRbic_opencv_x4, x4)---- : 30.9278dB / 0.9359
26-01-15 17:17:56.922 : --91 --> BSRNet --> x4--> img_091.png
26-01-15 17:17:57.212 : ----PSNR/SSIM for (/root/media/quoc-huy/eval-wir/srbenchmarks/Urban100/LRbic_opencv_x4, x4)---- : 20.1372dB / 0.5200
26-01-15 17:17:57.288 : --92 --> BSRNet --> x4--> img_092.png
26-01-15 17:17:57.579 : ----PSNR/SSIM for (/root/media/quoc-huy/eval-wir/srbenchmarks/Urban100/LRbic_opencv_x4, x4)---- : 14.9968dB / 0.5026
26-01-15 17:17:57.655 : --93 --> BSRNet --> x4--> img_093.png
26-01-15 17:17:57.988 : ----PSNR/SSIM for (/root/media/quoc-huy/eval-wir/srbenchmarks/Urban100/LRbic_opencv_x4, x4)---- : 24.4409dB / 0.8636
26-01-15 17:17:58.069 : --94 --> BSRNet --> x4--> img_094.png
26-01-15 17:17:58.402 : ----PSNR/SSIM for (/root/media/quoc-huy/eval-wir/srbenchmarks/Urban100/LRbic_opencv_x4, x4)---- : 23.0205dB / 0.6975
26-01-15 17:17:58.481 : --95 --> BSRNet --> x4--> img_095.png
26-01-15 17:17:58.811 : ----PSNR/SSIM for (/root/media/quoc-huy/eval-wir/srbenchmarks/Urban100/LRbic_opencv_x4, x4)---- : 16.7406dB / 0.2826
26-01-15 17:17:58.895 : --96 --> BSRNet --> x4--> img_096.png
26-01-15 17:17:59.232 : ----PSNR/SSIM for (/root/media/quoc-huy/eval-wir/srbenchmarks/Urban100/LRbic_opencv_x4, x4)---- : 19.1670dB / 0.7391
26-01-15 17:17:59.308 : --97 --> BSRNet --> x4--> img_097.png
26-01-15 17:17:59.601 : ----PSNR/SSIM for (/root/media/quoc-huy/eval-wir/srbenchmarks/Urban100/LRbic_opencv_x4, x4)---- : 20.7191dB / 0.6623
26-01-15 17:17:59.674 : --98 --> BSRNet --> x4--> img_098.png
26-01-15 17:17:59.965 : ----PSNR/SSIM for (/root/media/quoc-huy/eval-wir/srbenchmarks/Urban100/LRbic_opencv_x4, x4)---- : 17.4455dB / 0.3939
26-01-15 17:18:00.041 : --99 --> BSRNet --> x4--> img_099.png
26-01-15 17:18:00.396 : ----PSNR/SSIM for (/root/media/quoc-huy/eval-wir/srbenchmarks/Urban100/LRbic_opencv_x4, x4)---- : 20.0506dB / 0.5893
26-01-15 17:18:00.476 : -100 --> BSRNet --> x4--> img_100.png
26-01-15 17:18:00.925 : ----PSNR/SSIM for (/root/media/quoc-huy/eval-wir/srbenchmarks/Urban100/LRbic_opencv_x4, x4)---- : 21.8483dB / 0.6412
26-01-15 17:18:01.029 : ----Average PSNR/SSIM for (/root/media/quoc-huy/eval-wir/srbenchmarks/Urban100/LRbic_opencv_x4, x4)---- : 21.4466dB / 0.6774
26-01-15 17:18:01.029 :  
26-01-15 17:18:01.029 : ----Average LPIPS / NIQE---- : 0.3282 / 6.0079
26-01-15 17:18:01.029 : Computing FID...
26-01-15 17:18:08.060 : ----FID---- : 56.2594
26-01-15 17:19:58.899 :       Model Name : BSRNet
26-01-15 17:20:00.014 :       Input Path : /root/media/quoc-huy/eval-wir/srbenchmarks/BSD100/LRbic_opencv_x4
26-01-15 17:20:00.014 :      Output Path : /root/quoc-huy/all-tested-results/BSRGAN/BSD100-LRbic_opencv_x4
26-01-15 17:20:00.015 : ---1 --> BSRNet --> x4--> 101085.png
26-01-15 17:20:00.178 : ----PSNR/SSIM for (/root/media/quoc-huy/eval-wir/srbenchmarks/BSD100/LRbic_opencv_x4, x4)---- : 20.2316dB / 0.4385
26-01-15 17:20:00.353 : ---2 --> BSRNet --> x4--> 101087.png
26-01-15 17:20:00.429 : ----PSNR/SSIM for (/root/media/quoc-huy/eval-wir/srbenchmarks/BSD100/LRbic_opencv_x4, x4)---- : 23.9969dB / 0.7363
26-01-15 17:20:00.465 : ---3 --> BSRNet --> x4--> 102061.png
26-01-15 17:20:00.537 : ----PSNR/SSIM for (/root/media/quoc-huy/eval-wir/srbenchmarks/BSD100/LRbic_opencv_x4, x4)---- : 21.8793dB / 0.7313
26-01-15 17:20:00.573 : ---4 --> BSRNet --> x4--> 103070.png
26-01-15 17:20:00.647 : ----PSNR/SSIM for (/root/media/quoc-huy/eval-wir/srbenchmarks/BSD100/LRbic_opencv_x4, x4)---- : 26.3840dB / 0.7677
26-01-15 17:20:00.687 : ---5 --> BSRNet --> x4--> 105025.png
26-01-15 17:20:00.759 : ----PSNR/SSIM for (/root/media/quoc-huy/eval-wir/srbenchmarks/BSD100/LRbic_opencv_x4, x4)---- : 22.7828dB / 0.6112
26-01-15 17:20:00.793 : ---6 --> BSRNet --> x4--> 106024.png
26-01-15 17:20:00.859 : ----PSNR/SSIM for (/root/media/quoc-huy/eval-wir/srbenchmarks/BSD100/LRbic_opencv_x4, x4)---- : 28.4864dB / 0.8479
26-01-15 17:20:00.893 : ---7 --> BSRNet --> x4--> 108005.png
26-01-15 17:20:00.959 : ----PSNR/SSIM for (/root/media/quoc-huy/eval-wir/srbenchmarks/BSD100/LRbic_opencv_x4, x4)---- : 22.1047dB / 0.6155
26-01-15 17:20:00.993 : ---8 --> BSRNet --> x4--> 108070.png
26-01-15 17:20:01.058 : ----PSNR/SSIM for (/root/media/quoc-huy/eval-wir/srbenchmarks/BSD100/LRbic_opencv_x4, x4)---- : 19.7224dB / 0.4486
26-01-15 17:20:01.093 : ---9 --> BSRNet --> x4--> 108082.png
26-01-15 17:20:01.158 : ----PSNR/SSIM for (/root/media/quoc-huy/eval-wir/srbenchmarks/BSD100/LRbic_opencv_x4, x4)---- : 23.2036dB / 0.6978
26-01-15 17:20:01.192 : --10 --> BSRNet --> x4--> 109053.png
26-01-15 17:20:01.257 : ----PSNR/SSIM for (/root/media/quoc-huy/eval-wir/srbenchmarks/BSD100/LRbic_opencv_x4, x4)---- : 25.3382dB / 0.7106
26-01-15 17:20:01.292 : --11 --> BSRNet --> x4--> 119082.png
26-01-15 17:20:01.357 : ----PSNR/SSIM for (/root/media/quoc-huy/eval-wir/srbenchmarks/BSD100/LRbic_opencv_x4, x4)---- : 19.0821dB / 0.5774
26-01-15 17:20:01.393 : --12 --> BSRNet --> x4--> 12084.png
26-01-15 17:20:01.458 : ----PSNR/SSIM for (/root/media/quoc-huy/eval-wir/srbenchmarks/BSD100/LRbic_opencv_x4, x4)---- : 23.3977dB / 0.5895
26-01-15 17:20:01.495 : --13 --> BSRNet --> x4--> 123074.png
26-01-15 17:20:01.561 : ----PSNR/SSIM for (/root/media/quoc-huy/eval-wir/srbenchmarks/BSD100/LRbic_opencv_x4, x4)---- : 26.0765dB / 0.7208
26-01-15 17:20:01.597 : --14 --> BSRNet --> x4--> 126007.png
26-01-15 17:20:01.663 : ----PSNR/SSIM for (/root/media/quoc-huy/eval-wir/srbenchmarks/BSD100/LRbic_opencv_x4, x4)---- : 24.2214dB / 0.7338
26-01-15 17:20:01.697 : --15 --> BSRNet --> x4--> 130026.png
26-01-15 17:20:01.762 : ----PSNR/SSIM for (/root/media/quoc-huy/eval-wir/srbenchmarks/BSD100/LRbic_opencv_x4, x4)---- : 21.6858dB / 0.5675
26-01-15 17:20:01.799 : --16 --> BSRNet --> x4--> 134035.png
26-01-15 17:20:01.864 : ----PSNR/SSIM for (/root/media/quoc-huy/eval-wir/srbenchmarks/BSD100/LRbic_opencv_x4, x4)---- : 20.1316dB / 0.6112
26-01-15 17:20:01.900 : --17 --> BSRNet --> x4--> 14037.png
26-01-15 17:20:01.967 : ----PSNR/SSIM for (/root/media/quoc-huy/eval-wir/srbenchmarks/BSD100/LRbic_opencv_x4, x4)---- : 29.1140dB / 0.8307
26-01-15 17:20:02.002 : --18 --> BSRNet --> x4--> 143090.png
26-01-15 17:20:02.074 : ----PSNR/SSIM for (/root/media/quoc-huy/eval-wir/srbenchmarks/BSD100/LRbic_opencv_x4, x4)---- : 27.8997dB / 0.8405
26-01-15 17:20:02.108 : --19 --> BSRNet --> x4--> 145086.png
26-01-15 17:20:02.173 : ----PSNR/SSIM for (/root/media/quoc-huy/eval-wir/srbenchmarks/BSD100/LRbic_opencv_x4, x4)---- : 21.3459dB / 0.6283
26-01-15 17:20:02.208 : --20 --> BSRNet --> x4--> 147091.png
26-01-15 17:20:02.273 : ----PSNR/SSIM for (/root/media/quoc-huy/eval-wir/srbenchmarks/BSD100/LRbic_opencv_x4, x4)---- : 21.7839dB / 0.7181
26-01-15 17:20:02.307 : --21 --> BSRNet --> x4--> 148026.png
26-01-15 17:20:02.373 : ----PSNR/SSIM for (/root/media/quoc-huy/eval-wir/srbenchmarks/BSD100/LRbic_opencv_x4, x4)---- : 17.8580dB / 0.5210
26-01-15 17:20:02.407 : --22 --> BSRNet --> x4--> 148089.png
26-01-15 17:20:02.473 : ----PSNR/SSIM for (/root/media/quoc-huy/eval-wir/srbenchmarks/BSD100/LRbic_opencv_x4, x4)---- : 19.4088dB / 0.4738
26-01-15 17:20:02.508 : --23 --> BSRNet --> x4--> 156065.png
26-01-15 17:20:02.572 : ----PSNR/SSIM for (/root/media/quoc-huy/eval-wir/srbenchmarks/BSD100/LRbic_opencv_x4, x4)---- : 21.7016dB / 0.4539
26-01-15 17:20:02.607 : --24 --> BSRNet --> x4--> 157055.png
26-01-15 17:20:02.673 : ----PSNR/SSIM for (/root/media/quoc-huy/eval-wir/srbenchmarks/BSD100/LRbic_opencv_x4, x4)---- : 22.1186dB / 0.6708
26-01-15 17:20:02.708 : --25 --> BSRNet --> x4--> 159008.png
26-01-15 17:20:02.774 : ----PSNR/SSIM for (/root/media/quoc-huy/eval-wir/srbenchmarks/BSD100/LRbic_opencv_x4, x4)---- : 22.4289dB / 0.7087
26-01-15 17:20:02.809 : --26 --> BSRNet --> x4--> 160068.png
26-01-15 17:20:02.874 : ----PSNR/SSIM for (/root/media/quoc-huy/eval-wir/srbenchmarks/BSD100/LRbic_opencv_x4, x4)---- : 23.0691dB / 0.7723
26-01-15 17:20:02.908 : --27 --> BSRNet --> x4--> 16077.png
26-01-15 17:20:02.974 : ----PSNR/SSIM for (/root/media/quoc-huy/eval-wir/srbenchmarks/BSD100/LRbic_opencv_x4, x4)---- : 23.6134dB / 0.6346
26-01-15 17:20:03.009 : --28 --> BSRNet --> x4--> 163085.png
26-01-15 17:20:03.074 : ----PSNR/SSIM for (/root/media/quoc-huy/eval-wir/srbenchmarks/BSD100/LRbic_opencv_x4, x4)---- : 25.2691dB / 0.7100
26-01-15 17:20:03.109 : --29 --> BSRNet --> x4--> 167062.png
26-01-15 17:20:03.174 : ----PSNR/SSIM for (/root/media/quoc-huy/eval-wir/srbenchmarks/BSD100/LRbic_opencv_x4, x4)---- : 25.5694dB / 0.8178
26-01-15 17:20:03.206 : --30 --> BSRNet --> x4--> 167083.png
26-01-15 17:20:03.272 : ----PSNR/SSIM for (/root/media/quoc-huy/eval-wir/srbenchmarks/BSD100/LRbic_opencv_x4, x4)---- : 16.7871dB / 0.3817
26-01-15 17:20:03.308 : --31 --> BSRNet --> x4--> 170057.png
26-01-15 17:20:03.373 : ----PSNR/SSIM for (/root/media/quoc-huy/eval-wir/srbenchmarks/BSD100/LRbic_opencv_x4, x4)---- : 25.3708dB / 0.7145
26-01-15 17:20:03.409 : --32 --> BSRNet --> x4--> 175032.png
26-01-15 17:20:03.476 : ----PSNR/SSIM for (/root/media/quoc-huy/eval-wir/srbenchmarks/BSD100/LRbic_opencv_x4, x4)---- : 18.0513dB / 0.3069
26-01-15 17:20:03.510 : --33 --> BSRNet --> x4--> 175043.png
26-01-15 17:20:03.575 : ----PSNR/SSIM for (/root/media/quoc-huy/eval-wir/srbenchmarks/BSD100/LRbic_opencv_x4, x4)---- : 21.6218dB / 0.5473
26-01-15 17:20:03.610 : --34 --> BSRNet --> x4--> 182053.png
26-01-15 17:20:03.676 : ----PSNR/SSIM for (/root/media/quoc-huy/eval-wir/srbenchmarks/BSD100/LRbic_opencv_x4, x4)---- : 20.0631dB / 0.6681
26-01-15 17:20:03.710 : --35 --> BSRNet --> x4--> 189080.png
26-01-15 17:20:03.777 : ----PSNR/SSIM for (/root/media/quoc-huy/eval-wir/srbenchmarks/BSD100/LRbic_opencv_x4, x4)---- : 28.4489dB / 0.8327
26-01-15 17:20:03.812 : --36 --> BSRNet --> x4--> 19021.png
26-01-15 17:20:03.877 : ----PSNR/SSIM for (/root/media/quoc-huy/eval-wir/srbenchmarks/BSD100/LRbic_opencv_x4, x4)---- : 22.5848dB / 0.6359
26-01-15 17:20:03.912 : --37 --> BSRNet --> x4--> 196073.png
26-01-15 17:20:03.977 : ----PSNR/SSIM for (/root/media/quoc-huy/eval-wir/srbenchmarks/BSD100/LRbic_opencv_x4, x4)---- : 25.5011dB / 0.3992
26-01-15 17:20:04.011 : --38 --> BSRNet --> x4--> 197017.png
26-01-15 17:20:04.076 : ----PSNR/SSIM for (/root/media/quoc-huy/eval-wir/srbenchmarks/BSD100/LRbic_opencv_x4, x4)---- : 24.2174dB / 0.6295
26-01-15 17:20:04.111 : --39 --> BSRNet --> x4--> 208001.png
26-01-15 17:20:04.178 : ----PSNR/SSIM for (/root/media/quoc-huy/eval-wir/srbenchmarks/BSD100/LRbic_opencv_x4, x4)---- : 24.2843dB / 0.6171
26-01-15 17:20:04.213 : --40 --> BSRNet --> x4--> 210088.png
26-01-15 17:20:04.280 : ----PSNR/SSIM for (/root/media/quoc-huy/eval-wir/srbenchmarks/BSD100/LRbic_opencv_x4, x4)---- : 26.9755dB / 0.8674
26-01-15 17:20:04.314 : --41 --> BSRNet --> x4--> 21077.png
26-01-15 17:20:04.380 : ----PSNR/SSIM for (/root/media/quoc-huy/eval-wir/srbenchmarks/BSD100/LRbic_opencv_x4, x4)---- : 22.1850dB / 0.6316
26-01-15 17:20:04.416 : --42 --> BSRNet --> x4--> 216081.png
26-01-15 17:20:04.481 : ----PSNR/SSIM for (/root/media/quoc-huy/eval-wir/srbenchmarks/BSD100/LRbic_opencv_x4, x4)---- : 21.6276dB / 0.6007
26-01-15 17:20:04.516 : --43 --> BSRNet --> x4--> 219090.png
26-01-15 17:20:04.581 : ----PSNR/SSIM for (/root/media/quoc-huy/eval-wir/srbenchmarks/BSD100/LRbic_opencv_x4, x4)---- : 22.3212dB / 0.6632
26-01-15 17:20:04.616 : --44 --> BSRNet --> x4--> 220075.png
26-01-15 17:20:04.684 : ----PSNR/SSIM for (/root/media/quoc-huy/eval-wir/srbenchmarks/BSD100/LRbic_opencv_x4, x4)---- : 22.5035dB / 0.7781
26-01-15 17:20:04.719 : --45 --> BSRNet --> x4--> 223061.png
26-01-15 17:20:04.785 : ----PSNR/SSIM for (/root/media/quoc-huy/eval-wir/srbenchmarks/BSD100/LRbic_opencv_x4, x4)---- : 21.2198dB / 0.5712
26-01-15 17:20:04.820 : --46 --> BSRNet --> x4--> 227092.png
26-01-15 17:20:04.887 : ----PSNR/SSIM for (/root/media/quoc-huy/eval-wir/srbenchmarks/BSD100/LRbic_opencv_x4, x4)---- : 30.4864dB / 0.8105
26-01-15 17:20:04.921 : --47 --> BSRNet --> x4--> 229036.png
26-01-15 17:20:04.987 : ----PSNR/SSIM for (/root/media/quoc-huy/eval-wir/srbenchmarks/BSD100/LRbic_opencv_x4, x4)---- : 18.9314dB / 0.4755
26-01-15 17:20:05.022 : --48 --> BSRNet --> x4--> 236037.png
26-01-15 17:20:05.088 : ----PSNR/SSIM for (/root/media/quoc-huy/eval-wir/srbenchmarks/BSD100/LRbic_opencv_x4, x4)---- : 21.5585dB / 0.5090
26-01-15 17:20:05.123 : --49 --> BSRNet --> x4--> 24077.png
26-01-15 17:20:05.190 : ----PSNR/SSIM for (/root/media/quoc-huy/eval-wir/srbenchmarks/BSD100/LRbic_opencv_x4, x4)---- : 20.3534dB / 0.7312
26-01-15 17:20:05.223 : --50 --> BSRNet --> x4--> 241004.png
26-01-15 17:20:05.288 : ----PSNR/SSIM for (/root/media/quoc-huy/eval-wir/srbenchmarks/BSD100/LRbic_opencv_x4, x4)---- : 27.9624dB / 0.7660
26-01-15 17:20:05.322 : --51 --> BSRNet --> x4--> 241048.png
26-01-15 17:20:05.388 : ----PSNR/SSIM for (/root/media/quoc-huy/eval-wir/srbenchmarks/BSD100/LRbic_opencv_x4, x4)---- : 21.1895dB / 0.5100
26-01-15 17:20:05.423 : --52 --> BSRNet --> x4--> 253027.png
26-01-15 17:20:05.488 : ----PSNR/SSIM for (/root/media/quoc-huy/eval-wir/srbenchmarks/BSD100/LRbic_opencv_x4, x4)---- : 18.6845dB / 0.5981
26-01-15 17:20:05.523 : --53 --> BSRNet --> x4--> 253055.png
26-01-15 17:20:05.588 : ----PSNR/SSIM for (/root/media/quoc-huy/eval-wir/srbenchmarks/BSD100/LRbic_opencv_x4, x4)---- : 28.2879dB / 0.7786
26-01-15 17:20:05.623 : --54 --> BSRNet --> x4--> 260058.png
26-01-15 17:20:05.688 : ----PSNR/SSIM for (/root/media/quoc-huy/eval-wir/srbenchmarks/BSD100/LRbic_opencv_x4, x4)---- : 28.9411dB / 0.7231
26-01-15 17:20:05.722 : --55 --> BSRNet --> x4--> 271035.png
26-01-15 17:20:05.789 : ----PSNR/SSIM for (/root/media/quoc-huy/eval-wir/srbenchmarks/BSD100/LRbic_opencv_x4, x4)---- : 22.9301dB / 0.6503
26-01-15 17:20:05.824 : --56 --> BSRNet --> x4--> 285079.png
26-01-15 17:20:05.890 : ----PSNR/SSIM for (/root/media/quoc-huy/eval-wir/srbenchmarks/BSD100/LRbic_opencv_x4, x4)---- : 21.2389dB / 0.5535
26-01-15 17:20:05.926 : --57 --> BSRNet --> x4--> 291000.png
26-01-15 17:20:05.991 : ----PSNR/SSIM for (/root/media/quoc-huy/eval-wir/srbenchmarks/BSD100/LRbic_opencv_x4, x4)---- : 18.3060dB / 0.3020
26-01-15 17:20:06.025 : --58 --> BSRNet --> x4--> 295087.png
26-01-15 17:20:06.090 : ----PSNR/SSIM for (/root/media/quoc-huy/eval-wir/srbenchmarks/BSD100/LRbic_opencv_x4, x4)---- : 24.0613dB / 0.6356
26-01-15 17:20:06.125 : --59 --> BSRNet --> x4--> 296007.png
26-01-15 17:20:06.190 : ----PSNR/SSIM for (/root/media/quoc-huy/eval-wir/srbenchmarks/BSD100/LRbic_opencv_x4, x4)---- : 28.6107dB / 0.7202
26-01-15 17:20:06.224 : --60 --> BSRNet --> x4--> 296059.png
26-01-15 17:20:06.289 : ----PSNR/SSIM for (/root/media/quoc-huy/eval-wir/srbenchmarks/BSD100/LRbic_opencv_x4, x4)---- : 26.7926dB / 0.7015
26-01-15 17:20:06.323 : --61 --> BSRNet --> x4--> 299086.png
26-01-15 17:20:06.388 : ----PSNR/SSIM for (/root/media/quoc-huy/eval-wir/srbenchmarks/BSD100/LRbic_opencv_x4, x4)---- : 28.2065dB / 0.7410
26-01-15 17:20:06.422 : --62 --> BSRNet --> x4--> 300091.png
26-01-15 17:20:06.487 : ----PSNR/SSIM for (/root/media/quoc-huy/eval-wir/srbenchmarks/BSD100/LRbic_opencv_x4, x4)---- : 24.6129dB / 0.7035
26-01-15 17:20:06.521 : --63 --> BSRNet --> x4--> 302008.png
26-01-15 17:20:06.587 : ----PSNR/SSIM for (/root/media/quoc-huy/eval-wir/srbenchmarks/BSD100/LRbic_opencv_x4, x4)---- : 24.4187dB / 0.8667
26-01-15 17:20:06.621 : --64 --> BSRNet --> x4--> 304034.png
26-01-15 17:20:06.686 : ----PSNR/SSIM for (/root/media/quoc-huy/eval-wir/srbenchmarks/BSD100/LRbic_opencv_x4, x4)---- : 20.8304dB / 0.5424
26-01-15 17:20:06.721 : --65 --> BSRNet --> x4--> 304074.png
26-01-15 17:20:06.787 : ----PSNR/SSIM for (/root/media/quoc-huy/eval-wir/srbenchmarks/BSD100/LRbic_opencv_x4, x4)---- : 22.0665dB / 0.4959
26-01-15 17:20:06.823 : --66 --> BSRNet --> x4--> 306005.png
26-01-15 17:20:06.888 : ----PSNR/SSIM for (/root/media/quoc-huy/eval-wir/srbenchmarks/BSD100/LRbic_opencv_x4, x4)---- : 23.9017dB / 0.6632
26-01-15 17:20:06.923 : --67 --> BSRNet --> x4--> 3096.png
26-01-15 17:20:06.988 : ----PSNR/SSIM for (/root/media/quoc-huy/eval-wir/srbenchmarks/BSD100/LRbic_opencv_x4, x4)---- : 32.2646dB / 0.9567
26-01-15 17:20:07.021 : --68 --> BSRNet --> x4--> 33039.png
26-01-15 17:20:07.087 : ----PSNR/SSIM for (/root/media/quoc-huy/eval-wir/srbenchmarks/BSD100/LRbic_opencv_x4, x4)---- : 17.3516dB / 0.4439
26-01-15 17:20:07.122 : --69 --> BSRNet --> x4--> 351093.png
26-01-15 17:20:07.187 : ----PSNR/SSIM for (/root/media/quoc-huy/eval-wir/srbenchmarks/BSD100/LRbic_opencv_x4, x4)---- : 19.1396dB / 0.5479
26-01-15 17:20:07.222 : --70 --> BSRNet --> x4--> 361010.png
26-01-15 17:20:07.287 : ----PSNR/SSIM for (/root/media/quoc-huy/eval-wir/srbenchmarks/BSD100/LRbic_opencv_x4, x4)---- : 23.5745dB / 0.6967
26-01-15 17:20:07.322 : --71 --> BSRNet --> x4--> 37073.png
26-01-15 17:20:07.387 : ----PSNR/SSIM for (/root/media/quoc-huy/eval-wir/srbenchmarks/BSD100/LRbic_opencv_x4, x4)---- : 25.6796dB / 0.7105
26-01-15 17:20:07.421 : --72 --> BSRNet --> x4--> 376043.png
26-01-15 17:20:07.488 : ----PSNR/SSIM for (/root/media/quoc-huy/eval-wir/srbenchmarks/BSD100/LRbic_opencv_x4, x4)---- : 22.1693dB / 0.4632
26-01-15 17:20:07.523 : --73 --> BSRNet --> x4--> 38082.png
26-01-15 17:20:07.587 : ----PSNR/SSIM for (/root/media/quoc-huy/eval-wir/srbenchmarks/BSD100/LRbic_opencv_x4, x4)---- : 23.9492dB / 0.4925
26-01-15 17:20:07.622 : --74 --> BSRNet --> x4--> 38092.png
26-01-15 17:20:07.689 : ----PSNR/SSIM for (/root/media/quoc-huy/eval-wir/srbenchmarks/BSD100/LRbic_opencv_x4, x4)---- : 22.3946dB / 0.6134
26-01-15 17:20:07.724 : --75 --> BSRNet --> x4--> 385039.png
26-01-15 17:20:07.790 : ----PSNR/SSIM for (/root/media/quoc-huy/eval-wir/srbenchmarks/BSD100/LRbic_opencv_x4, x4)---- : 19.7224dB / 0.5871
26-01-15 17:20:07.825 : --76 --> BSRNet --> x4--> 41033.png
26-01-15 17:20:07.890 : ----PSNR/SSIM for (/root/media/quoc-huy/eval-wir/srbenchmarks/BSD100/LRbic_opencv_x4, x4)---- : 26.1545dB / 0.6923
26-01-15 17:20:07.926 : --77 --> BSRNet --> x4--> 41069.png
26-01-15 17:20:07.991 : ----PSNR/SSIM for (/root/media/quoc-huy/eval-wir/srbenchmarks/BSD100/LRbic_opencv_x4, x4)---- : 20.6124dB / 0.3693
26-01-15 17:20:08.026 : --78 --> BSRNet --> x4--> 42012.png
26-01-15 17:20:08.093 : ----PSNR/SSIM for (/root/media/quoc-huy/eval-wir/srbenchmarks/BSD100/LRbic_opencv_x4, x4)---- : 24.9707dB / 0.7288
26-01-15 17:20:08.129 : --79 --> BSRNet --> x4--> 42049.png
26-01-15 17:20:08.194 : ----PSNR/SSIM for (/root/media/quoc-huy/eval-wir/srbenchmarks/BSD100/LRbic_opencv_x4, x4)---- : 23.9063dB / 0.8829
26-01-15 17:20:08.227 : --80 --> BSRNet --> x4--> 43074.png
26-01-15 17:20:08.292 : ----PSNR/SSIM for (/root/media/quoc-huy/eval-wir/srbenchmarks/BSD100/LRbic_opencv_x4, x4)---- : 26.4362dB / 0.7612
26-01-15 17:20:08.328 : --81 --> BSRNet --> x4--> 45096.png
26-01-15 17:20:08.393 : ----PSNR/SSIM for (/root/media/quoc-huy/eval-wir/srbenchmarks/BSD100/LRbic_opencv_x4, x4)---- : 30.8202dB / 0.8962
26-01-15 17:20:08.426 : --82 --> BSRNet --> x4--> 54082.png
26-01-15 17:20:08.492 : ----PSNR/SSIM for (/root/media/quoc-huy/eval-wir/srbenchmarks/BSD100/LRbic_opencv_x4, x4)---- : 24.7902dB / 0.6332
26-01-15 17:20:08.527 : --83 --> BSRNet --> x4--> 55073.png
26-01-15 17:20:08.593 : ----PSNR/SSIM for (/root/media/quoc-huy/eval-wir/srbenchmarks/BSD100/LRbic_opencv_x4, x4)---- : 18.7649dB / 0.3897
26-01-15 17:20:08.629 : --84 --> BSRNet --> x4--> 58060.png
26-01-15 17:20:08.694 : ----PSNR/SSIM for (/root/media/quoc-huy/eval-wir/srbenchmarks/BSD100/LRbic_opencv_x4, x4)---- : 17.7703dB / 0.4753
26-01-15 17:20:08.729 : --85 --> BSRNet --> x4--> 62096.png
26-01-15 17:20:08.794 : ----PSNR/SSIM for (/root/media/quoc-huy/eval-wir/srbenchmarks/BSD100/LRbic_opencv_x4, x4)---- : 20.4931dB / 0.6683
26-01-15 17:20:08.827 : --86 --> BSRNet --> x4--> 65033.png
26-01-15 17:20:08.893 : ----PSNR/SSIM for (/root/media/quoc-huy/eval-wir/srbenchmarks/BSD100/LRbic_opencv_x4, x4)---- : 21.3785dB / 0.4587
26-01-15 17:20:08.929 : --87 --> BSRNet --> x4--> 66053.png
26-01-15 17:20:08.994 : ----PSNR/SSIM for (/root/media/quoc-huy/eval-wir/srbenchmarks/BSD100/LRbic_opencv_x4, x4)---- : 23.5869dB / 0.5872
26-01-15 17:20:09.029 : --88 --> BSRNet --> x4--> 69015.png
26-01-15 17:20:09.096 : ----PSNR/SSIM for (/root/media/quoc-huy/eval-wir/srbenchmarks/BSD100/LRbic_opencv_x4, x4)---- : 26.4457dB / 0.6795
26-01-15 17:20:09.131 : --89 --> BSRNet --> x4--> 69020.png
26-01-15 17:20:09.195 : ----PSNR/SSIM for (/root/media/quoc-huy/eval-wir/srbenchmarks/BSD100/LRbic_opencv_x4, x4)---- : 24.2535dB / 0.4364
26-01-15 17:20:09.230 : --90 --> BSRNet --> x4--> 69040.png
26-01-15 17:20:09.296 : ----PSNR/SSIM for (/root/media/quoc-huy/eval-wir/srbenchmarks/BSD100/LRbic_opencv_x4, x4)---- : 21.6258dB / 0.5214
26-01-15 17:20:09.331 : --91 --> BSRNet --> x4--> 76053.png
26-01-15 17:20:09.397 : ----PSNR/SSIM for (/root/media/quoc-huy/eval-wir/srbenchmarks/BSD100/LRbic_opencv_x4, x4)---- : 25.4273dB / 0.6057
26-01-15 17:20:09.431 : --92 --> BSRNet --> x4--> 78004.png
26-01-15 17:20:09.498 : ----PSNR/SSIM for (/root/media/quoc-huy/eval-wir/srbenchmarks/BSD100/LRbic_opencv_x4, x4)---- : 21.8174dB / 0.6320
26-01-15 17:20:09.533 : --93 --> BSRNet --> x4--> 8023.png
26-01-15 17:20:09.599 : ----PSNR/SSIM for (/root/media/quoc-huy/eval-wir/srbenchmarks/BSD100/LRbic_opencv_x4, x4)---- : 26.3497dB / 0.7952
26-01-15 17:20:09.634 : --94 --> BSRNet --> x4--> 85048.png
26-01-15 17:20:09.700 : ----PSNR/SSIM for (/root/media/quoc-huy/eval-wir/srbenchmarks/BSD100/LRbic_opencv_x4, x4)---- : 21.4153dB / 0.5895
26-01-15 17:20:09.735 : --95 --> BSRNet --> x4--> 86000.png
26-01-15 17:20:09.801 : ----PSNR/SSIM for (/root/media/quoc-huy/eval-wir/srbenchmarks/BSD100/LRbic_opencv_x4, x4)---- : 21.5701dB / 0.6844
26-01-15 17:20:09.836 : --96 --> BSRNet --> x4--> 86016.png
26-01-15 17:20:09.901 : ----PSNR/SSIM for (/root/media/quoc-huy/eval-wir/srbenchmarks/BSD100/LRbic_opencv_x4, x4)---- : 19.4920dB / 0.2195
26-01-15 17:20:09.936 : --97 --> BSRNet --> x4--> 86068.png
26-01-15 17:20:10.001 : ----PSNR/SSIM for (/root/media/quoc-huy/eval-wir/srbenchmarks/BSD100/LRbic_opencv_x4, x4)---- : 24.1091dB / 0.4452
26-01-15 17:20:10.036 : --98 --> BSRNet --> x4--> 87046.png
26-01-15 17:20:10.102 : ----PSNR/SSIM for (/root/media/quoc-huy/eval-wir/srbenchmarks/BSD100/LRbic_opencv_x4, x4)---- : 22.0761dB / 0.6769
26-01-15 17:20:10.138 : --99 --> BSRNet --> x4--> 89072.png
26-01-15 17:20:10.205 : ----PSNR/SSIM for (/root/media/quoc-huy/eval-wir/srbenchmarks/BSD100/LRbic_opencv_x4, x4)---- : 22.3070dB / 0.6105
26-01-15 17:20:10.240 : -100 --> BSRNet --> x4--> 97033.png
26-01-15 17:20:10.305 : ----PSNR/SSIM for (/root/media/quoc-huy/eval-wir/srbenchmarks/BSD100/LRbic_opencv_x4, x4)---- : 20.4697dB / 0.5861
26-01-15 17:20:10.339 : ----Average PSNR/SSIM for (/root/media/quoc-huy/eval-wir/srbenchmarks/BSD100/LRbic_opencv_x4, x4)---- : 23.1933dB / 0.6305
26-01-15 17:20:10.339 :  
26-01-15 17:20:10.339 : ----Average LPIPS / NIQE---- : 0.4173 / 7.0825
26-01-15 17:20:10.340 : Computing FID...
26-01-15 17:20:16.356 : ----FID---- : 158.0549
26-01-15 17:33:04.958 :       Model Name : BSRNet
26-01-15 17:33:06.065 :       Input Path : /root/media/quoc-huy/eval-wir/srbenchmarks/Set14/LRbic_opencv_x4
26-01-15 17:33:06.065 :      Output Path : /root/quoc-huy/all-tested-results/BSRGAN/Set14-LRbic_opencv_x4
26-01-15 17:33:06.065 : ---1 --> BSRNet --> x4--> baboon.png
26-01-15 17:33:06.265 : ----PSNR/SSIM for (/root/media/quoc-huy/eval-wir/srbenchmarks/Set14/LRbic_opencv_x4, x4)---- : 19.9062dB / 0.4199
26-01-15 17:33:06.448 : ---2 --> BSRNet --> x4--> barbara.png
26-01-15 17:33:06.624 : ----PSNR/SSIM for (/root/media/quoc-huy/eval-wir/srbenchmarks/Set14/LRbic_opencv_x4, x4)---- : 21.7210dB / 0.6849
26-01-15 17:33:06.681 : ---3 --> BSRNet --> x4--> bridge.png
26-01-15 17:33:06.798 : ----PSNR/SSIM for (/root/media/quoc-huy/eval-wir/srbenchmarks/Set14/LRbic_opencv_x4, x4)---- : 22.1568dB / 0.5385
26-01-15 17:33:06.843 : ---4 --> BSRNet --> x4--> coastguard.png
26-01-15 17:33:06.898 : ----PSNR/SSIM for (/root/media/quoc-huy/eval-wir/srbenchmarks/Set14/LRbic_opencv_x4, x4)---- : 22.6685dB / 0.5013
26-01-15 17:33:06.938 : ---5 --> BSRNet --> x4--> comic.png
26-01-15 17:33:06.992 : ----PSNR/SSIM for (/root/media/quoc-huy/eval-wir/srbenchmarks/Set14/LRbic_opencv_x4, x4)---- : 18.3044dB / 0.5110
26-01-15 17:33:07.027 : ---6 --> BSRNet --> x4--> face.png
26-01-15 17:33:07.074 : ----PSNR/SSIM for (/root/media/quoc-huy/eval-wir/srbenchmarks/Set14/LRbic_opencv_x4, x4)---- : 29.2142dB / 0.6355
26-01-15 17:33:07.108 : ---7 --> BSRNet --> x4--> flowers.png
26-01-15 17:33:07.197 : ----PSNR/SSIM for (/root/media/quoc-huy/eval-wir/srbenchmarks/Set14/LRbic_opencv_x4, x4)---- : 22.4431dB / 0.6636
26-01-15 17:33:07.238 : ---8 --> BSRNet --> x4--> foreman.png
26-01-15 17:33:07.289 : ----PSNR/SSIM for (/root/media/quoc-huy/eval-wir/srbenchmarks/Set14/LRbic_opencv_x4, x4)---- : 25.3874dB / 0.8692
26-01-15 17:33:07.320 : ---9 --> BSRNet --> x4--> lenna.png
26-01-15 17:33:07.432 : ----PSNR/SSIM for (/root/media/quoc-huy/eval-wir/srbenchmarks/Set14/LRbic_opencv_x4, x4)---- : 28.6709dB / 0.8032
26-01-15 17:33:07.474 : --10 --> BSRNet --> x4--> man.png
26-01-15 17:33:07.595 : ----PSNR/SSIM for (/root/media/quoc-huy/eval-wir/srbenchmarks/Set14/LRbic_opencv_x4, x4)---- : 23.9348dB / 0.6303
26-01-15 17:33:07.638 : --11 --> BSRNet --> x4--> monarch.png
26-01-15 17:33:07.809 : ----PSNR/SSIM for (/root/media/quoc-huy/eval-wir/srbenchmarks/Set14/LRbic_opencv_x4, x4)---- : 26.1594dB / 0.8856
26-01-15 17:33:07.863 : --12 --> BSRNet --> x4--> pepper.png
26-01-15 17:33:07.976 : ----PSNR/SSIM for (/root/media/quoc-huy/eval-wir/srbenchmarks/Set14/LRbic_opencv_x4, x4)---- : 27.1755dB / 0.8185
26-01-15 17:33:08.022 : --13 --> BSRNet --> x4--> ppt3.png
26-01-15 17:33:08.206 : ----PSNR/SSIM for (/root/media/quoc-huy/eval-wir/srbenchmarks/Set14/LRbic_opencv_x4, x4)---- : 19.5316dB / 0.8383
26-01-15 17:33:08.253 : --14 --> BSRNet --> x4--> zebra.png
26-01-15 17:33:08.382 : ----PSNR/SSIM for (/root/media/quoc-huy/eval-wir/srbenchmarks/Set14/LRbic_opencv_x4, x4)---- : 18.3857dB / 0.4830
26-01-15 17:33:08.427 : ----Average PSNR/SSIM for (/root/media/quoc-huy/eval-wir/srbenchmarks/Set14/LRbic_opencv_x4, x4)---- : 23.2614dB / 0.6631
26-01-15 17:33:08.428 :  
26-01-15 17:33:08.428 : ----Average LPIPS / NIQE---- : 0.3585 / 6.9128
26-01-15 17:33:08.428 : Computing FID...
26-01-15 17:33:13.387 : ----FID---- : 142.9698
26-01-15 17:36:08.904 :       Model Name : BSRNet
26-01-15 17:36:10.035 :       Input Path : /root/media/quoc-huy/eval-wir/srbenchmarks/Set5/LRbic_opencv_x4
26-01-15 17:36:10.036 :      Output Path : /root/quoc-huy/all-tested-results/BSRGAN/Set5-LRbic_opencv_x4
26-01-15 17:36:10.036 : ---1 --> BSRNet --> x4--> baby.png
26-01-15 17:36:10.259 : ----PSNR/SSIM for (/root/media/quoc-huy/eval-wir/srbenchmarks/Set5/LRbic_opencv_x4, x4)---- : 29.8063dB / 0.8449
26-01-15 17:36:10.442 : ---2 --> BSRNet --> x4--> bird.png
26-01-15 17:36:10.492 : ----PSNR/SSIM for (/root/media/quoc-huy/eval-wir/srbenchmarks/Set5/LRbic_opencv_x4, x4)---- : 28.4801dB / 0.8477
26-01-15 17:36:10.535 : ---3 --> BSRNet --> x4--> butterfly.png
26-01-15 17:36:10.582 : ----PSNR/SSIM for (/root/media/quoc-huy/eval-wir/srbenchmarks/Set5/LRbic_opencv_x4, x4)---- : 21.5046dB / 0.8195
26-01-15 17:36:10.621 : ---4 --> BSRNet --> x4--> head.png
26-01-15 17:36:10.668 : ----PSNR/SSIM for (/root/media/quoc-huy/eval-wir/srbenchmarks/Set5/LRbic_opencv_x4, x4)---- : 29.1734dB / 0.6345
26-01-15 17:36:10.703 : ---5 --> BSRNet --> x4--> woman.png
26-01-15 17:36:10.745 : ----PSNR/SSIM for (/root/media/quoc-huy/eval-wir/srbenchmarks/Set5/LRbic_opencv_x4, x4)---- : 25.5709dB / 0.8504
26-01-15 17:36:10.780 : ----Average PSNR/SSIM for (/root/media/quoc-huy/eval-wir/srbenchmarks/Set5/LRbic_opencv_x4, x4)---- : 26.9071dB / 0.7994
26-01-15 17:36:10.780 :  
26-01-15 17:36:10.780 : ----Average LPIPS / NIQE---- : 0.2365 / 8.4870
26-01-15 17:36:10.780 : Computing FID...
26-01-15 17:36:15.332 : ----FID---- : 124.0276
26-01-17 08:08:57.768 :       Model Name : BSRNet
26-01-17 08:08:58.876 :       Input Path : /root/media/quoc-huy/eval-wir/srbenchmarks/Set5/LRblur_matlab_sig1.6
26-01-17 08:08:58.876 :      Output Path : /root/quoc-huy/all-tested-results/BSRGAN/Set5-LRblur_matlab_sig1.6
26-01-17 08:08:58.876 : ---1 --> BSRNet --> x4--> baby.png
26-01-17 08:08:59.096 : ----PSNR/SSIM for (/root/media/quoc-huy/eval-wir/srbenchmarks/Set5/LRblur_matlab_sig1.6, x4)---- : 30.8078dB / 0.8542
26-01-17 08:08:59.279 : ---2 --> BSRNet --> x4--> bird.png
26-01-17 08:08:59.328 : ----PSNR/SSIM for (/root/media/quoc-huy/eval-wir/srbenchmarks/Set5/LRblur_matlab_sig1.6, x4)---- : 30.0361dB / 0.8588
26-01-17 08:08:59.368 : ---3 --> BSRNet --> x4--> butterfly.png
26-01-17 08:08:59.415 : ----PSNR/SSIM for (/root/media/quoc-huy/eval-wir/srbenchmarks/Set5/LRblur_matlab_sig1.6, x4)---- : 24.2983dB / 0.8606
26-01-17 08:08:59.450 : ---4 --> BSRNet --> x4--> head.png
26-01-17 08:08:59.502 : ----PSNR/SSIM for (/root/media/quoc-huy/eval-wir/srbenchmarks/Set5/LRblur_matlab_sig1.6, x4)---- : 30.5201dB / 0.7023
26-01-17 08:08:59.537 : ---5 --> BSRNet --> x4--> woman.png
26-01-17 08:08:59.579 : ----PSNR/SSIM for (/root/media/quoc-huy/eval-wir/srbenchmarks/Set5/LRblur_matlab_sig1.6, x4)---- : 27.6479dB / 0.8674
26-01-17 08:08:59.613 :  
26-01-17 08:08:59.613 : Computing FID...
26-01-17 08:09:04.024 : ----FID---- : 121.3629
26-01-17 08:11:37.954 :       Model Name : BSRNet
26-01-17 08:11:39.208 :       Input Path : /root/media/quoc-huy/eval-wir/srbenchmarks/Set14/LRblur_matlab_sig1.6
26-01-17 08:11:39.209 :      Output Path : /root/quoc-huy/all-tested-results/BSRGAN/Set14-LRblur_matlab_sig1.6
26-01-17 08:11:39.209 : ---1 --> BSRNet --> x4--> baboon.png
26-01-17 08:11:39.414 : ----PSNR/SSIM for (/root/media/quoc-huy/eval-wir/srbenchmarks/Set14/LRblur_matlab_sig1.6, x4)---- : 20.9777dB / 0.4271
26-01-17 08:11:39.595 : ---2 --> BSRNet --> x4--> barbara.png
26-01-17 08:11:39.778 : ----PSNR/SSIM for (/root/media/quoc-huy/eval-wir/srbenchmarks/Set14/LRblur_matlab_sig1.6, x4)---- : 24.3016dB / 0.7022
26-01-17 08:11:39.833 : ---3 --> BSRNet --> x4--> bridge.png
26-01-17 08:11:39.948 : ----PSNR/SSIM for (/root/media/quoc-huy/eval-wir/srbenchmarks/Set14/LRblur_matlab_sig1.6, x4)---- : 23.5333dB / 0.5546
26-01-17 08:11:39.993 : ---4 --> BSRNet --> x4--> coastguard.png
26-01-17 08:11:40.048 : ----PSNR/SSIM for (/root/media/quoc-huy/eval-wir/srbenchmarks/Set14/LRblur_matlab_sig1.6, x4)---- : 24.5093dB / 0.4792
26-01-17 08:11:40.087 : ---5 --> BSRNet --> x4--> comic.png
26-01-17 08:11:40.140 : ----PSNR/SSIM for (/root/media/quoc-huy/eval-wir/srbenchmarks/Set14/LRblur_matlab_sig1.6, x4)---- : 21.1099dB / 0.6207
26-01-17 08:11:40.175 : ---6 --> BSRNet --> x4--> face.png
26-01-17 08:11:40.222 : ----PSNR/SSIM for (/root/media/quoc-huy/eval-wir/srbenchmarks/Set14/LRblur_matlab_sig1.6, x4)---- : 30.4653dB / 0.6986
26-01-17 08:11:40.257 : ---7 --> BSRNet --> x4--> flowers.png
26-01-17 08:11:40.345 : ----PSNR/SSIM for (/root/media/quoc-huy/eval-wir/srbenchmarks/Set14/LRblur_matlab_sig1.6, x4)---- : 25.2856dB / 0.7197
26-01-17 08:11:40.385 : ---8 --> BSRNet --> x4--> foreman.png
26-01-17 08:11:40.437 : ----PSNR/SSIM for (/root/media/quoc-huy/eval-wir/srbenchmarks/Set14/LRblur_matlab_sig1.6, x4)---- : 27.9896dB / 0.8840
26-01-17 08:11:40.469 : ---9 --> BSRNet --> x4--> lenna.png
26-01-17 08:11:40.580 : ----PSNR/SSIM for (/root/media/quoc-huy/eval-wir/srbenchmarks/Set14/LRblur_matlab_sig1.6, x4)---- : 29.7899dB / 0.8049
26-01-17 08:11:40.623 : --10 --> BSRNet --> x4--> man.png
26-01-17 08:11:40.734 : ----PSNR/SSIM for (/root/media/quoc-huy/eval-wir/srbenchmarks/Set14/LRblur_matlab_sig1.6, x4)---- : 25.3987dB / 0.6645
26-01-17 08:11:40.776 : --11 --> BSRNet --> x4--> monarch.png
26-01-17 08:11:40.951 : ----PSNR/SSIM for (/root/media/quoc-huy/eval-wir/srbenchmarks/Set14/LRblur_matlab_sig1.6, x4)---- : 28.8565dB / 0.9047
26-01-17 08:11:41.002 : --12 --> BSRNet --> x4--> pepper.png
26-01-17 08:11:41.116 : ----PSNR/SSIM for (/root/media/quoc-huy/eval-wir/srbenchmarks/Set14/LRblur_matlab_sig1.6, x4)---- : 29.3794dB / 0.8245
26-01-17 08:11:41.158 : --13 --> BSRNet --> x4--> ppt3.png
26-01-17 08:11:41.335 : ----PSNR/SSIM for (/root/media/quoc-huy/eval-wir/srbenchmarks/Set14/LRblur_matlab_sig1.6, x4)---- : 23.6911dB / 0.9032
26-01-17 08:11:41.383 : --14 --> BSRNet --> x4--> zebra.png
26-01-17 08:11:41.487 : ----PSNR/SSIM for (/root/media/quoc-huy/eval-wir/srbenchmarks/Set14/LRblur_matlab_sig1.6, x4)---- : 24.5100dB / 0.6873
26-01-17 08:11:41.533 : Computing FID...
26-01-17 08:11:46.397 :  
26-01-17 08:13:11.076 :       Model Name : BSRNet
26-01-17 08:13:12.179 :       Input Path : /root/media/quoc-huy/eval-wir/srbenchmarks/BSD100/LRblur_matlab_sig1.6
26-01-17 08:13:12.179 :      Output Path : /root/quoc-huy/all-tested-results/BSRGAN/BSD100-LRblur_matlab_sig1.6
26-01-17 08:13:12.179 : ---1 --> BSRNet --> x4--> 101085.png
26-01-17 08:13:12.339 : ----PSNR/SSIM for (/root/media/quoc-huy/eval-wir/srbenchmarks/BSD100/LRblur_matlab_sig1.6, x4)---- : 22.1992dB / 0.4957
26-01-17 08:13:12.511 : ---2 --> BSRNet --> x4--> 101087.png
26-01-17 08:13:12.586 : ----PSNR/SSIM for (/root/media/quoc-huy/eval-wir/srbenchmarks/BSD100/LRblur_matlab_sig1.6, x4)---- : 26.4811dB / 0.7627
26-01-17 08:13:12.624 : ---3 --> BSRNet --> x4--> 102061.png
26-01-17 08:13:12.696 : ----PSNR/SSIM for (/root/media/quoc-huy/eval-wir/srbenchmarks/BSD100/LRblur_matlab_sig1.6, x4)---- : 24.7475dB / 0.7668
26-01-17 08:13:12.732 : ---4 --> BSRNet --> x4--> 103070.png
26-01-17 08:13:12.806 : ----PSNR/SSIM for (/root/media/quoc-huy/eval-wir/srbenchmarks/BSD100/LRblur_matlab_sig1.6, x4)---- : 28.5848dB / 0.7942
26-01-17 08:13:12.846 : ---5 --> BSRNet --> x4--> 105025.png
26-01-17 08:13:12.914 : ----PSNR/SSIM for (/root/media/quoc-huy/eval-wir/srbenchmarks/BSD100/LRblur_matlab_sig1.6, x4)---- : 24.3142dB / 0.6314
26-01-17 08:13:12.948 : ---6 --> BSRNet --> x4--> 106024.png
26-01-17 08:13:13.013 : ----PSNR/SSIM for (/root/media/quoc-huy/eval-wir/srbenchmarks/BSD100/LRblur_matlab_sig1.6, x4)---- : 31.3629dB / 0.8616
26-01-17 08:13:13.046 : ---7 --> BSRNet --> x4--> 108005.png
26-01-17 08:13:13.111 : ----PSNR/SSIM for (/root/media/quoc-huy/eval-wir/srbenchmarks/BSD100/LRblur_matlab_sig1.6, x4)---- : 24.2906dB / 0.6663
26-01-17 08:13:13.145 : ---8 --> BSRNet --> x4--> 108070.png
26-01-17 08:13:13.209 : ----PSNR/SSIM for (/root/media/quoc-huy/eval-wir/srbenchmarks/BSD100/LRblur_matlab_sig1.6, x4)---- : 21.3635dB / 0.4858
26-01-17 08:13:13.244 : ---9 --> BSRNet --> x4--> 108082.png
26-01-17 08:13:13.308 : ----PSNR/SSIM for (/root/media/quoc-huy/eval-wir/srbenchmarks/BSD100/LRblur_matlab_sig1.6, x4)---- : 25.5102dB / 0.7275
26-01-17 08:13:13.343 : --10 --> BSRNet --> x4--> 109053.png
26-01-17 08:13:13.407 : ----PSNR/SSIM for (/root/media/quoc-huy/eval-wir/srbenchmarks/BSD100/LRblur_matlab_sig1.6, x4)---- : 27.3962dB / 0.7461
26-01-17 08:13:13.442 : --11 --> BSRNet --> x4--> 119082.png
26-01-17 08:13:13.507 : ----PSNR/SSIM for (/root/media/quoc-huy/eval-wir/srbenchmarks/BSD100/LRblur_matlab_sig1.6, x4)---- : 22.5585dB / 0.6610
26-01-17 08:13:13.540 : --12 --> BSRNet --> x4--> 12084.png
26-01-17 08:13:13.605 : ----PSNR/SSIM for (/root/media/quoc-huy/eval-wir/srbenchmarks/BSD100/LRblur_matlab_sig1.6, x4)---- : 25.2227dB / 0.6260
26-01-17 08:13:13.639 : --13 --> BSRNet --> x4--> 123074.png
26-01-17 08:13:13.703 : ----PSNR/SSIM for (/root/media/quoc-huy/eval-wir/srbenchmarks/BSD100/LRblur_matlab_sig1.6, x4)---- : 28.0026dB / 0.7537
26-01-17 08:13:13.737 : --14 --> BSRNet --> x4--> 126007.png
26-01-17 08:13:13.802 : ----PSNR/SSIM for (/root/media/quoc-huy/eval-wir/srbenchmarks/BSD100/LRblur_matlab_sig1.6, x4)---- : 27.0223dB / 0.7688
26-01-17 08:13:13.835 : --15 --> BSRNet --> x4--> 130026.png
26-01-17 08:13:13.899 : ----PSNR/SSIM for (/root/media/quoc-huy/eval-wir/srbenchmarks/BSD100/LRblur_matlab_sig1.6, x4)---- : 23.2310dB / 0.5878
26-01-17 08:13:13.934 : --16 --> BSRNet --> x4--> 134035.png
26-01-17 08:13:14.000 : ----PSNR/SSIM for (/root/media/quoc-huy/eval-wir/srbenchmarks/BSD100/LRblur_matlab_sig1.6, x4)---- : 22.6471dB / 0.6878
26-01-17 08:13:14.035 : --17 --> BSRNet --> x4--> 14037.png
26-01-17 08:13:14.099 : ----PSNR/SSIM for (/root/media/quoc-huy/eval-wir/srbenchmarks/BSD100/LRblur_matlab_sig1.6, x4)---- : 31.9800dB / 0.8480
26-01-17 08:13:14.132 : --18 --> BSRNet --> x4--> 143090.png
26-01-17 08:13:14.197 : ----PSNR/SSIM for (/root/media/quoc-huy/eval-wir/srbenchmarks/BSD100/LRblur_matlab_sig1.6, x4)---- : 30.5249dB / 0.8554
26-01-17 08:13:14.231 : --19 --> BSRNet --> x4--> 145086.png
26-01-17 08:13:14.296 : ----PSNR/SSIM for (/root/media/quoc-huy/eval-wir/srbenchmarks/BSD100/LRblur_matlab_sig1.6, x4)---- : 24.1020dB / 0.6679
26-01-17 08:13:14.330 : --20 --> BSRNet --> x4--> 147091.png
26-01-17 08:13:14.396 : ----PSNR/SSIM for (/root/media/quoc-huy/eval-wir/srbenchmarks/BSD100/LRblur_matlab_sig1.6, x4)---- : 24.0358dB / 0.7466
26-01-17 08:13:14.430 : --21 --> BSRNet --> x4--> 148026.png
26-01-17 08:13:14.501 : ----PSNR/SSIM for (/root/media/quoc-huy/eval-wir/srbenchmarks/BSD100/LRblur_matlab_sig1.6, x4)---- : 20.1458dB / 0.5998
26-01-17 08:13:14.539 : --22 --> BSRNet --> x4--> 148089.png
26-01-17 08:13:14.604 : ----PSNR/SSIM for (/root/media/quoc-huy/eval-wir/srbenchmarks/BSD100/LRblur_matlab_sig1.6, x4)---- : 21.8589dB / 0.5349
26-01-17 08:13:14.637 : --23 --> BSRNet --> x4--> 156065.png
26-01-17 08:13:14.701 : ----PSNR/SSIM for (/root/media/quoc-huy/eval-wir/srbenchmarks/BSD100/LRblur_matlab_sig1.6, x4)---- : 23.2157dB / 0.4883
26-01-17 08:13:14.736 : --24 --> BSRNet --> x4--> 157055.png
26-01-17 08:13:14.800 : ----PSNR/SSIM for (/root/media/quoc-huy/eval-wir/srbenchmarks/BSD100/LRblur_matlab_sig1.6, x4)---- : 24.4627dB / 0.7217
26-01-17 08:13:14.834 : --25 --> BSRNet --> x4--> 159008.png
26-01-17 08:13:14.899 : ----PSNR/SSIM for (/root/media/quoc-huy/eval-wir/srbenchmarks/BSD100/LRblur_matlab_sig1.6, x4)---- : 25.0264dB / 0.7597
26-01-17 08:13:14.933 : --26 --> BSRNet --> x4--> 160068.png
26-01-17 08:13:14.997 : ----PSNR/SSIM for (/root/media/quoc-huy/eval-wir/srbenchmarks/BSD100/LRblur_matlab_sig1.6, x4)---- : 25.1687dB / 0.7987
26-01-17 08:13:15.030 : --27 --> BSRNet --> x4--> 16077.png
26-01-17 08:13:15.094 : ----PSNR/SSIM for (/root/media/quoc-huy/eval-wir/srbenchmarks/BSD100/LRblur_matlab_sig1.6, x4)---- : 25.6574dB / 0.6670
26-01-17 08:13:15.129 : --28 --> BSRNet --> x4--> 163085.png
26-01-17 08:13:15.193 : ----PSNR/SSIM for (/root/media/quoc-huy/eval-wir/srbenchmarks/BSD100/LRblur_matlab_sig1.6, x4)---- : 27.4292dB / 0.7377
26-01-17 08:13:15.228 : --29 --> BSRNet --> x4--> 167062.png
26-01-17 08:13:15.292 : ----PSNR/SSIM for (/root/media/quoc-huy/eval-wir/srbenchmarks/BSD100/LRblur_matlab_sig1.6, x4)---- : 29.5644dB / 0.8429
26-01-17 08:13:15.323 : --30 --> BSRNet --> x4--> 167083.png
26-01-17 08:13:15.388 : ----PSNR/SSIM for (/root/media/quoc-huy/eval-wir/srbenchmarks/BSD100/LRblur_matlab_sig1.6, x4)---- : 18.3550dB / 0.4354
26-01-17 08:13:15.422 : --31 --> BSRNet --> x4--> 170057.png
26-01-17 08:13:15.487 : ----PSNR/SSIM for (/root/media/quoc-huy/eval-wir/srbenchmarks/BSD100/LRblur_matlab_sig1.6, x4)---- : 27.5326dB / 0.7509
26-01-17 08:13:15.520 : --32 --> BSRNet --> x4--> 175032.png
26-01-17 08:13:15.585 : ----PSNR/SSIM for (/root/media/quoc-huy/eval-wir/srbenchmarks/BSD100/LRblur_matlab_sig1.6, x4)---- : 19.3458dB / 0.3457
26-01-17 08:13:15.619 : --33 --> BSRNet --> x4--> 175043.png
26-01-17 08:13:15.684 : ----PSNR/SSIM for (/root/media/quoc-huy/eval-wir/srbenchmarks/BSD100/LRblur_matlab_sig1.6, x4)---- : 23.2723dB / 0.5910
26-01-17 08:13:15.717 : --34 --> BSRNet --> x4--> 182053.png
26-01-17 08:13:15.781 : ----PSNR/SSIM for (/root/media/quoc-huy/eval-wir/srbenchmarks/BSD100/LRblur_matlab_sig1.6, x4)---- : 22.7859dB / 0.7222
26-01-17 08:13:15.813 : --35 --> BSRNet --> x4--> 189080.png
26-01-17 08:13:15.879 : ----PSNR/SSIM for (/root/media/quoc-huy/eval-wir/srbenchmarks/BSD100/LRblur_matlab_sig1.6, x4)---- : 32.1687dB / 0.8481
26-01-17 08:13:15.913 : --36 --> BSRNet --> x4--> 19021.png
26-01-17 08:13:15.977 : ----PSNR/SSIM for (/root/media/quoc-huy/eval-wir/srbenchmarks/BSD100/LRblur_matlab_sig1.6, x4)---- : 24.9592dB / 0.6816
26-01-17 08:13:16.010 : --37 --> BSRNet --> x4--> 196073.png
26-01-17 08:13:16.074 : ----PSNR/SSIM for (/root/media/quoc-huy/eval-wir/srbenchmarks/BSD100/LRblur_matlab_sig1.6, x4)---- : 26.3086dB / 0.4070
26-01-17 08:13:16.107 : --38 --> BSRNet --> x4--> 197017.png
26-01-17 08:13:16.172 : ----PSNR/SSIM for (/root/media/quoc-huy/eval-wir/srbenchmarks/BSD100/LRblur_matlab_sig1.6, x4)---- : 26.2798dB / 0.6525
26-01-17 08:13:16.205 : --39 --> BSRNet --> x4--> 208001.png
26-01-17 08:13:16.271 : ----PSNR/SSIM for (/root/media/quoc-huy/eval-wir/srbenchmarks/BSD100/LRblur_matlab_sig1.6, x4)---- : 26.1474dB / 0.6393
26-01-17 08:13:16.305 : --40 --> BSRNet --> x4--> 210088.png
26-01-17 08:13:16.371 : ----PSNR/SSIM for (/root/media/quoc-huy/eval-wir/srbenchmarks/BSD100/LRblur_matlab_sig1.6, x4)---- : 30.1755dB / 0.8925
26-01-17 08:13:16.405 : --41 --> BSRNet --> x4--> 21077.png
26-01-17 08:13:16.470 : ----PSNR/SSIM for (/root/media/quoc-huy/eval-wir/srbenchmarks/BSD100/LRblur_matlab_sig1.6, x4)---- : 24.9287dB / 0.6783
26-01-17 08:13:16.504 : --42 --> BSRNet --> x4--> 216081.png
26-01-17 08:13:16.569 : ----PSNR/SSIM for (/root/media/quoc-huy/eval-wir/srbenchmarks/BSD100/LRblur_matlab_sig1.6, x4)---- : 23.9101dB / 0.6524
26-01-17 08:13:16.602 : --43 --> BSRNet --> x4--> 219090.png
26-01-17 08:13:16.667 : ----PSNR/SSIM for (/root/media/quoc-huy/eval-wir/srbenchmarks/BSD100/LRblur_matlab_sig1.6, x4)---- : 24.8846dB / 0.6980
26-01-17 08:13:16.700 : --44 --> BSRNet --> x4--> 220075.png
26-01-17 08:13:16.764 : ----PSNR/SSIM for (/root/media/quoc-huy/eval-wir/srbenchmarks/BSD100/LRblur_matlab_sig1.6, x4)---- : 25.4581dB / 0.8236
26-01-17 08:13:16.798 : --45 --> BSRNet --> x4--> 223061.png
26-01-17 08:13:16.862 : ----PSNR/SSIM for (/root/media/quoc-huy/eval-wir/srbenchmarks/BSD100/LRblur_matlab_sig1.6, x4)---- : 22.9454dB / 0.6280
26-01-17 08:13:16.896 : --46 --> BSRNet --> x4--> 227092.png
26-01-17 08:13:16.961 : ----PSNR/SSIM for (/root/media/quoc-huy/eval-wir/srbenchmarks/BSD100/LRblur_matlab_sig1.6, x4)---- : 32.5854dB / 0.8244
26-01-17 08:13:16.994 : --47 --> BSRNet --> x4--> 229036.png
26-01-17 08:13:17.058 : ----PSNR/SSIM for (/root/media/quoc-huy/eval-wir/srbenchmarks/BSD100/LRblur_matlab_sig1.6, x4)---- : 20.9857dB / 0.5258
26-01-17 08:13:17.093 : --48 --> BSRNet --> x4--> 236037.png
26-01-17 08:13:17.158 : ----PSNR/SSIM for (/root/media/quoc-huy/eval-wir/srbenchmarks/BSD100/LRblur_matlab_sig1.6, x4)---- : 23.2069dB / 0.5563
26-01-17 08:13:17.192 : --49 --> BSRNet --> x4--> 24077.png
26-01-17 08:13:17.257 : ----PSNR/SSIM for (/root/media/quoc-huy/eval-wir/srbenchmarks/BSD100/LRblur_matlab_sig1.6, x4)---- : 23.7070dB / 0.7963
26-01-17 08:13:17.291 : --50 --> BSRNet --> x4--> 241004.png
26-01-17 08:13:17.355 : ----PSNR/SSIM for (/root/media/quoc-huy/eval-wir/srbenchmarks/BSD100/LRblur_matlab_sig1.6, x4)---- : 30.0733dB / 0.7875
26-01-17 08:13:17.389 : --51 --> BSRNet --> x4--> 241048.png
26-01-17 08:13:17.453 : ----PSNR/SSIM for (/root/media/quoc-huy/eval-wir/srbenchmarks/BSD100/LRblur_matlab_sig1.6, x4)---- : 23.1380dB / 0.5382
26-01-17 08:13:17.486 : --52 --> BSRNet --> x4--> 253027.png
26-01-17 08:13:17.551 : ----PSNR/SSIM for (/root/media/quoc-huy/eval-wir/srbenchmarks/BSD100/LRblur_matlab_sig1.6, x4)---- : 20.8001dB / 0.6266
26-01-17 08:13:17.584 : --53 --> BSRNet --> x4--> 253055.png
26-01-17 08:13:17.649 : ----PSNR/SSIM for (/root/media/quoc-huy/eval-wir/srbenchmarks/BSD100/LRblur_matlab_sig1.6, x4)---- : 30.2883dB / 0.7884
26-01-17 08:13:17.682 : --54 --> BSRNet --> x4--> 260058.png
26-01-17 08:13:17.747 : ----PSNR/SSIM for (/root/media/quoc-huy/eval-wir/srbenchmarks/BSD100/LRblur_matlab_sig1.6, x4)---- : 30.5042dB / 0.7301
26-01-17 08:13:17.781 : --55 --> BSRNet --> x4--> 271035.png
26-01-17 08:13:17.847 : ----PSNR/SSIM for (/root/media/quoc-huy/eval-wir/srbenchmarks/BSD100/LRblur_matlab_sig1.6, x4)---- : 25.5580dB / 0.7062
26-01-17 08:13:17.881 : --56 --> BSRNet --> x4--> 285079.png
26-01-17 08:13:17.947 : ----PSNR/SSIM for (/root/media/quoc-huy/eval-wir/srbenchmarks/BSD100/LRblur_matlab_sig1.6, x4)---- : 23.5114dB / 0.6049
26-01-17 08:13:17.980 : --57 --> BSRNet --> x4--> 291000.png
26-01-17 08:13:18.045 : ----PSNR/SSIM for (/root/media/quoc-huy/eval-wir/srbenchmarks/BSD100/LRblur_matlab_sig1.6, x4)---- : 19.6398dB / 0.3276
26-01-17 08:13:18.079 : --58 --> BSRNet --> x4--> 295087.png
26-01-17 08:13:18.144 : ----PSNR/SSIM for (/root/media/quoc-huy/eval-wir/srbenchmarks/BSD100/LRblur_matlab_sig1.6, x4)---- : 25.5863dB / 0.6549
26-01-17 08:13:18.177 : --59 --> BSRNet --> x4--> 296007.png
26-01-17 08:13:18.241 : ----PSNR/SSIM for (/root/media/quoc-huy/eval-wir/srbenchmarks/BSD100/LRblur_matlab_sig1.6, x4)---- : 30.0926dB / 0.7334
26-01-17 08:13:18.274 : --60 --> BSRNet --> x4--> 296059.png
26-01-17 08:13:18.338 : ----PSNR/SSIM for (/root/media/quoc-huy/eval-wir/srbenchmarks/BSD100/LRblur_matlab_sig1.6, x4)---- : 29.2167dB / 0.7286
26-01-17 08:13:18.373 : --61 --> BSRNet --> x4--> 299086.png
26-01-17 08:13:18.437 : ----PSNR/SSIM for (/root/media/quoc-huy/eval-wir/srbenchmarks/BSD100/LRblur_matlab_sig1.6, x4)---- : 29.9597dB / 0.7620
26-01-17 08:13:18.470 : --62 --> BSRNet --> x4--> 300091.png
26-01-17 08:13:18.534 : ----PSNR/SSIM for (/root/media/quoc-huy/eval-wir/srbenchmarks/BSD100/LRblur_matlab_sig1.6, x4)---- : 26.7791dB / 0.7189
26-01-17 08:13:18.567 : --63 --> BSRNet --> x4--> 302008.png
26-01-17 08:13:18.632 : ----PSNR/SSIM for (/root/media/quoc-huy/eval-wir/srbenchmarks/BSD100/LRblur_matlab_sig1.6, x4)---- : 29.1085dB / 0.9106
26-01-17 08:13:18.666 : --64 --> BSRNet --> x4--> 304034.png
26-01-17 08:13:18.731 : ----PSNR/SSIM for (/root/media/quoc-huy/eval-wir/srbenchmarks/BSD100/LRblur_matlab_sig1.6, x4)---- : 22.4763dB / 0.5931
26-01-17 08:13:18.765 : --65 --> BSRNet --> x4--> 304074.png
26-01-17 08:13:18.830 : ----PSNR/SSIM for (/root/media/quoc-huy/eval-wir/srbenchmarks/BSD100/LRblur_matlab_sig1.6, x4)---- : 24.2459dB / 0.5435
26-01-17 08:13:18.864 : --66 --> BSRNet --> x4--> 306005.png
26-01-17 08:13:18.928 : ----PSNR/SSIM for (/root/media/quoc-huy/eval-wir/srbenchmarks/BSD100/LRblur_matlab_sig1.6, x4)---- : 26.1011dB / 0.6922
26-01-17 08:13:18.962 : --67 --> BSRNet --> x4--> 3096.png
26-01-17 08:13:19.028 : ----PSNR/SSIM for (/root/media/quoc-huy/eval-wir/srbenchmarks/BSD100/LRblur_matlab_sig1.6, x4)---- : 36.7096dB / 0.9684
26-01-17 08:13:19.062 : --68 --> BSRNet --> x4--> 33039.png
26-01-17 08:13:19.127 : ----PSNR/SSIM for (/root/media/quoc-huy/eval-wir/srbenchmarks/BSD100/LRblur_matlab_sig1.6, x4)---- : 19.3009dB / 0.5120
26-01-17 08:13:19.161 : --69 --> BSRNet --> x4--> 351093.png
26-01-17 08:13:19.226 : ----PSNR/SSIM for (/root/media/quoc-huy/eval-wir/srbenchmarks/BSD100/LRblur_matlab_sig1.6, x4)---- : 21.0101dB / 0.5870
26-01-17 08:13:19.258 : --70 --> BSRNet --> x4--> 361010.png
26-01-17 08:13:19.323 : ----PSNR/SSIM for (/root/media/quoc-huy/eval-wir/srbenchmarks/BSD100/LRblur_matlab_sig1.6, x4)---- : 26.4014dB / 0.7322
26-01-17 08:13:19.356 : --71 --> BSRNet --> x4--> 37073.png
26-01-17 08:13:19.421 : ----PSNR/SSIM for (/root/media/quoc-huy/eval-wir/srbenchmarks/BSD100/LRblur_matlab_sig1.6, x4)---- : 27.8616dB / 0.7418
26-01-17 08:13:19.453 : --72 --> BSRNet --> x4--> 376043.png
26-01-17 08:13:19.519 : ----PSNR/SSIM for (/root/media/quoc-huy/eval-wir/srbenchmarks/BSD100/LRblur_matlab_sig1.6, x4)---- : 23.6511dB / 0.5010
26-01-17 08:13:19.553 : --73 --> BSRNet --> x4--> 38082.png
26-01-17 08:13:19.617 : ----PSNR/SSIM for (/root/media/quoc-huy/eval-wir/srbenchmarks/BSD100/LRblur_matlab_sig1.6, x4)---- : 25.4545dB / 0.5411
26-01-17 08:13:19.651 : --74 --> BSRNet --> x4--> 38092.png
26-01-17 08:13:19.715 : ----PSNR/SSIM for (/root/media/quoc-huy/eval-wir/srbenchmarks/BSD100/LRblur_matlab_sig1.6, x4)---- : 24.4279dB / 0.6434
26-01-17 08:13:19.749 : --75 --> BSRNet --> x4--> 385039.png
26-01-17 08:13:19.813 : ----PSNR/SSIM for (/root/media/quoc-huy/eval-wir/srbenchmarks/BSD100/LRblur_matlab_sig1.6, x4)---- : 22.1674dB / 0.6207
26-01-17 08:13:19.848 : --76 --> BSRNet --> x4--> 41033.png
26-01-17 08:13:19.912 : ----PSNR/SSIM for (/root/media/quoc-huy/eval-wir/srbenchmarks/BSD100/LRblur_matlab_sig1.6, x4)---- : 28.4029dB / 0.7149
26-01-17 08:13:19.946 : --77 --> BSRNet --> x4--> 41069.png
26-01-17 08:13:20.010 : ----PSNR/SSIM for (/root/media/quoc-huy/eval-wir/srbenchmarks/BSD100/LRblur_matlab_sig1.6, x4)---- : 22.0455dB / 0.3930
26-01-17 08:13:20.044 : --78 --> BSRNet --> x4--> 42012.png
26-01-17 08:13:20.111 : ----PSNR/SSIM for (/root/media/quoc-huy/eval-wir/srbenchmarks/BSD100/LRblur_matlab_sig1.6, x4)---- : 27.8567dB / 0.7681
26-01-17 08:13:20.146 : --79 --> BSRNet --> x4--> 42049.png
26-01-17 08:13:20.210 : ----PSNR/SSIM for (/root/media/quoc-huy/eval-wir/srbenchmarks/BSD100/LRblur_matlab_sig1.6, x4)---- : 29.2428dB / 0.9265
26-01-17 08:13:20.243 : --80 --> BSRNet --> x4--> 43074.png
26-01-17 08:13:20.308 : ----PSNR/SSIM for (/root/media/quoc-huy/eval-wir/srbenchmarks/BSD100/LRblur_matlab_sig1.6, x4)---- : 28.1772dB / 0.7781
26-01-17 08:13:20.342 : --81 --> BSRNet --> x4--> 45096.png
26-01-17 08:13:20.406 : ----PSNR/SSIM for (/root/media/quoc-huy/eval-wir/srbenchmarks/BSD100/LRblur_matlab_sig1.6, x4)---- : 33.1962dB / 0.9073
26-01-17 08:13:20.439 : --82 --> BSRNet --> x4--> 54082.png
26-01-17 08:13:20.504 : ----PSNR/SSIM for (/root/media/quoc-huy/eval-wir/srbenchmarks/BSD100/LRblur_matlab_sig1.6, x4)---- : 26.7918dB / 0.6563
26-01-17 08:13:20.537 : --83 --> BSRNet --> x4--> 55073.png
26-01-17 08:13:20.602 : ----PSNR/SSIM for (/root/media/quoc-huy/eval-wir/srbenchmarks/BSD100/LRblur_matlab_sig1.6, x4)---- : 20.5143dB / 0.4452
26-01-17 08:13:20.637 : --84 --> BSRNet --> x4--> 58060.png
26-01-17 08:13:20.701 : ----PSNR/SSIM for (/root/media/quoc-huy/eval-wir/srbenchmarks/BSD100/LRblur_matlab_sig1.6, x4)---- : 19.4535dB / 0.5258
26-01-17 08:13:20.735 : --85 --> BSRNet --> x4--> 62096.png
26-01-17 08:13:20.799 : ----PSNR/SSIM for (/root/media/quoc-huy/eval-wir/srbenchmarks/BSD100/LRblur_matlab_sig1.6, x4)---- : 23.4837dB / 0.7261
26-01-17 08:13:20.833 : --86 --> BSRNet --> x4--> 65033.png
26-01-17 08:13:20.898 : ----PSNR/SSIM for (/root/media/quoc-huy/eval-wir/srbenchmarks/BSD100/LRblur_matlab_sig1.6, x4)---- : 23.1662dB / 0.5042
26-01-17 08:13:20.932 : --87 --> BSRNet --> x4--> 66053.png
26-01-17 08:13:20.997 : ----PSNR/SSIM for (/root/media/quoc-huy/eval-wir/srbenchmarks/BSD100/LRblur_matlab_sig1.6, x4)---- : 25.5576dB / 0.6279
26-01-17 08:13:21.031 : --88 --> BSRNet --> x4--> 69015.png
26-01-17 08:13:21.098 : ----PSNR/SSIM for (/root/media/quoc-huy/eval-wir/srbenchmarks/BSD100/LRblur_matlab_sig1.6, x4)---- : 28.1820dB / 0.7236
26-01-17 08:13:21.132 : --89 --> BSRNet --> x4--> 69020.png
26-01-17 08:13:21.196 : ----PSNR/SSIM for (/root/media/quoc-huy/eval-wir/srbenchmarks/BSD100/LRblur_matlab_sig1.6, x4)---- : 25.4563dB / 0.4717
26-01-17 08:13:21.229 : --90 --> BSRNet --> x4--> 69040.png
26-01-17 08:13:21.295 : ----PSNR/SSIM for (/root/media/quoc-huy/eval-wir/srbenchmarks/BSD100/LRblur_matlab_sig1.6, x4)---- : 23.4153dB / 0.5787
26-01-17 08:13:21.329 : --91 --> BSRNet --> x4--> 76053.png
26-01-17 08:13:21.394 : ----PSNR/SSIM for (/root/media/quoc-huy/eval-wir/srbenchmarks/BSD100/LRblur_matlab_sig1.6, x4)---- : 27.2100dB / 0.6328
26-01-17 08:13:21.428 : --92 --> BSRNet --> x4--> 78004.png
26-01-17 08:13:21.493 : ----PSNR/SSIM for (/root/media/quoc-huy/eval-wir/srbenchmarks/BSD100/LRblur_matlab_sig1.6, x4)---- : 24.5348dB / 0.6828
26-01-17 08:13:21.527 : --93 --> BSRNet --> x4--> 8023.png
26-01-17 08:13:21.593 : ----PSNR/SSIM for (/root/media/quoc-huy/eval-wir/srbenchmarks/BSD100/LRblur_matlab_sig1.6, x4)---- : 28.0605dB / 0.8175
26-01-17 08:13:21.627 : --94 --> BSRNet --> x4--> 85048.png
26-01-17 08:13:21.693 : ----PSNR/SSIM for (/root/media/quoc-huy/eval-wir/srbenchmarks/BSD100/LRblur_matlab_sig1.6, x4)---- : 23.8832dB / 0.6373
26-01-17 08:13:21.727 : --95 --> BSRNet --> x4--> 86000.png
26-01-17 08:13:21.792 : ----PSNR/SSIM for (/root/media/quoc-huy/eval-wir/srbenchmarks/BSD100/LRblur_matlab_sig1.6, x4)---- : 23.8056dB / 0.7209
26-01-17 08:13:21.826 : --96 --> BSRNet --> x4--> 86016.png
26-01-17 08:13:21.890 : ----PSNR/SSIM for (/root/media/quoc-huy/eval-wir/srbenchmarks/BSD100/LRblur_matlab_sig1.6, x4)---- : 20.3728dB / 0.2273
26-01-17 08:13:21.924 : --97 --> BSRNet --> x4--> 86068.png
26-01-17 08:13:21.988 : ----PSNR/SSIM for (/root/media/quoc-huy/eval-wir/srbenchmarks/BSD100/LRblur_matlab_sig1.6, x4)---- : 25.2417dB / 0.4639
26-01-17 08:13:22.022 : --98 --> BSRNet --> x4--> 87046.png
26-01-17 08:13:22.087 : ----PSNR/SSIM for (/root/media/quoc-huy/eval-wir/srbenchmarks/BSD100/LRblur_matlab_sig1.6, x4)---- : 24.3077dB / 0.7158
26-01-17 08:13:22.121 : --99 --> BSRNet --> x4--> 89072.png
26-01-17 08:13:22.187 : ----PSNR/SSIM for (/root/media/quoc-huy/eval-wir/srbenchmarks/BSD100/LRblur_matlab_sig1.6, x4)---- : 24.9279dB / 0.6625
26-01-17 08:13:22.221 : -100 --> BSRNet --> x4--> 97033.png
26-01-17 08:13:22.286 : ----PSNR/SSIM for (/root/media/quoc-huy/eval-wir/srbenchmarks/BSD100/LRblur_matlab_sig1.6, x4)---- : 22.9858dB / 0.6452
26-01-17 08:13:22.320 : Computing FID...
26-01-17 08:13:28.328 :  
26-01-17 08:14:26.822 :       Model Name : BSRNet
26-01-17 08:14:27.941 :       Input Path : /root/media/quoc-huy/eval-wir/srbenchmarks/Urban100/LRblur_matlab_sig1.6
26-01-17 08:14:27.941 :      Output Path : /root/quoc-huy/all-tested-results/BSRGAN/Urban100-LRblur_matlab_sig1.6
26-01-17 08:14:27.941 : ---1 --> BSRNet --> x4--> img_001.png
26-01-17 08:14:28.328 : ----PSNR/SSIM for (/root/media/quoc-huy/eval-wir/srbenchmarks/Urban100/LRblur_matlab_sig1.6, x4)---- : 25.3872dB / 0.6865
26-01-17 08:14:28.529 : ---2 --> BSRNet --> x4--> img_002.png
26-01-17 08:14:28.860 : ----PSNR/SSIM for (/root/media/quoc-huy/eval-wir/srbenchmarks/Urban100/LRblur_matlab_sig1.6, x4)---- : 23.4686dB / 0.7377
26-01-17 08:14:28.943 : ---3 --> BSRNet --> x4--> img_003.png
26-01-17 08:14:29.232 : ----PSNR/SSIM for (/root/media/quoc-huy/eval-wir/srbenchmarks/Urban100/LRblur_matlab_sig1.6, x4)---- : 21.7447dB / 0.5959
26-01-17 08:14:29.305 : ---4 --> BSRNet --> x4--> img_004.png
26-01-17 08:14:29.592 : ----PSNR/SSIM for (/root/media/quoc-huy/eval-wir/srbenchmarks/Urban100/LRblur_matlab_sig1.6, x4)---- : 21.0060dB / 0.7557
26-01-17 08:14:29.667 : ---5 --> BSRNet --> x4--> img_005.png
26-01-17 08:14:30.031 : ----PSNR/SSIM for (/root/media/quoc-huy/eval-wir/srbenchmarks/Urban100/LRblur_matlab_sig1.6, x4)---- : 24.1384dB / 0.9075
26-01-17 08:14:30.102 : ---6 --> BSRNet --> x4--> img_006.png
26-01-17 08:14:30.572 : ----PSNR/SSIM for (/root/media/quoc-huy/eval-wir/srbenchmarks/Urban100/LRblur_matlab_sig1.6, x4)---- : 19.9427dB / 0.5064
26-01-17 08:14:30.671 : ---7 --> BSRNet --> x4--> img_007.png
26-01-17 08:14:30.960 : ----PSNR/SSIM for (/root/media/quoc-huy/eval-wir/srbenchmarks/Urban100/LRblur_matlab_sig1.6, x4)---- : 26.6745dB / 0.8030
26-01-17 08:14:31.031 : ---8 --> BSRNet --> x4--> img_008.png
26-01-17 08:14:31.279 : ----PSNR/SSIM for (/root/media/quoc-huy/eval-wir/srbenchmarks/Urban100/LRblur_matlab_sig1.6, x4)---- : 19.3176dB / 0.5657
26-01-17 08:14:31.348 : ---9 --> BSRNet --> x4--> img_009.png
26-01-17 08:14:31.687 : ----PSNR/SSIM for (/root/media/quoc-huy/eval-wir/srbenchmarks/Urban100/LRblur_matlab_sig1.6, x4)---- : 30.6451dB / 0.8693
26-01-17 08:14:31.759 : --10 --> BSRNet --> x4--> img_010.png
26-01-17 08:14:32.104 : ----PSNR/SSIM for (/root/media/quoc-huy/eval-wir/srbenchmarks/Urban100/LRblur_matlab_sig1.6, x4)---- : 24.1071dB / 0.8240
26-01-17 08:14:32.183 : --11 --> BSRNet --> x4--> img_011.png
26-01-17 08:14:32.425 : ----PSNR/SSIM for (/root/media/quoc-huy/eval-wir/srbenchmarks/Urban100/LRblur_matlab_sig1.6, x4)---- : 15.5499dB / 0.6803
26-01-17 08:14:32.488 : --12 --> BSRNet --> x4--> img_012.png
26-01-17 08:14:32.812 : ----PSNR/SSIM for (/root/media/quoc-huy/eval-wir/srbenchmarks/Urban100/LRblur_matlab_sig1.6, x4)---- : 21.7234dB / 0.6391
26-01-17 08:14:32.891 : --13 --> BSRNet --> x4--> img_013.png
26-01-17 08:14:33.217 : ----PSNR/SSIM for (/root/media/quoc-huy/eval-wir/srbenchmarks/Urban100/LRblur_matlab_sig1.6, x4)---- : 26.0204dB / 0.7510
26-01-17 08:14:33.298 : --14 --> BSRNet --> x4--> img_014.png
26-01-17 08:14:33.729 : ----PSNR/SSIM for (/root/media/quoc-huy/eval-wir/srbenchmarks/Urban100/LRblur_matlab_sig1.6, x4)---- : 20.6297dB / 0.6249
26-01-17 08:14:33.826 : --15 --> BSRNet --> x4--> img_015.png
26-01-17 08:14:34.156 : ----PSNR/SSIM for (/root/media/quoc-huy/eval-wir/srbenchmarks/Urban100/LRblur_matlab_sig1.6, x4)---- : 22.9703dB / 0.6315
26-01-17 08:14:34.242 : --16 --> BSRNet --> x4--> img_016.png
26-01-17 08:14:34.666 : ----PSNR/SSIM for (/root/media/quoc-huy/eval-wir/srbenchmarks/Urban100/LRblur_matlab_sig1.6, x4)---- : 26.2195dB / 0.8602
26-01-17 08:14:34.753 : --17 --> BSRNet --> x4--> img_017.png
26-01-17 08:14:35.044 : ----PSNR/SSIM for (/root/media/quoc-huy/eval-wir/srbenchmarks/Urban100/LRblur_matlab_sig1.6, x4)---- : 23.1492dB / 0.7627
26-01-17 08:14:35.118 : --18 --> BSRNet --> x4--> img_018.png
26-01-17 08:14:35.447 : ----PSNR/SSIM for (/root/media/quoc-huy/eval-wir/srbenchmarks/Urban100/LRblur_matlab_sig1.6, x4)---- : 24.2634dB / 0.6250
26-01-17 08:14:35.529 : --19 --> BSRNet --> x4--> img_019.png
26-01-17 08:14:35.815 : ----PSNR/SSIM for (/root/media/quoc-huy/eval-wir/srbenchmarks/Urban100/LRblur_matlab_sig1.6, x4)---- : 19.1377dB / 0.7052
26-01-17 08:14:35.886 : --20 --> BSRNet --> x4--> img_020.png
26-01-17 08:14:36.390 : ----PSNR/SSIM for (/root/media/quoc-huy/eval-wir/srbenchmarks/Urban100/LRblur_matlab_sig1.6, x4)---- : 20.1390dB / 0.6422
26-01-17 08:14:36.510 : --21 --> BSRNet --> x4--> img_021.png
26-01-17 08:14:36.904 : ----PSNR/SSIM for (/root/media/quoc-huy/eval-wir/srbenchmarks/Urban100/LRblur_matlab_sig1.6, x4)---- : 27.2529dB / 0.7119
26-01-17 08:14:36.993 : --22 --> BSRNet --> x4--> img_022.png
26-01-17 08:14:37.280 : ----PSNR/SSIM for (/root/media/quoc-huy/eval-wir/srbenchmarks/Urban100/LRblur_matlab_sig1.6, x4)---- : 24.2424dB / 0.7076
26-01-17 08:14:37.347 : --23 --> BSRNet --> x4--> img_023.png
26-01-17 08:14:37.782 : ----PSNR/SSIM for (/root/media/quoc-huy/eval-wir/srbenchmarks/Urban100/LRblur_matlab_sig1.6, x4)---- : 25.9945dB / 0.8282
26-01-17 08:14:37.872 : --24 --> BSRNet --> x4--> img_024.png
26-01-17 08:14:38.153 : ----PSNR/SSIM for (/root/media/quoc-huy/eval-wir/srbenchmarks/Urban100/LRblur_matlab_sig1.6, x4)---- : 18.0568dB / 0.5578
26-01-17 08:14:38.226 : --25 --> BSRNet --> x4--> img_025.png
26-01-17 08:14:38.526 : ----PSNR/SSIM for (/root/media/quoc-huy/eval-wir/srbenchmarks/Urban100/LRblur_matlab_sig1.6, x4)---- : 28.5805dB / 0.8427
26-01-17 08:14:38.602 : --26 --> BSRNet --> x4--> img_026.png
26-01-17 08:14:38.929 : ----PSNR/SSIM for (/root/media/quoc-huy/eval-wir/srbenchmarks/Urban100/LRblur_matlab_sig1.6, x4)---- : 25.2909dB / 0.6256
26-01-17 08:14:39.008 : --27 --> BSRNet --> x4--> img_027.png
26-01-17 08:14:39.361 : ----PSNR/SSIM for (/root/media/quoc-huy/eval-wir/srbenchmarks/Urban100/LRblur_matlab_sig1.6, x4)---- : 26.3867dB / 0.7426
26-01-17 08:14:39.447 : --28 --> BSRNet --> x4--> img_028.png
26-01-17 08:14:39.730 : ----PSNR/SSIM for (/root/media/quoc-huy/eval-wir/srbenchmarks/Urban100/LRblur_matlab_sig1.6, x4)---- : 29.0397dB / 0.8300
26-01-17 08:14:39.797 : --29 --> BSRNet --> x4--> img_029.png
26-01-17 08:14:40.085 : ----PSNR/SSIM for (/root/media/quoc-huy/eval-wir/srbenchmarks/Urban100/LRblur_matlab_sig1.6, x4)---- : 24.0252dB / 0.7924
26-01-17 08:14:40.159 : --30 --> BSRNet --> x4--> img_030.png
26-01-17 08:14:40.449 : ----PSNR/SSIM for (/root/media/quoc-huy/eval-wir/srbenchmarks/Urban100/LRblur_matlab_sig1.6, x4)---- : 21.7433dB / 0.7248
26-01-17 08:14:40.525 : --31 --> BSRNet --> x4--> img_031.png
26-01-17 08:14:40.813 : ----PSNR/SSIM for (/root/media/quoc-huy/eval-wir/srbenchmarks/Urban100/LRblur_matlab_sig1.6, x4)---- : 21.9727dB / 0.7070
26-01-17 08:14:40.883 : --32 --> BSRNet --> x4--> img_032.png
26-01-17 08:14:41.169 : ----PSNR/SSIM for (/root/media/quoc-huy/eval-wir/srbenchmarks/Urban100/LRblur_matlab_sig1.6, x4)---- : 26.2179dB / 0.7784
26-01-17 08:14:41.241 : --33 --> BSRNet --> x4--> img_033.png
26-01-17 08:14:41.527 : ----PSNR/SSIM for (/root/media/quoc-huy/eval-wir/srbenchmarks/Urban100/LRblur_matlab_sig1.6, x4)---- : 24.3948dB / 0.7118
26-01-17 08:14:41.598 : --34 --> BSRNet --> x4--> img_034.png
26-01-17 08:14:41.885 : ----PSNR/SSIM for (/root/media/quoc-huy/eval-wir/srbenchmarks/Urban100/LRblur_matlab_sig1.6, x4)---- : 20.9098dB / 0.4892
26-01-17 08:14:41.959 : --35 --> BSRNet --> x4--> img_035.png
26-01-17 08:14:42.247 : ----PSNR/SSIM for (/root/media/quoc-huy/eval-wir/srbenchmarks/Urban100/LRblur_matlab_sig1.6, x4)---- : 24.0566dB / 0.8052
26-01-17 08:14:42.320 : --36 --> BSRNet --> x4--> img_036.png
26-01-17 08:14:42.610 : ----PSNR/SSIM for (/root/media/quoc-huy/eval-wir/srbenchmarks/Urban100/LRblur_matlab_sig1.6, x4)---- : 26.5509dB / 0.8380
26-01-17 08:14:42.686 : --37 --> BSRNet --> x4--> img_037.png
26-01-17 08:14:43.015 : ----PSNR/SSIM for (/root/media/quoc-huy/eval-wir/srbenchmarks/Urban100/LRblur_matlab_sig1.6, x4)---- : 23.6814dB / 0.7232
26-01-17 08:14:43.094 : --38 --> BSRNet --> x4--> img_038.png
26-01-17 08:14:43.423 : ----PSNR/SSIM for (/root/media/quoc-huy/eval-wir/srbenchmarks/Urban100/LRblur_matlab_sig1.6, x4)---- : 24.2214dB / 0.5459
26-01-17 08:14:43.505 : --39 --> BSRNet --> x4--> img_039.png
26-01-17 08:14:43.837 : ----PSNR/SSIM for (/root/media/quoc-huy/eval-wir/srbenchmarks/Urban100/LRblur_matlab_sig1.6, x4)---- : 20.8126dB / 0.6609
26-01-17 08:14:43.916 : --40 --> BSRNet --> x4--> img_040.png
26-01-17 08:14:44.161 : ----PSNR/SSIM for (/root/media/quoc-huy/eval-wir/srbenchmarks/Urban100/LRblur_matlab_sig1.6, x4)---- : 21.5900dB / 0.8556
26-01-17 08:14:44.227 : --41 --> BSRNet --> x4--> img_041.png
26-01-17 08:14:44.512 : ----PSNR/SSIM for (/root/media/quoc-huy/eval-wir/srbenchmarks/Urban100/LRblur_matlab_sig1.6, x4)---- : 22.4634dB / 0.7901
26-01-17 08:14:44.589 : --42 --> BSRNet --> x4--> img_042.png
26-01-17 08:14:44.873 : ----PSNR/SSIM for (/root/media/quoc-huy/eval-wir/srbenchmarks/Urban100/LRblur_matlab_sig1.6, x4)---- : 25.6713dB / 0.8251
26-01-17 08:14:44.943 : --43 --> BSRNet --> x4--> img_043.png
26-01-17 08:14:45.227 : ----PSNR/SSIM for (/root/media/quoc-huy/eval-wir/srbenchmarks/Urban100/LRblur_matlab_sig1.6, x4)---- : 28.2722dB / 0.8812
26-01-17 08:14:45.300 : --44 --> BSRNet --> x4--> img_044.png
26-01-17 08:14:45.589 : ----PSNR/SSIM for (/root/media/quoc-huy/eval-wir/srbenchmarks/Urban100/LRblur_matlab_sig1.6, x4)---- : 28.3450dB / 0.8122
26-01-17 08:14:45.663 : --45 --> BSRNet --> x4--> img_045.png
26-01-17 08:14:45.985 : ----PSNR/SSIM for (/root/media/quoc-huy/eval-wir/srbenchmarks/Urban100/LRblur_matlab_sig1.6, x4)---- : 20.0423dB / 0.5526
26-01-17 08:14:46.068 : --46 --> BSRNet --> x4--> img_046.png
26-01-17 08:14:46.363 : ----PSNR/SSIM for (/root/media/quoc-huy/eval-wir/srbenchmarks/Urban100/LRblur_matlab_sig1.6, x4)---- : 22.0037dB / 0.7106
26-01-17 08:14:46.434 : --47 --> BSRNet --> x4--> img_047.png
26-01-17 08:14:46.695 : ----PSNR/SSIM for (/root/media/quoc-huy/eval-wir/srbenchmarks/Urban100/LRblur_matlab_sig1.6, x4)---- : 19.5150dB / 0.6795
26-01-17 08:14:46.763 : --48 --> BSRNet --> x4--> img_048.png
26-01-17 08:14:47.048 : ----PSNR/SSIM for (/root/media/quoc-huy/eval-wir/srbenchmarks/Urban100/LRblur_matlab_sig1.6, x4)---- : 17.6742dB / 0.7214
26-01-17 08:14:47.118 : --49 --> BSRNet --> x4--> img_049.png
26-01-17 08:14:47.410 : ----PSNR/SSIM for (/root/media/quoc-huy/eval-wir/srbenchmarks/Urban100/LRblur_matlab_sig1.6, x4)---- : 20.6630dB / 0.6480
26-01-17 08:14:47.485 : --50 --> BSRNet --> x4--> img_050.png
26-01-17 08:14:47.772 : ----PSNR/SSIM for (/root/media/quoc-huy/eval-wir/srbenchmarks/Urban100/LRblur_matlab_sig1.6, x4)---- : 23.0204dB / 0.6891
26-01-17 08:14:47.843 : --51 --> BSRNet --> x4--> img_051.png
26-01-17 08:14:48.130 : ----PSNR/SSIM for (/root/media/quoc-huy/eval-wir/srbenchmarks/Urban100/LRblur_matlab_sig1.6, x4)---- : 24.6470dB / 0.7768
26-01-17 08:14:48.206 : --52 --> BSRNet --> x4--> img_052.png
26-01-17 08:14:48.496 : ----PSNR/SSIM for (/root/media/quoc-huy/eval-wir/srbenchmarks/Urban100/LRblur_matlab_sig1.6, x4)---- : 26.2467dB / 0.8639
26-01-17 08:14:48.569 : --53 --> BSRNet --> x4--> img_053.png
26-01-17 08:14:48.854 : ----PSNR/SSIM for (/root/media/quoc-huy/eval-wir/srbenchmarks/Urban100/LRblur_matlab_sig1.6, x4)---- : 20.2533dB / 0.6585
26-01-17 08:14:48.927 : --54 --> BSRNet --> x4--> img_054.png
26-01-17 08:14:49.217 : ----PSNR/SSIM for (/root/media/quoc-huy/eval-wir/srbenchmarks/Urban100/LRblur_matlab_sig1.6, x4)---- : 19.3812dB / 0.5857
26-01-17 08:14:49.288 : --55 --> BSRNet --> x4--> img_055.png
26-01-17 08:14:49.619 : ----PSNR/SSIM for (/root/media/quoc-huy/eval-wir/srbenchmarks/Urban100/LRblur_matlab_sig1.6, x4)---- : 29.7470dB / 0.9032
26-01-17 08:14:49.699 : --56 --> BSRNet --> x4--> img_056.png
26-01-17 08:14:50.040 : ----PSNR/SSIM for (/root/media/quoc-huy/eval-wir/srbenchmarks/Urban100/LRblur_matlab_sig1.6, x4)---- : 22.4114dB / 0.7000
26-01-17 08:14:50.124 : --57 --> BSRNet --> x4--> img_057.png
26-01-17 08:14:50.425 : ----PSNR/SSIM for (/root/media/quoc-huy/eval-wir/srbenchmarks/Urban100/LRblur_matlab_sig1.6, x4)---- : 27.1232dB / 0.8225
26-01-17 08:14:50.499 : --58 --> BSRNet --> x4--> img_058.png
26-01-17 08:14:50.790 : ----PSNR/SSIM for (/root/media/quoc-huy/eval-wir/srbenchmarks/Urban100/LRblur_matlab_sig1.6, x4)---- : 22.4262dB / 0.7726
26-01-17 08:14:50.863 : --59 --> BSRNet --> x4--> img_059.png
26-01-17 08:14:51.145 : ----PSNR/SSIM for (/root/media/quoc-huy/eval-wir/srbenchmarks/Urban100/LRblur_matlab_sig1.6, x4)---- : 19.7491dB / 0.6786
26-01-17 08:14:51.210 : --60 --> BSRNet --> x4--> img_060.png
26-01-17 08:14:51.500 : ----PSNR/SSIM for (/root/media/quoc-huy/eval-wir/srbenchmarks/Urban100/LRblur_matlab_sig1.6, x4)---- : 20.5223dB / 0.4870
26-01-17 08:14:51.575 : --61 --> BSRNet --> x4--> img_061.png
26-01-17 08:14:51.860 : ----PSNR/SSIM for (/root/media/quoc-huy/eval-wir/srbenchmarks/Urban100/LRblur_matlab_sig1.6, x4)---- : 22.4615dB / 0.6795
26-01-17 08:14:51.935 : --62 --> BSRNet --> x4--> img_062.png
26-01-17 08:14:52.220 : ----PSNR/SSIM for (/root/media/quoc-huy/eval-wir/srbenchmarks/Urban100/LRblur_matlab_sig1.6, x4)---- : 19.1354dB / 0.6766
26-01-17 08:14:52.288 : --63 --> BSRNet --> x4--> img_063.png
26-01-17 08:14:52.693 : ----PSNR/SSIM for (/root/media/quoc-huy/eval-wir/srbenchmarks/Urban100/LRblur_matlab_sig1.6, x4)---- : 19.2220dB / 0.5145
26-01-17 08:14:52.789 : --64 --> BSRNet --> x4--> img_064.png
26-01-17 08:14:53.078 : ----PSNR/SSIM for (/root/media/quoc-huy/eval-wir/srbenchmarks/Urban100/LRblur_matlab_sig1.6, x4)---- : 24.3723dB / 0.7236
26-01-17 08:14:53.154 : --65 --> BSRNet --> x4--> img_065.png
26-01-17 08:14:53.443 : ----PSNR/SSIM for (/root/media/quoc-huy/eval-wir/srbenchmarks/Urban100/LRblur_matlab_sig1.6, x4)---- : 23.5178dB / 0.6621
26-01-17 08:14:53.515 : --66 --> BSRNet --> x4--> img_066.png
26-01-17 08:14:53.879 : ----PSNR/SSIM for (/root/media/quoc-huy/eval-wir/srbenchmarks/Urban100/LRblur_matlab_sig1.6, x4)---- : 20.5080dB / 0.5718
26-01-17 08:14:53.969 : --67 --> BSRNet --> x4--> img_067.png
26-01-17 08:14:54.254 : ----PSNR/SSIM for (/root/media/quoc-huy/eval-wir/srbenchmarks/Urban100/LRblur_matlab_sig1.6, x4)---- : 17.1347dB / 0.8065
26-01-17 08:14:54.322 : --68 --> BSRNet --> x4--> img_068.png
26-01-17 08:14:54.758 : ----PSNR/SSIM for (/root/media/quoc-huy/eval-wir/srbenchmarks/Urban100/LRblur_matlab_sig1.6, x4)---- : 26.9156dB / 0.8130
26-01-17 08:14:54.858 : --69 --> BSRNet --> x4--> img_069.png
26-01-17 08:14:55.264 : ----PSNR/SSIM for (/root/media/quoc-huy/eval-wir/srbenchmarks/Urban100/LRblur_matlab_sig1.6, x4)---- : 22.6659dB / 0.6821
26-01-17 08:14:55.360 : --70 --> BSRNet --> x4--> img_070.png
26-01-17 08:14:55.689 : ----PSNR/SSIM for (/root/media/quoc-huy/eval-wir/srbenchmarks/Urban100/LRblur_matlab_sig1.6, x4)---- : 20.5780dB / 0.5359
26-01-17 08:14:55.765 : --71 --> BSRNet --> x4--> img_071.png
26-01-17 08:14:56.092 : ----PSNR/SSIM for (/root/media/quoc-huy/eval-wir/srbenchmarks/Urban100/LRblur_matlab_sig1.6, x4)---- : 25.9400dB / 0.5683
26-01-17 08:14:56.170 : --72 --> BSRNet --> x4--> img_072.png
26-01-17 08:14:56.455 : ----PSNR/SSIM for (/root/media/quoc-huy/eval-wir/srbenchmarks/Urban100/LRblur_matlab_sig1.6, x4)---- : 17.6178dB / 0.7559
26-01-17 08:14:56.532 : --73 --> BSRNet --> x4--> img_073.png
26-01-17 08:14:56.864 : ----PSNR/SSIM for (/root/media/quoc-huy/eval-wir/srbenchmarks/Urban100/LRblur_matlab_sig1.6, x4)---- : 18.4308dB / 0.4704
26-01-17 08:14:56.947 : --74 --> BSRNet --> x4--> img_074.png
26-01-17 08:14:57.232 : ----PSNR/SSIM for (/root/media/quoc-huy/eval-wir/srbenchmarks/Urban100/LRblur_matlab_sig1.6, x4)---- : 21.7366dB / 0.6204
26-01-17 08:14:57.302 : --75 --> BSRNet --> x4--> img_075.png
26-01-17 08:14:57.592 : ----PSNR/SSIM for (/root/media/quoc-huy/eval-wir/srbenchmarks/Urban100/LRblur_matlab_sig1.6, x4)---- : 28.2065dB / 0.8295
26-01-17 08:14:57.663 : --76 --> BSRNet --> x4--> img_076.png
26-01-17 08:14:57.953 : ----PSNR/SSIM for (/root/media/quoc-huy/eval-wir/srbenchmarks/Urban100/LRblur_matlab_sig1.6, x4)---- : 20.4134dB / 0.6100
26-01-17 08:14:58.027 : --77 --> BSRNet --> x4--> img_077.png
26-01-17 08:14:58.315 : ----PSNR/SSIM for (/root/media/quoc-huy/eval-wir/srbenchmarks/Urban100/LRblur_matlab_sig1.6, x4)---- : 20.9684dB / 0.6146
26-01-17 08:14:58.388 : --78 --> BSRNet --> x4--> img_078.png
26-01-17 08:14:58.691 : ----PSNR/SSIM for (/root/media/quoc-huy/eval-wir/srbenchmarks/Urban100/LRblur_matlab_sig1.6, x4)---- : 24.9182dB / 0.6768
26-01-17 08:14:58.768 : --79 --> BSRNet --> x4--> img_079.png
26-01-17 08:14:59.098 : ----PSNR/SSIM for (/root/media/quoc-huy/eval-wir/srbenchmarks/Urban100/LRblur_matlab_sig1.6, x4)---- : 23.4370dB / 0.6268
26-01-17 08:14:59.180 : --80 --> BSRNet --> x4--> img_080.png
26-01-17 08:14:59.529 : ----PSNR/SSIM for (/root/media/quoc-huy/eval-wir/srbenchmarks/Urban100/LRblur_matlab_sig1.6, x4)---- : 32.4316dB / 0.9180
26-01-17 08:14:59.605 : --81 --> BSRNet --> x4--> img_081.png
26-01-17 08:15:00.037 : ----PSNR/SSIM for (/root/media/quoc-huy/eval-wir/srbenchmarks/Urban100/LRblur_matlab_sig1.6, x4)---- : 30.1884dB / 0.9080
26-01-17 08:15:00.132 : --82 --> BSRNet --> x4--> img_082.png
26-01-17 08:15:00.568 : ----PSNR/SSIM for (/root/media/quoc-huy/eval-wir/srbenchmarks/Urban100/LRblur_matlab_sig1.6, x4)---- : 27.5048dB / 0.8804
26-01-17 08:15:00.662 : --83 --> BSRNet --> x4--> img_083.png
26-01-17 08:15:01.095 : ----PSNR/SSIM for (/root/media/quoc-huy/eval-wir/srbenchmarks/Urban100/LRblur_matlab_sig1.6, x4)---- : 20.2443dB / 0.6127
26-01-17 08:15:01.199 : --84 --> BSRNet --> x4--> img_084.png
26-01-17 08:15:01.637 : ----PSNR/SSIM for (/root/media/quoc-huy/eval-wir/srbenchmarks/Urban100/LRblur_matlab_sig1.6, x4)---- : 26.2194dB / 0.7473
26-01-17 08:15:01.737 : --85 --> BSRNet --> x4--> img_085.png
26-01-17 08:15:02.025 : ----PSNR/SSIM for (/root/media/quoc-huy/eval-wir/srbenchmarks/Urban100/LRblur_matlab_sig1.6, x4)---- : 25.7424dB / 0.8603
26-01-17 08:15:02.094 : --86 --> BSRNet --> x4--> img_086.png
26-01-17 08:15:02.424 : ----PSNR/SSIM for (/root/media/quoc-huy/eval-wir/srbenchmarks/Urban100/LRblur_matlab_sig1.6, x4)---- : 27.6848dB / 0.8374
26-01-17 08:15:02.495 : --87 --> BSRNet --> x4--> img_087.png
26-01-17 08:15:02.936 : ----PSNR/SSIM for (/root/media/quoc-huy/eval-wir/srbenchmarks/Urban100/LRblur_matlab_sig1.6, x4)---- : 24.1863dB / 0.8162
26-01-17 08:15:03.033 : --88 --> BSRNet --> x4--> img_088.png
26-01-17 08:15:03.318 : ----PSNR/SSIM for (/root/media/quoc-huy/eval-wir/srbenchmarks/Urban100/LRblur_matlab_sig1.6, x4)---- : 17.9216dB / 0.4602
26-01-17 08:15:03.393 : --89 --> BSRNet --> x4--> img_089.png
26-01-17 08:15:03.725 : ----PSNR/SSIM for (/root/media/quoc-huy/eval-wir/srbenchmarks/Urban100/LRblur_matlab_sig1.6, x4)---- : 24.7389dB / 0.6445
26-01-17 08:15:03.804 : --90 --> BSRNet --> x4--> img_090.png
26-01-17 08:15:04.092 : ----PSNR/SSIM for (/root/media/quoc-huy/eval-wir/srbenchmarks/Urban100/LRblur_matlab_sig1.6, x4)---- : 32.7694dB / 0.9436
26-01-17 08:15:04.161 : --91 --> BSRNet --> x4--> img_091.png
26-01-17 08:15:04.457 : ----PSNR/SSIM for (/root/media/quoc-huy/eval-wir/srbenchmarks/Urban100/LRblur_matlab_sig1.6, x4)---- : 21.6436dB / 0.5527
26-01-17 08:15:04.528 : --92 --> BSRNet --> x4--> img_092.png
26-01-17 08:15:04.818 : ----PSNR/SSIM for (/root/media/quoc-huy/eval-wir/srbenchmarks/Urban100/LRblur_matlab_sig1.6, x4)---- : 16.3672dB / 0.5289
26-01-17 08:15:04.890 : --93 --> BSRNet --> x4--> img_093.png
26-01-17 08:15:05.217 : ----PSNR/SSIM for (/root/media/quoc-huy/eval-wir/srbenchmarks/Urban100/LRblur_matlab_sig1.6, x4)---- : 23.6261dB / 0.8412
26-01-17 08:15:05.297 : --94 --> BSRNet --> x4--> img_094.png
26-01-17 08:15:05.626 : ----PSNR/SSIM for (/root/media/quoc-huy/eval-wir/srbenchmarks/Urban100/LRblur_matlab_sig1.6, x4)---- : 25.1730dB / 0.7246
26-01-17 08:15:05.703 : --95 --> BSRNet --> x4--> img_095.png
26-01-17 08:15:06.027 : ----PSNR/SSIM for (/root/media/quoc-huy/eval-wir/srbenchmarks/Urban100/LRblur_matlab_sig1.6, x4)---- : 18.2254dB / 0.3196
26-01-17 08:15:06.107 : --96 --> BSRNet --> x4--> img_096.png
26-01-17 08:15:06.438 : ----PSNR/SSIM for (/root/media/quoc-huy/eval-wir/srbenchmarks/Urban100/LRblur_matlab_sig1.6, x4)---- : 22.1590dB / 0.7999
26-01-17 08:15:06.511 : --97 --> BSRNet --> x4--> img_097.png
26-01-17 08:15:06.800 : ----PSNR/SSIM for (/root/media/quoc-huy/eval-wir/srbenchmarks/Urban100/LRblur_matlab_sig1.6, x4)---- : 22.6715dB / 0.6981
26-01-17 08:15:06.873 : --98 --> BSRNet --> x4--> img_098.png
26-01-17 08:15:07.160 : ----PSNR/SSIM for (/root/media/quoc-huy/eval-wir/srbenchmarks/Urban100/LRblur_matlab_sig1.6, x4)---- : 18.7837dB / 0.4249
26-01-17 08:15:07.236 : --99 --> BSRNet --> x4--> img_099.png
26-01-17 08:15:07.584 : ----PSNR/SSIM for (/root/media/quoc-huy/eval-wir/srbenchmarks/Urban100/LRblur_matlab_sig1.6, x4)---- : 22.8072dB / 0.6714
26-01-17 08:15:07.664 : -100 --> BSRNet --> x4--> img_100.png
26-01-17 08:15:08.098 : ----PSNR/SSIM for (/root/media/quoc-huy/eval-wir/srbenchmarks/Urban100/LRblur_matlab_sig1.6, x4)---- : 23.6311dB / 0.6760
26-01-17 08:15:08.201 : Computing FID...
26-01-17 08:15:15.059 :  
26-01-17 08:17:55.259 :       Model Name : BSRGAN
26-01-17 08:17:56.381 :       Input Path : /root/media/quoc-huy/eval-wir/srbenchmarks/Urban100/LRblur_matlab_sig1.6
26-01-17 08:17:56.381 :      Output Path : /root/quoc-huy/all-tested-results/BSRGAN/Urban100-LRblur_matlab_sig1.6
26-01-17 08:17:56.382 : ---1 --> BSRGAN --> x4--> img_001.png
26-01-17 08:17:56.767 : ----PSNR/SSIM for (/root/media/quoc-huy/eval-wir/srbenchmarks/Urban100/LRblur_matlab_sig1.6, x4)---- : 24.4470dB / 0.6493
26-01-17 08:17:56.975 : ---2 --> BSRGAN --> x4--> img_002.png
26-01-17 08:17:57.305 : ----PSNR/SSIM for (/root/media/quoc-huy/eval-wir/srbenchmarks/Urban100/LRblur_matlab_sig1.6, x4)---- : 21.8336dB / 0.6683
26-01-17 08:17:57.390 : ---3 --> BSRGAN --> x4--> img_003.png
26-01-17 08:17:57.679 : ----PSNR/SSIM for (/root/media/quoc-huy/eval-wir/srbenchmarks/Urban100/LRblur_matlab_sig1.6, x4)---- : 20.9405dB / 0.5527
26-01-17 08:17:57.755 : ---4 --> BSRGAN --> x4--> img_004.png
26-01-17 08:17:58.050 : ----PSNR/SSIM for (/root/media/quoc-huy/eval-wir/srbenchmarks/Urban100/LRblur_matlab_sig1.6, x4)---- : 19.4488dB / 0.6726
26-01-17 08:17:58.125 : ---5 --> BSRGAN --> x4--> img_005.png
26-01-17 08:17:58.491 : ----PSNR/SSIM for (/root/media/quoc-huy/eval-wir/srbenchmarks/Urban100/LRblur_matlab_sig1.6, x4)---- : 22.5530dB / 0.8658
26-01-17 08:17:58.575 : ---6 --> BSRGAN --> x4--> img_006.png
26-01-17 08:17:59.042 : ----PSNR/SSIM for (/root/media/quoc-huy/eval-wir/srbenchmarks/Urban100/LRblur_matlab_sig1.6, x4)---- : 19.0210dB / 0.4567
26-01-17 08:17:59.147 : ---7 --> BSRGAN --> x4--> img_007.png
26-01-17 08:17:59.436 : ----PSNR/SSIM for (/root/media/quoc-huy/eval-wir/srbenchmarks/Urban100/LRblur_matlab_sig1.6, x4)---- : 24.5509dB / 0.7270
26-01-17 08:17:59.511 : ---8 --> BSRGAN --> x4--> img_008.png
26-01-17 08:17:59.760 : ----PSNR/SSIM for (/root/media/quoc-huy/eval-wir/srbenchmarks/Urban100/LRblur_matlab_sig1.6, x4)---- : 18.0665dB / 0.4908
26-01-17 08:17:59.830 : ---9 --> BSRGAN --> x4--> img_009.png
26-01-17 08:18:00.170 : ----PSNR/SSIM for (/root/media/quoc-huy/eval-wir/srbenchmarks/Urban100/LRblur_matlab_sig1.6, x4)---- : 29.6468dB / 0.8572
26-01-17 08:18:00.253 : --10 --> BSRGAN --> x4--> img_010.png
26-01-17 08:18:00.601 : ----PSNR/SSIM for (/root/media/quoc-huy/eval-wir/srbenchmarks/Urban100/LRblur_matlab_sig1.6, x4)---- : 23.4891dB / 0.7947
26-01-17 08:18:00.688 : --11 --> BSRGAN --> x4--> img_011.png
26-01-17 08:18:00.931 : ----PSNR/SSIM for (/root/media/quoc-huy/eval-wir/srbenchmarks/Urban100/LRblur_matlab_sig1.6, x4)---- : 15.1022dB / 0.6521
26-01-17 08:18:00.999 : --12 --> BSRGAN --> x4--> img_012.png
26-01-17 08:18:01.326 : ----PSNR/SSIM for (/root/media/quoc-huy/eval-wir/srbenchmarks/Urban100/LRblur_matlab_sig1.6, x4)---- : 20.6670dB / 0.5905
26-01-17 08:18:01.410 : --13 --> BSRGAN --> x4--> img_013.png
26-01-17 08:18:01.737 : ----PSNR/SSIM for (/root/media/quoc-huy/eval-wir/srbenchmarks/Urban100/LRblur_matlab_sig1.6, x4)---- : 24.3583dB / 0.7015
26-01-17 08:18:01.820 : --14 --> BSRGAN --> x4--> img_014.png
26-01-17 08:18:02.255 : ----PSNR/SSIM for (/root/media/quoc-huy/eval-wir/srbenchmarks/Urban100/LRblur_matlab_sig1.6, x4)---- : 19.8800dB / 0.5898
26-01-17 08:18:02.357 : --15 --> BSRGAN --> x4--> img_015.png
26-01-17 08:18:02.690 : ----PSNR/SSIM for (/root/media/quoc-huy/eval-wir/srbenchmarks/Urban100/LRblur_matlab_sig1.6, x4)---- : 22.1681dB / 0.6047
26-01-17 08:18:02.770 : --16 --> BSRGAN --> x4--> img_016.png
26-01-17 08:18:03.201 : ----PSNR/SSIM for (/root/media/quoc-huy/eval-wir/srbenchmarks/Urban100/LRblur_matlab_sig1.6, x4)---- : 24.4044dB / 0.8337
26-01-17 08:18:03.290 : --17 --> BSRGAN --> x4--> img_017.png
26-01-17 08:18:03.584 : ----PSNR/SSIM for (/root/media/quoc-huy/eval-wir/srbenchmarks/Urban100/LRblur_matlab_sig1.6, x4)---- : 21.4415dB / 0.7007
26-01-17 08:18:03.662 : --18 --> BSRGAN --> x4--> img_018.png
26-01-17 08:18:03.992 : ----PSNR/SSIM for (/root/media/quoc-huy/eval-wir/srbenchmarks/Urban100/LRblur_matlab_sig1.6, x4)---- : 22.9803dB / 0.5641
26-01-17 08:18:04.075 : --19 --> BSRGAN --> x4--> img_019.png
26-01-17 08:18:04.360 : ----PSNR/SSIM for (/root/media/quoc-huy/eval-wir/srbenchmarks/Urban100/LRblur_matlab_sig1.6, x4)---- : 18.0623dB / 0.6644
26-01-17 08:18:04.436 : --20 --> BSRGAN --> x4--> img_020.png
26-01-17 08:18:04.941 : ----PSNR/SSIM for (/root/media/quoc-huy/eval-wir/srbenchmarks/Urban100/LRblur_matlab_sig1.6, x4)---- : 19.0330dB / 0.5887
26-01-17 08:18:05.063 : --21 --> BSRGAN --> x4--> img_021.png
26-01-17 08:18:05.460 : ----PSNR/SSIM for (/root/media/quoc-huy/eval-wir/srbenchmarks/Urban100/LRblur_matlab_sig1.6, x4)---- : 25.5709dB / 0.6683
26-01-17 08:18:05.557 : --22 --> BSRGAN --> x4--> img_022.png
26-01-17 08:18:05.846 : ----PSNR/SSIM for (/root/media/quoc-huy/eval-wir/srbenchmarks/Urban100/LRblur_matlab_sig1.6, x4)---- : 23.3920dB / 0.6753
26-01-17 08:18:05.919 : --23 --> BSRGAN --> x4--> img_023.png
26-01-17 08:18:06.357 : ----PSNR/SSIM for (/root/media/quoc-huy/eval-wir/srbenchmarks/Urban100/LRblur_matlab_sig1.6, x4)---- : 23.1692dB / 0.7582
26-01-17 08:18:06.452 : --24 --> BSRGAN --> x4--> img_024.png
26-01-17 08:18:06.735 : ----PSNR/SSIM for (/root/media/quoc-huy/eval-wir/srbenchmarks/Urban100/LRblur_matlab_sig1.6, x4)---- : 17.4443dB / 0.5190
26-01-17 08:18:06.812 : --25 --> BSRGAN --> x4--> img_025.png
26-01-17 08:18:07.113 : ----PSNR/SSIM for (/root/media/quoc-huy/eval-wir/srbenchmarks/Urban100/LRblur_matlab_sig1.6, x4)---- : 27.0061dB / 0.7981
26-01-17 08:18:07.195 : --26 --> BSRGAN --> x4--> img_026.png
26-01-17 08:18:07.524 : ----PSNR/SSIM for (/root/media/quoc-huy/eval-wir/srbenchmarks/Urban100/LRblur_matlab_sig1.6, x4)---- : 25.2358dB / 0.6079
26-01-17 08:18:07.610 : --27 --> BSRGAN --> x4--> img_027.png
26-01-17 08:18:07.964 : ----PSNR/SSIM for (/root/media/quoc-huy/eval-wir/srbenchmarks/Urban100/LRblur_matlab_sig1.6, x4)---- : 25.4935dB / 0.7073
26-01-17 08:18:08.053 : --28 --> BSRGAN --> x4--> img_028.png
26-01-17 08:18:08.337 : ----PSNR/SSIM for (/root/media/quoc-huy/eval-wir/srbenchmarks/Urban100/LRblur_matlab_sig1.6, x4)---- : 27.9080dB / 0.8120
26-01-17 08:18:08.411 : --29 --> BSRGAN --> x4--> img_029.png
26-01-17 08:18:08.701 : ----PSNR/SSIM for (/root/media/quoc-huy/eval-wir/srbenchmarks/Urban100/LRblur_matlab_sig1.6, x4)---- : 23.1906dB / 0.7633
26-01-17 08:18:08.779 : --30 --> BSRGAN --> x4--> img_030.png
26-01-17 08:18:09.070 : ----PSNR/SSIM for (/root/media/quoc-huy/eval-wir/srbenchmarks/Urban100/LRblur_matlab_sig1.6, x4)---- : 20.0049dB / 0.6567
26-01-17 08:18:09.147 : --31 --> BSRGAN --> x4--> img_031.png
26-01-17 08:18:09.433 : ----PSNR/SSIM for (/root/media/quoc-huy/eval-wir/srbenchmarks/Urban100/LRblur_matlab_sig1.6, x4)---- : 21.1052dB / 0.6706
26-01-17 08:18:09.509 : --32 --> BSRGAN --> x4--> img_032.png
26-01-17 08:18:09.796 : ----PSNR/SSIM for (/root/media/quoc-huy/eval-wir/srbenchmarks/Urban100/LRblur_matlab_sig1.6, x4)---- : 25.1174dB / 0.7404
26-01-17 08:18:09.872 : --33 --> BSRGAN --> x4--> img_033.png
26-01-17 08:18:10.160 : ----PSNR/SSIM for (/root/media/quoc-huy/eval-wir/srbenchmarks/Urban100/LRblur_matlab_sig1.6, x4)---- : 23.3707dB / 0.6693
26-01-17 08:18:10.245 : --34 --> BSRGAN --> x4--> img_034.png
26-01-17 08:18:10.534 : ----PSNR/SSIM for (/root/media/quoc-huy/eval-wir/srbenchmarks/Urban100/LRblur_matlab_sig1.6, x4)---- : 20.0546dB / 0.4585
26-01-17 08:18:10.611 : --35 --> BSRGAN --> x4--> img_035.png
26-01-17 08:18:10.900 : ----PSNR/SSIM for (/root/media/quoc-huy/eval-wir/srbenchmarks/Urban100/LRblur_matlab_sig1.6, x4)---- : 22.2540dB / 0.7603
26-01-17 08:18:10.978 : --36 --> BSRGAN --> x4--> img_036.png
26-01-17 08:18:11.270 : ----PSNR/SSIM for (/root/media/quoc-huy/eval-wir/srbenchmarks/Urban100/LRblur_matlab_sig1.6, x4)---- : 25.1651dB / 0.7968
26-01-17 08:18:11.361 : --37 --> BSRGAN --> x4--> img_037.png
26-01-17 08:18:11.691 : ----PSNR/SSIM for (/root/media/quoc-huy/eval-wir/srbenchmarks/Urban100/LRblur_matlab_sig1.6, x4)---- : 21.9286dB / 0.6416
26-01-17 08:18:11.770 : --38 --> BSRGAN --> x4--> img_038.png
26-01-17 08:18:12.102 : ----PSNR/SSIM for (/root/media/quoc-huy/eval-wir/srbenchmarks/Urban100/LRblur_matlab_sig1.6, x4)---- : 23.6321dB / 0.5086
26-01-17 08:18:12.185 : --39 --> BSRGAN --> x4--> img_039.png
26-01-17 08:18:12.520 : ----PSNR/SSIM for (/root/media/quoc-huy/eval-wir/srbenchmarks/Urban100/LRblur_matlab_sig1.6, x4)---- : 19.7995dB / 0.6278
26-01-17 08:18:12.603 : --40 --> BSRGAN --> x4--> img_040.png
26-01-17 08:18:12.850 : ----PSNR/SSIM for (/root/media/quoc-huy/eval-wir/srbenchmarks/Urban100/LRblur_matlab_sig1.6, x4)---- : 20.4061dB / 0.7916
26-01-17 08:18:12.915 : --41 --> BSRGAN --> x4--> img_041.png
26-01-17 08:18:13.205 : ----PSNR/SSIM for (/root/media/quoc-huy/eval-wir/srbenchmarks/Urban100/LRblur_matlab_sig1.6, x4)---- : 21.0724dB / 0.7552
26-01-17 08:18:13.280 : --42 --> BSRGAN --> x4--> img_042.png
26-01-17 08:18:13.564 : ----PSNR/SSIM for (/root/media/quoc-huy/eval-wir/srbenchmarks/Urban100/LRblur_matlab_sig1.6, x4)---- : 23.7870dB / 0.7749
26-01-17 08:18:13.643 : --43 --> BSRGAN --> x4--> img_043.png
26-01-17 08:18:13.926 : ----PSNR/SSIM for (/root/media/quoc-huy/eval-wir/srbenchmarks/Urban100/LRblur_matlab_sig1.6, x4)---- : 26.8252dB / 0.8590
26-01-17 08:18:14.004 : --44 --> BSRGAN --> x4--> img_044.png
26-01-17 08:18:14.295 : ----PSNR/SSIM for (/root/media/quoc-huy/eval-wir/srbenchmarks/Urban100/LRblur_matlab_sig1.6, x4)---- : 24.7262dB / 0.7318
26-01-17 08:18:14.371 : --45 --> BSRGAN --> x4--> img_045.png
26-01-17 08:18:14.695 : ----PSNR/SSIM for (/root/media/quoc-huy/eval-wir/srbenchmarks/Urban100/LRblur_matlab_sig1.6, x4)---- : 18.4384dB / 0.4522
26-01-17 08:18:14.776 : --46 --> BSRGAN --> x4--> img_046.png
26-01-17 08:18:15.071 : ----PSNR/SSIM for (/root/media/quoc-huy/eval-wir/srbenchmarks/Urban100/LRblur_matlab_sig1.6, x4)---- : 21.3765dB / 0.6826
26-01-17 08:18:15.148 : --47 --> BSRGAN --> x4--> img_047.png
26-01-17 08:18:15.411 : ----PSNR/SSIM for (/root/media/quoc-huy/eval-wir/srbenchmarks/Urban100/LRblur_matlab_sig1.6, x4)---- : 18.3756dB / 0.6306
26-01-17 08:18:15.486 : --48 --> BSRGAN --> x4--> img_048.png
26-01-17 08:18:15.774 : ----PSNR/SSIM for (/root/media/quoc-huy/eval-wir/srbenchmarks/Urban100/LRblur_matlab_sig1.6, x4)---- : 16.7655dB / 0.6807
26-01-17 08:18:15.852 : --49 --> BSRGAN --> x4--> img_049.png
26-01-17 08:18:16.144 : ----PSNR/SSIM for (/root/media/quoc-huy/eval-wir/srbenchmarks/Urban100/LRblur_matlab_sig1.6, x4)---- : 19.8863dB / 0.6091
26-01-17 08:18:16.220 : --50 --> BSRGAN --> x4--> img_050.png
26-01-17 08:18:16.508 : ----PSNR/SSIM for (/root/media/quoc-huy/eval-wir/srbenchmarks/Urban100/LRblur_matlab_sig1.6, x4)---- : 21.9837dB / 0.6428
26-01-17 08:18:16.584 : --51 --> BSRGAN --> x4--> img_051.png
26-01-17 08:18:16.873 : ----PSNR/SSIM for (/root/media/quoc-huy/eval-wir/srbenchmarks/Urban100/LRblur_matlab_sig1.6, x4)---- : 23.0224dB / 0.7142
26-01-17 08:18:16.951 : --52 --> BSRGAN --> x4--> img_052.png
26-01-17 08:18:17.242 : ----PSNR/SSIM for (/root/media/quoc-huy/eval-wir/srbenchmarks/Urban100/LRblur_matlab_sig1.6, x4)---- : 24.8494dB / 0.8344
26-01-17 08:18:17.319 : --53 --> BSRGAN --> x4--> img_053.png
26-01-17 08:18:17.606 : ----PSNR/SSIM for (/root/media/quoc-huy/eval-wir/srbenchmarks/Urban100/LRblur_matlab_sig1.6, x4)---- : 19.1633dB / 0.5957
26-01-17 08:18:17.682 : --54 --> BSRGAN --> x4--> img_054.png
26-01-17 08:18:17.973 : ----PSNR/SSIM for (/root/media/quoc-huy/eval-wir/srbenchmarks/Urban100/LRblur_matlab_sig1.6, x4)---- : 18.5615dB / 0.5414
26-01-17 08:18:18.052 : --55 --> BSRGAN --> x4--> img_055.png
26-01-17 08:18:18.386 : ----PSNR/SSIM for (/root/media/quoc-huy/eval-wir/srbenchmarks/Urban100/LRblur_matlab_sig1.6, x4)---- : 27.3163dB / 0.8732
26-01-17 08:18:18.468 : --56 --> BSRGAN --> x4--> img_056.png
26-01-17 08:18:18.800 : ----PSNR/SSIM for (/root/media/quoc-huy/eval-wir/srbenchmarks/Urban100/LRblur_matlab_sig1.6, x4)---- : 20.8382dB / 0.6294
26-01-17 08:18:18.883 : --57 --> BSRGAN --> x4--> img_057.png
26-01-17 08:18:19.186 : ----PSNR/SSIM for (/root/media/quoc-huy/eval-wir/srbenchmarks/Urban100/LRblur_matlab_sig1.6, x4)---- : 26.2514dB / 0.7857
26-01-17 08:18:19.265 : --58 --> BSRGAN --> x4--> img_058.png
26-01-17 08:18:19.554 : ----PSNR/SSIM for (/root/media/quoc-huy/eval-wir/srbenchmarks/Urban100/LRblur_matlab_sig1.6, x4)---- : 20.1530dB / 0.6821
26-01-17 08:18:19.631 : --59 --> BSRGAN --> x4--> img_059.png
26-01-17 08:18:19.914 : ----PSNR/SSIM for (/root/media/quoc-huy/eval-wir/srbenchmarks/Urban100/LRblur_matlab_sig1.6, x4)---- : 19.5541dB / 0.6677
26-01-17 08:18:19.988 : --60 --> BSRGAN --> x4--> img_060.png
26-01-17 08:18:20.281 : ----PSNR/SSIM for (/root/media/quoc-huy/eval-wir/srbenchmarks/Urban100/LRblur_matlab_sig1.6, x4)---- : 19.6200dB / 0.4425
26-01-17 08:18:20.356 : --61 --> BSRGAN --> x4--> img_061.png
26-01-17 08:18:20.643 : ----PSNR/SSIM for (/root/media/quoc-huy/eval-wir/srbenchmarks/Urban100/LRblur_matlab_sig1.6, x4)---- : 20.6425dB / 0.5994
26-01-17 08:18:20.717 : --62 --> BSRGAN --> x4--> img_062.png
26-01-17 08:18:21.004 : ----PSNR/SSIM for (/root/media/quoc-huy/eval-wir/srbenchmarks/Urban100/LRblur_matlab_sig1.6, x4)---- : 18.3647dB / 0.6412
26-01-17 08:18:21.075 : --63 --> BSRGAN --> x4--> img_063.png
26-01-17 08:18:21.481 : ----PSNR/SSIM for (/root/media/quoc-huy/eval-wir/srbenchmarks/Urban100/LRblur_matlab_sig1.6, x4)---- : 18.7602dB / 0.4971
26-01-17 08:18:21.578 : --64 --> BSRGAN --> x4--> img_064.png
26-01-17 08:18:21.870 : ----PSNR/SSIM for (/root/media/quoc-huy/eval-wir/srbenchmarks/Urban100/LRblur_matlab_sig1.6, x4)---- : 22.4084dB / 0.6166
26-01-17 08:18:21.946 : --65 --> BSRGAN --> x4--> img_065.png
26-01-17 08:18:22.238 : ----PSNR/SSIM for (/root/media/quoc-huy/eval-wir/srbenchmarks/Urban100/LRblur_matlab_sig1.6, x4)---- : 22.1903dB / 0.5911
26-01-17 08:18:22.312 : --66 --> BSRGAN --> x4--> img_066.png
26-01-17 08:18:22.679 : ----PSNR/SSIM for (/root/media/quoc-huy/eval-wir/srbenchmarks/Urban100/LRblur_matlab_sig1.6, x4)---- : 19.8629dB / 0.5273
26-01-17 08:18:22.766 : --67 --> BSRGAN --> x4--> img_067.png
26-01-17 08:18:23.052 : ----PSNR/SSIM for (/root/media/quoc-huy/eval-wir/srbenchmarks/Urban100/LRblur_matlab_sig1.6, x4)---- : 16.3123dB / 0.7680
26-01-17 08:18:23.125 : --68 --> BSRGAN --> x4--> img_068.png
26-01-17 08:18:23.561 : ----PSNR/SSIM for (/root/media/quoc-huy/eval-wir/srbenchmarks/Urban100/LRblur_matlab_sig1.6, x4)---- : 25.3883dB / 0.7470
26-01-17 08:18:23.665 : --69 --> BSRGAN --> x4--> img_069.png
26-01-17 08:18:24.071 : ----PSNR/SSIM for (/root/media/quoc-huy/eval-wir/srbenchmarks/Urban100/LRblur_matlab_sig1.6, x4)---- : 21.6547dB / 0.6431
26-01-17 08:18:24.170 : --70 --> BSRGAN --> x4--> img_070.png
26-01-17 08:18:24.520 : ----PSNR/SSIM for (/root/media/quoc-huy/eval-wir/srbenchmarks/Urban100/LRblur_matlab_sig1.6, x4)---- : 20.0722dB / 0.5046
26-01-17 08:18:24.601 : --71 --> BSRGAN --> x4--> img_071.png
26-01-17 08:18:24.928 : ----PSNR/SSIM for (/root/media/quoc-huy/eval-wir/srbenchmarks/Urban100/LRblur_matlab_sig1.6, x4)---- : 25.4505dB / 0.5405
26-01-17 08:18:25.010 : --72 --> BSRGAN --> x4--> img_072.png
26-01-17 08:18:25.296 : ----PSNR/SSIM for (/root/media/quoc-huy/eval-wir/srbenchmarks/Urban100/LRblur_matlab_sig1.6, x4)---- : 16.5816dB / 0.7095
26-01-17 08:18:25.373 : --73 --> BSRGAN --> x4--> img_073.png
26-01-17 08:18:25.707 : ----PSNR/SSIM for (/root/media/quoc-huy/eval-wir/srbenchmarks/Urban100/LRblur_matlab_sig1.6, x4)---- : 17.5321dB / 0.3987
26-01-17 08:18:25.787 : --74 --> BSRGAN --> x4--> img_074.png
26-01-17 08:18:26.072 : ----PSNR/SSIM for (/root/media/quoc-huy/eval-wir/srbenchmarks/Urban100/LRblur_matlab_sig1.6, x4)---- : 20.8948dB / 0.5889
26-01-17 08:18:26.148 : --75 --> BSRGAN --> x4--> img_075.png
26-01-17 08:18:26.438 : ----PSNR/SSIM for (/root/media/quoc-huy/eval-wir/srbenchmarks/Urban100/LRblur_matlab_sig1.6, x4)---- : 27.2978dB / 0.8068
26-01-17 08:18:26.511 : --76 --> BSRGAN --> x4--> img_076.png
26-01-17 08:18:26.802 : ----PSNR/SSIM for (/root/media/quoc-huy/eval-wir/srbenchmarks/Urban100/LRblur_matlab_sig1.6, x4)---- : 19.7967dB / 0.5716
26-01-17 08:18:26.879 : --77 --> BSRGAN --> x4--> img_077.png
26-01-17 08:18:27.167 : ----PSNR/SSIM for (/root/media/quoc-huy/eval-wir/srbenchmarks/Urban100/LRblur_matlab_sig1.6, x4)---- : 20.0062dB / 0.5611
26-01-17 08:18:27.241 : --78 --> BSRGAN --> x4--> img_078.png
26-01-17 08:18:27.545 : ----PSNR/SSIM for (/root/media/quoc-huy/eval-wir/srbenchmarks/Urban100/LRblur_matlab_sig1.6, x4)---- : 23.7919dB / 0.6255
26-01-17 08:18:27.627 : --79 --> BSRGAN --> x4--> img_079.png
26-01-17 08:18:27.959 : ----PSNR/SSIM for (/root/media/quoc-huy/eval-wir/srbenchmarks/Urban100/LRblur_matlab_sig1.6, x4)---- : 22.2978dB / 0.5726
26-01-17 08:18:28.042 : --80 --> BSRGAN --> x4--> img_080.png
26-01-17 08:18:28.394 : ----PSNR/SSIM for (/root/media/quoc-huy/eval-wir/srbenchmarks/Urban100/LRblur_matlab_sig1.6, x4)---- : 30.0223dB / 0.8801
26-01-17 08:18:28.480 : --81 --> BSRGAN --> x4--> img_081.png
26-01-17 08:18:28.915 : ----PSNR/SSIM for (/root/media/quoc-huy/eval-wir/srbenchmarks/Urban100/LRblur_matlab_sig1.6, x4)---- : 27.8758dB / 0.8714
26-01-17 08:18:29.016 : --82 --> BSRGAN --> x4--> img_082.png
26-01-17 08:18:29.454 : ----PSNR/SSIM for (/root/media/quoc-huy/eval-wir/srbenchmarks/Urban100/LRblur_matlab_sig1.6, x4)---- : 25.0014dB / 0.8307
26-01-17 08:18:29.558 : --83 --> BSRGAN --> x4--> img_083.png
26-01-17 08:18:29.996 : ----PSNR/SSIM for (/root/media/quoc-huy/eval-wir/srbenchmarks/Urban100/LRblur_matlab_sig1.6, x4)---- : 19.6030dB / 0.5712
26-01-17 08:18:30.100 : --84 --> BSRGAN --> x4--> img_084.png
26-01-17 08:18:30.541 : ----PSNR/SSIM for (/root/media/quoc-huy/eval-wir/srbenchmarks/Urban100/LRblur_matlab_sig1.6, x4)---- : 24.2089dB / 0.6594
26-01-17 08:18:30.644 : --85 --> BSRGAN --> x4--> img_085.png
26-01-17 08:18:30.933 : ----PSNR/SSIM for (/root/media/quoc-huy/eval-wir/srbenchmarks/Urban100/LRblur_matlab_sig1.6, x4)---- : 24.2899dB / 0.8320
26-01-17 08:18:31.007 : --86 --> BSRGAN --> x4--> img_086.png
26-01-17 08:18:31.338 : ----PSNR/SSIM for (/root/media/quoc-huy/eval-wir/srbenchmarks/Urban100/LRblur_matlab_sig1.6, x4)---- : 26.1301dB / 0.8048
26-01-17 08:18:31.419 : --87 --> BSRGAN --> x4--> img_087.png
26-01-17 08:18:31.864 : ----PSNR/SSIM for (/root/media/quoc-huy/eval-wir/srbenchmarks/Urban100/LRblur_matlab_sig1.6, x4)---- : 23.4144dB / 0.7869
26-01-17 08:18:31.964 : --88 --> BSRGAN --> x4--> img_088.png
26-01-17 08:18:32.250 : ----PSNR/SSIM for (/root/media/quoc-huy/eval-wir/srbenchmarks/Urban100/LRblur_matlab_sig1.6, x4)---- : 17.2479dB / 0.4194
26-01-17 08:18:32.325 : --89 --> BSRGAN --> x4--> img_089.png
26-01-17 08:18:32.659 : ----PSNR/SSIM for (/root/media/quoc-huy/eval-wir/srbenchmarks/Urban100/LRblur_matlab_sig1.6, x4)---- : 23.4761dB / 0.5858
26-01-17 08:18:32.743 : --90 --> BSRGAN --> x4--> img_090.png
26-01-17 08:18:33.034 : ----PSNR/SSIM for (/root/media/quoc-huy/eval-wir/srbenchmarks/Urban100/LRblur_matlab_sig1.6, x4)---- : 29.6627dB / 0.8911
26-01-17 08:18:33.107 : --91 --> BSRGAN --> x4--> img_091.png
26-01-17 08:18:33.393 : ----PSNR/SSIM for (/root/media/quoc-huy/eval-wir/srbenchmarks/Urban100/LRblur_matlab_sig1.6, x4)---- : 20.4184dB / 0.4963
26-01-17 08:18:33.467 : --92 --> BSRGAN --> x4--> img_092.png
26-01-17 08:18:33.755 : ----PSNR/SSIM for (/root/media/quoc-huy/eval-wir/srbenchmarks/Urban100/LRblur_matlab_sig1.6, x4)---- : 16.0908dB / 0.5178
26-01-17 08:18:33.835 : --93 --> BSRGAN --> x4--> img_093.png
26-01-17 08:18:34.163 : ----PSNR/SSIM for (/root/media/quoc-huy/eval-wir/srbenchmarks/Urban100/LRblur_matlab_sig1.6, x4)---- : 22.3625dB / 0.8086
26-01-17 08:18:34.250 : --94 --> BSRGAN --> x4--> img_094.png
26-01-17 08:18:34.579 : ----PSNR/SSIM for (/root/media/quoc-huy/eval-wir/srbenchmarks/Urban100/LRblur_matlab_sig1.6, x4)---- : 24.2655dB / 0.6883
26-01-17 08:18:34.661 : --95 --> BSRGAN --> x4--> img_095.png
26-01-17 08:18:34.986 : ----PSNR/SSIM for (/root/media/quoc-huy/eval-wir/srbenchmarks/Urban100/LRblur_matlab_sig1.6, x4)---- : 18.0392dB / 0.3073
26-01-17 08:18:35.069 : --96 --> BSRGAN --> x4--> img_096.png
26-01-17 08:18:35.403 : ----PSNR/SSIM for (/root/media/quoc-huy/eval-wir/srbenchmarks/Urban100/LRblur_matlab_sig1.6, x4)---- : 20.0964dB / 0.7265
26-01-17 08:18:35.487 : --97 --> BSRGAN --> x4--> img_097.png
26-01-17 08:18:35.778 : ----PSNR/SSIM for (/root/media/quoc-huy/eval-wir/srbenchmarks/Urban100/LRblur_matlab_sig1.6, x4)---- : 21.4472dB / 0.6377
26-01-17 08:18:35.855 : --98 --> BSRGAN --> x4--> img_098.png
26-01-17 08:18:36.145 : ----PSNR/SSIM for (/root/media/quoc-huy/eval-wir/srbenchmarks/Urban100/LRblur_matlab_sig1.6, x4)---- : 18.3159dB / 0.3999
26-01-17 08:18:36.220 : --99 --> BSRGAN --> x4--> img_099.png
26-01-17 08:18:36.571 : ----PSNR/SSIM for (/root/media/quoc-huy/eval-wir/srbenchmarks/Urban100/LRblur_matlab_sig1.6, x4)---- : 21.6366dB / 0.6451
26-01-17 08:18:36.654 : -100 --> BSRGAN --> x4--> img_100.png
26-01-17 08:18:37.090 : ----PSNR/SSIM for (/root/media/quoc-huy/eval-wir/srbenchmarks/Urban100/LRblur_matlab_sig1.6, x4)---- : 23.1014dB / 0.6627
26-01-17 08:18:37.191 : Computing FID...
26-01-17 08:18:44.018 :  
26-01-17 08:20:44.453 :       Model Name : BSRGAN
26-01-17 08:20:45.565 :       Input Path : /root/media/quoc-huy/eval-wir/srbenchmarks/BSD100/LRblur_matlab_sig1.6
26-01-17 08:20:45.565 :      Output Path : /root/quoc-huy/all-tested-results/BSRGAN/BSD100-LRblur_matlab_sig1.6
26-01-17 08:20:45.566 : ---1 --> BSRGAN --> x4--> 101085.png
26-01-17 08:20:45.726 : ----PSNR/SSIM for (/root/media/quoc-huy/eval-wir/srbenchmarks/BSD100/LRblur_matlab_sig1.6, x4)---- : 21.5852dB / 0.4596
26-01-17 08:20:45.901 : ---2 --> BSRGAN --> x4--> 101087.png
26-01-17 08:20:45.976 : ----PSNR/SSIM for (/root/media/quoc-huy/eval-wir/srbenchmarks/BSD100/LRblur_matlab_sig1.6, x4)---- : 25.2056dB / 0.7309
26-01-17 08:20:46.014 : ---3 --> BSRGAN --> x4--> 102061.png
26-01-17 08:20:46.088 : ----PSNR/SSIM for (/root/media/quoc-huy/eval-wir/srbenchmarks/BSD100/LRblur_matlab_sig1.6, x4)---- : 23.7155dB / 0.7273
26-01-17 08:20:46.125 : ---4 --> BSRGAN --> x4--> 103070.png
26-01-17 08:20:46.193 : ----PSNR/SSIM for (/root/media/quoc-huy/eval-wir/srbenchmarks/BSD100/LRblur_matlab_sig1.6, x4)---- : 26.9462dB / 0.7244
26-01-17 08:20:46.232 : ---5 --> BSRGAN --> x4--> 105025.png
26-01-17 08:20:46.297 : ----PSNR/SSIM for (/root/media/quoc-huy/eval-wir/srbenchmarks/BSD100/LRblur_matlab_sig1.6, x4)---- : 23.5504dB / 0.5934
26-01-17 08:20:46.331 : ---6 --> BSRGAN --> x4--> 106024.png
26-01-17 08:20:46.396 : ----PSNR/SSIM for (/root/media/quoc-huy/eval-wir/srbenchmarks/BSD100/LRblur_matlab_sig1.6, x4)---- : 30.0110dB / 0.8385
26-01-17 08:20:46.431 : ---7 --> BSRGAN --> x4--> 108005.png
26-01-17 08:20:46.496 : ----PSNR/SSIM for (/root/media/quoc-huy/eval-wir/srbenchmarks/BSD100/LRblur_matlab_sig1.6, x4)---- : 23.2202dB / 0.5947
26-01-17 08:20:46.530 : ---8 --> BSRGAN --> x4--> 108070.png
26-01-17 08:20:46.597 : ----PSNR/SSIM for (/root/media/quoc-huy/eval-wir/srbenchmarks/BSD100/LRblur_matlab_sig1.6, x4)---- : 20.5780dB / 0.4087
26-01-17 08:20:46.634 : ---9 --> BSRGAN --> x4--> 108082.png
26-01-17 08:20:46.700 : ----PSNR/SSIM for (/root/media/quoc-huy/eval-wir/srbenchmarks/BSD100/LRblur_matlab_sig1.6, x4)---- : 24.2075dB / 0.6668
26-01-17 08:20:46.736 : --10 --> BSRGAN --> x4--> 109053.png
26-01-17 08:20:46.802 : ----PSNR/SSIM for (/root/media/quoc-huy/eval-wir/srbenchmarks/BSD100/LRblur_matlab_sig1.6, x4)---- : 26.0454dB / 0.6833
26-01-17 08:20:46.837 : --11 --> BSRGAN --> x4--> 119082.png
26-01-17 08:20:46.904 : ----PSNR/SSIM for (/root/media/quoc-huy/eval-wir/srbenchmarks/BSD100/LRblur_matlab_sig1.6, x4)---- : 21.3512dB / 0.5933
26-01-17 08:20:46.940 : --12 --> BSRGAN --> x4--> 12084.png
26-01-17 08:20:47.007 : ----PSNR/SSIM for (/root/media/quoc-huy/eval-wir/srbenchmarks/BSD100/LRblur_matlab_sig1.6, x4)---- : 23.6157dB / 0.5269
26-01-17 08:20:47.043 : --13 --> BSRGAN --> x4--> 123074.png
26-01-17 08:20:47.110 : ----PSNR/SSIM for (/root/media/quoc-huy/eval-wir/srbenchmarks/BSD100/LRblur_matlab_sig1.6, x4)---- : 25.7687dB / 0.6332
26-01-17 08:20:47.146 : --14 --> BSRGAN --> x4--> 126007.png
26-01-17 08:20:47.212 : ----PSNR/SSIM for (/root/media/quoc-huy/eval-wir/srbenchmarks/BSD100/LRblur_matlab_sig1.6, x4)---- : 26.1008dB / 0.7327
26-01-17 08:20:47.247 : --15 --> BSRGAN --> x4--> 130026.png
26-01-17 08:20:47.312 : ----PSNR/SSIM for (/root/media/quoc-huy/eval-wir/srbenchmarks/BSD100/LRblur_matlab_sig1.6, x4)---- : 22.3798dB / 0.5363
26-01-17 08:20:47.347 : --16 --> BSRGAN --> x4--> 134035.png
26-01-17 08:20:47.412 : ----PSNR/SSIM for (/root/media/quoc-huy/eval-wir/srbenchmarks/BSD100/LRblur_matlab_sig1.6, x4)---- : 21.2366dB / 0.6017
26-01-17 08:20:47.450 : --17 --> BSRGAN --> x4--> 14037.png
26-01-17 08:20:47.516 : ----PSNR/SSIM for (/root/media/quoc-huy/eval-wir/srbenchmarks/BSD100/LRblur_matlab_sig1.6, x4)---- : 30.8469dB / 0.8253
26-01-17 08:20:47.551 : --18 --> BSRGAN --> x4--> 143090.png
26-01-17 08:20:47.617 : ----PSNR/SSIM for (/root/media/quoc-huy/eval-wir/srbenchmarks/BSD100/LRblur_matlab_sig1.6, x4)---- : 29.2684dB / 0.8263
26-01-17 08:20:47.652 : --19 --> BSRGAN --> x4--> 145086.png
26-01-17 08:20:47.717 : ----PSNR/SSIM for (/root/media/quoc-huy/eval-wir/srbenchmarks/BSD100/LRblur_matlab_sig1.6, x4)---- : 23.5215dB / 0.6450
26-01-17 08:20:47.752 : --20 --> BSRGAN --> x4--> 147091.png
26-01-17 08:20:47.817 : ----PSNR/SSIM for (/root/media/quoc-huy/eval-wir/srbenchmarks/BSD100/LRblur_matlab_sig1.6, x4)---- : 23.0315dB / 0.7159
26-01-17 08:20:47.852 : --21 --> BSRGAN --> x4--> 148026.png
26-01-17 08:20:47.918 : ----PSNR/SSIM for (/root/media/quoc-huy/eval-wir/srbenchmarks/BSD100/LRblur_matlab_sig1.6, x4)---- : 19.0729dB / 0.5424
26-01-17 08:20:47.953 : --22 --> BSRGAN --> x4--> 148089.png
26-01-17 08:20:48.019 : ----PSNR/SSIM for (/root/media/quoc-huy/eval-wir/srbenchmarks/BSD100/LRblur_matlab_sig1.6, x4)---- : 20.9279dB / 0.4793
26-01-17 08:20:48.054 : --23 --> BSRGAN --> x4--> 156065.png
26-01-17 08:20:48.119 : ----PSNR/SSIM for (/root/media/quoc-huy/eval-wir/srbenchmarks/BSD100/LRblur_matlab_sig1.6, x4)---- : 22.4758dB / 0.4418
26-01-17 08:20:48.153 : --24 --> BSRGAN --> x4--> 157055.png
26-01-17 08:20:48.219 : ----PSNR/SSIM for (/root/media/quoc-huy/eval-wir/srbenchmarks/BSD100/LRblur_matlab_sig1.6, x4)---- : 23.5776dB / 0.6777
26-01-17 08:20:48.253 : --25 --> BSRGAN --> x4--> 159008.png
26-01-17 08:20:48.318 : ----PSNR/SSIM for (/root/media/quoc-huy/eval-wir/srbenchmarks/BSD100/LRblur_matlab_sig1.6, x4)---- : 23.4506dB / 0.6897
26-01-17 08:20:48.354 : --26 --> BSRGAN --> x4--> 160068.png
26-01-17 08:20:48.419 : ----PSNR/SSIM for (/root/media/quoc-huy/eval-wir/srbenchmarks/BSD100/LRblur_matlab_sig1.6, x4)---- : 24.1311dB / 0.7702
26-01-17 08:20:48.454 : --27 --> BSRGAN --> x4--> 16077.png
26-01-17 08:20:48.519 : ----PSNR/SSIM for (/root/media/quoc-huy/eval-wir/srbenchmarks/BSD100/LRblur_matlab_sig1.6, x4)---- : 24.3537dB / 0.6173
26-01-17 08:20:48.554 : --28 --> BSRGAN --> x4--> 163085.png
26-01-17 08:20:48.618 : ----PSNR/SSIM for (/root/media/quoc-huy/eval-wir/srbenchmarks/BSD100/LRblur_matlab_sig1.6, x4)---- : 26.3585dB / 0.6992
26-01-17 08:20:48.653 : --29 --> BSRGAN --> x4--> 167062.png
26-01-17 08:20:48.718 : ----PSNR/SSIM for (/root/media/quoc-huy/eval-wir/srbenchmarks/BSD100/LRblur_matlab_sig1.6, x4)---- : 28.3010dB / 0.8285
26-01-17 08:20:48.752 : --30 --> BSRGAN --> x4--> 167083.png
26-01-17 08:20:48.818 : ----PSNR/SSIM for (/root/media/quoc-huy/eval-wir/srbenchmarks/BSD100/LRblur_matlab_sig1.6, x4)---- : 17.7330dB / 0.3971
26-01-17 08:20:48.853 : --31 --> BSRGAN --> x4--> 170057.png
26-01-17 08:20:48.919 : ----PSNR/SSIM for (/root/media/quoc-huy/eval-wir/srbenchmarks/BSD100/LRblur_matlab_sig1.6, x4)---- : 25.4958dB / 0.6104
26-01-17 08:20:48.953 : --32 --> BSRGAN --> x4--> 175032.png
26-01-17 08:20:49.019 : ----PSNR/SSIM for (/root/media/quoc-huy/eval-wir/srbenchmarks/BSD100/LRblur_matlab_sig1.6, x4)---- : 18.7321dB / 0.2882
26-01-17 08:20:49.054 : --33 --> BSRGAN --> x4--> 175043.png
26-01-17 08:20:49.119 : ----PSNR/SSIM for (/root/media/quoc-huy/eval-wir/srbenchmarks/BSD100/LRblur_matlab_sig1.6, x4)---- : 21.7969dB / 0.4762
26-01-17 08:20:49.154 : --34 --> BSRGAN --> x4--> 182053.png
26-01-17 08:20:49.219 : ----PSNR/SSIM for (/root/media/quoc-huy/eval-wir/srbenchmarks/BSD100/LRblur_matlab_sig1.6, x4)---- : 21.7417dB / 0.6906
26-01-17 08:20:49.253 : --35 --> BSRGAN --> x4--> 189080.png
26-01-17 08:20:49.320 : ----PSNR/SSIM for (/root/media/quoc-huy/eval-wir/srbenchmarks/BSD100/LRblur_matlab_sig1.6, x4)---- : 30.6219dB / 0.8260
26-01-17 08:20:49.354 : --36 --> BSRGAN --> x4--> 19021.png
26-01-17 08:20:49.419 : ----PSNR/SSIM for (/root/media/quoc-huy/eval-wir/srbenchmarks/BSD100/LRblur_matlab_sig1.6, x4)---- : 23.6012dB / 0.6208
26-01-17 08:20:49.455 : --37 --> BSRGAN --> x4--> 196073.png
26-01-17 08:20:49.519 : ----PSNR/SSIM for (/root/media/quoc-huy/eval-wir/srbenchmarks/BSD100/LRblur_matlab_sig1.6, x4)---- : 26.0560dB / 0.3930
26-01-17 08:20:49.553 : --38 --> BSRGAN --> x4--> 197017.png
26-01-17 08:20:49.619 : ----PSNR/SSIM for (/root/media/quoc-huy/eval-wir/srbenchmarks/BSD100/LRblur_matlab_sig1.6, x4)---- : 25.3955dB / 0.6204
26-01-17 08:20:49.654 : --39 --> BSRGAN --> x4--> 208001.png
26-01-17 08:20:49.720 : ----PSNR/SSIM for (/root/media/quoc-huy/eval-wir/srbenchmarks/BSD100/LRblur_matlab_sig1.6, x4)---- : 25.1187dB / 0.5836
26-01-17 08:20:49.755 : --40 --> BSRGAN --> x4--> 210088.png
26-01-17 08:20:49.822 : ----PSNR/SSIM for (/root/media/quoc-huy/eval-wir/srbenchmarks/BSD100/LRblur_matlab_sig1.6, x4)---- : 28.9875dB / 0.8634
26-01-17 08:20:49.857 : --41 --> BSRGAN --> x4--> 21077.png
26-01-17 08:20:49.922 : ----PSNR/SSIM for (/root/media/quoc-huy/eval-wir/srbenchmarks/BSD100/LRblur_matlab_sig1.6, x4)---- : 23.7211dB / 0.6280
26-01-17 08:20:49.956 : --42 --> BSRGAN --> x4--> 216081.png
26-01-17 08:20:50.022 : ----PSNR/SSIM for (/root/media/quoc-huy/eval-wir/srbenchmarks/BSD100/LRblur_matlab_sig1.6, x4)---- : 22.8839dB / 0.6087
26-01-17 08:20:50.057 : --43 --> BSRGAN --> x4--> 219090.png
26-01-17 08:20:50.123 : ----PSNR/SSIM for (/root/media/quoc-huy/eval-wir/srbenchmarks/BSD100/LRblur_matlab_sig1.6, x4)---- : 23.8580dB / 0.6663
26-01-17 08:20:50.157 : --44 --> BSRGAN --> x4--> 220075.png
26-01-17 08:20:50.223 : ----PSNR/SSIM for (/root/media/quoc-huy/eval-wir/srbenchmarks/BSD100/LRblur_matlab_sig1.6, x4)---- : 24.2006dB / 0.7732
26-01-17 08:20:50.259 : --45 --> BSRGAN --> x4--> 223061.png
26-01-17 08:20:50.324 : ----PSNR/SSIM for (/root/media/quoc-huy/eval-wir/srbenchmarks/BSD100/LRblur_matlab_sig1.6, x4)---- : 21.5822dB / 0.5678
26-01-17 08:20:50.360 : --46 --> BSRGAN --> x4--> 227092.png
26-01-17 08:20:50.426 : ----PSNR/SSIM for (/root/media/quoc-huy/eval-wir/srbenchmarks/BSD100/LRblur_matlab_sig1.6, x4)---- : 30.9027dB / 0.7905
26-01-17 08:20:50.460 : --47 --> BSRGAN --> x4--> 229036.png
26-01-17 08:20:50.526 : ----PSNR/SSIM for (/root/media/quoc-huy/eval-wir/srbenchmarks/BSD100/LRblur_matlab_sig1.6, x4)---- : 20.2673dB / 0.4704
26-01-17 08:20:50.560 : --48 --> BSRGAN --> x4--> 236037.png
26-01-17 08:20:50.626 : ----PSNR/SSIM for (/root/media/quoc-huy/eval-wir/srbenchmarks/BSD100/LRblur_matlab_sig1.6, x4)---- : 21.9720dB / 0.4481
26-01-17 08:20:50.661 : --49 --> BSRGAN --> x4--> 24077.png
26-01-17 08:20:50.727 : ----PSNR/SSIM for (/root/media/quoc-huy/eval-wir/srbenchmarks/BSD100/LRblur_matlab_sig1.6, x4)---- : 22.5268dB / 0.7511
26-01-17 08:20:50.762 : --50 --> BSRGAN --> x4--> 241004.png
26-01-17 08:20:50.827 : ----PSNR/SSIM for (/root/media/quoc-huy/eval-wir/srbenchmarks/BSD100/LRblur_matlab_sig1.6, x4)---- : 28.5369dB / 0.7469
26-01-17 08:20:50.862 : --51 --> BSRGAN --> x4--> 241048.png
26-01-17 08:20:50.927 : ----PSNR/SSIM for (/root/media/quoc-huy/eval-wir/srbenchmarks/BSD100/LRblur_matlab_sig1.6, x4)---- : 22.3963dB / 0.5012
26-01-17 08:20:50.962 : --52 --> BSRGAN --> x4--> 253027.png
26-01-17 08:20:51.027 : ----PSNR/SSIM for (/root/media/quoc-huy/eval-wir/srbenchmarks/BSD100/LRblur_matlab_sig1.6, x4)---- : 20.1515dB / 0.5791
26-01-17 08:20:51.061 : --53 --> BSRGAN --> x4--> 253055.png
26-01-17 08:20:51.126 : ----PSNR/SSIM for (/root/media/quoc-huy/eval-wir/srbenchmarks/BSD100/LRblur_matlab_sig1.6, x4)---- : 29.2274dB / 0.7655
26-01-17 08:20:51.161 : --54 --> BSRGAN --> x4--> 260058.png
26-01-17 08:20:51.226 : ----PSNR/SSIM for (/root/media/quoc-huy/eval-wir/srbenchmarks/BSD100/LRblur_matlab_sig1.6, x4)---- : 28.3422dB / 0.6707
26-01-17 08:20:51.261 : --55 --> BSRGAN --> x4--> 271035.png
26-01-17 08:20:51.328 : ----PSNR/SSIM for (/root/media/quoc-huy/eval-wir/srbenchmarks/BSD100/LRblur_matlab_sig1.6, x4)---- : 24.3128dB / 0.6494
26-01-17 08:20:51.363 : --56 --> BSRGAN --> x4--> 285079.png
26-01-17 08:20:51.430 : ----PSNR/SSIM for (/root/media/quoc-huy/eval-wir/srbenchmarks/BSD100/LRblur_matlab_sig1.6, x4)---- : 22.7477dB / 0.5606
26-01-17 08:20:51.465 : --57 --> BSRGAN --> x4--> 291000.png
26-01-17 08:20:51.531 : ----PSNR/SSIM for (/root/media/quoc-huy/eval-wir/srbenchmarks/BSD100/LRblur_matlab_sig1.6, x4)---- : 19.0137dB / 0.2770
26-01-17 08:20:51.565 : --58 --> BSRGAN --> x4--> 295087.png
26-01-17 08:20:51.630 : ----PSNR/SSIM for (/root/media/quoc-huy/eval-wir/srbenchmarks/BSD100/LRblur_matlab_sig1.6, x4)---- : 24.6591dB / 0.6233
26-01-17 08:20:51.665 : --59 --> BSRGAN --> x4--> 296007.png
26-01-17 08:20:51.730 : ----PSNR/SSIM for (/root/media/quoc-huy/eval-wir/srbenchmarks/BSD100/LRblur_matlab_sig1.6, x4)---- : 28.8949dB / 0.6937
26-01-17 08:20:51.764 : --60 --> BSRGAN --> x4--> 296059.png
26-01-17 08:20:51.829 : ----PSNR/SSIM for (/root/media/quoc-huy/eval-wir/srbenchmarks/BSD100/LRblur_matlab_sig1.6, x4)---- : 28.2523dB / 0.7017
26-01-17 08:20:51.864 : --61 --> BSRGAN --> x4--> 299086.png
26-01-17 08:20:51.930 : ----PSNR/SSIM for (/root/media/quoc-huy/eval-wir/srbenchmarks/BSD100/LRblur_matlab_sig1.6, x4)---- : 28.6768dB / 0.7274
26-01-17 08:20:51.964 : --62 --> BSRGAN --> x4--> 300091.png
26-01-17 08:20:52.028 : ----PSNR/SSIM for (/root/media/quoc-huy/eval-wir/srbenchmarks/BSD100/LRblur_matlab_sig1.6, x4)---- : 26.0189dB / 0.6888
26-01-17 08:20:52.064 : --63 --> BSRGAN --> x4--> 302008.png
26-01-17 08:20:52.130 : ----PSNR/SSIM for (/root/media/quoc-huy/eval-wir/srbenchmarks/BSD100/LRblur_matlab_sig1.6, x4)---- : 25.3529dB / 0.8441
26-01-17 08:20:52.165 : --64 --> BSRGAN --> x4--> 304034.png
26-01-17 08:20:52.230 : ----PSNR/SSIM for (/root/media/quoc-huy/eval-wir/srbenchmarks/BSD100/LRblur_matlab_sig1.6, x4)---- : 20.9923dB / 0.4725
26-01-17 08:20:52.265 : --65 --> BSRGAN --> x4--> 304074.png
26-01-17 08:20:52.331 : ----PSNR/SSIM for (/root/media/quoc-huy/eval-wir/srbenchmarks/BSD100/LRblur_matlab_sig1.6, x4)---- : 23.1630dB / 0.4750
26-01-17 08:20:52.367 : --66 --> BSRGAN --> x4--> 306005.png
26-01-17 08:20:52.433 : ----PSNR/SSIM for (/root/media/quoc-huy/eval-wir/srbenchmarks/BSD100/LRblur_matlab_sig1.6, x4)---- : 24.7757dB / 0.6605
26-01-17 08:20:52.469 : --67 --> BSRGAN --> x4--> 3096.png
26-01-17 08:20:52.534 : ----PSNR/SSIM for (/root/media/quoc-huy/eval-wir/srbenchmarks/BSD100/LRblur_matlab_sig1.6, x4)---- : 34.1273dB / 0.9545
26-01-17 08:20:52.568 : --68 --> BSRGAN --> x4--> 33039.png
26-01-17 08:20:52.635 : ----PSNR/SSIM for (/root/media/quoc-huy/eval-wir/srbenchmarks/BSD100/LRblur_matlab_sig1.6, x4)---- : 18.3768dB / 0.4405
26-01-17 08:20:52.670 : --69 --> BSRGAN --> x4--> 351093.png
26-01-17 08:20:52.735 : ----PSNR/SSIM for (/root/media/quoc-huy/eval-wir/srbenchmarks/BSD100/LRblur_matlab_sig1.6, x4)---- : 20.0535dB / 0.5376
26-01-17 08:20:52.770 : --70 --> BSRGAN --> x4--> 361010.png
26-01-17 08:20:52.835 : ----PSNR/SSIM for (/root/media/quoc-huy/eval-wir/srbenchmarks/BSD100/LRblur_matlab_sig1.6, x4)---- : 25.0742dB / 0.6644
26-01-17 08:20:52.870 : --71 --> BSRGAN --> x4--> 37073.png
26-01-17 08:20:52.936 : ----PSNR/SSIM for (/root/media/quoc-huy/eval-wir/srbenchmarks/BSD100/LRblur_matlab_sig1.6, x4)---- : 27.1008dB / 0.7140
26-01-17 08:20:52.970 : --72 --> BSRGAN --> x4--> 376043.png
26-01-17 08:20:53.037 : ----PSNR/SSIM for (/root/media/quoc-huy/eval-wir/srbenchmarks/BSD100/LRblur_matlab_sig1.6, x4)---- : 22.5800dB / 0.4317
26-01-17 08:20:53.072 : --73 --> BSRGAN --> x4--> 38082.png
26-01-17 08:20:53.137 : ----PSNR/SSIM for (/root/media/quoc-huy/eval-wir/srbenchmarks/BSD100/LRblur_matlab_sig1.6, x4)---- : 24.2228dB / 0.4444
26-01-17 08:20:53.172 : --74 --> BSRGAN --> x4--> 38092.png
26-01-17 08:20:53.237 : ----PSNR/SSIM for (/root/media/quoc-huy/eval-wir/srbenchmarks/BSD100/LRblur_matlab_sig1.6, x4)---- : 23.2289dB / 0.5839
26-01-17 08:20:53.272 : --75 --> BSRGAN --> x4--> 385039.png
26-01-17 08:20:53.338 : ----PSNR/SSIM for (/root/media/quoc-huy/eval-wir/srbenchmarks/BSD100/LRblur_matlab_sig1.6, x4)---- : 21.4632dB / 0.5887
26-01-17 08:20:53.373 : --76 --> BSRGAN --> x4--> 41033.png
26-01-17 08:20:53.440 : ----PSNR/SSIM for (/root/media/quoc-huy/eval-wir/srbenchmarks/BSD100/LRblur_matlab_sig1.6, x4)---- : 27.1695dB / 0.6560
26-01-17 08:20:53.475 : --77 --> BSRGAN --> x4--> 41069.png
26-01-17 08:20:53.541 : ----PSNR/SSIM for (/root/media/quoc-huy/eval-wir/srbenchmarks/BSD100/LRblur_matlab_sig1.6, x4)---- : 21.2724dB / 0.3263
26-01-17 08:20:53.575 : --78 --> BSRGAN --> x4--> 42012.png
26-01-17 08:20:53.642 : ----PSNR/SSIM for (/root/media/quoc-huy/eval-wir/srbenchmarks/BSD100/LRblur_matlab_sig1.6, x4)---- : 26.3013dB / 0.6994
26-01-17 08:20:53.678 : --79 --> BSRGAN --> x4--> 42049.png
26-01-17 08:20:53.743 : ----PSNR/SSIM for (/root/media/quoc-huy/eval-wir/srbenchmarks/BSD100/LRblur_matlab_sig1.6, x4)---- : 27.6804dB / 0.9116
26-01-17 08:20:53.779 : --80 --> BSRGAN --> x4--> 43074.png
26-01-17 08:20:53.845 : ----PSNR/SSIM for (/root/media/quoc-huy/eval-wir/srbenchmarks/BSD100/LRblur_matlab_sig1.6, x4)---- : 27.1760dB / 0.7312
26-01-17 08:20:53.879 : --81 --> BSRGAN --> x4--> 45096.png
26-01-17 08:20:53.944 : ----PSNR/SSIM for (/root/media/quoc-huy/eval-wir/srbenchmarks/BSD100/LRblur_matlab_sig1.6, x4)---- : 31.3369dB / 0.8837
26-01-17 08:20:53.979 : --82 --> BSRGAN --> x4--> 54082.png
26-01-17 08:20:54.045 : ----PSNR/SSIM for (/root/media/quoc-huy/eval-wir/srbenchmarks/BSD100/LRblur_matlab_sig1.6, x4)---- : 25.9583dB / 0.6274
26-01-17 08:20:54.080 : --83 --> BSRGAN --> x4--> 55073.png
26-01-17 08:20:54.146 : ----PSNR/SSIM for (/root/media/quoc-huy/eval-wir/srbenchmarks/BSD100/LRblur_matlab_sig1.6, x4)---- : 19.7501dB / 0.3825
26-01-17 08:20:54.180 : --84 --> BSRGAN --> x4--> 58060.png
26-01-17 08:20:54.246 : ----PSNR/SSIM for (/root/media/quoc-huy/eval-wir/srbenchmarks/BSD100/LRblur_matlab_sig1.6, x4)---- : 18.8570dB / 0.4824
26-01-17 08:20:54.282 : --85 --> BSRGAN --> x4--> 62096.png
26-01-17 08:20:54.347 : ----PSNR/SSIM for (/root/media/quoc-huy/eval-wir/srbenchmarks/BSD100/LRblur_matlab_sig1.6, x4)---- : 22.7773dB / 0.6952
26-01-17 08:20:54.382 : --86 --> BSRGAN --> x4--> 65033.png
26-01-17 08:20:54.447 : ----PSNR/SSIM for (/root/media/quoc-huy/eval-wir/srbenchmarks/BSD100/LRblur_matlab_sig1.6, x4)---- : 22.0747dB / 0.4249
26-01-17 08:20:54.482 : --87 --> BSRGAN --> x4--> 66053.png
26-01-17 08:20:54.547 : ----PSNR/SSIM for (/root/media/quoc-huy/eval-wir/srbenchmarks/BSD100/LRblur_matlab_sig1.6, x4)---- : 24.4740dB / 0.5690
26-01-17 08:20:54.581 : --88 --> BSRGAN --> x4--> 69015.png
26-01-17 08:20:54.648 : ----PSNR/SSIM for (/root/media/quoc-huy/eval-wir/srbenchmarks/BSD100/LRblur_matlab_sig1.6, x4)---- : 26.8546dB / 0.6683
26-01-17 08:20:54.683 : --89 --> BSRGAN --> x4--> 69020.png
26-01-17 08:20:54.748 : ----PSNR/SSIM for (/root/media/quoc-huy/eval-wir/srbenchmarks/BSD100/LRblur_matlab_sig1.6, x4)---- : 24.3880dB / 0.4108
26-01-17 08:20:54.783 : --90 --> BSRGAN --> x4--> 69040.png
26-01-17 08:20:54.849 : ----PSNR/SSIM for (/root/media/quoc-huy/eval-wir/srbenchmarks/BSD100/LRblur_matlab_sig1.6, x4)---- : 22.3077dB / 0.4780
26-01-17 08:20:54.884 : --91 --> BSRGAN --> x4--> 76053.png
26-01-17 08:20:54.949 : ----PSNR/SSIM for (/root/media/quoc-huy/eval-wir/srbenchmarks/BSD100/LRblur_matlab_sig1.6, x4)---- : 26.1445dB / 0.5744
26-01-17 08:20:54.984 : --92 --> BSRGAN --> x4--> 78004.png
26-01-17 08:20:55.050 : ----PSNR/SSIM for (/root/media/quoc-huy/eval-wir/srbenchmarks/BSD100/LRblur_matlab_sig1.6, x4)---- : 23.9512dB / 0.6524
26-01-17 08:20:55.085 : --93 --> BSRGAN --> x4--> 8023.png
26-01-17 08:20:55.151 : ----PSNR/SSIM for (/root/media/quoc-huy/eval-wir/srbenchmarks/BSD100/LRblur_matlab_sig1.6, x4)---- : 26.1713dB / 0.7215
26-01-17 08:20:55.186 : --94 --> BSRGAN --> x4--> 85048.png
26-01-17 08:20:55.252 : ----PSNR/SSIM for (/root/media/quoc-huy/eval-wir/srbenchmarks/BSD100/LRblur_matlab_sig1.6, x4)---- : 22.7548dB / 0.5702
26-01-17 08:20:55.287 : --95 --> BSRGAN --> x4--> 86000.png
26-01-17 08:20:55.354 : ----PSNR/SSIM for (/root/media/quoc-huy/eval-wir/srbenchmarks/BSD100/LRblur_matlab_sig1.6, x4)---- : 22.7272dB / 0.6794
26-01-17 08:20:55.389 : --96 --> BSRGAN --> x4--> 86016.png
26-01-17 08:20:55.454 : ----PSNR/SSIM for (/root/media/quoc-huy/eval-wir/srbenchmarks/BSD100/LRblur_matlab_sig1.6, x4)---- : 19.8379dB / 0.1944
26-01-17 08:20:55.488 : --97 --> BSRGAN --> x4--> 86068.png
26-01-17 08:20:55.554 : ----PSNR/SSIM for (/root/media/quoc-huy/eval-wir/srbenchmarks/BSD100/LRblur_matlab_sig1.6, x4)---- : 24.6334dB / 0.4287
26-01-17 08:20:55.588 : --98 --> BSRGAN --> x4--> 87046.png
26-01-17 08:20:55.654 : ----PSNR/SSIM for (/root/media/quoc-huy/eval-wir/srbenchmarks/BSD100/LRblur_matlab_sig1.6, x4)---- : 23.3054dB / 0.6531
26-01-17 08:20:55.689 : --99 --> BSRGAN --> x4--> 89072.png
26-01-17 08:20:55.756 : ----PSNR/SSIM for (/root/media/quoc-huy/eval-wir/srbenchmarks/BSD100/LRblur_matlab_sig1.6, x4)---- : 24.0539dB / 0.6169
26-01-17 08:20:55.791 : -100 --> BSRGAN --> x4--> 97033.png
26-01-17 08:20:55.857 : ----PSNR/SSIM for (/root/media/quoc-huy/eval-wir/srbenchmarks/BSD100/LRblur_matlab_sig1.6, x4)---- : 21.9595dB / 0.5879
26-01-17 08:20:55.892 : Computing FID...
26-01-17 08:21:01.835 :  
26-01-17 08:22:05.847 :       Model Name : BSRGAN
26-01-17 08:22:06.962 :       Input Path : /root/media/quoc-huy/eval-wir/srbenchmarks/Set14/LRblur_matlab_sig1.6
26-01-17 08:22:06.962 :      Output Path : /root/quoc-huy/all-tested-results/BSRGAN/Set14-LRblur_matlab_sig1.6
26-01-17 08:22:06.963 : ---1 --> BSRGAN --> x4--> baboon.png
26-01-17 08:22:07.169 : ----PSNR/SSIM for (/root/media/quoc-huy/eval-wir/srbenchmarks/Set14/LRblur_matlab_sig1.6, x4)---- : 20.0957dB / 0.3763
26-01-17 08:22:07.347 : ---2 --> BSRGAN --> x4--> barbara.png
26-01-17 08:22:07.533 : ----PSNR/SSIM for (/root/media/quoc-huy/eval-wir/srbenchmarks/Set14/LRblur_matlab_sig1.6, x4)---- : 23.2251dB / 0.6405
26-01-17 08:22:07.591 : ---3 --> BSRGAN --> x4--> bridge.png
26-01-17 08:22:07.706 : ----PSNR/SSIM for (/root/media/quoc-huy/eval-wir/srbenchmarks/Set14/LRblur_matlab_sig1.6, x4)---- : 22.4385dB / 0.4770
26-01-17 08:22:07.752 : ---4 --> BSRGAN --> x4--> coastguard.png
26-01-17 08:22:07.808 : ----PSNR/SSIM for (/root/media/quoc-huy/eval-wir/srbenchmarks/Set14/LRblur_matlab_sig1.6, x4)---- : 23.7847dB / 0.4359
26-01-17 08:22:07.848 : ---5 --> BSRGAN --> x4--> comic.png
26-01-17 08:22:07.901 : ----PSNR/SSIM for (/root/media/quoc-huy/eval-wir/srbenchmarks/Set14/LRblur_matlab_sig1.6, x4)---- : 19.9237dB / 0.5354
26-01-17 08:22:07.937 : ---6 --> BSRGAN --> x4--> face.png
26-01-17 08:22:07.983 : ----PSNR/SSIM for (/root/media/quoc-huy/eval-wir/srbenchmarks/Set14/LRblur_matlab_sig1.6, x4)---- : 29.2767dB / 0.6681
26-01-17 08:22:08.018 : ---7 --> BSRGAN --> x4--> flowers.png
26-01-17 08:22:08.107 : ----PSNR/SSIM for (/root/media/quoc-huy/eval-wir/srbenchmarks/Set14/LRblur_matlab_sig1.6, x4)---- : 24.2374dB / 0.6789
26-01-17 08:22:08.148 : ---8 --> BSRGAN --> x4--> foreman.png
26-01-17 08:22:08.200 : ----PSNR/SSIM for (/root/media/quoc-huy/eval-wir/srbenchmarks/Set14/LRblur_matlab_sig1.6, x4)---- : 26.0852dB / 0.8408
26-01-17 08:22:08.232 : ---9 --> BSRGAN --> x4--> lenna.png
26-01-17 08:22:08.344 : ----PSNR/SSIM for (/root/media/quoc-huy/eval-wir/srbenchmarks/Set14/LRblur_matlab_sig1.6, x4)---- : 28.3896dB / 0.7763
26-01-17 08:22:08.386 : --10 --> BSRGAN --> x4--> man.png
26-01-17 08:22:08.497 : ----PSNR/SSIM for (/root/media/quoc-huy/eval-wir/srbenchmarks/Set14/LRblur_matlab_sig1.6, x4)---- : 24.4947dB / 0.6302
26-01-17 08:22:08.540 : --11 --> BSRGAN --> x4--> monarch.png
26-01-17 08:22:08.716 : ----PSNR/SSIM for (/root/media/quoc-huy/eval-wir/srbenchmarks/Set14/LRblur_matlab_sig1.6, x4)---- : 27.0196dB / 0.8718
26-01-17 08:22:08.770 : --12 --> BSRGAN --> x4--> pepper.png
26-01-17 08:22:08.883 : ----PSNR/SSIM for (/root/media/quoc-huy/eval-wir/srbenchmarks/Set14/LRblur_matlab_sig1.6, x4)---- : 27.9696dB / 0.7961
26-01-17 08:22:08.925 : --13 --> BSRGAN --> x4--> ppt3.png
26-01-17 08:22:09.079 : ----PSNR/SSIM for (/root/media/quoc-huy/eval-wir/srbenchmarks/Set14/LRblur_matlab_sig1.6, x4)---- : 22.4200dB / 0.8767
26-01-17 08:22:09.128 : --14 --> BSRGAN --> x4--> zebra.png
26-01-17 08:22:09.232 : ----PSNR/SSIM for (/root/media/quoc-huy/eval-wir/srbenchmarks/Set14/LRblur_matlab_sig1.6, x4)---- : 22.5993dB / 0.5620
26-01-17 08:22:09.276 : Computing FID...
26-01-17 08:22:13.987 :  
26-01-17 08:23:06.336 :       Model Name : BSRGAN
26-01-17 08:23:07.453 :       Input Path : /root/media/quoc-huy/eval-wir/srbenchmarks/Set5/LRblur_matlab_sig1.6
26-01-17 08:23:07.453 :      Output Path : /root/quoc-huy/all-tested-results/BSRGAN/Set5-LRblur_matlab_sig1.6
26-01-17 08:23:07.453 : ---1 --> BSRGAN --> x4--> baby.png
26-01-17 08:23:07.670 : ----PSNR/SSIM for (/root/media/quoc-huy/eval-wir/srbenchmarks/Set5/LRblur_matlab_sig1.6, x4)---- : 28.1698dB / 0.7710
26-01-17 08:23:07.848 : ---2 --> BSRGAN --> x4--> bird.png
26-01-17 08:23:07.897 : ----PSNR/SSIM for (/root/media/quoc-huy/eval-wir/srbenchmarks/Set5/LRblur_matlab_sig1.6, x4)---- : 27.0388dB / 0.7886
26-01-17 08:23:07.940 : ---3 --> BSRGAN --> x4--> butterfly.png
26-01-17 08:23:07.986 : ----PSNR/SSIM for (/root/media/quoc-huy/eval-wir/srbenchmarks/Set5/LRblur_matlab_sig1.6, x4)---- : 21.9820dB / 0.8019
26-01-17 08:23:08.024 : ---4 --> BSRGAN --> x4--> head.png
26-01-17 08:23:08.071 : ----PSNR/SSIM for (/root/media/quoc-huy/eval-wir/srbenchmarks/Set5/LRblur_matlab_sig1.6, x4)---- : 29.3396dB / 0.6724
26-01-17 08:23:08.107 : ---5 --> BSRGAN --> x4--> woman.png
26-01-17 08:23:08.149 : ----PSNR/SSIM for (/root/media/quoc-huy/eval-wir/srbenchmarks/Set5/LRblur_matlab_sig1.6, x4)---- : 26.0223dB / 0.8254
26-01-17 08:23:08.183 : Computing FID...
26-01-17 08:23:13.244 :  
26-01-17 18:42:18.596 :       Model Name : BSRGAN
26-01-17 18:42:19.728 :       Input Path : /root/media/quoc-huy/eval-wir/srbenchmarks/Set5/LRblur_matlab_aniso
26-01-17 18:42:19.728 :      Output Path : /root/quoc-huy/all-tested-results/BSRGAN/Set5-LRblur_matlab_aniso
26-01-17 18:42:19.728 : ---1 --> BSRGAN --> x4--> baby.png
26-01-17 18:42:19.951 : ----PSNR/SSIM for (/root/media/quoc-huy/eval-wir/srbenchmarks/Set5/LRblur_matlab_aniso, x4)---- : 27.4173dB / 0.7540
26-01-17 18:42:20.135 : ---2 --> BSRGAN --> x4--> bird.png
26-01-17 18:42:20.186 : ----PSNR/SSIM for (/root/media/quoc-huy/eval-wir/srbenchmarks/Set5/LRblur_matlab_aniso, x4)---- : 26.5434dB / 0.7735
26-01-17 18:42:20.227 : ---3 --> BSRGAN --> x4--> butterfly.png
26-01-17 18:42:20.274 : ----PSNR/SSIM for (/root/media/quoc-huy/eval-wir/srbenchmarks/Set5/LRblur_matlab_aniso, x4)---- : 20.7343dB / 0.7607
26-01-17 18:42:20.312 : ---4 --> BSRGAN --> x4--> head.png
26-01-17 18:42:20.359 : ----PSNR/SSIM for (/root/media/quoc-huy/eval-wir/srbenchmarks/Set5/LRblur_matlab_aniso, x4)---- : 28.8587dB / 0.6478
26-01-17 18:42:20.393 : ---5 --> BSRGAN --> x4--> woman.png
26-01-17 18:42:20.435 : ----PSNR/SSIM for (/root/media/quoc-huy/eval-wir/srbenchmarks/Set5/LRblur_matlab_aniso, x4)---- : 24.6966dB / 0.7912
26-01-17 18:42:20.472 : Computing FID...
26-01-17 18:42:25.030 :  
26-01-17 18:43:22.368 :       Model Name : BSRGAN
26-01-17 18:43:23.492 :       Input Path : /root/media/quoc-huy/eval-wir/srbenchmarks/Set14/LRblur_matlab_aniso
26-01-17 18:43:23.492 :      Output Path : /root/quoc-huy/all-tested-results/BSRGAN/Set14-LRblur_matlab_aniso
26-01-17 18:43:23.493 : ---1 --> BSRGAN --> x4--> baboon.png
26-01-17 18:43:23.692 : ----PSNR/SSIM for (/root/media/quoc-huy/eval-wir/srbenchmarks/Set14/LRblur_matlab_aniso, x4)---- : 19.8809dB / 0.3558
26-01-17 18:43:23.872 : ---2 --> BSRGAN --> x4--> barbara.png
26-01-17 18:43:24.054 : ----PSNR/SSIM for (/root/media/quoc-huy/eval-wir/srbenchmarks/Set14/LRblur_matlab_aniso, x4)---- : 22.8905dB / 0.6264
26-01-17 18:43:24.112 : ---3 --> BSRGAN --> x4--> bridge.png
26-01-17 18:43:24.228 : ----PSNR/SSIM for (/root/media/quoc-huy/eval-wir/srbenchmarks/Set14/LRblur_matlab_aniso, x4)---- : 21.8673dB / 0.4460
26-01-17 18:43:24.273 : ---4 --> BSRGAN --> x4--> coastguard.png
26-01-17 18:43:24.329 : ----PSNR/SSIM for (/root/media/quoc-huy/eval-wir/srbenchmarks/Set14/LRblur_matlab_aniso, x4)---- : 23.2875dB / 0.4123
26-01-17 18:43:24.372 : ---5 --> BSRGAN --> x4--> comic.png
26-01-17 18:43:24.426 : ----PSNR/SSIM for (/root/media/quoc-huy/eval-wir/srbenchmarks/Set14/LRblur_matlab_aniso, x4)---- : 19.4409dB / 0.5070
26-01-17 18:43:24.464 : ---6 --> BSRGAN --> x4--> face.png
26-01-17 18:43:24.511 : ----PSNR/SSIM for (/root/media/quoc-huy/eval-wir/srbenchmarks/Set14/LRblur_matlab_aniso, x4)---- : 28.8840dB / 0.6483
26-01-17 18:43:24.545 : ---7 --> BSRGAN --> x4--> flowers.png
26-01-17 18:43:24.634 : ----PSNR/SSIM for (/root/media/quoc-huy/eval-wir/srbenchmarks/Set14/LRblur_matlab_aniso, x4)---- : 23.3885dB / 0.6489
26-01-17 18:43:24.675 : ---8 --> BSRGAN --> x4--> foreman.png
26-01-17 18:43:24.727 : ----PSNR/SSIM for (/root/media/quoc-huy/eval-wir/srbenchmarks/Set14/LRblur_matlab_aniso, x4)---- : 25.8870dB / 0.8245
26-01-17 18:43:24.758 : ---9 --> BSRGAN --> x4--> lenna.png
26-01-17 18:43:24.869 : ----PSNR/SSIM for (/root/media/quoc-huy/eval-wir/srbenchmarks/Set14/LRblur_matlab_aniso, x4)---- : 27.8160dB / 0.7652
26-01-17 18:43:24.913 : --10 --> BSRGAN --> x4--> man.png
26-01-17 18:43:25.024 : ----PSNR/SSIM for (/root/media/quoc-huy/eval-wir/srbenchmarks/Set14/LRblur_matlab_aniso, x4)---- : 23.9557dB / 0.6049
26-01-17 18:43:25.069 : --11 --> BSRGAN --> x4--> monarch.png
26-01-17 18:43:25.243 : ----PSNR/SSIM for (/root/media/quoc-huy/eval-wir/srbenchmarks/Set14/LRblur_matlab_aniso, x4)---- : 25.6962dB / 0.8487
26-01-17 18:43:25.297 : --12 --> BSRGAN --> x4--> pepper.png
26-01-17 18:43:25.412 : ----PSNR/SSIM for (/root/media/quoc-huy/eval-wir/srbenchmarks/Set14/LRblur_matlab_aniso, x4)---- : 27.3905dB / 0.7850
26-01-17 18:43:25.455 : --13 --> BSRGAN --> x4--> ppt3.png
26-01-17 18:43:25.643 : ----PSNR/SSIM for (/root/media/quoc-huy/eval-wir/srbenchmarks/Set14/LRblur_matlab_aniso, x4)---- : 21.0367dB / 0.8406
26-01-17 18:43:25.692 : --14 --> BSRGAN --> x4--> zebra.png
26-01-17 18:43:25.798 : ----PSNR/SSIM for (/root/media/quoc-huy/eval-wir/srbenchmarks/Set14/LRblur_matlab_aniso, x4)---- : 21.8080dB / 0.5316
26-01-17 18:43:25.843 : Computing FID...
26-01-17 18:43:30.611 :  
26-01-17 18:44:18.357 :       Model Name : BSRGAN
26-01-17 18:44:19.474 :       Input Path : /root/media/quoc-huy/eval-wir/srbenchmarks/BSD100/LRblur_matlab_aniso
26-01-17 18:44:19.474 :      Output Path : /root/quoc-huy/all-tested-results/BSRGAN/BSD100-LRblur_matlab_aniso
26-01-17 18:44:19.474 : ---1 --> BSRGAN --> x4--> 101085.png
26-01-17 18:44:19.641 : ----PSNR/SSIM for (/root/media/quoc-huy/eval-wir/srbenchmarks/BSD100/LRblur_matlab_aniso, x4)---- : 21.3270dB / 0.4351
26-01-17 18:44:19.837 : ---2 --> BSRGAN --> x4--> 101087.png
26-01-17 18:44:19.914 : ----PSNR/SSIM for (/root/media/quoc-huy/eval-wir/srbenchmarks/BSD100/LRblur_matlab_aniso, x4)---- : 24.8311dB / 0.7243
26-01-17 18:44:19.951 : ---3 --> BSRGAN --> x4--> 102061.png
26-01-17 18:44:20.024 : ----PSNR/SSIM for (/root/media/quoc-huy/eval-wir/srbenchmarks/BSD100/LRblur_matlab_aniso, x4)---- : 23.0195dB / 0.6986
26-01-17 18:44:20.062 : ---4 --> BSRGAN --> x4--> 103070.png
26-01-17 18:44:20.137 : ----PSNR/SSIM for (/root/media/quoc-huy/eval-wir/srbenchmarks/BSD100/LRblur_matlab_aniso, x4)---- : 26.5299dB / 0.7092
26-01-17 18:44:20.176 : ---5 --> BSRGAN --> x4--> 105025.png
26-01-17 18:44:20.241 : ----PSNR/SSIM for (/root/media/quoc-huy/eval-wir/srbenchmarks/BSD100/LRblur_matlab_aniso, x4)---- : 23.0010dB / 0.5621
26-01-17 18:44:20.276 : ---6 --> BSRGAN --> x4--> 106024.png
26-01-17 18:44:20.340 : ----PSNR/SSIM for (/root/media/quoc-huy/eval-wir/srbenchmarks/BSD100/LRblur_matlab_aniso, x4)---- : 29.6098dB / 0.8274
26-01-17 18:44:20.375 : ---7 --> BSRGAN --> x4--> 108005.png
26-01-17 18:44:20.440 : ----PSNR/SSIM for (/root/media/quoc-huy/eval-wir/srbenchmarks/BSD100/LRblur_matlab_aniso, x4)---- : 22.7461dB / 0.5683
26-01-17 18:44:20.474 : ---8 --> BSRGAN --> x4--> 108070.png
26-01-17 18:44:20.539 : ----PSNR/SSIM for (/root/media/quoc-huy/eval-wir/srbenchmarks/BSD100/LRblur_matlab_aniso, x4)---- : 20.2668dB / 0.3909
26-01-17 18:44:20.574 : ---9 --> BSRGAN --> x4--> 108082.png
26-01-17 18:44:20.639 : ----PSNR/SSIM for (/root/media/quoc-huy/eval-wir/srbenchmarks/BSD100/LRblur_matlab_aniso, x4)---- : 23.7374dB / 0.6494
26-01-17 18:44:20.673 : --10 --> BSRGAN --> x4--> 109053.png
26-01-17 18:44:20.739 : ----PSNR/SSIM for (/root/media/quoc-huy/eval-wir/srbenchmarks/BSD100/LRblur_matlab_aniso, x4)---- : 25.6469dB / 0.6682
26-01-17 18:44:20.773 : --11 --> BSRGAN --> x4--> 119082.png
26-01-17 18:44:20.839 : ----PSNR/SSIM for (/root/media/quoc-huy/eval-wir/srbenchmarks/BSD100/LRblur_matlab_aniso, x4)---- : 20.6684dB / 0.5568
26-01-17 18:44:20.874 : --12 --> BSRGAN --> x4--> 12084.png
26-01-17 18:44:20.940 : ----PSNR/SSIM for (/root/media/quoc-huy/eval-wir/srbenchmarks/BSD100/LRblur_matlab_aniso, x4)---- : 23.1214dB / 0.4957
26-01-17 18:44:20.975 : --13 --> BSRGAN --> x4--> 123074.png
26-01-17 18:44:21.040 : ----PSNR/SSIM for (/root/media/quoc-huy/eval-wir/srbenchmarks/BSD100/LRblur_matlab_aniso, x4)---- : 25.1204dB / 0.5989
26-01-17 18:44:21.074 : --14 --> BSRGAN --> x4--> 126007.png
26-01-17 18:44:21.139 : ----PSNR/SSIM for (/root/media/quoc-huy/eval-wir/srbenchmarks/BSD100/LRblur_matlab_aniso, x4)---- : 25.4675dB / 0.7120
26-01-17 18:44:21.174 : --15 --> BSRGAN --> x4--> 130026.png
26-01-17 18:44:21.239 : ----PSNR/SSIM for (/root/media/quoc-huy/eval-wir/srbenchmarks/BSD100/LRblur_matlab_aniso, x4)---- : 21.9402dB / 0.5107
26-01-17 18:44:21.274 : --16 --> BSRGAN --> x4--> 134035.png
26-01-17 18:44:21.339 : ----PSNR/SSIM for (/root/media/quoc-huy/eval-wir/srbenchmarks/BSD100/LRblur_matlab_aniso, x4)---- : 20.3662dB / 0.5552
26-01-17 18:44:21.375 : --17 --> BSRGAN --> x4--> 14037.png
26-01-17 18:44:21.440 : ----PSNR/SSIM for (/root/media/quoc-huy/eval-wir/srbenchmarks/BSD100/LRblur_matlab_aniso, x4)---- : 30.0502dB / 0.8122
26-01-17 18:44:21.474 : --18 --> BSRGAN --> x4--> 143090.png
26-01-17 18:44:21.540 : ----PSNR/SSIM for (/root/media/quoc-huy/eval-wir/srbenchmarks/BSD100/LRblur_matlab_aniso, x4)---- : 28.6784dB / 0.8117
26-01-17 18:44:21.574 : --19 --> BSRGAN --> x4--> 145086.png
26-01-17 18:44:21.640 : ----PSNR/SSIM for (/root/media/quoc-huy/eval-wir/srbenchmarks/BSD100/LRblur_matlab_aniso, x4)---- : 23.1241dB / 0.6284
26-01-17 18:44:21.675 : --20 --> BSRGAN --> x4--> 147091.png
26-01-17 18:44:21.740 : ----PSNR/SSIM for (/root/media/quoc-huy/eval-wir/srbenchmarks/BSD100/LRblur_matlab_aniso, x4)---- : 22.4195dB / 0.6970
26-01-17 18:44:21.775 : --21 --> BSRGAN --> x4--> 148026.png
26-01-17 18:44:21.842 : ----PSNR/SSIM for (/root/media/quoc-huy/eval-wir/srbenchmarks/BSD100/LRblur_matlab_aniso, x4)---- : 18.4091dB / 0.4977
26-01-17 18:44:21.877 : --22 --> BSRGAN --> x4--> 148089.png
26-01-17 18:44:21.943 : ----PSNR/SSIM for (/root/media/quoc-huy/eval-wir/srbenchmarks/BSD100/LRblur_matlab_aniso, x4)---- : 20.3396dB / 0.4438
26-01-17 18:44:21.977 : --23 --> BSRGAN --> x4--> 156065.png
26-01-17 18:44:22.042 : ----PSNR/SSIM for (/root/media/quoc-huy/eval-wir/srbenchmarks/BSD100/LRblur_matlab_aniso, x4)---- : 22.1949dB / 0.4240
26-01-17 18:44:22.077 : --24 --> BSRGAN --> x4--> 157055.png
26-01-17 18:44:22.143 : ----PSNR/SSIM for (/root/media/quoc-huy/eval-wir/srbenchmarks/BSD100/LRblur_matlab_aniso, x4)---- : 23.1936dB / 0.6608
26-01-17 18:44:22.178 : --25 --> BSRGAN --> x4--> 159008.png
26-01-17 18:44:22.244 : ----PSNR/SSIM for (/root/media/quoc-huy/eval-wir/srbenchmarks/BSD100/LRblur_matlab_aniso, x4)---- : 22.5583dB / 0.6555
26-01-17 18:44:22.278 : --26 --> BSRGAN --> x4--> 160068.png
26-01-17 18:44:22.344 : ----PSNR/SSIM for (/root/media/quoc-huy/eval-wir/srbenchmarks/BSD100/LRblur_matlab_aniso, x4)---- : 23.3186dB / 0.7433
26-01-17 18:44:22.379 : --27 --> BSRGAN --> x4--> 16077.png
26-01-17 18:44:22.445 : ----PSNR/SSIM for (/root/media/quoc-huy/eval-wir/srbenchmarks/BSD100/LRblur_matlab_aniso, x4)---- : 23.9201dB / 0.5951
26-01-17 18:44:22.480 : --28 --> BSRGAN --> x4--> 163085.png
26-01-17 18:44:22.545 : ----PSNR/SSIM for (/root/media/quoc-huy/eval-wir/srbenchmarks/BSD100/LRblur_matlab_aniso, x4)---- : 25.6110dB / 0.6613
26-01-17 18:44:22.581 : --29 --> BSRGAN --> x4--> 167062.png
26-01-17 18:44:22.646 : ----PSNR/SSIM for (/root/media/quoc-huy/eval-wir/srbenchmarks/BSD100/LRblur_matlab_aniso, x4)---- : 27.0218dB / 0.8117
26-01-17 18:44:22.680 : --30 --> BSRGAN --> x4--> 167083.png
26-01-17 18:44:22.746 : ----PSNR/SSIM for (/root/media/quoc-huy/eval-wir/srbenchmarks/BSD100/LRblur_matlab_aniso, x4)---- : 17.4565dB / 0.3815
26-01-17 18:44:22.781 : --31 --> BSRGAN --> x4--> 170057.png
26-01-17 18:44:22.846 : ----PSNR/SSIM for (/root/media/quoc-huy/eval-wir/srbenchmarks/BSD100/LRblur_matlab_aniso, x4)---- : 25.1792dB / 0.6086
26-01-17 18:44:22.880 : --32 --> BSRGAN --> x4--> 175032.png
26-01-17 18:44:22.946 : ----PSNR/SSIM for (/root/media/quoc-huy/eval-wir/srbenchmarks/BSD100/LRblur_matlab_aniso, x4)---- : 18.5750dB / 0.2760
26-01-17 18:44:22.982 : --33 --> BSRGAN --> x4--> 175043.png
26-01-17 18:44:23.047 : ----PSNR/SSIM for (/root/media/quoc-huy/eval-wir/srbenchmarks/BSD100/LRblur_matlab_aniso, x4)---- : 21.2920dB / 0.4380
26-01-17 18:44:23.081 : --34 --> BSRGAN --> x4--> 182053.png
26-01-17 18:44:23.146 : ----PSNR/SSIM for (/root/media/quoc-huy/eval-wir/srbenchmarks/BSD100/LRblur_matlab_aniso, x4)---- : 21.2401dB / 0.6650
26-01-17 18:44:23.180 : --35 --> BSRGAN --> x4--> 189080.png
26-01-17 18:44:23.247 : ----PSNR/SSIM for (/root/media/quoc-huy/eval-wir/srbenchmarks/BSD100/LRblur_matlab_aniso, x4)---- : 29.7450dB / 0.8189
26-01-17 18:44:23.282 : --36 --> BSRGAN --> x4--> 19021.png
26-01-17 18:44:23.346 : ----PSNR/SSIM for (/root/media/quoc-huy/eval-wir/srbenchmarks/BSD100/LRblur_matlab_aniso, x4)---- : 22.8908dB / 0.5906
26-01-17 18:44:23.381 : --37 --> BSRGAN --> x4--> 196073.png
26-01-17 18:44:23.446 : ----PSNR/SSIM for (/root/media/quoc-huy/eval-wir/srbenchmarks/BSD100/LRblur_matlab_aniso, x4)---- : 25.8455dB / 0.3864
26-01-17 18:44:23.481 : --38 --> BSRGAN --> x4--> 197017.png
26-01-17 18:44:23.546 : ----PSNR/SSIM for (/root/media/quoc-huy/eval-wir/srbenchmarks/BSD100/LRblur_matlab_aniso, x4)---- : 24.8588dB / 0.6012
26-01-17 18:44:23.581 : --39 --> BSRGAN --> x4--> 208001.png
26-01-17 18:44:23.648 : ----PSNR/SSIM for (/root/media/quoc-huy/eval-wir/srbenchmarks/BSD100/LRblur_matlab_aniso, x4)---- : 24.7419dB / 0.5681
26-01-17 18:44:23.683 : --40 --> BSRGAN --> x4--> 210088.png
26-01-17 18:44:23.750 : ----PSNR/SSIM for (/root/media/quoc-huy/eval-wir/srbenchmarks/BSD100/LRblur_matlab_aniso, x4)---- : 27.4802dB / 0.8266
26-01-17 18:44:23.785 : --41 --> BSRGAN --> x4--> 21077.png
26-01-17 18:44:23.850 : ----PSNR/SSIM for (/root/media/quoc-huy/eval-wir/srbenchmarks/BSD100/LRblur_matlab_aniso, x4)---- : 22.7884dB / 0.5959
26-01-17 18:44:23.886 : --42 --> BSRGAN --> x4--> 216081.png
26-01-17 18:44:23.951 : ----PSNR/SSIM for (/root/media/quoc-huy/eval-wir/srbenchmarks/BSD100/LRblur_matlab_aniso, x4)---- : 22.4857dB / 0.5910
26-01-17 18:44:23.986 : --43 --> BSRGAN --> x4--> 219090.png
26-01-17 18:44:24.051 : ----PSNR/SSIM for (/root/media/quoc-huy/eval-wir/srbenchmarks/BSD100/LRblur_matlab_aniso, x4)---- : 23.1426dB / 0.6450
26-01-17 18:44:24.086 : --44 --> BSRGAN --> x4--> 220075.png
26-01-17 18:44:24.153 : ----PSNR/SSIM for (/root/media/quoc-huy/eval-wir/srbenchmarks/BSD100/LRblur_matlab_aniso, x4)---- : 23.3840dB / 0.7428
26-01-17 18:44:24.187 : --45 --> BSRGAN --> x4--> 223061.png
26-01-17 18:44:24.253 : ----PSNR/SSIM for (/root/media/quoc-huy/eval-wir/srbenchmarks/BSD100/LRblur_matlab_aniso, x4)---- : 21.2310dB / 0.5338
26-01-17 18:44:24.288 : --46 --> BSRGAN --> x4--> 227092.png
26-01-17 18:44:24.354 : ----PSNR/SSIM for (/root/media/quoc-huy/eval-wir/srbenchmarks/BSD100/LRblur_matlab_aniso, x4)---- : 30.8105dB / 0.7894
26-01-17 18:44:24.388 : --47 --> BSRGAN --> x4--> 229036.png
26-01-17 18:44:24.454 : ----PSNR/SSIM for (/root/media/quoc-huy/eval-wir/srbenchmarks/BSD100/LRblur_matlab_aniso, x4)---- : 19.7978dB / 0.4420
26-01-17 18:44:24.489 : --48 --> BSRGAN --> x4--> 236037.png
26-01-17 18:44:24.554 : ----PSNR/SSIM for (/root/media/quoc-huy/eval-wir/srbenchmarks/BSD100/LRblur_matlab_aniso, x4)---- : 21.6320dB / 0.4189
26-01-17 18:44:24.590 : --49 --> BSRGAN --> x4--> 24077.png
26-01-17 18:44:24.656 : ----PSNR/SSIM for (/root/media/quoc-huy/eval-wir/srbenchmarks/BSD100/LRblur_matlab_aniso, x4)---- : 21.3220dB / 0.7135
26-01-17 18:44:24.692 : --50 --> BSRGAN --> x4--> 241004.png
26-01-17 18:44:24.757 : ----PSNR/SSIM for (/root/media/quoc-huy/eval-wir/srbenchmarks/BSD100/LRblur_matlab_aniso, x4)---- : 28.0606dB / 0.7338
26-01-17 18:44:24.792 : --51 --> BSRGAN --> x4--> 241048.png
26-01-17 18:44:24.857 : ----PSNR/SSIM for (/root/media/quoc-huy/eval-wir/srbenchmarks/BSD100/LRblur_matlab_aniso, x4)---- : 21.9283dB / 0.4657
26-01-17 18:44:24.892 : --52 --> BSRGAN --> x4--> 253027.png
26-01-17 18:44:24.957 : ----PSNR/SSIM for (/root/media/quoc-huy/eval-wir/srbenchmarks/BSD100/LRblur_matlab_aniso, x4)---- : 19.8065dB / 0.5620
26-01-17 18:44:24.992 : --53 --> BSRGAN --> x4--> 253055.png
26-01-17 18:44:25.057 : ----PSNR/SSIM for (/root/media/quoc-huy/eval-wir/srbenchmarks/BSD100/LRblur_matlab_aniso, x4)---- : 28.5008dB / 0.7454
26-01-17 18:44:25.092 : --54 --> BSRGAN --> x4--> 260058.png
26-01-17 18:44:25.157 : ----PSNR/SSIM for (/root/media/quoc-huy/eval-wir/srbenchmarks/BSD100/LRblur_matlab_aniso, x4)---- : 28.2204dB / 0.6635
26-01-17 18:44:25.192 : --55 --> BSRGAN --> x4--> 271035.png
26-01-17 18:44:25.259 : ----PSNR/SSIM for (/root/media/quoc-huy/eval-wir/srbenchmarks/BSD100/LRblur_matlab_aniso, x4)---- : 23.6024dB / 0.6219
26-01-17 18:44:25.294 : --56 --> BSRGAN --> x4--> 285079.png
26-01-17 18:44:25.361 : ----PSNR/SSIM for (/root/media/quoc-huy/eval-wir/srbenchmarks/BSD100/LRblur_matlab_aniso, x4)---- : 22.1567dB / 0.5314
26-01-17 18:44:25.396 : --57 --> BSRGAN --> x4--> 291000.png
26-01-17 18:44:25.461 : ----PSNR/SSIM for (/root/media/quoc-huy/eval-wir/srbenchmarks/BSD100/LRblur_matlab_aniso, x4)---- : 18.8915dB / 0.2652
26-01-17 18:44:25.495 : --58 --> BSRGAN --> x4--> 295087.png
26-01-17 18:44:25.560 : ----PSNR/SSIM for (/root/media/quoc-huy/eval-wir/srbenchmarks/BSD100/LRblur_matlab_aniso, x4)---- : 24.3254dB / 0.6087
26-01-17 18:44:25.595 : --59 --> BSRGAN --> x4--> 296007.png
26-01-17 18:44:25.660 : ----PSNR/SSIM for (/root/media/quoc-huy/eval-wir/srbenchmarks/BSD100/LRblur_matlab_aniso, x4)---- : 28.4701dB / 0.6740
26-01-17 18:44:25.694 : --60 --> BSRGAN --> x4--> 296059.png
26-01-17 18:44:25.759 : ----PSNR/SSIM for (/root/media/quoc-huy/eval-wir/srbenchmarks/BSD100/LRblur_matlab_aniso, x4)---- : 27.8374dB / 0.6896
26-01-17 18:44:25.794 : --61 --> BSRGAN --> x4--> 299086.png
26-01-17 18:44:25.859 : ----PSNR/SSIM for (/root/media/quoc-huy/eval-wir/srbenchmarks/BSD100/LRblur_matlab_aniso, x4)---- : 28.3340dB / 0.7163
26-01-17 18:44:25.894 : --62 --> BSRGAN --> x4--> 300091.png
26-01-17 18:44:25.958 : ----PSNR/SSIM for (/root/media/quoc-huy/eval-wir/srbenchmarks/BSD100/LRblur_matlab_aniso, x4)---- : 25.5315dB / 0.6760
26-01-17 18:44:25.994 : --63 --> BSRGAN --> x4--> 302008.png
26-01-17 18:44:26.060 : ----PSNR/SSIM for (/root/media/quoc-huy/eval-wir/srbenchmarks/BSD100/LRblur_matlab_aniso, x4)---- : 25.0531dB / 0.8264
26-01-17 18:44:26.094 : --64 --> BSRGAN --> x4--> 304034.png
26-01-17 18:44:26.159 : ----PSNR/SSIM for (/root/media/quoc-huy/eval-wir/srbenchmarks/BSD100/LRblur_matlab_aniso, x4)---- : 20.6609dB / 0.4418
26-01-17 18:44:26.194 : --65 --> BSRGAN --> x4--> 304074.png
26-01-17 18:44:26.260 : ----PSNR/SSIM for (/root/media/quoc-huy/eval-wir/srbenchmarks/BSD100/LRblur_matlab_aniso, x4)---- : 22.8287dB / 0.4614
26-01-17 18:44:26.294 : --66 --> BSRGAN --> x4--> 306005.png
26-01-17 18:44:26.361 : ----PSNR/SSIM for (/root/media/quoc-huy/eval-wir/srbenchmarks/BSD100/LRblur_matlab_aniso, x4)---- : 24.4145dB / 0.6464
26-01-17 18:44:26.397 : --67 --> BSRGAN --> x4--> 3096.png
26-01-17 18:44:26.462 : ----PSNR/SSIM for (/root/media/quoc-huy/eval-wir/srbenchmarks/BSD100/LRblur_matlab_aniso, x4)---- : 32.9637dB / 0.9490
26-01-17 18:44:26.497 : --68 --> BSRGAN --> x4--> 33039.png
26-01-17 18:44:26.563 : ----PSNR/SSIM for (/root/media/quoc-huy/eval-wir/srbenchmarks/BSD100/LRblur_matlab_aniso, x4)---- : 17.5656dB / 0.3719
26-01-17 18:44:26.598 : --69 --> BSRGAN --> x4--> 351093.png
26-01-17 18:44:26.663 : ----PSNR/SSIM for (/root/media/quoc-huy/eval-wir/srbenchmarks/BSD100/LRblur_matlab_aniso, x4)---- : 19.7995dB / 0.5225
26-01-17 18:44:26.698 : --70 --> BSRGAN --> x4--> 361010.png
26-01-17 18:44:26.763 : ----PSNR/SSIM for (/root/media/quoc-huy/eval-wir/srbenchmarks/BSD100/LRblur_matlab_aniso, x4)---- : 24.4049dB / 0.6422
26-01-17 18:44:26.798 : --71 --> BSRGAN --> x4--> 37073.png
26-01-17 18:44:26.862 : ----PSNR/SSIM for (/root/media/quoc-huy/eval-wir/srbenchmarks/BSD100/LRblur_matlab_aniso, x4)---- : 26.5020dB / 0.6964
26-01-17 18:44:26.897 : --72 --> BSRGAN --> x4--> 376043.png
26-01-17 18:44:26.963 : ----PSNR/SSIM for (/root/media/quoc-huy/eval-wir/srbenchmarks/BSD100/LRblur_matlab_aniso, x4)---- : 22.1615dB / 0.4065
26-01-17 18:44:26.998 : --73 --> BSRGAN --> x4--> 38082.png
26-01-17 18:44:27.063 : ----PSNR/SSIM for (/root/media/quoc-huy/eval-wir/srbenchmarks/BSD100/LRblur_matlab_aniso, x4)---- : 23.5930dB / 0.4292
26-01-17 18:44:27.097 : --74 --> BSRGAN --> x4--> 38092.png
26-01-17 18:44:27.163 : ----PSNR/SSIM for (/root/media/quoc-huy/eval-wir/srbenchmarks/BSD100/LRblur_matlab_aniso, x4)---- : 22.6757dB / 0.5607
26-01-17 18:44:27.198 : --75 --> BSRGAN --> x4--> 385039.png
26-01-17 18:44:27.263 : ----PSNR/SSIM for (/root/media/quoc-huy/eval-wir/srbenchmarks/BSD100/LRblur_matlab_aniso, x4)---- : 20.9807dB / 0.5625
26-01-17 18:44:27.297 : --76 --> BSRGAN --> x4--> 41033.png
26-01-17 18:44:27.362 : ----PSNR/SSIM for (/root/media/quoc-huy/eval-wir/srbenchmarks/BSD100/LRblur_matlab_aniso, x4)---- : 26.5619dB / 0.6354
26-01-17 18:44:27.399 : --77 --> BSRGAN --> x4--> 41069.png
26-01-17 18:44:27.464 : ----PSNR/SSIM for (/root/media/quoc-huy/eval-wir/srbenchmarks/BSD100/LRblur_matlab_aniso, x4)---- : 21.0482dB / 0.3062
26-01-17 18:44:27.499 : --78 --> BSRGAN --> x4--> 42012.png
26-01-17 18:44:27.565 : ----PSNR/SSIM for (/root/media/quoc-huy/eval-wir/srbenchmarks/BSD100/LRblur_matlab_aniso, x4)---- : 25.2717dB / 0.6639
26-01-17 18:44:27.600 : --79 --> BSRGAN --> x4--> 42049.png
26-01-17 18:44:27.666 : ----PSNR/SSIM for (/root/media/quoc-huy/eval-wir/srbenchmarks/BSD100/LRblur_matlab_aniso, x4)---- : 26.4916dB / 0.8979
26-01-17 18:44:27.701 : --80 --> BSRGAN --> x4--> 43074.png
26-01-17 18:44:27.766 : ----PSNR/SSIM for (/root/media/quoc-huy/eval-wir/srbenchmarks/BSD100/LRblur_matlab_aniso, x4)---- : 26.7554dB / 0.7109
26-01-17 18:44:27.801 : --81 --> BSRGAN --> x4--> 45096.png
26-01-17 18:44:27.865 : ----PSNR/SSIM for (/root/media/quoc-huy/eval-wir/srbenchmarks/BSD100/LRblur_matlab_aniso, x4)---- : 30.4072dB / 0.8694
26-01-17 18:44:27.899 : --82 --> BSRGAN --> x4--> 54082.png
26-01-17 18:44:27.965 : ----PSNR/SSIM for (/root/media/quoc-huy/eval-wir/srbenchmarks/BSD100/LRblur_matlab_aniso, x4)---- : 25.5809dB / 0.6163
26-01-17 18:44:28.001 : --83 --> BSRGAN --> x4--> 55073.png
26-01-17 18:44:28.067 : ----PSNR/SSIM for (/root/media/quoc-huy/eval-wir/srbenchmarks/BSD100/LRblur_matlab_aniso, x4)---- : 19.4566dB / 0.3591
26-01-17 18:44:28.102 : --84 --> BSRGAN --> x4--> 58060.png
26-01-17 18:44:28.167 : ----PSNR/SSIM for (/root/media/quoc-huy/eval-wir/srbenchmarks/BSD100/LRblur_matlab_aniso, x4)---- : 18.5353dB / 0.4579
26-01-17 18:44:28.201 : --85 --> BSRGAN --> x4--> 62096.png
26-01-17 18:44:28.267 : ----PSNR/SSIM for (/root/media/quoc-huy/eval-wir/srbenchmarks/BSD100/LRblur_matlab_aniso, x4)---- : 21.8303dB / 0.6517
26-01-17 18:44:28.301 : --86 --> BSRGAN --> x4--> 65033.png
26-01-17 18:44:28.366 : ----PSNR/SSIM for (/root/media/quoc-huy/eval-wir/srbenchmarks/BSD100/LRblur_matlab_aniso, x4)---- : 21.7495dB / 0.4093
26-01-17 18:44:28.401 : --87 --> BSRGAN --> x4--> 66053.png
26-01-17 18:44:28.466 : ----PSNR/SSIM for (/root/media/quoc-huy/eval-wir/srbenchmarks/BSD100/LRblur_matlab_aniso, x4)---- : 24.0499dB / 0.5391
26-01-17 18:44:28.501 : --88 --> BSRGAN --> x4--> 69015.png
26-01-17 18:44:28.568 : ----PSNR/SSIM for (/root/media/quoc-huy/eval-wir/srbenchmarks/BSD100/LRblur_matlab_aniso, x4)---- : 26.4331dB / 0.6517
26-01-17 18:44:28.603 : --89 --> BSRGAN --> x4--> 69020.png
26-01-17 18:44:28.668 : ----PSNR/SSIM for (/root/media/quoc-huy/eval-wir/srbenchmarks/BSD100/LRblur_matlab_aniso, x4)---- : 24.2000dB / 0.3975
26-01-17 18:44:28.702 : --90 --> BSRGAN --> x4--> 69040.png
26-01-17 18:44:28.768 : ----PSNR/SSIM for (/root/media/quoc-huy/eval-wir/srbenchmarks/BSD100/LRblur_matlab_aniso, x4)---- : 22.0592dB / 0.4620
26-01-17 18:44:28.802 : --91 --> BSRGAN --> x4--> 76053.png
26-01-17 18:44:28.868 : ----PSNR/SSIM for (/root/media/quoc-huy/eval-wir/srbenchmarks/BSD100/LRblur_matlab_aniso, x4)---- : 25.5932dB / 0.5460
26-01-17 18:44:28.904 : --92 --> BSRGAN --> x4--> 78004.png
26-01-17 18:44:28.970 : ----PSNR/SSIM for (/root/media/quoc-huy/eval-wir/srbenchmarks/BSD100/LRblur_matlab_aniso, x4)---- : 22.8352dB / 0.6100
26-01-17 18:44:29.006 : --93 --> BSRGAN --> x4--> 8023.png
26-01-17 18:44:29.072 : ----PSNR/SSIM for (/root/media/quoc-huy/eval-wir/srbenchmarks/BSD100/LRblur_matlab_aniso, x4)---- : 25.2606dB / 0.6796
26-01-17 18:44:29.107 : --94 --> BSRGAN --> x4--> 85048.png
26-01-17 18:44:29.173 : ----PSNR/SSIM for (/root/media/quoc-huy/eval-wir/srbenchmarks/BSD100/LRblur_matlab_aniso, x4)---- : 21.8941dB / 0.5135
26-01-17 18:44:29.207 : --95 --> BSRGAN --> x4--> 86000.png
26-01-17 18:44:29.274 : ----PSNR/SSIM for (/root/media/quoc-huy/eval-wir/srbenchmarks/BSD100/LRblur_matlab_aniso, x4)---- : 22.4636dB / 0.6714
26-01-17 18:44:29.309 : --96 --> BSRGAN --> x4--> 86016.png
26-01-17 18:44:29.374 : ----PSNR/SSIM for (/root/media/quoc-huy/eval-wir/srbenchmarks/BSD100/LRblur_matlab_aniso, x4)---- : 19.7585dB / 0.1815
26-01-17 18:44:29.409 : --97 --> BSRGAN --> x4--> 86068.png
26-01-17 18:44:29.474 : ----PSNR/SSIM for (/root/media/quoc-huy/eval-wir/srbenchmarks/BSD100/LRblur_matlab_aniso, x4)---- : 24.3739dB / 0.4108
26-01-17 18:44:29.508 : --98 --> BSRGAN --> x4--> 87046.png
26-01-17 18:44:29.574 : ----PSNR/SSIM for (/root/media/quoc-huy/eval-wir/srbenchmarks/BSD100/LRblur_matlab_aniso, x4)---- : 22.6333dB / 0.6097
26-01-17 18:44:29.608 : --99 --> BSRGAN --> x4--> 89072.png
26-01-17 18:44:29.675 : ----PSNR/SSIM for (/root/media/quoc-huy/eval-wir/srbenchmarks/BSD100/LRblur_matlab_aniso, x4)---- : 23.3427dB / 0.5832
26-01-17 18:44:29.710 : -100 --> BSRGAN --> x4--> 97033.png
26-01-17 18:44:29.775 : ----PSNR/SSIM for (/root/media/quoc-huy/eval-wir/srbenchmarks/BSD100/LRblur_matlab_aniso, x4)---- : 21.2745dB / 0.5557
26-01-17 18:44:29.810 : Computing FID...
26-01-17 18:44:35.750 :  
26-01-17 18:45:33.977 :       Model Name : BSRGAN
26-01-17 18:45:35.094 :       Input Path : /root/media/quoc-huy/eval-wir/srbenchmarks/Urban100/LRblur_matlab_aniso
26-01-17 18:45:35.094 :      Output Path : /root/quoc-huy/all-tested-results/BSRGAN/Urban100-LRblur_matlab_aniso
26-01-17 18:45:35.095 : ---1 --> BSRGAN --> x4--> img_001.png
26-01-17 18:45:35.484 : ----PSNR/SSIM for (/root/media/quoc-huy/eval-wir/srbenchmarks/Urban100/LRblur_matlab_aniso, x4)---- : 23.7792dB / 0.6273
26-01-17 18:45:35.693 : ---2 --> BSRGAN --> x4--> img_002.png
26-01-17 18:45:36.027 : ----PSNR/SSIM for (/root/media/quoc-huy/eval-wir/srbenchmarks/Urban100/LRblur_matlab_aniso, x4)---- : 21.2774dB / 0.6425
26-01-17 18:45:36.110 : ---3 --> BSRGAN --> x4--> img_003.png
26-01-17 18:45:36.402 : ----PSNR/SSIM for (/root/media/quoc-huy/eval-wir/srbenchmarks/Urban100/LRblur_matlab_aniso, x4)---- : 20.2770dB / 0.5051
26-01-17 18:45:36.479 : ---4 --> BSRGAN --> x4--> img_004.png
26-01-17 18:45:36.768 : ----PSNR/SSIM for (/root/media/quoc-huy/eval-wir/srbenchmarks/Urban100/LRblur_matlab_aniso, x4)---- : 18.0811dB / 0.5994
26-01-17 18:45:36.844 : ---5 --> BSRGAN --> x4--> img_005.png
26-01-17 18:45:37.173 : ----PSNR/SSIM for (/root/media/quoc-huy/eval-wir/srbenchmarks/Urban100/LRblur_matlab_aniso, x4)---- : 21.6903dB / 0.8465
26-01-17 18:45:37.256 : ---6 --> BSRGAN --> x4--> img_006.png
26-01-17 18:45:37.695 : ----PSNR/SSIM for (/root/media/quoc-huy/eval-wir/srbenchmarks/Urban100/LRblur_matlab_aniso, x4)---- : 18.7752dB / 0.4329
26-01-17 18:45:37.798 : ---7 --> BSRGAN --> x4--> img_007.png
26-01-17 18:45:38.094 : ----PSNR/SSIM for (/root/media/quoc-huy/eval-wir/srbenchmarks/Urban100/LRblur_matlab_aniso, x4)---- : 23.6462dB / 0.6925
26-01-17 18:45:38.167 : ---8 --> BSRGAN --> x4--> img_008.png
26-01-17 18:45:38.417 : ----PSNR/SSIM for (/root/media/quoc-huy/eval-wir/srbenchmarks/Urban100/LRblur_matlab_aniso, x4)---- : 17.6653dB / 0.4510
26-01-17 18:45:38.486 : ---9 --> BSRGAN --> x4--> img_009.png
26-01-17 18:45:38.829 : ----PSNR/SSIM for (/root/media/quoc-huy/eval-wir/srbenchmarks/Urban100/LRblur_matlab_aniso, x4)---- : 29.1554dB / 0.8390
26-01-17 18:45:38.912 : --10 --> BSRGAN --> x4--> img_010.png
26-01-17 18:45:39.258 : ----PSNR/SSIM for (/root/media/quoc-huy/eval-wir/srbenchmarks/Urban100/LRblur_matlab_aniso, x4)---- : 23.3305dB / 0.7926
26-01-17 18:45:39.346 : --11 --> BSRGAN --> x4--> img_011.png
26-01-17 18:45:39.593 : ----PSNR/SSIM for (/root/media/quoc-huy/eval-wir/srbenchmarks/Urban100/LRblur_matlab_aniso, x4)---- : 15.0905dB / 0.6519
26-01-17 18:45:39.660 : --12 --> BSRGAN --> x4--> img_012.png
26-01-17 18:45:39.989 : ----PSNR/SSIM for (/root/media/quoc-huy/eval-wir/srbenchmarks/Urban100/LRblur_matlab_aniso, x4)---- : 20.4219dB / 0.5678
26-01-17 18:45:40.072 : --13 --> BSRGAN --> x4--> img_013.png
26-01-17 18:45:40.400 : ----PSNR/SSIM for (/root/media/quoc-huy/eval-wir/srbenchmarks/Urban100/LRblur_matlab_aniso, x4)---- : 23.8771dB / 0.6820
26-01-17 18:45:40.484 : --14 --> BSRGAN --> x4--> img_014.png
26-01-17 18:45:40.920 : ----PSNR/SSIM for (/root/media/quoc-huy/eval-wir/srbenchmarks/Urban100/LRblur_matlab_aniso, x4)---- : 19.5853dB / 0.5683
26-01-17 18:45:41.024 : --15 --> BSRGAN --> x4--> img_015.png
26-01-17 18:45:41.355 : ----PSNR/SSIM for (/root/media/quoc-huy/eval-wir/srbenchmarks/Urban100/LRblur_matlab_aniso, x4)---- : 21.6129dB / 0.5808
26-01-17 18:45:41.439 : --16 --> BSRGAN --> x4--> img_016.png
26-01-17 18:45:41.867 : ----PSNR/SSIM for (/root/media/quoc-huy/eval-wir/srbenchmarks/Urban100/LRblur_matlab_aniso, x4)---- : 24.0251dB / 0.8240
26-01-17 18:45:41.958 : --17 --> BSRGAN --> x4--> img_017.png
26-01-17 18:45:42.254 : ----PSNR/SSIM for (/root/media/quoc-huy/eval-wir/srbenchmarks/Urban100/LRblur_matlab_aniso, x4)---- : 20.9059dB / 0.6733
26-01-17 18:45:42.331 : --18 --> BSRGAN --> x4--> img_018.png
26-01-17 18:45:42.661 : ----PSNR/SSIM for (/root/media/quoc-huy/eval-wir/srbenchmarks/Urban100/LRblur_matlab_aniso, x4)---- : 22.2944dB / 0.5273
26-01-17 18:45:42.743 : --19 --> BSRGAN --> x4--> img_019.png
26-01-17 18:45:43.029 : ----PSNR/SSIM for (/root/media/quoc-huy/eval-wir/srbenchmarks/Urban100/LRblur_matlab_aniso, x4)---- : 17.6127dB / 0.6460
26-01-17 18:45:43.106 : --20 --> BSRGAN --> x4--> img_020.png
26-01-17 18:45:43.612 : ----PSNR/SSIM for (/root/media/quoc-huy/eval-wir/srbenchmarks/Urban100/LRblur_matlab_aniso, x4)---- : 18.5240dB / 0.5602
26-01-17 18:45:43.732 : --21 --> BSRGAN --> x4--> img_021.png
26-01-17 18:45:44.128 : ----PSNR/SSIM for (/root/media/quoc-huy/eval-wir/srbenchmarks/Urban100/LRblur_matlab_aniso, x4)---- : 25.0005dB / 0.6425
26-01-17 18:45:44.226 : --22 --> BSRGAN --> x4--> img_022.png
26-01-17 18:45:44.515 : ----PSNR/SSIM for (/root/media/quoc-huy/eval-wir/srbenchmarks/Urban100/LRblur_matlab_aniso, x4)---- : 22.8836dB / 0.6573
26-01-17 18:45:44.591 : --23 --> BSRGAN --> x4--> img_023.png
26-01-17 18:45:45.031 : ----PSNR/SSIM for (/root/media/quoc-huy/eval-wir/srbenchmarks/Urban100/LRblur_matlab_aniso, x4)---- : 22.8686dB / 0.7497
26-01-17 18:45:45.126 : --24 --> BSRGAN --> x4--> img_024.png
26-01-17 18:45:45.410 : ----PSNR/SSIM for (/root/media/quoc-huy/eval-wir/srbenchmarks/Urban100/LRblur_matlab_aniso, x4)---- : 17.0783dB / 0.5038
26-01-17 18:45:45.486 : --25 --> BSRGAN --> x4--> img_025.png
26-01-17 18:45:45.788 : ----PSNR/SSIM for (/root/media/quoc-huy/eval-wir/srbenchmarks/Urban100/LRblur_matlab_aniso, x4)---- : 26.5985dB / 0.7876
26-01-17 18:45:45.869 : --26 --> BSRGAN --> x4--> img_026.png
26-01-17 18:45:46.200 : ----PSNR/SSIM for (/root/media/quoc-huy/eval-wir/srbenchmarks/Urban100/LRblur_matlab_aniso, x4)---- : 24.7535dB / 0.5916
26-01-17 18:45:46.284 : --27 --> BSRGAN --> x4--> img_027.png
26-01-17 18:45:46.640 : ----PSNR/SSIM for (/root/media/quoc-huy/eval-wir/srbenchmarks/Urban100/LRblur_matlab_aniso, x4)---- : 24.8486dB / 0.6934
26-01-17 18:45:46.725 : --28 --> BSRGAN --> x4--> img_028.png
26-01-17 18:45:47.010 : ----PSNR/SSIM for (/root/media/quoc-huy/eval-wir/srbenchmarks/Urban100/LRblur_matlab_aniso, x4)---- : 26.8822dB / 0.7818
26-01-17 18:45:47.084 : --29 --> BSRGAN --> x4--> img_029.png
26-01-17 18:45:47.376 : ----PSNR/SSIM for (/root/media/quoc-huy/eval-wir/srbenchmarks/Urban100/LRblur_matlab_aniso, x4)---- : 22.5873dB / 0.7463
26-01-17 18:45:47.451 : --30 --> BSRGAN --> x4--> img_030.png
26-01-17 18:45:47.744 : ----PSNR/SSIM for (/root/media/quoc-huy/eval-wir/srbenchmarks/Urban100/LRblur_matlab_aniso, x4)---- : 19.4775dB / 0.6196
26-01-17 18:45:47.822 : --31 --> BSRGAN --> x4--> img_031.png
26-01-17 18:45:48.109 : ----PSNR/SSIM for (/root/media/quoc-huy/eval-wir/srbenchmarks/Urban100/LRblur_matlab_aniso, x4)---- : 20.7044dB / 0.6470
26-01-17 18:45:48.185 : --32 --> BSRGAN --> x4--> img_032.png
26-01-17 18:45:48.474 : ----PSNR/SSIM for (/root/media/quoc-huy/eval-wir/srbenchmarks/Urban100/LRblur_matlab_aniso, x4)---- : 24.9440dB / 0.7282
26-01-17 18:45:48.550 : --33 --> BSRGAN --> x4--> img_033.png
26-01-17 18:45:48.838 : ----PSNR/SSIM for (/root/media/quoc-huy/eval-wir/srbenchmarks/Urban100/LRblur_matlab_aniso, x4)---- : 23.0307dB / 0.6522
26-01-17 18:45:48.915 : --34 --> BSRGAN --> x4--> img_034.png
26-01-17 18:45:49.206 : ----PSNR/SSIM for (/root/media/quoc-huy/eval-wir/srbenchmarks/Urban100/LRblur_matlab_aniso, x4)---- : 19.7022dB / 0.4369
26-01-17 18:45:49.281 : --35 --> BSRGAN --> x4--> img_035.png
26-01-17 18:45:49.572 : ----PSNR/SSIM for (/root/media/quoc-huy/eval-wir/srbenchmarks/Urban100/LRblur_matlab_aniso, x4)---- : 22.0899dB / 0.7551
26-01-17 18:45:49.652 : --36 --> BSRGAN --> x4--> img_036.png
26-01-17 18:45:49.943 : ----PSNR/SSIM for (/root/media/quoc-huy/eval-wir/srbenchmarks/Urban100/LRblur_matlab_aniso, x4)---- : 24.5732dB / 0.7798
26-01-17 18:45:50.024 : --37 --> BSRGAN --> x4--> img_037.png
26-01-17 18:45:50.354 : ----PSNR/SSIM for (/root/media/quoc-huy/eval-wir/srbenchmarks/Urban100/LRblur_matlab_aniso, x4)---- : 20.9516dB / 0.6015
26-01-17 18:45:50.436 : --38 --> BSRGAN --> x4--> img_038.png
26-01-17 18:45:50.768 : ----PSNR/SSIM for (/root/media/quoc-huy/eval-wir/srbenchmarks/Urban100/LRblur_matlab_aniso, x4)---- : 23.2391dB / 0.4846
26-01-17 18:45:50.850 : --39 --> BSRGAN --> x4--> img_039.png
26-01-17 18:45:51.184 : ----PSNR/SSIM for (/root/media/quoc-huy/eval-wir/srbenchmarks/Urban100/LRblur_matlab_aniso, x4)---- : 19.5698dB / 0.6116
26-01-17 18:45:51.266 : --40 --> BSRGAN --> x4--> img_040.png
26-01-17 18:45:51.514 : ----PSNR/SSIM for (/root/media/quoc-huy/eval-wir/srbenchmarks/Urban100/LRblur_matlab_aniso, x4)---- : 19.4760dB / 0.7726
26-01-17 18:45:51.590 : --41 --> BSRGAN --> x4--> img_041.png
26-01-17 18:45:51.876 : ----PSNR/SSIM for (/root/media/quoc-huy/eval-wir/srbenchmarks/Urban100/LRblur_matlab_aniso, x4)---- : 20.1426dB / 0.7354
26-01-17 18:45:51.954 : --42 --> BSRGAN --> x4--> img_042.png
26-01-17 18:45:52.242 : ----PSNR/SSIM for (/root/media/quoc-huy/eval-wir/srbenchmarks/Urban100/LRblur_matlab_aniso, x4)---- : 22.9706dB / 0.7377
26-01-17 18:45:52.320 : --43 --> BSRGAN --> x4--> img_043.png
26-01-17 18:45:52.606 : ----PSNR/SSIM for (/root/media/quoc-huy/eval-wir/srbenchmarks/Urban100/LRblur_matlab_aniso, x4)---- : 25.0659dB / 0.8277
26-01-17 18:45:52.684 : --44 --> BSRGAN --> x4--> img_044.png
26-01-17 18:45:52.975 : ----PSNR/SSIM for (/root/media/quoc-huy/eval-wir/srbenchmarks/Urban100/LRblur_matlab_aniso, x4)---- : 24.4594dB / 0.6970
26-01-17 18:45:53.052 : --45 --> BSRGAN --> x4--> img_045.png
26-01-17 18:45:53.378 : ----PSNR/SSIM for (/root/media/quoc-huy/eval-wir/srbenchmarks/Urban100/LRblur_matlab_aniso, x4)---- : 18.2299dB / 0.4509
26-01-17 18:45:53.459 : --46 --> BSRGAN --> x4--> img_046.png
26-01-17 18:45:53.755 : ----PSNR/SSIM for (/root/media/quoc-huy/eval-wir/srbenchmarks/Urban100/LRblur_matlab_aniso, x4)---- : 21.1896dB / 0.6767
26-01-17 18:45:53.833 : --47 --> BSRGAN --> x4--> img_047.png
26-01-17 18:45:54.095 : ----PSNR/SSIM for (/root/media/quoc-huy/eval-wir/srbenchmarks/Urban100/LRblur_matlab_aniso, x4)---- : 18.2922dB / 0.6172
26-01-17 18:45:54.169 : --48 --> BSRGAN --> x4--> img_048.png
26-01-17 18:45:54.456 : ----PSNR/SSIM for (/root/media/quoc-huy/eval-wir/srbenchmarks/Urban100/LRblur_matlab_aniso, x4)---- : 16.4200dB / 0.6626
26-01-17 18:45:54.534 : --49 --> BSRGAN --> x4--> img_049.png
26-01-17 18:45:54.827 : ----PSNR/SSIM for (/root/media/quoc-huy/eval-wir/srbenchmarks/Urban100/LRblur_matlab_aniso, x4)---- : 18.8404dB / 0.5630
26-01-17 18:45:54.902 : --50 --> BSRGAN --> x4--> img_050.png
26-01-17 18:45:55.192 : ----PSNR/SSIM for (/root/media/quoc-huy/eval-wir/srbenchmarks/Urban100/LRblur_matlab_aniso, x4)---- : 21.3909dB / 0.6220
26-01-17 18:45:55.267 : --51 --> BSRGAN --> x4--> img_051.png
26-01-17 18:45:55.558 : ----PSNR/SSIM for (/root/media/quoc-huy/eval-wir/srbenchmarks/Urban100/LRblur_matlab_aniso, x4)---- : 22.3587dB / 0.6823
26-01-17 18:45:55.636 : --52 --> BSRGAN --> x4--> img_052.png
26-01-17 18:45:55.928 : ----PSNR/SSIM for (/root/media/quoc-huy/eval-wir/srbenchmarks/Urban100/LRblur_matlab_aniso, x4)---- : 23.5899dB / 0.8010
26-01-17 18:45:56.006 : --53 --> BSRGAN --> x4--> img_053.png
26-01-17 18:45:56.292 : ----PSNR/SSIM for (/root/media/quoc-huy/eval-wir/srbenchmarks/Urban100/LRblur_matlab_aniso, x4)---- : 18.3010dB / 0.5395
26-01-17 18:45:56.368 : --54 --> BSRGAN --> x4--> img_054.png
26-01-17 18:45:56.660 : ----PSNR/SSIM for (/root/media/quoc-huy/eval-wir/srbenchmarks/Urban100/LRblur_matlab_aniso, x4)---- : 18.0889dB / 0.5048
26-01-17 18:45:56.737 : --55 --> BSRGAN --> x4--> img_055.png
26-01-17 18:45:57.071 : ----PSNR/SSIM for (/root/media/quoc-huy/eval-wir/srbenchmarks/Urban100/LRblur_matlab_aniso, x4)---- : 25.2867dB / 0.8293
26-01-17 18:45:57.155 : --56 --> BSRGAN --> x4--> img_056.png
26-01-17 18:45:57.489 : ----PSNR/SSIM for (/root/media/quoc-huy/eval-wir/srbenchmarks/Urban100/LRblur_matlab_aniso, x4)---- : 20.2394dB / 0.5920
26-01-17 18:45:57.575 : --57 --> BSRGAN --> x4--> img_057.png
26-01-17 18:45:57.887 : ----PSNR/SSIM for (/root/media/quoc-huy/eval-wir/srbenchmarks/Urban100/LRblur_matlab_aniso, x4)---- : 24.9544dB / 0.7529
26-01-17 18:45:57.965 : --58 --> BSRGAN --> x4--> img_058.png
26-01-17 18:45:58.256 : ----PSNR/SSIM for (/root/media/quoc-huy/eval-wir/srbenchmarks/Urban100/LRblur_matlab_aniso, x4)---- : 19.7074dB / 0.6508
26-01-17 18:45:58.333 : --59 --> BSRGAN --> x4--> img_059.png
26-01-17 18:45:58.616 : ----PSNR/SSIM for (/root/media/quoc-huy/eval-wir/srbenchmarks/Urban100/LRblur_matlab_aniso, x4)---- : 19.1826dB / 0.6415
26-01-17 18:45:58.688 : --60 --> BSRGAN --> x4--> img_060.png
26-01-17 18:45:58.982 : ----PSNR/SSIM for (/root/media/quoc-huy/eval-wir/srbenchmarks/Urban100/LRblur_matlab_aniso, x4)---- : 19.1725dB / 0.4135
26-01-17 18:45:59.057 : --61 --> BSRGAN --> x4--> img_061.png
26-01-17 18:45:59.344 : ----PSNR/SSIM for (/root/media/quoc-huy/eval-wir/srbenchmarks/Urban100/LRblur_matlab_aniso, x4)---- : 20.0345dB / 0.5681
26-01-17 18:45:59.420 : --62 --> BSRGAN --> x4--> img_062.png
26-01-17 18:45:59.709 : ----PSNR/SSIM for (/root/media/quoc-huy/eval-wir/srbenchmarks/Urban100/LRblur_matlab_aniso, x4)---- : 18.0121dB / 0.6167
26-01-17 18:45:59.782 : --63 --> BSRGAN --> x4--> img_063.png
26-01-17 18:46:00.188 : ----PSNR/SSIM for (/root/media/quoc-huy/eval-wir/srbenchmarks/Urban100/LRblur_matlab_aniso, x4)---- : 18.1824dB / 0.4829
26-01-17 18:46:00.287 : --64 --> BSRGAN --> x4--> img_064.png
26-01-17 18:46:00.579 : ----PSNR/SSIM for (/root/media/quoc-huy/eval-wir/srbenchmarks/Urban100/LRblur_matlab_aniso, x4)---- : 21.5290dB / 0.5806
26-01-17 18:46:00.656 : --65 --> BSRGAN --> x4--> img_065.png
26-01-17 18:46:00.948 : ----PSNR/SSIM for (/root/media/quoc-huy/eval-wir/srbenchmarks/Urban100/LRblur_matlab_aniso, x4)---- : 21.5578dB / 0.5658
26-01-17 18:46:01.023 : --66 --> BSRGAN --> x4--> img_066.png
26-01-17 18:46:01.389 : ----PSNR/SSIM for (/root/media/quoc-huy/eval-wir/srbenchmarks/Urban100/LRblur_matlab_aniso, x4)---- : 19.4175dB / 0.5038
26-01-17 18:46:01.477 : --67 --> BSRGAN --> x4--> img_067.png
26-01-17 18:46:01.764 : ----PSNR/SSIM for (/root/media/quoc-huy/eval-wir/srbenchmarks/Urban100/LRblur_matlab_aniso, x4)---- : 15.6111dB / 0.7263
26-01-17 18:46:01.840 : --68 --> BSRGAN --> x4--> img_068.png
26-01-17 18:46:02.280 : ----PSNR/SSIM for (/root/media/quoc-huy/eval-wir/srbenchmarks/Urban100/LRblur_matlab_aniso, x4)---- : 25.0973dB / 0.7334
26-01-17 18:46:02.380 : --69 --> BSRGAN --> x4--> img_069.png
26-01-17 18:46:02.788 : ----PSNR/SSIM for (/root/media/quoc-huy/eval-wir/srbenchmarks/Urban100/LRblur_matlab_aniso, x4)---- : 20.8626dB / 0.5883
26-01-17 18:46:02.885 : --70 --> BSRGAN --> x4--> img_070.png
26-01-17 18:46:03.216 : ----PSNR/SSIM for (/root/media/quoc-huy/eval-wir/srbenchmarks/Urban100/LRblur_matlab_aniso, x4)---- : 19.6737dB / 0.4765
26-01-17 18:46:03.298 : --71 --> BSRGAN --> x4--> img_071.png
26-01-17 18:46:03.625 : ----PSNR/SSIM for (/root/media/quoc-huy/eval-wir/srbenchmarks/Urban100/LRblur_matlab_aniso, x4)---- : 24.6044dB / 0.4959
26-01-17 18:46:03.709 : --72 --> BSRGAN --> x4--> img_072.png
26-01-17 18:46:04.004 : ----PSNR/SSIM for (/root/media/quoc-huy/eval-wir/srbenchmarks/Urban100/LRblur_matlab_aniso, x4)---- : 16.1067dB / 0.6634
26-01-17 18:46:04.081 : --73 --> BSRGAN --> x4--> img_073.png
26-01-17 18:46:04.416 : ----PSNR/SSIM for (/root/media/quoc-huy/eval-wir/srbenchmarks/Urban100/LRblur_matlab_aniso, x4)---- : 17.1178dB / 0.3499
26-01-17 18:46:04.499 : --74 --> BSRGAN --> x4--> img_074.png
26-01-17 18:46:04.785 : ----PSNR/SSIM for (/root/media/quoc-huy/eval-wir/srbenchmarks/Urban100/LRblur_matlab_aniso, x4)---- : 20.6497dB / 0.5666
26-01-17 18:46:04.860 : --75 --> BSRGAN --> x4--> img_075.png
26-01-17 18:46:05.150 : ----PSNR/SSIM for (/root/media/quoc-huy/eval-wir/srbenchmarks/Urban100/LRblur_matlab_aniso, x4)---- : 26.6491dB / 0.7929
26-01-17 18:46:05.226 : --76 --> BSRGAN --> x4--> img_076.png
26-01-17 18:46:05.517 : ----PSNR/SSIM for (/root/media/quoc-huy/eval-wir/srbenchmarks/Urban100/LRblur_matlab_aniso, x4)---- : 19.3757dB / 0.5405
26-01-17 18:46:05.594 : --77 --> BSRGAN --> x4--> img_077.png
26-01-17 18:46:05.881 : ----PSNR/SSIM for (/root/media/quoc-huy/eval-wir/srbenchmarks/Urban100/LRblur_matlab_aniso, x4)---- : 19.5879dB / 0.5318
26-01-17 18:46:05.956 : --78 --> BSRGAN --> x4--> img_078.png
26-01-17 18:46:06.260 : ----PSNR/SSIM for (/root/media/quoc-huy/eval-wir/srbenchmarks/Urban100/LRblur_matlab_aniso, x4)---- : 23.4328dB / 0.6108
26-01-17 18:46:06.341 : --79 --> BSRGAN --> x4--> img_079.png
26-01-17 18:46:06.677 : ----PSNR/SSIM for (/root/media/quoc-huy/eval-wir/srbenchmarks/Urban100/LRblur_matlab_aniso, x4)---- : 21.7631dB / 0.5500
26-01-17 18:46:06.760 : --80 --> BSRGAN --> x4--> img_080.png
26-01-17 18:46:07.111 : ----PSNR/SSIM for (/root/media/quoc-huy/eval-wir/srbenchmarks/Urban100/LRblur_matlab_aniso, x4)---- : 28.7382dB / 0.8591
26-01-17 18:46:07.195 : --81 --> BSRGAN --> x4--> img_081.png
26-01-17 18:46:07.631 : ----PSNR/SSIM for (/root/media/quoc-huy/eval-wir/srbenchmarks/Urban100/LRblur_matlab_aniso, x4)---- : 27.7916dB / 0.8683
26-01-17 18:46:07.728 : --82 --> BSRGAN --> x4--> img_082.png
26-01-17 18:46:08.168 : ----PSNR/SSIM for (/root/media/quoc-huy/eval-wir/srbenchmarks/Urban100/LRblur_matlab_aniso, x4)---- : 24.4544dB / 0.8214
26-01-17 18:46:08.270 : --83 --> BSRGAN --> x4--> img_083.png
26-01-17 18:46:08.707 : ----PSNR/SSIM for (/root/media/quoc-huy/eval-wir/srbenchmarks/Urban100/LRblur_matlab_aniso, x4)---- : 19.0564dB / 0.5316
26-01-17 18:46:08.812 : --84 --> BSRGAN --> x4--> img_084.png
26-01-17 18:46:09.252 : ----PSNR/SSIM for (/root/media/quoc-huy/eval-wir/srbenchmarks/Urban100/LRblur_matlab_aniso, x4)---- : 23.6963dB / 0.6283
26-01-17 18:46:09.353 : --85 --> BSRGAN --> x4--> img_085.png
26-01-17 18:46:09.643 : ----PSNR/SSIM for (/root/media/quoc-huy/eval-wir/srbenchmarks/Urban100/LRblur_matlab_aniso, x4)---- : 23.0521dB / 0.8117
26-01-17 18:46:09.718 : --86 --> BSRGAN --> x4--> img_086.png
26-01-17 18:46:10.049 : ----PSNR/SSIM for (/root/media/quoc-huy/eval-wir/srbenchmarks/Urban100/LRblur_matlab_aniso, x4)---- : 25.4792dB / 0.7874
26-01-17 18:46:10.132 : --87 --> BSRGAN --> x4--> img_087.png
26-01-17 18:46:10.575 : ----PSNR/SSIM for (/root/media/quoc-huy/eval-wir/srbenchmarks/Urban100/LRblur_matlab_aniso, x4)---- : 22.2867dB / 0.7556
26-01-17 18:46:10.676 : --88 --> BSRGAN --> x4--> img_088.png
26-01-17 18:46:10.961 : ----PSNR/SSIM for (/root/media/quoc-huy/eval-wir/srbenchmarks/Urban100/LRblur_matlab_aniso, x4)---- : 16.7165dB / 0.3674
26-01-17 18:46:11.036 : --89 --> BSRGAN --> x4--> img_089.png
26-01-17 18:46:11.368 : ----PSNR/SSIM for (/root/media/quoc-huy/eval-wir/srbenchmarks/Urban100/LRblur_matlab_aniso, x4)---- : 22.8660dB / 0.5573
26-01-17 18:46:11.451 : --90 --> BSRGAN --> x4--> img_090.png
26-01-17 18:46:11.741 : ----PSNR/SSIM for (/root/media/quoc-huy/eval-wir/srbenchmarks/Urban100/LRblur_matlab_aniso, x4)---- : 28.7291dB / 0.8781
26-01-17 18:46:11.816 : --91 --> BSRGAN --> x4--> img_091.png
26-01-17 18:46:12.101 : ----PSNR/SSIM for (/root/media/quoc-huy/eval-wir/srbenchmarks/Urban100/LRblur_matlab_aniso, x4)---- : 19.9617dB / 0.4447
26-01-17 18:46:12.176 : --92 --> BSRGAN --> x4--> img_092.png
26-01-17 18:46:12.465 : ----PSNR/SSIM for (/root/media/quoc-huy/eval-wir/srbenchmarks/Urban100/LRblur_matlab_aniso, x4)---- : 15.6831dB / 0.4824
26-01-17 18:46:12.544 : --93 --> BSRGAN --> x4--> img_093.png
26-01-17 18:46:12.873 : ----PSNR/SSIM for (/root/media/quoc-huy/eval-wir/srbenchmarks/Urban100/LRblur_matlab_aniso, x4)---- : 21.2796dB / 0.7693
26-01-17 18:46:12.955 : --94 --> BSRGAN --> x4--> img_094.png
26-01-17 18:46:13.287 : ----PSNR/SSIM for (/root/media/quoc-huy/eval-wir/srbenchmarks/Urban100/LRblur_matlab_aniso, x4)---- : 23.7317dB / 0.6684
26-01-17 18:46:13.367 : --95 --> BSRGAN --> x4--> img_095.png
26-01-17 18:46:13.694 : ----PSNR/SSIM for (/root/media/quoc-huy/eval-wir/srbenchmarks/Urban100/LRblur_matlab_aniso, x4)---- : 17.5633dB / 0.2611
26-01-17 18:46:13.778 : --96 --> BSRGAN --> x4--> img_096.png
26-01-17 18:46:14.120 : ----PSNR/SSIM for (/root/media/quoc-huy/eval-wir/srbenchmarks/Urban100/LRblur_matlab_aniso, x4)---- : 19.8182dB / 0.7111
26-01-17 18:46:14.203 : --97 --> BSRGAN --> x4--> img_097.png
26-01-17 18:46:14.497 : ----PSNR/SSIM for (/root/media/quoc-huy/eval-wir/srbenchmarks/Urban100/LRblur_matlab_aniso, x4)---- : 20.9543dB / 0.6157
26-01-17 18:46:14.573 : --98 --> BSRGAN --> x4--> img_098.png
26-01-17 18:46:14.863 : ----PSNR/SSIM for (/root/media/quoc-huy/eval-wir/srbenchmarks/Urban100/LRblur_matlab_aniso, x4)---- : 17.8817dB / 0.3564
26-01-17 18:46:14.939 : --99 --> BSRGAN --> x4--> img_099.png
26-01-17 18:46:15.290 : ----PSNR/SSIM for (/root/media/quoc-huy/eval-wir/srbenchmarks/Urban100/LRblur_matlab_aniso, x4)---- : 20.9500dB / 0.6108
26-01-17 18:46:15.372 : -100 --> BSRGAN --> x4--> img_100.png
26-01-17 18:46:15.814 : ----PSNR/SSIM for (/root/media/quoc-huy/eval-wir/srbenchmarks/Urban100/LRblur_matlab_aniso, x4)---- : 22.2227dB / 0.6307
26-01-17 18:46:15.919 : Computing FID...
26-01-17 18:46:22.762 :  
26-01-17 18:47:20.118 :       Model Name : BSRNet
26-01-17 18:47:21.237 :       Input Path : /root/media/quoc-huy/eval-wir/srbenchmarks/Urban100/LRblur_matlab_aniso
26-01-17 18:47:21.237 :      Output Path : /root/quoc-huy/all-tested-results/BSRGAN/Urban100-LRblur_matlab_aniso
26-01-17 18:47:21.238 : ---1 --> BSRNet --> x4--> img_001.png
26-01-17 18:47:21.628 : ----PSNR/SSIM for (/root/media/quoc-huy/eval-wir/srbenchmarks/Urban100/LRblur_matlab_aniso, x4)---- : 25.0160dB / 0.6691
26-01-17 18:47:21.833 : ---2 --> BSRNet --> x4--> img_002.png
26-01-17 18:47:22.165 : ----PSNR/SSIM for (/root/media/quoc-huy/eval-wir/srbenchmarks/Urban100/LRblur_matlab_aniso, x4)---- : 22.8633dB / 0.7210
26-01-17 18:47:22.249 : ---3 --> BSRNet --> x4--> img_003.png
26-01-17 18:47:22.539 : ----PSNR/SSIM for (/root/media/quoc-huy/eval-wir/srbenchmarks/Urban100/LRblur_matlab_aniso, x4)---- : 21.3411dB / 0.5671
26-01-17 18:47:22.616 : ---4 --> BSRNet --> x4--> img_004.png
26-01-17 18:47:22.905 : ----PSNR/SSIM for (/root/media/quoc-huy/eval-wir/srbenchmarks/Urban100/LRblur_matlab_aniso, x4)---- : 19.5676dB / 0.6983
26-01-17 18:47:22.981 : ---5 --> BSRNet --> x4--> img_005.png
26-01-17 18:47:23.316 : ----PSNR/SSIM for (/root/media/quoc-huy/eval-wir/srbenchmarks/Urban100/LRblur_matlab_aniso, x4)---- : 23.0427dB / 0.8902
26-01-17 18:47:23.387 : ---6 --> BSRNet --> x4--> img_006.png
26-01-17 18:47:23.854 : ----PSNR/SSIM for (/root/media/quoc-huy/eval-wir/srbenchmarks/Urban100/LRblur_matlab_aniso, x4)---- : 19.6554dB / 0.4812
26-01-17 18:47:23.953 : ---7 --> BSRNet --> x4--> img_007.png
26-01-17 18:47:24.245 : ----PSNR/SSIM for (/root/media/quoc-huy/eval-wir/srbenchmarks/Urban100/LRblur_matlab_aniso, x4)---- : 25.7978dB / 0.7767
26-01-17 18:47:24.316 : ---8 --> BSRNet --> x4--> img_008.png
26-01-17 18:47:24.565 : ----PSNR/SSIM for (/root/media/quoc-huy/eval-wir/srbenchmarks/Urban100/LRblur_matlab_aniso, x4)---- : 18.7354dB / 0.5240
26-01-17 18:47:24.634 : ---9 --> BSRNet --> x4--> img_009.png
26-01-17 18:47:24.975 : ----PSNR/SSIM for (/root/media/quoc-huy/eval-wir/srbenchmarks/Urban100/LRblur_matlab_aniso, x4)---- : 29.9978dB / 0.8457
26-01-17 18:47:25.049 : --10 --> BSRNet --> x4--> img_010.png
26-01-17 18:47:25.395 : ----PSNR/SSIM for (/root/media/quoc-huy/eval-wir/srbenchmarks/Urban100/LRblur_matlab_aniso, x4)---- : 23.8962dB / 0.8181
26-01-17 18:47:25.474 : --11 --> BSRNet --> x4--> img_011.png
26-01-17 18:47:25.718 : ----PSNR/SSIM for (/root/media/quoc-huy/eval-wir/srbenchmarks/Urban100/LRblur_matlab_aniso, x4)---- : 14.8388dB / 0.6229
26-01-17 18:47:25.782 : --12 --> BSRNet --> x4--> img_012.png
26-01-17 18:47:26.109 : ----PSNR/SSIM for (/root/media/quoc-huy/eval-wir/srbenchmarks/Urban100/LRblur_matlab_aniso, x4)---- : 21.4386dB / 0.6134
26-01-17 18:47:26.189 : --13 --> BSRNet --> x4--> img_013.png
26-01-17 18:47:26.516 : ----PSNR/SSIM for (/root/media/quoc-huy/eval-wir/srbenchmarks/Urban100/LRblur_matlab_aniso, x4)---- : 25.4041dB / 0.7278
26-01-17 18:47:26.596 : --14 --> BSRNet --> x4--> img_014.png
26-01-17 18:47:27.031 : ----PSNR/SSIM for (/root/media/quoc-huy/eval-wir/srbenchmarks/Urban100/LRblur_matlab_aniso, x4)---- : 20.4204dB / 0.6106
26-01-17 18:47:27.129 : --15 --> BSRNet --> x4--> img_015.png
26-01-17 18:47:27.460 : ----PSNR/SSIM for (/root/media/quoc-huy/eval-wir/srbenchmarks/Urban100/LRblur_matlab_aniso, x4)---- : 22.3989dB / 0.6084
26-01-17 18:47:27.539 : --16 --> BSRNet --> x4--> img_016.png
26-01-17 18:47:27.966 : ----PSNR/SSIM for (/root/media/quoc-huy/eval-wir/srbenchmarks/Urban100/LRblur_matlab_aniso, x4)---- : 25.8355dB / 0.8498
26-01-17 18:47:28.052 : --17 --> BSRNet --> x4--> img_017.png
26-01-17 18:47:28.345 : ----PSNR/SSIM for (/root/media/quoc-huy/eval-wir/srbenchmarks/Urban100/LRblur_matlab_aniso, x4)---- : 22.5114dB / 0.7340
26-01-17 18:47:28.419 : --18 --> BSRNet --> x4--> img_018.png
26-01-17 18:47:28.749 : ----PSNR/SSIM for (/root/media/quoc-huy/eval-wir/srbenchmarks/Urban100/LRblur_matlab_aniso, x4)---- : 23.7617dB / 0.5958
26-01-17 18:47:28.831 : --19 --> BSRNet --> x4--> img_019.png
26-01-17 18:47:29.116 : ----PSNR/SSIM for (/root/media/quoc-huy/eval-wir/srbenchmarks/Urban100/LRblur_matlab_aniso, x4)---- : 18.4527dB / 0.6804
26-01-17 18:47:29.191 : --20 --> BSRNet --> x4--> img_020.png
26-01-17 18:47:29.698 : ----PSNR/SSIM for (/root/media/quoc-huy/eval-wir/srbenchmarks/Urban100/LRblur_matlab_aniso, x4)---- : 19.6558dB / 0.6106
26-01-17 18:47:29.816 : --21 --> BSRNet --> x4--> img_021.png
26-01-17 18:47:30.212 : ----PSNR/SSIM for (/root/media/quoc-huy/eval-wir/srbenchmarks/Urban100/LRblur_matlab_aniso, x4)---- : 26.2754dB / 0.6813
26-01-17 18:47:30.300 : --22 --> BSRNet --> x4--> img_022.png
26-01-17 18:47:30.588 : ----PSNR/SSIM for (/root/media/quoc-huy/eval-wir/srbenchmarks/Urban100/LRblur_matlab_aniso, x4)---- : 23.9607dB / 0.6929
26-01-17 18:47:30.655 : --23 --> BSRNet --> x4--> img_023.png
26-01-17 18:47:31.092 : ----PSNR/SSIM for (/root/media/quoc-huy/eval-wir/srbenchmarks/Urban100/LRblur_matlab_aniso, x4)---- : 25.6205dB / 0.8102
26-01-17 18:47:31.185 : --24 --> BSRNet --> x4--> img_024.png
26-01-17 18:47:31.469 : ----PSNR/SSIM for (/root/media/quoc-huy/eval-wir/srbenchmarks/Urban100/LRblur_matlab_aniso, x4)---- : 17.8803dB / 0.5449
26-01-17 18:47:31.543 : --25 --> BSRNet --> x4--> img_025.png
26-01-17 18:47:31.843 : ----PSNR/SSIM for (/root/media/quoc-huy/eval-wir/srbenchmarks/Urban100/LRblur_matlab_aniso, x4)---- : 27.8398dB / 0.8292
26-01-17 18:47:31.923 : --26 --> BSRNet --> x4--> img_026.png
26-01-17 18:47:32.252 : ----PSNR/SSIM for (/root/media/quoc-huy/eval-wir/srbenchmarks/Urban100/LRblur_matlab_aniso, x4)---- : 25.0856dB / 0.6248
26-01-17 18:47:32.332 : --27 --> BSRNet --> x4--> img_027.png
26-01-17 18:47:32.687 : ----PSNR/SSIM for (/root/media/quoc-huy/eval-wir/srbenchmarks/Urban100/LRblur_matlab_aniso, x4)---- : 26.2183dB / 0.7376
26-01-17 18:47:32.774 : --28 --> BSRNet --> x4--> img_028.png
26-01-17 18:47:33.057 : ----PSNR/SSIM for (/root/media/quoc-huy/eval-wir/srbenchmarks/Urban100/LRblur_matlab_aniso, x4)---- : 27.8442dB / 0.7978
26-01-17 18:47:33.124 : --29 --> BSRNet --> x4--> img_029.png
26-01-17 18:47:33.413 : ----PSNR/SSIM for (/root/media/quoc-huy/eval-wir/srbenchmarks/Urban100/LRblur_matlab_aniso, x4)---- : 23.6445dB / 0.7804
26-01-17 18:47:33.489 : --30 --> BSRNet --> x4--> img_030.png
26-01-17 18:47:33.779 : ----PSNR/SSIM for (/root/media/quoc-huy/eval-wir/srbenchmarks/Urban100/LRblur_matlab_aniso, x4)---- : 21.1907dB / 0.6992
26-01-17 18:47:33.855 : --31 --> BSRNet --> x4--> img_031.png
26-01-17 18:47:34.140 : ----PSNR/SSIM for (/root/media/quoc-huy/eval-wir/srbenchmarks/Urban100/LRblur_matlab_aniso, x4)---- : 21.6279dB / 0.6822
26-01-17 18:47:34.214 : --32 --> BSRNet --> x4--> img_032.png
26-01-17 18:47:34.501 : ----PSNR/SSIM for (/root/media/quoc-huy/eval-wir/srbenchmarks/Urban100/LRblur_matlab_aniso, x4)---- : 25.7535dB / 0.7569
26-01-17 18:47:34.573 : --33 --> BSRNet --> x4--> img_033.png
26-01-17 18:47:34.860 : ----PSNR/SSIM for (/root/media/quoc-huy/eval-wir/srbenchmarks/Urban100/LRblur_matlab_aniso, x4)---- : 24.0809dB / 0.6929
26-01-17 18:47:34.932 : --34 --> BSRNet --> x4--> img_034.png
26-01-17 18:47:35.220 : ----PSNR/SSIM for (/root/media/quoc-huy/eval-wir/srbenchmarks/Urban100/LRblur_matlab_aniso, x4)---- : 20.5295dB / 0.4672
26-01-17 18:47:35.296 : --35 --> BSRNet --> x4--> img_035.png
26-01-17 18:47:35.585 : ----PSNR/SSIM for (/root/media/quoc-huy/eval-wir/srbenchmarks/Urban100/LRblur_matlab_aniso, x4)---- : 23.6359dB / 0.7958
26-01-17 18:47:35.659 : --36 --> BSRNet --> x4--> img_036.png
26-01-17 18:47:35.951 : ----PSNR/SSIM for (/root/media/quoc-huy/eval-wir/srbenchmarks/Urban100/LRblur_matlab_aniso, x4)---- : 25.8508dB / 0.8202
26-01-17 18:47:36.029 : --37 --> BSRNet --> x4--> img_037.png
26-01-17 18:47:36.359 : ----PSNR/SSIM for (/root/media/quoc-huy/eval-wir/srbenchmarks/Urban100/LRblur_matlab_aniso, x4)---- : 22.8385dB / 0.6928
26-01-17 18:47:36.439 : --38 --> BSRNet --> x4--> img_038.png
26-01-17 18:47:36.769 : ----PSNR/SSIM for (/root/media/quoc-huy/eval-wir/srbenchmarks/Urban100/LRblur_matlab_aniso, x4)---- : 23.9166dB / 0.5272
26-01-17 18:47:36.849 : --39 --> BSRNet --> x4--> img_039.png
26-01-17 18:47:37.182 : ----PSNR/SSIM for (/root/media/quoc-huy/eval-wir/srbenchmarks/Urban100/LRblur_matlab_aniso, x4)---- : 20.4793dB / 0.6386
26-01-17 18:47:37.260 : --40 --> BSRNet --> x4--> img_040.png
26-01-17 18:47:37.507 : ----PSNR/SSIM for (/root/media/quoc-huy/eval-wir/srbenchmarks/Urban100/LRblur_matlab_aniso, x4)---- : 20.1234dB / 0.8130
26-01-17 18:47:37.571 : --41 --> BSRNet --> x4--> img_041.png
26-01-17 18:47:37.858 : ----PSNR/SSIM for (/root/media/quoc-huy/eval-wir/srbenchmarks/Urban100/LRblur_matlab_aniso, x4)---- : 22.0737dB / 0.7808
26-01-17 18:47:37.936 : --42 --> BSRNet --> x4--> img_042.png
26-01-17 18:47:38.225 : ----PSNR/SSIM for (/root/media/quoc-huy/eval-wir/srbenchmarks/Urban100/LRblur_matlab_aniso, x4)---- : 24.2332dB / 0.7849
26-01-17 18:47:38.298 : --43 --> BSRNet --> x4--> img_043.png
26-01-17 18:47:38.582 : ----PSNR/SSIM for (/root/media/quoc-huy/eval-wir/srbenchmarks/Urban100/LRblur_matlab_aniso, x4)---- : 25.4274dB / 0.8500
26-01-17 18:47:38.657 : --44 --> BSRNet --> x4--> img_044.png
26-01-17 18:47:38.947 : ----PSNR/SSIM for (/root/media/quoc-huy/eval-wir/srbenchmarks/Urban100/LRblur_matlab_aniso, x4)---- : 26.5155dB / 0.7407
26-01-17 18:47:39.020 : --45 --> BSRNet --> x4--> img_045.png
26-01-17 18:47:39.344 : ----PSNR/SSIM for (/root/media/quoc-huy/eval-wir/srbenchmarks/Urban100/LRblur_matlab_aniso, x4)---- : 20.0973dB / 0.5692
26-01-17 18:47:39.430 : --46 --> BSRNet --> x4--> img_046.png
26-01-17 18:47:39.726 : ----PSNR/SSIM for (/root/media/quoc-huy/eval-wir/srbenchmarks/Urban100/LRblur_matlab_aniso, x4)---- : 21.9141dB / 0.7049
26-01-17 18:47:39.795 : --47 --> BSRNet --> x4--> img_047.png
26-01-17 18:47:40.058 : ----PSNR/SSIM for (/root/media/quoc-huy/eval-wir/srbenchmarks/Urban100/LRblur_matlab_aniso, x4)---- : 19.1185dB / 0.6520
26-01-17 18:47:40.128 : --48 --> BSRNet --> x4--> img_048.png
26-01-17 18:47:40.415 : ----PSNR/SSIM for (/root/media/quoc-huy/eval-wir/srbenchmarks/Urban100/LRblur_matlab_aniso, x4)---- : 17.2848dB / 0.6973
26-01-17 18:47:40.486 : --49 --> BSRNet --> x4--> img_049.png
26-01-17 18:47:40.782 : ----PSNR/SSIM for (/root/media/quoc-huy/eval-wir/srbenchmarks/Urban100/LRblur_matlab_aniso, x4)---- : 19.9533dB / 0.6134
26-01-17 18:47:40.855 : --50 --> BSRNet --> x4--> img_050.png
26-01-17 18:47:41.145 : ----PSNR/SSIM for (/root/media/quoc-huy/eval-wir/srbenchmarks/Urban100/LRblur_matlab_aniso, x4)---- : 22.6091dB / 0.6726
26-01-17 18:47:41.217 : --51 --> BSRNet --> x4--> img_051.png
26-01-17 18:47:41.508 : ----PSNR/SSIM for (/root/media/quoc-huy/eval-wir/srbenchmarks/Urban100/LRblur_matlab_aniso, x4)---- : 23.9230dB / 0.7478
26-01-17 18:47:41.584 : --52 --> BSRNet --> x4--> img_052.png
26-01-17 18:47:41.878 : ----PSNR/SSIM for (/root/media/quoc-huy/eval-wir/srbenchmarks/Urban100/LRblur_matlab_aniso, x4)---- : 25.0546dB / 0.8359
26-01-17 18:47:41.953 : --53 --> BSRNet --> x4--> img_053.png
26-01-17 18:47:42.239 : ----PSNR/SSIM for (/root/media/quoc-huy/eval-wir/srbenchmarks/Urban100/LRblur_matlab_aniso, x4)---- : 19.6325dB / 0.6163
26-01-17 18:47:42.313 : --54 --> BSRNet --> x4--> img_054.png
26-01-17 18:47:42.607 : ----PSNR/SSIM for (/root/media/quoc-huy/eval-wir/srbenchmarks/Urban100/LRblur_matlab_aniso, x4)---- : 19.0044dB / 0.5589
26-01-17 18:47:42.681 : --55 --> BSRNet --> x4--> img_055.png
26-01-17 18:47:43.015 : ----PSNR/SSIM for (/root/media/quoc-huy/eval-wir/srbenchmarks/Urban100/LRblur_matlab_aniso, x4)---- : 27.9890dB / 0.8815
26-01-17 18:47:43.096 : --56 --> BSRNet --> x4--> img_056.png
26-01-17 18:47:43.431 : ----PSNR/SSIM for (/root/media/quoc-huy/eval-wir/srbenchmarks/Urban100/LRblur_matlab_aniso, x4)---- : 21.8202dB / 0.6646
26-01-17 18:47:43.515 : --57 --> BSRNet --> x4--> img_057.png
26-01-17 18:47:43.818 : ----PSNR/SSIM for (/root/media/quoc-huy/eval-wir/srbenchmarks/Urban100/LRblur_matlab_aniso, x4)---- : 26.2212dB / 0.8000
26-01-17 18:47:43.894 : --58 --> BSRNet --> x4--> img_058.png
26-01-17 18:47:44.186 : ----PSNR/SSIM for (/root/media/quoc-huy/eval-wir/srbenchmarks/Urban100/LRblur_matlab_aniso, x4)---- : 21.5263dB / 0.7328
26-01-17 18:47:44.261 : --59 --> BSRNet --> x4--> img_059.png
26-01-17 18:47:44.546 : ----PSNR/SSIM for (/root/media/quoc-huy/eval-wir/srbenchmarks/Urban100/LRblur_matlab_aniso, x4)---- : 19.3150dB / 0.6512
26-01-17 18:47:44.613 : --60 --> BSRNet --> x4--> img_060.png
26-01-17 18:47:44.907 : ----PSNR/SSIM for (/root/media/quoc-huy/eval-wir/srbenchmarks/Urban100/LRblur_matlab_aniso, x4)---- : 20.1863dB / 0.4646
26-01-17 18:47:44.983 : --61 --> BSRNet --> x4--> img_061.png
26-01-17 18:47:45.271 : ----PSNR/SSIM for (/root/media/quoc-huy/eval-wir/srbenchmarks/Urban100/LRblur_matlab_aniso, x4)---- : 21.7366dB / 0.6477
26-01-17 18:47:45.346 : --62 --> BSRNet --> x4--> img_062.png
26-01-17 18:47:45.634 : ----PSNR/SSIM for (/root/media/quoc-huy/eval-wir/srbenchmarks/Urban100/LRblur_matlab_aniso, x4)---- : 18.6324dB / 0.6431
26-01-17 18:47:45.706 : --63 --> BSRNet --> x4--> img_063.png
26-01-17 18:47:46.123 : ----PSNR/SSIM for (/root/media/quoc-huy/eval-wir/srbenchmarks/Urban100/LRblur_matlab_aniso, x4)---- : 18.8988dB / 0.4991
26-01-17 18:47:46.220 : --64 --> BSRNet --> x4--> img_064.png
26-01-17 18:47:46.513 : ----PSNR/SSIM for (/root/media/quoc-huy/eval-wir/srbenchmarks/Urban100/LRblur_matlab_aniso, x4)---- : 23.7277dB / 0.6927
26-01-17 18:47:46.590 : --65 --> BSRNet --> x4--> img_065.png
26-01-17 18:47:46.884 : ----PSNR/SSIM for (/root/media/quoc-huy/eval-wir/srbenchmarks/Urban100/LRblur_matlab_aniso, x4)---- : 23.1096dB / 0.6385
26-01-17 18:47:46.959 : --66 --> BSRNet --> x4--> img_066.png
26-01-17 18:47:47.325 : ----PSNR/SSIM for (/root/media/quoc-huy/eval-wir/srbenchmarks/Urban100/LRblur_matlab_aniso, x4)---- : 20.2673dB / 0.5536
26-01-17 18:47:47.417 : --67 --> BSRNet --> x4--> img_067.png
26-01-17 18:47:47.706 : ----PSNR/SSIM for (/root/media/quoc-huy/eval-wir/srbenchmarks/Urban100/LRblur_matlab_aniso, x4)---- : 16.4596dB / 0.7699
26-01-17 18:47:47.777 : --68 --> BSRNet --> x4--> img_068.png
26-01-17 18:47:48.221 : ----PSNR/SSIM for (/root/media/quoc-huy/eval-wir/srbenchmarks/Urban100/LRblur_matlab_aniso, x4)---- : 26.4309dB / 0.7938
26-01-17 18:47:48.317 : --69 --> BSRNet --> x4--> img_069.png
26-01-17 18:47:48.727 : ----PSNR/SSIM for (/root/media/quoc-huy/eval-wir/srbenchmarks/Urban100/LRblur_matlab_aniso, x4)---- : 21.9968dB / 0.6377
26-01-17 18:47:48.821 : --70 --> BSRNet --> x4--> img_070.png
26-01-17 18:47:49.153 : ----PSNR/SSIM for (/root/media/quoc-huy/eval-wir/srbenchmarks/Urban100/LRblur_matlab_aniso, x4)---- : 20.3438dB / 0.5152
26-01-17 18:47:49.232 : --71 --> BSRNet --> x4--> img_071.png
26-01-17 18:47:49.561 : ----PSNR/SSIM for (/root/media/quoc-huy/eval-wir/srbenchmarks/Urban100/LRblur_matlab_aniso, x4)---- : 25.4061dB / 0.5389
26-01-17 18:47:49.640 : --72 --> BSRNet --> x4--> img_072.png
26-01-17 18:47:49.927 : ----PSNR/SSIM for (/root/media/quoc-huy/eval-wir/srbenchmarks/Urban100/LRblur_matlab_aniso, x4)---- : 17.2279dB / 0.7156
26-01-17 18:47:50.001 : --73 --> BSRNet --> x4--> img_073.png
26-01-17 18:47:50.337 : ----PSNR/SSIM for (/root/media/quoc-huy/eval-wir/srbenchmarks/Urban100/LRblur_matlab_aniso, x4)---- : 17.9357dB / 0.4156
26-01-17 18:47:50.418 : --74 --> BSRNet --> x4--> img_074.png
26-01-17 18:47:50.704 : ----PSNR/SSIM for (/root/media/quoc-huy/eval-wir/srbenchmarks/Urban100/LRblur_matlab_aniso, x4)---- : 21.3951dB / 0.5996
26-01-17 18:47:50.777 : --75 --> BSRNet --> x4--> img_075.png
26-01-17 18:47:51.069 : ----PSNR/SSIM for (/root/media/quoc-huy/eval-wir/srbenchmarks/Urban100/LRblur_matlab_aniso, x4)---- : 27.6926dB / 0.8193
26-01-17 18:47:51.141 : --76 --> BSRNet --> x4--> img_076.png
26-01-17 18:47:51.434 : ----PSNR/SSIM for (/root/media/quoc-huy/eval-wir/srbenchmarks/Urban100/LRblur_matlab_aniso, x4)---- : 19.8277dB / 0.5684
26-01-17 18:47:51.508 : --77 --> BSRNet --> x4--> img_077.png
26-01-17 18:47:51.798 : ----PSNR/SSIM for (/root/media/quoc-huy/eval-wir/srbenchmarks/Urban100/LRblur_matlab_aniso, x4)---- : 20.6956dB / 0.5909
26-01-17 18:47:51.871 : --78 --> BSRNet --> x4--> img_078.png
26-01-17 18:47:52.178 : ----PSNR/SSIM for (/root/media/quoc-huy/eval-wir/srbenchmarks/Urban100/LRblur_matlab_aniso, x4)---- : 24.2509dB / 0.6521
26-01-17 18:47:52.255 : --79 --> BSRNet --> x4--> img_079.png
26-01-17 18:47:52.588 : ----PSNR/SSIM for (/root/media/quoc-huy/eval-wir/srbenchmarks/Urban100/LRblur_matlab_aniso, x4)---- : 22.9746dB / 0.6009
26-01-17 18:47:52.668 : --80 --> BSRNet --> x4--> img_080.png
26-01-17 18:47:53.026 : ----PSNR/SSIM for (/root/media/quoc-huy/eval-wir/srbenchmarks/Urban100/LRblur_matlab_aniso, x4)---- : 31.3526dB / 0.9019
26-01-17 18:47:53.101 : --81 --> BSRNet --> x4--> img_081.png
26-01-17 18:47:53.544 : ----PSNR/SSIM for (/root/media/quoc-huy/eval-wir/srbenchmarks/Urban100/LRblur_matlab_aniso, x4)---- : 28.7020dB / 0.8912
26-01-17 18:47:53.643 : --82 --> BSRNet --> x4--> img_082.png
26-01-17 18:47:54.095 : ----PSNR/SSIM for (/root/media/quoc-huy/eval-wir/srbenchmarks/Urban100/LRblur_matlab_aniso, x4)---- : 26.5110dB / 0.8674
26-01-17 18:47:54.190 : --83 --> BSRNet --> x4--> img_083.png
26-01-17 18:47:54.635 : ----PSNR/SSIM for (/root/media/quoc-huy/eval-wir/srbenchmarks/Urban100/LRblur_matlab_aniso, x4)---- : 19.9013dB / 0.5817
26-01-17 18:47:54.740 : --84 --> BSRNet --> x4--> img_084.png
26-01-17 18:47:55.186 : ----PSNR/SSIM for (/root/media/quoc-huy/eval-wir/srbenchmarks/Urban100/LRblur_matlab_aniso, x4)---- : 25.6466dB / 0.7199
26-01-17 18:47:55.288 : --85 --> BSRNet --> x4--> img_085.png
26-01-17 18:47:55.577 : ----PSNR/SSIM for (/root/media/quoc-huy/eval-wir/srbenchmarks/Urban100/LRblur_matlab_aniso, x4)---- : 25.0224dB / 0.8457
26-01-17 18:47:55.645 : --86 --> BSRNet --> x4--> img_086.png
26-01-17 18:47:55.979 : ----PSNR/SSIM for (/root/media/quoc-huy/eval-wir/srbenchmarks/Urban100/LRblur_matlab_aniso, x4)---- : 27.0056dB / 0.8221
26-01-17 18:47:56.049 : --87 --> BSRNet --> x4--> img_087.png
26-01-17 18:47:56.501 : ----PSNR/SSIM for (/root/media/quoc-huy/eval-wir/srbenchmarks/Urban100/LRblur_matlab_aniso, x4)---- : 23.8274dB / 0.8057
26-01-17 18:47:56.601 : --88 --> BSRNet --> x4--> img_088.png
26-01-17 18:47:56.888 : ----PSNR/SSIM for (/root/media/quoc-huy/eval-wir/srbenchmarks/Urban100/LRblur_matlab_aniso, x4)---- : 17.4927dB / 0.4137
26-01-17 18:47:56.963 : --89 --> BSRNet --> x4--> img_089.png
26-01-17 18:47:57.297 : ----PSNR/SSIM for (/root/media/quoc-huy/eval-wir/srbenchmarks/Urban100/LRblur_matlab_aniso, x4)---- : 24.3067dB / 0.6184
26-01-17 18:47:57.378 : --90 --> BSRNet --> x4--> img_090.png
26-01-17 18:47:57.668 : ----PSNR/SSIM for (/root/media/quoc-huy/eval-wir/srbenchmarks/Urban100/LRblur_matlab_aniso, x4)---- : 31.0700dB / 0.9244
26-01-17 18:47:57.737 : --91 --> BSRNet --> x4--> img_091.png
26-01-17 18:47:58.024 : ----PSNR/SSIM for (/root/media/quoc-huy/eval-wir/srbenchmarks/Urban100/LRblur_matlab_aniso, x4)---- : 21.1129dB / 0.5089
26-01-17 18:47:58.097 : --92 --> BSRNet --> x4--> img_092.png
26-01-17 18:47:58.388 : ----PSNR/SSIM for (/root/media/quoc-huy/eval-wir/srbenchmarks/Urban100/LRblur_matlab_aniso, x4)---- : 16.1824dB / 0.5144
26-01-17 18:47:58.462 : --93 --> BSRNet --> x4--> img_093.png
26-01-17 18:47:58.794 : ----PSNR/SSIM for (/root/media/quoc-huy/eval-wir/srbenchmarks/Urban100/LRblur_matlab_aniso, x4)---- : 22.2052dB / 0.8049
26-01-17 18:47:58.871 : --94 --> BSRNet --> x4--> img_094.png
26-01-17 18:47:59.207 : ----PSNR/SSIM for (/root/media/quoc-huy/eval-wir/srbenchmarks/Urban100/LRblur_matlab_aniso, x4)---- : 24.8574dB / 0.7095
26-01-17 18:47:59.282 : --95 --> BSRNet --> x4--> img_095.png
26-01-17 18:47:59.610 : ----PSNR/SSIM for (/root/media/quoc-huy/eval-wir/srbenchmarks/Urban100/LRblur_matlab_aniso, x4)---- : 17.8074dB / 0.2741
26-01-17 18:47:59.691 : --96 --> BSRNet --> x4--> img_096.png
26-01-17 18:48:00.026 : ----PSNR/SSIM for (/root/media/quoc-huy/eval-wir/srbenchmarks/Urban100/LRblur_matlab_aniso, x4)---- : 21.6758dB / 0.7739
26-01-17 18:48:00.102 : --97 --> BSRNet --> x4--> img_097.png
26-01-17 18:48:00.395 : ----PSNR/SSIM for (/root/media/quoc-huy/eval-wir/srbenchmarks/Urban100/LRblur_matlab_aniso, x4)---- : 22.1717dB / 0.6754
26-01-17 18:48:00.468 : --98 --> BSRNet --> x4--> img_098.png
26-01-17 18:48:00.760 : ----PSNR/SSIM for (/root/media/quoc-huy/eval-wir/srbenchmarks/Urban100/LRblur_matlab_aniso, x4)---- : 18.4310dB / 0.3838
26-01-17 18:48:00.832 : --99 --> BSRNet --> x4--> img_099.png
26-01-17 18:48:01.185 : ----PSNR/SSIM for (/root/media/quoc-huy/eval-wir/srbenchmarks/Urban100/LRblur_matlab_aniso, x4)---- : 22.0304dB / 0.6427
26-01-17 18:48:01.265 : -100 --> BSRNet --> x4--> img_100.png
26-01-17 18:48:01.710 : ----PSNR/SSIM for (/root/media/quoc-huy/eval-wir/srbenchmarks/Urban100/LRblur_matlab_aniso, x4)---- : 22.7076dB / 0.6386
26-01-17 18:48:01.820 : Computing FID...
26-01-17 18:48:08.683 :  
26-01-17 18:48:58.213 :       Model Name : BSRNet
26-01-17 18:48:59.337 :       Input Path : /root/media/quoc-huy/eval-wir/srbenchmarks/BSD100/LRblur_matlab_aniso
26-01-17 18:48:59.337 :      Output Path : /root/quoc-huy/all-tested-results/BSRGAN/BSD100-LRblur_matlab_aniso
26-01-17 18:48:59.338 : ---1 --> BSRNet --> x4--> 101085.png
26-01-17 18:48:59.499 : ----PSNR/SSIM for (/root/media/quoc-huy/eval-wir/srbenchmarks/BSD100/LRblur_matlab_aniso, x4)---- : 21.9542dB / 0.4720
26-01-17 18:48:59.675 : ---2 --> BSRNet --> x4--> 101087.png
26-01-17 18:48:59.751 : ----PSNR/SSIM for (/root/media/quoc-huy/eval-wir/srbenchmarks/BSD100/LRblur_matlab_aniso, x4)---- : 26.0943dB / 0.7535
26-01-17 18:48:59.790 : ---3 --> BSRNet --> x4--> 102061.png
26-01-17 18:48:59.863 : ----PSNR/SSIM for (/root/media/quoc-huy/eval-wir/srbenchmarks/BSD100/LRblur_matlab_aniso, x4)---- : 24.3380dB / 0.7513
26-01-17 18:48:59.899 : ---4 --> BSRNet --> x4--> 103070.png
26-01-17 18:48:59.973 : ----PSNR/SSIM for (/root/media/quoc-huy/eval-wir/srbenchmarks/BSD100/LRblur_matlab_aniso, x4)---- : 28.0862dB / 0.7771
26-01-17 18:49:00.011 : ---5 --> BSRNet --> x4--> 105025.png
26-01-17 18:49:00.076 : ----PSNR/SSIM for (/root/media/quoc-huy/eval-wir/srbenchmarks/BSD100/LRblur_matlab_aniso, x4)---- : 23.9322dB / 0.6094
26-01-17 18:49:00.110 : ---6 --> BSRNet --> x4--> 106024.png
26-01-17 18:49:00.174 : ----PSNR/SSIM for (/root/media/quoc-huy/eval-wir/srbenchmarks/BSD100/LRblur_matlab_aniso, x4)---- : 31.0340dB / 0.8509
26-01-17 18:49:00.209 : ---7 --> BSRNet --> x4--> 108005.png
26-01-17 18:49:00.274 : ----PSNR/SSIM for (/root/media/quoc-huy/eval-wir/srbenchmarks/BSD100/LRblur_matlab_aniso, x4)---- : 23.8126dB / 0.6377
26-01-17 18:49:00.309 : ---8 --> BSRNet --> x4--> 108070.png
26-01-17 18:49:00.374 : ----PSNR/SSIM for (/root/media/quoc-huy/eval-wir/srbenchmarks/BSD100/LRblur_matlab_aniso, x4)---- : 21.0523dB / 0.4552
26-01-17 18:49:00.409 : ---9 --> BSRNet --> x4--> 108082.png
26-01-17 18:49:00.474 : ----PSNR/SSIM for (/root/media/quoc-huy/eval-wir/srbenchmarks/BSD100/LRblur_matlab_aniso, x4)---- : 25.0527dB / 0.7028
26-01-17 18:49:00.508 : --10 --> BSRNet --> x4--> 109053.png
26-01-17 18:49:00.573 : ----PSNR/SSIM for (/root/media/quoc-huy/eval-wir/srbenchmarks/BSD100/LRblur_matlab_aniso, x4)---- : 26.9618dB / 0.7291
26-01-17 18:49:00.607 : --11 --> BSRNet --> x4--> 119082.png
26-01-17 18:49:00.673 : ----PSNR/SSIM for (/root/media/quoc-huy/eval-wir/srbenchmarks/BSD100/LRblur_matlab_aniso, x4)---- : 22.0107dB / 0.6270
26-01-17 18:49:00.707 : --12 --> BSRNet --> x4--> 12084.png
26-01-17 18:49:00.772 : ----PSNR/SSIM for (/root/media/quoc-huy/eval-wir/srbenchmarks/BSD100/LRblur_matlab_aniso, x4)---- : 24.7995dB / 0.6021
26-01-17 18:49:00.809 : --13 --> BSRNet --> x4--> 123074.png
26-01-17 18:49:00.875 : ----PSNR/SSIM for (/root/media/quoc-huy/eval-wir/srbenchmarks/BSD100/LRblur_matlab_aniso, x4)---- : 27.3344dB / 0.7245
26-01-17 18:49:00.910 : --14 --> BSRNet --> x4--> 126007.png
26-01-17 18:49:00.976 : ----PSNR/SSIM for (/root/media/quoc-huy/eval-wir/srbenchmarks/BSD100/LRblur_matlab_aniso, x4)---- : 26.5946dB / 0.7540
26-01-17 18:49:01.010 : --15 --> BSRNet --> x4--> 130026.png
26-01-17 18:49:01.074 : ----PSNR/SSIM for (/root/media/quoc-huy/eval-wir/srbenchmarks/BSD100/LRblur_matlab_aniso, x4)---- : 22.8788dB / 0.5682
26-01-17 18:49:01.111 : --16 --> BSRNet --> x4--> 134035.png
26-01-17 18:49:01.177 : ----PSNR/SSIM for (/root/media/quoc-huy/eval-wir/srbenchmarks/BSD100/LRblur_matlab_aniso, x4)---- : 21.9417dB / 0.6519
26-01-17 18:49:01.213 : --17 --> BSRNet --> x4--> 14037.png
26-01-17 18:49:01.279 : ----PSNR/SSIM for (/root/media/quoc-huy/eval-wir/srbenchmarks/BSD100/LRblur_matlab_aniso, x4)---- : 31.1684dB / 0.8322
26-01-17 18:49:01.314 : --18 --> BSRNet --> x4--> 143090.png
26-01-17 18:49:01.380 : ----PSNR/SSIM for (/root/media/quoc-huy/eval-wir/srbenchmarks/BSD100/LRblur_matlab_aniso, x4)---- : 29.8838dB / 0.8407
26-01-17 18:49:01.414 : --19 --> BSRNet --> x4--> 145086.png
26-01-17 18:49:01.479 : ----PSNR/SSIM for (/root/media/quoc-huy/eval-wir/srbenchmarks/BSD100/LRblur_matlab_aniso, x4)---- : 23.8992dB / 0.6550
26-01-17 18:49:01.513 : --20 --> BSRNet --> x4--> 147091.png
26-01-17 18:49:01.579 : ----PSNR/SSIM for (/root/media/quoc-huy/eval-wir/srbenchmarks/BSD100/LRblur_matlab_aniso, x4)---- : 23.7251dB / 0.7342
26-01-17 18:49:01.613 : --21 --> BSRNet --> x4--> 148026.png
26-01-17 18:49:01.680 : ----PSNR/SSIM for (/root/media/quoc-huy/eval-wir/srbenchmarks/BSD100/LRblur_matlab_aniso, x4)---- : 19.5869dB / 0.5604
26-01-17 18:49:01.716 : --22 --> BSRNet --> x4--> 148089.png
26-01-17 18:49:01.781 : ----PSNR/SSIM for (/root/media/quoc-huy/eval-wir/srbenchmarks/BSD100/LRblur_matlab_aniso, x4)---- : 21.3944dB / 0.5015
26-01-17 18:49:01.817 : --23 --> BSRNet --> x4--> 156065.png
26-01-17 18:49:01.881 : ----PSNR/SSIM for (/root/media/quoc-huy/eval-wir/srbenchmarks/BSD100/LRblur_matlab_aniso, x4)---- : 22.9919dB / 0.4709
26-01-17 18:49:01.917 : --24 --> BSRNet --> x4--> 157055.png
26-01-17 18:49:01.983 : ----PSNR/SSIM for (/root/media/quoc-huy/eval-wir/srbenchmarks/BSD100/LRblur_matlab_aniso, x4)---- : 24.0304dB / 0.7011
26-01-17 18:49:02.019 : --25 --> BSRNet --> x4--> 159008.png
26-01-17 18:49:02.084 : ----PSNR/SSIM for (/root/media/quoc-huy/eval-wir/srbenchmarks/BSD100/LRblur_matlab_aniso, x4)---- : 24.2656dB / 0.7356
26-01-17 18:49:02.119 : --26 --> BSRNet --> x4--> 160068.png
26-01-17 18:49:02.185 : ----PSNR/SSIM for (/root/media/quoc-huy/eval-wir/srbenchmarks/BSD100/LRblur_matlab_aniso, x4)---- : 24.5389dB / 0.7786
26-01-17 18:49:02.218 : --27 --> BSRNet --> x4--> 16077.png
26-01-17 18:49:02.284 : ----PSNR/SSIM for (/root/media/quoc-huy/eval-wir/srbenchmarks/BSD100/LRblur_matlab_aniso, x4)---- : 25.1375dB / 0.6397
26-01-17 18:49:02.319 : --28 --> BSRNet --> x4--> 163085.png
26-01-17 18:49:02.384 : ----PSNR/SSIM for (/root/media/quoc-huy/eval-wir/srbenchmarks/BSD100/LRblur_matlab_aniso, x4)---- : 26.7896dB / 0.7148
26-01-17 18:49:02.418 : --29 --> BSRNet --> x4--> 167062.png
26-01-17 18:49:02.482 : ----PSNR/SSIM for (/root/media/quoc-huy/eval-wir/srbenchmarks/BSD100/LRblur_matlab_aniso, x4)---- : 28.5396dB / 0.8306
26-01-17 18:49:02.514 : --30 --> BSRNet --> x4--> 167083.png
26-01-17 18:49:02.580 : ----PSNR/SSIM for (/root/media/quoc-huy/eval-wir/srbenchmarks/BSD100/LRblur_matlab_aniso, x4)---- : 18.0930dB / 0.4084
26-01-17 18:49:02.615 : --31 --> BSRNet --> x4--> 170057.png
26-01-17 18:49:02.680 : ----PSNR/SSIM for (/root/media/quoc-huy/eval-wir/srbenchmarks/BSD100/LRblur_matlab_aniso, x4)---- : 27.0776dB / 0.7279
26-01-17 18:49:02.716 : --32 --> BSRNet --> x4--> 175032.png
26-01-17 18:49:02.782 : ----PSNR/SSIM for (/root/media/quoc-huy/eval-wir/srbenchmarks/BSD100/LRblur_matlab_aniso, x4)---- : 19.1422dB / 0.3163
26-01-17 18:49:02.816 : --33 --> BSRNet --> x4--> 175043.png
26-01-17 18:49:02.881 : ----PSNR/SSIM for (/root/media/quoc-huy/eval-wir/srbenchmarks/BSD100/LRblur_matlab_aniso, x4)---- : 22.6620dB / 0.5472
26-01-17 18:49:02.916 : --34 --> BSRNet --> x4--> 182053.png
26-01-17 18:49:02.981 : ----PSNR/SSIM for (/root/media/quoc-huy/eval-wir/srbenchmarks/BSD100/LRblur_matlab_aniso, x4)---- : 22.3738dB / 0.7034
26-01-17 18:49:03.015 : --35 --> BSRNet --> x4--> 189080.png
26-01-17 18:49:03.081 : ----PSNR/SSIM for (/root/media/quoc-huy/eval-wir/srbenchmarks/BSD100/LRblur_matlab_aniso, x4)---- : 31.4287dB / 0.8416
26-01-17 18:49:03.115 : --36 --> BSRNet --> x4--> 19021.png
26-01-17 18:49:03.180 : ----PSNR/SSIM for (/root/media/quoc-huy/eval-wir/srbenchmarks/BSD100/LRblur_matlab_aniso, x4)---- : 24.4554dB / 0.6674
26-01-17 18:49:03.214 : --37 --> BSRNet --> x4--> 196073.png
26-01-17 18:49:03.279 : ----PSNR/SSIM for (/root/media/quoc-huy/eval-wir/srbenchmarks/BSD100/LRblur_matlab_aniso, x4)---- : 26.1747dB / 0.4061
26-01-17 18:49:03.313 : --38 --> BSRNet --> x4--> 197017.png
26-01-17 18:49:03.378 : ----PSNR/SSIM for (/root/media/quoc-huy/eval-wir/srbenchmarks/BSD100/LRblur_matlab_aniso, x4)---- : 25.9612dB / 0.6365
26-01-17 18:49:03.413 : --39 --> BSRNet --> x4--> 208001.png
26-01-17 18:49:03.479 : ----PSNR/SSIM for (/root/media/quoc-huy/eval-wir/srbenchmarks/BSD100/LRblur_matlab_aniso, x4)---- : 25.6775dB / 0.6120
26-01-17 18:49:03.515 : --40 --> BSRNet --> x4--> 210088.png
26-01-17 18:49:03.582 : ----PSNR/SSIM for (/root/media/quoc-huy/eval-wir/srbenchmarks/BSD100/LRblur_matlab_aniso, x4)---- : 28.8929dB / 0.8594
26-01-17 18:49:03.617 : --41 --> BSRNet --> x4--> 21077.png
26-01-17 18:49:03.682 : ----PSNR/SSIM for (/root/media/quoc-huy/eval-wir/srbenchmarks/BSD100/LRblur_matlab_aniso, x4)---- : 24.2544dB / 0.6560
26-01-17 18:49:03.717 : --42 --> BSRNet --> x4--> 216081.png
26-01-17 18:49:03.783 : ----PSNR/SSIM for (/root/media/quoc-huy/eval-wir/srbenchmarks/BSD100/LRblur_matlab_aniso, x4)---- : 23.5816dB / 0.6351
26-01-17 18:49:03.817 : --43 --> BSRNet --> x4--> 219090.png
26-01-17 18:49:03.882 : ----PSNR/SSIM for (/root/media/quoc-huy/eval-wir/srbenchmarks/BSD100/LRblur_matlab_aniso, x4)---- : 24.4391dB / 0.6846
26-01-17 18:49:03.917 : --44 --> BSRNet --> x4--> 220075.png
26-01-17 18:49:03.983 : ----PSNR/SSIM for (/root/media/quoc-huy/eval-wir/srbenchmarks/BSD100/LRblur_matlab_aniso, x4)---- : 25.0098dB / 0.8029
26-01-17 18:49:04.018 : --45 --> BSRNet --> x4--> 223061.png
26-01-17 18:49:04.083 : ----PSNR/SSIM for (/root/media/quoc-huy/eval-wir/srbenchmarks/BSD100/LRblur_matlab_aniso, x4)---- : 22.5960dB / 0.6087
26-01-17 18:49:04.117 : --46 --> BSRNet --> x4--> 227092.png
26-01-17 18:49:04.183 : ----PSNR/SSIM for (/root/media/quoc-huy/eval-wir/srbenchmarks/BSD100/LRblur_matlab_aniso, x4)---- : 32.4544dB / 0.8195
26-01-17 18:49:04.217 : --47 --> BSRNet --> x4--> 229036.png
26-01-17 18:49:04.283 : ----PSNR/SSIM for (/root/media/quoc-huy/eval-wir/srbenchmarks/BSD100/LRblur_matlab_aniso, x4)---- : 20.5372dB / 0.4914
26-01-17 18:49:04.318 : --48 --> BSRNet --> x4--> 236037.png
26-01-17 18:49:04.384 : ----PSNR/SSIM for (/root/media/quoc-huy/eval-wir/srbenchmarks/BSD100/LRblur_matlab_aniso, x4)---- : 22.8016dB / 0.5196
26-01-17 18:49:04.419 : --49 --> BSRNet --> x4--> 24077.png
26-01-17 18:49:04.485 : ----PSNR/SSIM for (/root/media/quoc-huy/eval-wir/srbenchmarks/BSD100/LRblur_matlab_aniso, x4)---- : 22.9831dB / 0.7699
26-01-17 18:49:04.520 : --50 --> BSRNet --> x4--> 241004.png
26-01-17 18:49:04.585 : ----PSNR/SSIM for (/root/media/quoc-huy/eval-wir/srbenchmarks/BSD100/LRblur_matlab_aniso, x4)---- : 29.6557dB / 0.7801
26-01-17 18:49:04.619 : --51 --> BSRNet --> x4--> 241048.png
26-01-17 18:49:04.684 : ----PSNR/SSIM for (/root/media/quoc-huy/eval-wir/srbenchmarks/BSD100/LRblur_matlab_aniso, x4)---- : 22.8607dB / 0.5194
26-01-17 18:49:04.719 : --52 --> BSRNet --> x4--> 253027.png
26-01-17 18:49:04.784 : ----PSNR/SSIM for (/root/media/quoc-huy/eval-wir/srbenchmarks/BSD100/LRblur_matlab_aniso, x4)---- : 20.5399dB / 0.6108
26-01-17 18:49:04.819 : --53 --> BSRNet --> x4--> 253055.png
26-01-17 18:49:04.884 : ----PSNR/SSIM for (/root/media/quoc-huy/eval-wir/srbenchmarks/BSD100/LRblur_matlab_aniso, x4)---- : 29.7145dB / 0.7756
26-01-17 18:49:04.917 : --54 --> BSRNet --> x4--> 260058.png
26-01-17 18:49:04.981 : ----PSNR/SSIM for (/root/media/quoc-huy/eval-wir/srbenchmarks/BSD100/LRblur_matlab_aniso, x4)---- : 30.1646dB / 0.7192
26-01-17 18:49:05.015 : --55 --> BSRNet --> x4--> 271035.png
26-01-17 18:49:05.082 : ----PSNR/SSIM for (/root/media/quoc-huy/eval-wir/srbenchmarks/BSD100/LRblur_matlab_aniso, x4)---- : 24.9937dB / 0.6852
26-01-17 18:49:05.117 : --56 --> BSRNet --> x4--> 285079.png
26-01-17 18:49:05.183 : ----PSNR/SSIM for (/root/media/quoc-huy/eval-wir/srbenchmarks/BSD100/LRblur_matlab_aniso, x4)---- : 23.0925dB / 0.5814
26-01-17 18:49:05.217 : --57 --> BSRNet --> x4--> 291000.png
26-01-17 18:49:05.282 : ----PSNR/SSIM for (/root/media/quoc-huy/eval-wir/srbenchmarks/BSD100/LRblur_matlab_aniso, x4)---- : 19.4853dB / 0.3082
26-01-17 18:49:05.318 : --58 --> BSRNet --> x4--> 295087.png
26-01-17 18:49:05.382 : ----PSNR/SSIM for (/root/media/quoc-huy/eval-wir/srbenchmarks/BSD100/LRblur_matlab_aniso, x4)---- : 25.3811dB / 0.6455
26-01-17 18:49:05.417 : --59 --> BSRNet --> x4--> 296007.png
26-01-17 18:49:05.482 : ----PSNR/SSIM for (/root/media/quoc-huy/eval-wir/srbenchmarks/BSD100/LRblur_matlab_aniso, x4)---- : 29.7828dB / 0.7219
26-01-17 18:49:05.516 : --60 --> BSRNet --> x4--> 296059.png
26-01-17 18:49:05.580 : ----PSNR/SSIM for (/root/media/quoc-huy/eval-wir/srbenchmarks/BSD100/LRblur_matlab_aniso, x4)---- : 28.9600dB / 0.7217
26-01-17 18:49:05.615 : --61 --> BSRNet --> x4--> 299086.png
26-01-17 18:49:05.680 : ----PSNR/SSIM for (/root/media/quoc-huy/eval-wir/srbenchmarks/BSD100/LRblur_matlab_aniso, x4)---- : 29.6502dB / 0.7529
26-01-17 18:49:05.713 : --62 --> BSRNet --> x4--> 300091.png
26-01-17 18:49:05.778 : ----PSNR/SSIM for (/root/media/quoc-huy/eval-wir/srbenchmarks/BSD100/LRblur_matlab_aniso, x4)---- : 26.4013dB / 0.7098
26-01-17 18:49:05.812 : --63 --> BSRNet --> x4--> 302008.png
26-01-17 18:49:05.878 : ----PSNR/SSIM for (/root/media/quoc-huy/eval-wir/srbenchmarks/BSD100/LRblur_matlab_aniso, x4)---- : 28.7260dB / 0.8948
26-01-17 18:49:05.912 : --64 --> BSRNet --> x4--> 304034.png
26-01-17 18:49:05.978 : ----PSNR/SSIM for (/root/media/quoc-huy/eval-wir/srbenchmarks/BSD100/LRblur_matlab_aniso, x4)---- : 21.9128dB / 0.5371
26-01-17 18:49:06.013 : --65 --> BSRNet --> x4--> 304074.png
26-01-17 18:49:06.079 : ----PSNR/SSIM for (/root/media/quoc-huy/eval-wir/srbenchmarks/BSD100/LRblur_matlab_aniso, x4)---- : 23.8523dB / 0.5189
26-01-17 18:49:06.114 : --66 --> BSRNet --> x4--> 306005.png
26-01-17 18:49:06.179 : ----PSNR/SSIM for (/root/media/quoc-huy/eval-wir/srbenchmarks/BSD100/LRblur_matlab_aniso, x4)---- : 25.7202dB / 0.6727
26-01-17 18:49:06.213 : --67 --> BSRNet --> x4--> 3096.png
26-01-17 18:49:06.279 : ----PSNR/SSIM for (/root/media/quoc-huy/eval-wir/srbenchmarks/BSD100/LRblur_matlab_aniso, x4)---- : 35.1310dB / 0.9639
26-01-17 18:49:06.313 : --68 --> BSRNet --> x4--> 33039.png
26-01-17 18:49:06.379 : ----PSNR/SSIM for (/root/media/quoc-huy/eval-wir/srbenchmarks/BSD100/LRblur_matlab_aniso, x4)---- : 18.7160dB / 0.4598
26-01-17 18:49:06.414 : --69 --> BSRNet --> x4--> 351093.png
26-01-17 18:49:06.480 : ----PSNR/SSIM for (/root/media/quoc-huy/eval-wir/srbenchmarks/BSD100/LRblur_matlab_aniso, x4)---- : 20.7474dB / 0.5675
26-01-17 18:49:06.513 : --70 --> BSRNet --> x4--> 361010.png
26-01-17 18:49:06.579 : ----PSNR/SSIM for (/root/media/quoc-huy/eval-wir/srbenchmarks/BSD100/LRblur_matlab_aniso, x4)---- : 25.8759dB / 0.7076
26-01-17 18:49:06.613 : --71 --> BSRNet --> x4--> 37073.png
26-01-17 18:49:06.678 : ----PSNR/SSIM for (/root/media/quoc-huy/eval-wir/srbenchmarks/BSD100/LRblur_matlab_aniso, x4)---- : 27.3662dB / 0.7239
26-01-17 18:49:06.712 : --72 --> BSRNet --> x4--> 376043.png
26-01-17 18:49:06.779 : ----PSNR/SSIM for (/root/media/quoc-huy/eval-wir/srbenchmarks/BSD100/LRblur_matlab_aniso, x4)---- : 23.2608dB / 0.4770
26-01-17 18:49:06.813 : --73 --> BSRNet --> x4--> 38082.png
26-01-17 18:49:06.878 : ----PSNR/SSIM for (/root/media/quoc-huy/eval-wir/srbenchmarks/BSD100/LRblur_matlab_aniso, x4)---- : 25.0871dB / 0.5127
26-01-17 18:49:06.913 : --74 --> BSRNet --> x4--> 38092.png
26-01-17 18:49:06.978 : ----PSNR/SSIM for (/root/media/quoc-huy/eval-wir/srbenchmarks/BSD100/LRblur_matlab_aniso, x4)---- : 24.1753dB / 0.6280
26-01-17 18:49:07.012 : --75 --> BSRNet --> x4--> 385039.png
26-01-17 18:49:07.078 : ----PSNR/SSIM for (/root/media/quoc-huy/eval-wir/srbenchmarks/BSD100/LRblur_matlab_aniso, x4)---- : 21.6602dB / 0.5941
26-01-17 18:49:07.112 : --76 --> BSRNet --> x4--> 41033.png
26-01-17 18:49:07.177 : ----PSNR/SSIM for (/root/media/quoc-huy/eval-wir/srbenchmarks/BSD100/LRblur_matlab_aniso, x4)---- : 27.7700dB / 0.6986
26-01-17 18:49:07.212 : --77 --> BSRNet --> x4--> 41069.png
26-01-17 18:49:07.277 : ----PSNR/SSIM for (/root/media/quoc-huy/eval-wir/srbenchmarks/BSD100/LRblur_matlab_aniso, x4)---- : 21.8336dB / 0.3702
26-01-17 18:49:07.312 : --78 --> BSRNet --> x4--> 42012.png
26-01-17 18:49:07.379 : ----PSNR/SSIM for (/root/media/quoc-huy/eval-wir/srbenchmarks/BSD100/LRblur_matlab_aniso, x4)---- : 27.3582dB / 0.7477
26-01-17 18:49:07.415 : --79 --> BSRNet --> x4--> 42049.png
26-01-17 18:49:07.480 : ----PSNR/SSIM for (/root/media/quoc-huy/eval-wir/srbenchmarks/BSD100/LRblur_matlab_aniso, x4)---- : 28.4587dB / 0.9192
26-01-17 18:49:07.514 : --80 --> BSRNet --> x4--> 43074.png
26-01-17 18:49:07.579 : ----PSNR/SSIM for (/root/media/quoc-huy/eval-wir/srbenchmarks/BSD100/LRblur_matlab_aniso, x4)---- : 27.9748dB / 0.7737
26-01-17 18:49:07.613 : --81 --> BSRNet --> x4--> 45096.png
26-01-17 18:49:07.678 : ----PSNR/SSIM for (/root/media/quoc-huy/eval-wir/srbenchmarks/BSD100/LRblur_matlab_aniso, x4)---- : 32.5681dB / 0.9011
26-01-17 18:49:07.711 : --82 --> BSRNet --> x4--> 54082.png
26-01-17 18:49:07.777 : ----PSNR/SSIM for (/root/media/quoc-huy/eval-wir/srbenchmarks/BSD100/LRblur_matlab_aniso, x4)---- : 26.5906dB / 0.6473
26-01-17 18:49:07.812 : --83 --> BSRNet --> x4--> 55073.png
26-01-17 18:49:07.878 : ----PSNR/SSIM for (/root/media/quoc-huy/eval-wir/srbenchmarks/BSD100/LRblur_matlab_aniso, x4)---- : 20.2204dB / 0.4157
26-01-17 18:49:07.912 : --84 --> BSRNet --> x4--> 58060.png
26-01-17 18:49:07.977 : ----PSNR/SSIM for (/root/media/quoc-huy/eval-wir/srbenchmarks/BSD100/LRblur_matlab_aniso, x4)---- : 19.2150dB / 0.4983
26-01-17 18:49:08.012 : --85 --> BSRNet --> x4--> 62096.png
26-01-17 18:49:08.076 : ----PSNR/SSIM for (/root/media/quoc-huy/eval-wir/srbenchmarks/BSD100/LRblur_matlab_aniso, x4)---- : 23.0124dB / 0.7028
26-01-17 18:49:08.111 : --86 --> BSRNet --> x4--> 65033.png
26-01-17 18:49:08.175 : ----PSNR/SSIM for (/root/media/quoc-huy/eval-wir/srbenchmarks/BSD100/LRblur_matlab_aniso, x4)---- : 22.9001dB / 0.4833
26-01-17 18:49:08.210 : --87 --> BSRNet --> x4--> 66053.png
26-01-17 18:49:08.276 : ----PSNR/SSIM for (/root/media/quoc-huy/eval-wir/srbenchmarks/BSD100/LRblur_matlab_aniso, x4)---- : 25.1884dB / 0.6067
26-01-17 18:49:08.309 : --88 --> BSRNet --> x4--> 69015.png
26-01-17 18:49:08.376 : ----PSNR/SSIM for (/root/media/quoc-huy/eval-wir/srbenchmarks/BSD100/LRblur_matlab_aniso, x4)---- : 27.6860dB / 0.7002
26-01-17 18:49:08.411 : --89 --> BSRNet --> x4--> 69020.png
26-01-17 18:49:08.476 : ----PSNR/SSIM for (/root/media/quoc-huy/eval-wir/srbenchmarks/BSD100/LRblur_matlab_aniso, x4)---- : 25.1848dB / 0.4467
26-01-17 18:49:08.511 : --90 --> BSRNet --> x4--> 69040.png
26-01-17 18:49:08.577 : ----PSNR/SSIM for (/root/media/quoc-huy/eval-wir/srbenchmarks/BSD100/LRblur_matlab_aniso, x4)---- : 23.0077dB / 0.5419
26-01-17 18:49:08.612 : --91 --> BSRNet --> x4--> 76053.png
26-01-17 18:49:08.677 : ----PSNR/SSIM for (/root/media/quoc-huy/eval-wir/srbenchmarks/BSD100/LRblur_matlab_aniso, x4)---- : 26.8382dB / 0.6050
26-01-17 18:49:08.711 : --92 --> BSRNet --> x4--> 78004.png
26-01-17 18:49:08.778 : ----PSNR/SSIM for (/root/media/quoc-huy/eval-wir/srbenchmarks/BSD100/LRblur_matlab_aniso, x4)---- : 24.0104dB / 0.6571
26-01-17 18:49:08.812 : --93 --> BSRNet --> x4--> 8023.png
26-01-17 18:49:08.878 : ----PSNR/SSIM for (/root/media/quoc-huy/eval-wir/srbenchmarks/BSD100/LRblur_matlab_aniso, x4)---- : 27.0737dB / 0.8051
26-01-17 18:49:08.913 : --94 --> BSRNet --> x4--> 85048.png
26-01-17 18:49:08.979 : ----PSNR/SSIM for (/root/media/quoc-huy/eval-wir/srbenchmarks/BSD100/LRblur_matlab_aniso, x4)---- : 23.3333dB / 0.6045
26-01-17 18:49:09.013 : --95 --> BSRNet --> x4--> 86000.png
26-01-17 18:49:09.080 : ----PSNR/SSIM for (/root/media/quoc-huy/eval-wir/srbenchmarks/BSD100/LRblur_matlab_aniso, x4)---- : 23.3726dB / 0.7069
26-01-17 18:49:09.115 : --96 --> BSRNet --> x4--> 86016.png
26-01-17 18:49:09.180 : ----PSNR/SSIM for (/root/media/quoc-huy/eval-wir/srbenchmarks/BSD100/LRblur_matlab_aniso, x4)---- : 20.2471dB / 0.2078
26-01-17 18:49:09.214 : --97 --> BSRNet --> x4--> 86068.png
26-01-17 18:49:09.279 : ----PSNR/SSIM for (/root/media/quoc-huy/eval-wir/srbenchmarks/BSD100/LRblur_matlab_aniso, x4)---- : 25.0714dB / 0.4533
26-01-17 18:49:09.313 : --98 --> BSRNet --> x4--> 87046.png
26-01-17 18:49:09.379 : ----PSNR/SSIM for (/root/media/quoc-huy/eval-wir/srbenchmarks/BSD100/LRblur_matlab_aniso, x4)---- : 23.9038dB / 0.6927
26-01-17 18:49:09.414 : --99 --> BSRNet --> x4--> 89072.png
26-01-17 18:49:09.481 : ----PSNR/SSIM for (/root/media/quoc-huy/eval-wir/srbenchmarks/BSD100/LRblur_matlab_aniso, x4)---- : 24.4906dB / 0.6415
26-01-17 18:49:09.516 : -100 --> BSRNet --> x4--> 97033.png
26-01-17 18:49:09.581 : ----PSNR/SSIM for (/root/media/quoc-huy/eval-wir/srbenchmarks/BSD100/LRblur_matlab_aniso, x4)---- : 22.5251dB / 0.6206
26-01-17 18:49:09.615 : Computing FID...
26-01-17 18:49:15.538 :  
26-01-17 18:50:12.514 :       Model Name : BSRNet
26-01-17 18:50:13.633 :       Input Path : /root/media/quoc-huy/eval-wir/srbenchmarks/Set14/LRblur_matlab_aniso
26-01-17 18:50:13.633 :      Output Path : /root/quoc-huy/all-tested-results/BSRGAN/Set14-LRblur_matlab_aniso
26-01-17 18:50:13.633 : ---1 --> BSRNet --> x4--> baboon.png
26-01-17 18:50:13.839 : ----PSNR/SSIM for (/root/media/quoc-huy/eval-wir/srbenchmarks/Set14/LRblur_matlab_aniso, x4)---- : 20.6839dB / 0.4020
26-01-17 18:50:14.017 : ---2 --> BSRNet --> x4--> barbara.png
26-01-17 18:50:14.194 : ----PSNR/SSIM for (/root/media/quoc-huy/eval-wir/srbenchmarks/Set14/LRblur_matlab_aniso, x4)---- : 23.6662dB / 0.6693
26-01-17 18:50:14.251 : ---3 --> BSRNet --> x4--> bridge.png
26-01-17 18:50:14.367 : ----PSNR/SSIM for (/root/media/quoc-huy/eval-wir/srbenchmarks/Set14/LRblur_matlab_aniso, x4)---- : 22.9910dB / 0.5160
26-01-17 18:50:14.411 : ---4 --> BSRNet --> x4--> coastguard.png
26-01-17 18:50:14.466 : ----PSNR/SSIM for (/root/media/quoc-huy/eval-wir/srbenchmarks/Set14/LRblur_matlab_aniso, x4)---- : 23.6295dB / 0.4279
26-01-17 18:50:14.505 : ---5 --> BSRNet --> x4--> comic.png
26-01-17 18:50:14.559 : ----PSNR/SSIM for (/root/media/quoc-huy/eval-wir/srbenchmarks/Set14/LRblur_matlab_aniso, x4)---- : 20.7248dB / 0.5905
26-01-17 18:50:14.594 : ---6 --> BSRNet --> x4--> face.png
26-01-17 18:50:14.640 : ----PSNR/SSIM for (/root/media/quoc-huy/eval-wir/srbenchmarks/Set14/LRblur_matlab_aniso, x4)---- : 29.9519dB / 0.6767
26-01-17 18:50:14.675 : ---7 --> BSRNet --> x4--> flowers.png
26-01-17 18:50:14.764 : ----PSNR/SSIM for (/root/media/quoc-huy/eval-wir/srbenchmarks/Set14/LRblur_matlab_aniso, x4)---- : 24.7343dB / 0.6996
26-01-17 18:50:14.804 : ---8 --> BSRNet --> x4--> foreman.png
26-01-17 18:50:14.856 : ----PSNR/SSIM for (/root/media/quoc-huy/eval-wir/srbenchmarks/Set14/LRblur_matlab_aniso, x4)---- : 27.4166dB / 0.8657
26-01-17 18:50:14.887 : ---9 --> BSRNet --> x4--> lenna.png
26-01-17 18:50:14.999 : ----PSNR/SSIM for (/root/media/quoc-huy/eval-wir/srbenchmarks/Set14/LRblur_matlab_aniso, x4)---- : 29.1599dB / 0.7935
26-01-17 18:50:15.041 : --10 --> BSRNet --> x4--> man.png
26-01-17 18:50:15.152 : ----PSNR/SSIM for (/root/media/quoc-huy/eval-wir/srbenchmarks/Set14/LRblur_matlab_aniso, x4)---- : 24.9479dB / 0.6383
26-01-17 18:50:15.196 : --11 --> BSRNet --> x4--> monarch.png
26-01-17 18:50:15.368 : ----PSNR/SSIM for (/root/media/quoc-huy/eval-wir/srbenchmarks/Set14/LRblur_matlab_aniso, x4)---- : 27.9105dB / 0.8926
26-01-17 18:50:15.421 : --12 --> BSRNet --> x4--> pepper.png
26-01-17 18:50:15.539 : ----PSNR/SSIM for (/root/media/quoc-huy/eval-wir/srbenchmarks/Set14/LRblur_matlab_aniso, x4)---- : 28.7347dB / 0.8136
26-01-17 18:50:15.583 : --13 --> BSRNet --> x4--> ppt3.png
26-01-17 18:50:15.737 : ----PSNR/SSIM for (/root/media/quoc-huy/eval-wir/srbenchmarks/Set14/LRblur_matlab_aniso, x4)---- : 22.5138dB / 0.8800
26-01-17 18:50:15.784 : --14 --> BSRNet --> x4--> zebra.png
26-01-17 18:50:15.919 : ----PSNR/SSIM for (/root/media/quoc-huy/eval-wir/srbenchmarks/Set14/LRblur_matlab_aniso, x4)---- : 23.7042dB / 0.6447
26-01-17 18:50:15.964 : Computing FID...
26-01-17 18:50:20.732 :  
26-01-17 18:51:04.440 :       Model Name : BSRNet
26-01-17 18:51:05.561 :       Input Path : /root/media/quoc-huy/eval-wir/srbenchmarks/Set5/LRblur_matlab_aniso
26-01-17 18:51:05.561 :      Output Path : /root/quoc-huy/all-tested-results/BSRGAN/Set5-LRblur_matlab_aniso
26-01-17 18:51:05.561 : ---1 --> BSRNet --> x4--> baby.png
26-01-17 18:51:05.779 : ----PSNR/SSIM for (/root/media/quoc-huy/eval-wir/srbenchmarks/Set5/LRblur_matlab_aniso, x4)---- : 30.1172dB / 0.8353
26-01-17 18:51:05.961 : ---2 --> BSRNet --> x4--> bird.png
26-01-17 18:51:06.011 : ----PSNR/SSIM for (/root/media/quoc-huy/eval-wir/srbenchmarks/Set5/LRblur_matlab_aniso, x4)---- : 29.1161dB / 0.8358
26-01-17 18:51:06.051 : ---3 --> BSRNet --> x4--> butterfly.png
26-01-17 18:51:06.096 : ----PSNR/SSIM for (/root/media/quoc-huy/eval-wir/srbenchmarks/Set5/LRblur_matlab_aniso, x4)---- : 23.0456dB / 0.8312
26-01-17 18:51:06.132 : ---4 --> BSRNet --> x4--> head.png
26-01-17 18:51:06.178 : ----PSNR/SSIM for (/root/media/quoc-huy/eval-wir/srbenchmarks/Set5/LRblur_matlab_aniso, x4)---- : 30.0279dB / 0.6785
26-01-17 18:51:06.213 : ---5 --> BSRNet --> x4--> woman.png
26-01-17 18:51:06.254 : ----PSNR/SSIM for (/root/media/quoc-huy/eval-wir/srbenchmarks/Set5/LRblur_matlab_aniso, x4)---- : 26.6844dB / 0.8446
26-01-17 18:51:06.288 : Computing FID...
26-01-17 18:51:11.283 :  
26-01-18 04:19:56.053 :       Model Name : BSRNet
26-01-18 04:19:57.165 :       Input Path : /root/media/quoc-huy/eval-wir/srbenchmarks/Set5/LR_bsrgan
26-01-18 04:19:57.165 :      Output Path : /root/quoc-huy/all-tested-results/BSRGAN/Set5-LR_bsrgan
26-01-18 04:19:57.166 : ---1 --> BSRNet --> x4--> baby.png
26-01-18 04:19:57.383 : ----PSNR/SSIM for (/root/media/quoc-huy/eval-wir/srbenchmarks/Set5/LR_bsrgan, x4)---- : 26.6327dB / 0.7179
26-01-18 04:19:57.558 : ---2 --> BSRNet --> x4--> bird.png
26-01-18 04:19:57.606 : ----PSNR/SSIM for (/root/media/quoc-huy/eval-wir/srbenchmarks/Set5/LR_bsrgan, x4)---- : 21.6224dB / 0.5726
26-01-18 04:19:57.646 : ---3 --> BSRNet --> x4--> butterfly.png
26-01-18 04:19:57.691 : ----PSNR/SSIM for (/root/media/quoc-huy/eval-wir/srbenchmarks/Set5/LR_bsrgan, x4)---- : 15.2438dB / 0.4625
26-01-18 04:19:57.725 : ---4 --> BSRNet --> x4--> head.png
26-01-18 04:19:57.771 : ----PSNR/SSIM for (/root/media/quoc-huy/eval-wir/srbenchmarks/Set5/LR_bsrgan, x4)---- : 26.2709dB / 0.5803
26-01-18 04:19:57.804 : ---5 --> BSRNet --> x4--> woman.png
26-01-18 04:19:57.847 : ----PSNR/SSIM for (/root/media/quoc-huy/eval-wir/srbenchmarks/Set5/LR_bsrgan, x4)---- : 19.2925dB / 0.6013
26-01-18 04:19:57.881 : Computing FID...
26-01-18 04:20:02.599 :  
26-01-18 04:20:48.839 :       Model Name : BSRNet
26-01-18 04:20:49.954 :       Input Path : /root/media/quoc-huy/eval-wir/srbenchmarks/Set14/LR_bsrgan
26-01-18 04:20:49.954 :      Output Path : /root/quoc-huy/all-tested-results/BSRGAN/Set14-LR_bsrgan
26-01-18 04:20:49.954 : ---1 --> BSRNet --> x4--> baboon.png
26-01-18 04:20:50.159 : ----PSNR/SSIM for (/root/media/quoc-huy/eval-wir/srbenchmarks/Set14/LR_bsrgan, x4)---- : 18.3135dB / 0.2373
26-01-18 04:20:50.338 : ---2 --> BSRNet --> x4--> barbara.png
26-01-18 04:20:50.531 : ----PSNR/SSIM for (/root/media/quoc-huy/eval-wir/srbenchmarks/Set14/LR_bsrgan, x4)---- : 21.2446dB / 0.5255
26-01-18 04:20:50.584 : ---3 --> BSRNet --> x4--> bridge.png
26-01-18 04:20:50.700 : ----PSNR/SSIM for (/root/media/quoc-huy/eval-wir/srbenchmarks/Set14/LR_bsrgan, x4)---- : 19.7004dB / 0.3050
26-01-18 04:20:50.743 : ---4 --> BSRNet --> x4--> coastguard.png
26-01-18 04:20:50.799 : ----PSNR/SSIM for (/root/media/quoc-huy/eval-wir/srbenchmarks/Set14/LR_bsrgan, x4)---- : 20.9365dB / 0.3427
26-01-18 04:20:50.840 : ---5 --> BSRNet --> x4--> comic.png
26-01-18 04:20:50.895 : ----PSNR/SSIM for (/root/media/quoc-huy/eval-wir/srbenchmarks/Set14/LR_bsrgan, x4)---- : 17.8070dB / 0.3508
26-01-18 04:20:50.929 : ---6 --> BSRNet --> x4--> face.png
26-01-18 04:20:50.975 : ----PSNR/SSIM for (/root/media/quoc-huy/eval-wir/srbenchmarks/Set14/LR_bsrgan, x4)---- : 25.8031dB / 0.5759
26-01-18 04:20:51.010 : ---7 --> BSRNet --> x4--> flowers.png
26-01-18 04:20:51.098 : ----PSNR/SSIM for (/root/media/quoc-huy/eval-wir/srbenchmarks/Set14/LR_bsrgan, x4)---- : 19.0130dB / 0.4513
26-01-18 04:20:51.138 : ---8 --> BSRNet --> x4--> foreman.png
26-01-18 04:20:51.190 : ----PSNR/SSIM for (/root/media/quoc-huy/eval-wir/srbenchmarks/Set14/LR_bsrgan, x4)---- : 21.9214dB / 0.7182
26-01-18 04:20:51.229 : ---9 --> BSRNet --> x4--> lenna.png
26-01-18 04:20:51.341 : ----PSNR/SSIM for (/root/media/quoc-huy/eval-wir/srbenchmarks/Set14/LR_bsrgan, x4)---- : 26.6780dB / 0.7241
26-01-18 04:20:51.382 : --10 --> BSRNet --> x4--> man.png
26-01-18 04:20:51.493 : ----PSNR/SSIM for (/root/media/quoc-huy/eval-wir/srbenchmarks/Set14/LR_bsrgan, x4)---- : 18.9161dB / 0.3733
26-01-18 04:20:51.533 : --11 --> BSRNet --> x4--> monarch.png
26-01-18 04:20:51.706 : ----PSNR/SSIM for (/root/media/quoc-huy/eval-wir/srbenchmarks/Set14/LR_bsrgan, x4)---- : 19.6370dB / 0.6747
26-01-18 04:20:51.758 : --12 --> BSRNet --> x4--> pepper.png
26-01-18 04:20:51.870 : ----PSNR/SSIM for (/root/media/quoc-huy/eval-wir/srbenchmarks/Set14/LR_bsrgan, x4)---- : 23.3224dB / 0.6838
26-01-18 04:20:51.911 : --13 --> BSRNet --> x4--> ppt3.png
26-01-18 04:20:52.065 : ----PSNR/SSIM for (/root/media/quoc-huy/eval-wir/srbenchmarks/Set14/LR_bsrgan, x4)---- : 16.7269dB / 0.6618
26-01-18 04:20:52.113 : --14 --> BSRNet --> x4--> zebra.png
26-01-18 04:20:52.217 : ----PSNR/SSIM for (/root/media/quoc-huy/eval-wir/srbenchmarks/Set14/LR_bsrgan, x4)---- : 16.4901dB / 0.3129
26-01-18 04:20:52.260 : Computing FID...
26-01-18 04:20:57.295 :  
26-01-18 04:21:56.252 :       Model Name : BSRNet
26-01-18 04:21:57.367 :       Input Path : /root/media/quoc-huy/eval-wir/srbenchmarks/BSD100/LR_bsrgan
26-01-18 04:21:57.368 :      Output Path : /root/quoc-huy/all-tested-results/BSRGAN/BSD100-LR_bsrgan
26-01-18 04:21:57.368 : ---1 --> BSRNet --> x4--> 101085.png
26-01-18 04:21:57.528 : ----PSNR/SSIM for (/root/media/quoc-huy/eval-wir/srbenchmarks/BSD100/LR_bsrgan, x4)---- : 19.6931dB / 0.3012
26-01-18 04:21:57.702 : ---2 --> BSRNet --> x4--> 101087.png
26-01-18 04:21:57.778 : ----PSNR/SSIM for (/root/media/quoc-huy/eval-wir/srbenchmarks/BSD100/LR_bsrgan, x4)---- : 20.5959dB / 0.6133
26-01-18 04:21:57.819 : ---3 --> BSRNet --> x4--> 102061.png
26-01-18 04:21:57.894 : ----PSNR/SSIM for (/root/media/quoc-huy/eval-wir/srbenchmarks/BSD100/LR_bsrgan, x4)---- : 20.5680dB / 0.6125
26-01-18 04:21:57.930 : ---4 --> BSRNet --> x4--> 103070.png
26-01-18 04:21:58.000 : ----PSNR/SSIM for (/root/media/quoc-huy/eval-wir/srbenchmarks/BSD100/LR_bsrgan, x4)---- : 22.6513dB / 0.5521
26-01-18 04:21:58.038 : ---5 --> BSRNet --> x4--> 105025.png
26-01-18 04:21:58.102 : ----PSNR/SSIM for (/root/media/quoc-huy/eval-wir/srbenchmarks/BSD100/LR_bsrgan, x4)---- : 21.0219dB / 0.4515
26-01-18 04:21:58.136 : ---6 --> BSRNet --> x4--> 106024.png
26-01-18 04:21:58.200 : ----PSNR/SSIM for (/root/media/quoc-huy/eval-wir/srbenchmarks/BSD100/LR_bsrgan, x4)---- : 26.1932dB / 0.7670
26-01-18 04:21:58.236 : ---7 --> BSRNet --> x4--> 108005.png
26-01-18 04:21:58.301 : ----PSNR/SSIM for (/root/media/quoc-huy/eval-wir/srbenchmarks/BSD100/LR_bsrgan, x4)---- : 21.3085dB / 0.4589
26-01-18 04:21:58.335 : ---8 --> BSRNet --> x4--> 108070.png
26-01-18 04:21:58.400 : ----PSNR/SSIM for (/root/media/quoc-huy/eval-wir/srbenchmarks/BSD100/LR_bsrgan, x4)---- : 20.3138dB / 0.3720
26-01-18 04:21:58.436 : ---9 --> BSRNet --> x4--> 108082.png
26-01-18 04:21:58.501 : ----PSNR/SSIM for (/root/media/quoc-huy/eval-wir/srbenchmarks/BSD100/LR_bsrgan, x4)---- : 19.9401dB / 0.4773
26-01-18 04:21:58.534 : --10 --> BSRNet --> x4--> 109053.png
26-01-18 04:21:58.600 : ----PSNR/SSIM for (/root/media/quoc-huy/eval-wir/srbenchmarks/BSD100/LR_bsrgan, x4)---- : 24.9874dB / 0.6221
26-01-18 04:21:58.634 : --11 --> BSRNet --> x4--> 119082.png
26-01-18 04:21:58.701 : ----PSNR/SSIM for (/root/media/quoc-huy/eval-wir/srbenchmarks/BSD100/LR_bsrgan, x4)---- : 15.8548dB / 0.3138
26-01-18 04:21:58.735 : --12 --> BSRNet --> x4--> 12084.png
26-01-18 04:21:58.801 : ----PSNR/SSIM for (/root/media/quoc-huy/eval-wir/srbenchmarks/BSD100/LR_bsrgan, x4)---- : 22.2007dB / 0.4233
26-01-18 04:21:58.835 : --13 --> BSRNet --> x4--> 123074.png
26-01-18 04:21:58.900 : ----PSNR/SSIM for (/root/media/quoc-huy/eval-wir/srbenchmarks/BSD100/LR_bsrgan, x4)---- : 24.3514dB / 0.5437
26-01-18 04:21:58.934 : --14 --> BSRNet --> x4--> 126007.png
26-01-18 04:21:58.999 : ----PSNR/SSIM for (/root/media/quoc-huy/eval-wir/srbenchmarks/BSD100/LR_bsrgan, x4)---- : 22.4973dB / 0.6545
26-01-18 04:21:59.032 : --15 --> BSRNet --> x4--> 130026.png
26-01-18 04:21:59.096 : ----PSNR/SSIM for (/root/media/quoc-huy/eval-wir/srbenchmarks/BSD100/LR_bsrgan, x4)---- : 21.4380dB / 0.4709
26-01-18 04:21:59.129 : --16 --> BSRNet --> x4--> 134035.png
26-01-18 04:21:59.195 : ----PSNR/SSIM for (/root/media/quoc-huy/eval-wir/srbenchmarks/BSD100/LR_bsrgan, x4)---- : 17.4072dB / 0.3447
26-01-18 04:21:59.230 : --17 --> BSRNet --> x4--> 14037.png
26-01-18 04:21:59.295 : ----PSNR/SSIM for (/root/media/quoc-huy/eval-wir/srbenchmarks/BSD100/LR_bsrgan, x4)---- : 27.2018dB / 0.7414
26-01-18 04:21:59.327 : --18 --> BSRNet --> x4--> 143090.png
26-01-18 04:21:59.392 : ----PSNR/SSIM for (/root/media/quoc-huy/eval-wir/srbenchmarks/BSD100/LR_bsrgan, x4)---- : 24.9459dB / 0.7475
26-01-18 04:21:59.425 : --19 --> BSRNet --> x4--> 145086.png
26-01-18 04:21:59.490 : ----PSNR/SSIM for (/root/media/quoc-huy/eval-wir/srbenchmarks/BSD100/LR_bsrgan, x4)---- : 21.7778dB / 0.5688
26-01-18 04:21:59.523 : --20 --> BSRNet --> x4--> 147091.png
26-01-18 04:21:59.587 : ----PSNR/SSIM for (/root/media/quoc-huy/eval-wir/srbenchmarks/BSD100/LR_bsrgan, x4)---- : 19.4994dB / 0.6152
26-01-18 04:21:59.620 : --21 --> BSRNet --> x4--> 148026.png
26-01-18 04:21:59.687 : ----PSNR/SSIM for (/root/media/quoc-huy/eval-wir/srbenchmarks/BSD100/LR_bsrgan, x4)---- : 16.7167dB / 0.3744
26-01-18 04:21:59.721 : --22 --> BSRNet --> x4--> 148089.png
26-01-18 04:21:59.787 : ----PSNR/SSIM for (/root/media/quoc-huy/eval-wir/srbenchmarks/BSD100/LR_bsrgan, x4)---- : 18.3178dB / 0.2822
26-01-18 04:21:59.821 : --23 --> BSRNet --> x4--> 156065.png
26-01-18 04:21:59.885 : ----PSNR/SSIM for (/root/media/quoc-huy/eval-wir/srbenchmarks/BSD100/LR_bsrgan, x4)---- : 21.9281dB / 0.3895
26-01-18 04:21:59.919 : --24 --> BSRNet --> x4--> 157055.png
26-01-18 04:21:59.985 : ----PSNR/SSIM for (/root/media/quoc-huy/eval-wir/srbenchmarks/BSD100/LR_bsrgan, x4)---- : 22.5443dB / 0.5978
26-01-18 04:22:00.019 : --25 --> BSRNet --> x4--> 159008.png
26-01-18 04:22:00.084 : ----PSNR/SSIM for (/root/media/quoc-huy/eval-wir/srbenchmarks/BSD100/LR_bsrgan, x4)---- : 18.4699dB / 0.4440
26-01-18 04:22:00.117 : --26 --> BSRNet --> x4--> 160068.png
26-01-18 04:22:00.182 : ----PSNR/SSIM for (/root/media/quoc-huy/eval-wir/srbenchmarks/BSD100/LR_bsrgan, x4)---- : 21.8355dB / 0.6740
26-01-18 04:22:00.216 : --27 --> BSRNet --> x4--> 16077.png
26-01-18 04:22:00.282 : ----PSNR/SSIM for (/root/media/quoc-huy/eval-wir/srbenchmarks/BSD100/LR_bsrgan, x4)---- : 21.8808dB / 0.4934
26-01-18 04:22:00.316 : --28 --> BSRNet --> x4--> 163085.png
26-01-18 04:22:00.380 : ----PSNR/SSIM for (/root/media/quoc-huy/eval-wir/srbenchmarks/BSD100/LR_bsrgan, x4)---- : 22.3989dB / 0.5378
26-01-18 04:22:00.414 : --29 --> BSRNet --> x4--> 167062.png
26-01-18 04:22:00.478 : ----PSNR/SSIM for (/root/media/quoc-huy/eval-wir/srbenchmarks/BSD100/LR_bsrgan, x4)---- : 23.7981dB / 0.7780
26-01-18 04:22:00.510 : --30 --> BSRNet --> x4--> 167083.png
26-01-18 04:22:00.576 : ----PSNR/SSIM for (/root/media/quoc-huy/eval-wir/srbenchmarks/BSD100/LR_bsrgan, x4)---- : 17.2342dB / 0.3320
26-01-18 04:22:00.609 : --31 --> BSRNet --> x4--> 170057.png
26-01-18 04:22:00.674 : ----PSNR/SSIM for (/root/media/quoc-huy/eval-wir/srbenchmarks/BSD100/LR_bsrgan, x4)---- : 25.0191dB / 0.5969
26-01-18 04:22:00.709 : --32 --> BSRNet --> x4--> 175032.png
26-01-18 04:22:00.775 : ----PSNR/SSIM for (/root/media/quoc-huy/eval-wir/srbenchmarks/BSD100/LR_bsrgan, x4)---- : 17.2414dB / 0.1226
26-01-18 04:22:00.808 : --33 --> BSRNet --> x4--> 175043.png
26-01-18 04:22:00.872 : ----PSNR/SSIM for (/root/media/quoc-huy/eval-wir/srbenchmarks/BSD100/LR_bsrgan, x4)---- : 19.2313dB / 0.2746
26-01-18 04:22:00.908 : --34 --> BSRNet --> x4--> 182053.png
26-01-18 04:22:00.972 : ----PSNR/SSIM for (/root/media/quoc-huy/eval-wir/srbenchmarks/BSD100/LR_bsrgan, x4)---- : 19.4080dB / 0.5356
26-01-18 04:22:01.006 : --35 --> BSRNet --> x4--> 189080.png
26-01-18 04:22:01.072 : ----PSNR/SSIM for (/root/media/quoc-huy/eval-wir/srbenchmarks/BSD100/LR_bsrgan, x4)---- : 23.7303dB / 0.7326
26-01-18 04:22:01.105 : --36 --> BSRNet --> x4--> 19021.png
26-01-18 04:22:01.170 : ----PSNR/SSIM for (/root/media/quoc-huy/eval-wir/srbenchmarks/BSD100/LR_bsrgan, x4)---- : 21.3661dB / 0.5074
26-01-18 04:22:01.204 : --37 --> BSRNet --> x4--> 196073.png
26-01-18 04:22:01.268 : ----PSNR/SSIM for (/root/media/quoc-huy/eval-wir/srbenchmarks/BSD100/LR_bsrgan, x4)---- : 25.1640dB / 0.3700
26-01-18 04:22:01.300 : --38 --> BSRNet --> x4--> 197017.png
26-01-18 04:22:01.364 : ----PSNR/SSIM for (/root/media/quoc-huy/eval-wir/srbenchmarks/BSD100/LR_bsrgan, x4)---- : 20.0819dB / 0.4735
26-01-18 04:22:01.397 : --39 --> BSRNet --> x4--> 208001.png
26-01-18 04:22:01.464 : ----PSNR/SSIM for (/root/media/quoc-huy/eval-wir/srbenchmarks/BSD100/LR_bsrgan, x4)---- : 21.1632dB / 0.4340
26-01-18 04:22:01.498 : --40 --> BSRNet --> x4--> 210088.png
26-01-18 04:22:01.565 : ----PSNR/SSIM for (/root/media/quoc-huy/eval-wir/srbenchmarks/BSD100/LR_bsrgan, x4)---- : 21.5823dB / 0.6198
26-01-18 04:22:01.599 : --41 --> BSRNet --> x4--> 21077.png
26-01-18 04:22:01.664 : ----PSNR/SSIM for (/root/media/quoc-huy/eval-wir/srbenchmarks/BSD100/LR_bsrgan, x4)---- : 18.8068dB / 0.4490
26-01-18 04:22:01.697 : --42 --> BSRNet --> x4--> 216081.png
26-01-18 04:22:01.762 : ----PSNR/SSIM for (/root/media/quoc-huy/eval-wir/srbenchmarks/BSD100/LR_bsrgan, x4)---- : 19.2860dB / 0.4351
26-01-18 04:22:01.796 : --43 --> BSRNet --> x4--> 219090.png
26-01-18 04:22:01.861 : ----PSNR/SSIM for (/root/media/quoc-huy/eval-wir/srbenchmarks/BSD100/LR_bsrgan, x4)---- : 20.7625dB / 0.5566
26-01-18 04:22:01.893 : --44 --> BSRNet --> x4--> 220075.png
26-01-18 04:22:01.959 : ----PSNR/SSIM for (/root/media/quoc-huy/eval-wir/srbenchmarks/BSD100/LR_bsrgan, x4)---- : 18.7056dB / 0.5292
26-01-18 04:22:01.993 : --45 --> BSRNet --> x4--> 223061.png
26-01-18 04:22:02.058 : ----PSNR/SSIM for (/root/media/quoc-huy/eval-wir/srbenchmarks/BSD100/LR_bsrgan, x4)---- : 20.9196dB / 0.4325
26-01-18 04:22:02.092 : --46 --> BSRNet --> x4--> 227092.png
26-01-18 04:22:02.161 : ----PSNR/SSIM for (/root/media/quoc-huy/eval-wir/srbenchmarks/BSD100/LR_bsrgan, x4)---- : 29.2693dB / 0.7580
26-01-18 04:22:02.197 : --47 --> BSRNet --> x4--> 229036.png
26-01-18 04:22:02.263 : ----PSNR/SSIM for (/root/media/quoc-huy/eval-wir/srbenchmarks/BSD100/LR_bsrgan, x4)---- : 16.0198dB / 0.2441
26-01-18 04:22:02.296 : --48 --> BSRNet --> x4--> 236037.png
26-01-18 04:22:02.361 : ----PSNR/SSIM for (/root/media/quoc-huy/eval-wir/srbenchmarks/BSD100/LR_bsrgan, x4)---- : 18.9401dB / 0.2516
26-01-18 04:22:02.395 : --49 --> BSRNet --> x4--> 24077.png
26-01-18 04:22:02.461 : ----PSNR/SSIM for (/root/media/quoc-huy/eval-wir/srbenchmarks/BSD100/LR_bsrgan, x4)---- : 16.5764dB / 0.4698
26-01-18 04:22:02.495 : --50 --> BSRNet --> x4--> 241004.png
26-01-18 04:22:02.560 : ----PSNR/SSIM for (/root/media/quoc-huy/eval-wir/srbenchmarks/BSD100/LR_bsrgan, x4)---- : 26.1679dB / 0.7025
26-01-18 04:22:02.593 : --51 --> BSRNet --> x4--> 241048.png
26-01-18 04:22:02.657 : ----PSNR/SSIM for (/root/media/quoc-huy/eval-wir/srbenchmarks/BSD100/LR_bsrgan, x4)---- : 20.3482dB / 0.3751
26-01-18 04:22:02.691 : --52 --> BSRNet --> x4--> 253027.png
26-01-18 04:22:02.756 : ----PSNR/SSIM for (/root/media/quoc-huy/eval-wir/srbenchmarks/BSD100/LR_bsrgan, x4)---- : 17.7892dB / 0.4268
26-01-18 04:22:02.792 : --53 --> BSRNet --> x4--> 253055.png
26-01-18 04:22:02.857 : ----PSNR/SSIM for (/root/media/quoc-huy/eval-wir/srbenchmarks/BSD100/LR_bsrgan, x4)---- : 26.6733dB / 0.7009
26-01-18 04:22:02.889 : --54 --> BSRNet --> x4--> 260058.png
26-01-18 04:22:02.954 : ----PSNR/SSIM for (/root/media/quoc-huy/eval-wir/srbenchmarks/BSD100/LR_bsrgan, x4)---- : 27.5463dB / 0.6407
26-01-18 04:22:02.987 : --55 --> BSRNet --> x4--> 271035.png
26-01-18 04:22:03.054 : ----PSNR/SSIM for (/root/media/quoc-huy/eval-wir/srbenchmarks/BSD100/LR_bsrgan, x4)---- : 19.4135dB / 0.4148
26-01-18 04:22:03.089 : --56 --> BSRNet --> x4--> 285079.png
26-01-18 04:22:03.155 : ----PSNR/SSIM for (/root/media/quoc-huy/eval-wir/srbenchmarks/BSD100/LR_bsrgan, x4)---- : 19.0767dB / 0.3738
26-01-18 04:22:03.189 : --57 --> BSRNet --> x4--> 291000.png
26-01-18 04:22:03.254 : ----PSNR/SSIM for (/root/media/quoc-huy/eval-wir/srbenchmarks/BSD100/LR_bsrgan, x4)---- : 17.7322dB / 0.1617
26-01-18 04:22:03.288 : --58 --> BSRNet --> x4--> 295087.png
26-01-18 04:22:03.353 : ----PSNR/SSIM for (/root/media/quoc-huy/eval-wir/srbenchmarks/BSD100/LR_bsrgan, x4)---- : 24.3818dB / 0.5900
26-01-18 04:22:03.386 : --59 --> BSRNet --> x4--> 296007.png
26-01-18 04:22:03.451 : ----PSNR/SSIM for (/root/media/quoc-huy/eval-wir/srbenchmarks/BSD100/LR_bsrgan, x4)---- : 27.4988dB / 0.6655
26-01-18 04:22:03.483 : --60 --> BSRNet --> x4--> 296059.png
26-01-18 04:22:03.548 : ----PSNR/SSIM for (/root/media/quoc-huy/eval-wir/srbenchmarks/BSD100/LR_bsrgan, x4)---- : 26.3576dB / 0.6476
26-01-18 04:22:03.581 : --61 --> BSRNet --> x4--> 299086.png
26-01-18 04:22:03.646 : ----PSNR/SSIM for (/root/media/quoc-huy/eval-wir/srbenchmarks/BSD100/LR_bsrgan, x4)---- : 27.5972dB / 0.6838
26-01-18 04:22:03.678 : --62 --> BSRNet --> x4--> 300091.png
26-01-18 04:22:03.743 : ----PSNR/SSIM for (/root/media/quoc-huy/eval-wir/srbenchmarks/BSD100/LR_bsrgan, x4)---- : 24.3864dB / 0.6521
26-01-18 04:22:03.777 : --63 --> BSRNet --> x4--> 302008.png
26-01-18 04:22:03.843 : ----PSNR/SSIM for (/root/media/quoc-huy/eval-wir/srbenchmarks/BSD100/LR_bsrgan, x4)---- : 22.0686dB / 0.7591
26-01-18 04:22:03.877 : --64 --> BSRNet --> x4--> 304034.png
26-01-18 04:22:03.942 : ----PSNR/SSIM for (/root/media/quoc-huy/eval-wir/srbenchmarks/BSD100/LR_bsrgan, x4)---- : 19.7162dB / 0.3514
26-01-18 04:22:03.976 : --65 --> BSRNet --> x4--> 304074.png
26-01-18 04:22:04.042 : ----PSNR/SSIM for (/root/media/quoc-huy/eval-wir/srbenchmarks/BSD100/LR_bsrgan, x4)---- : 21.6258dB / 0.3736
26-01-18 04:22:04.076 : --66 --> BSRNet --> x4--> 306005.png
26-01-18 04:22:04.141 : ----PSNR/SSIM for (/root/media/quoc-huy/eval-wir/srbenchmarks/BSD100/LR_bsrgan, x4)---- : 24.6371dB / 0.6503
26-01-18 04:22:04.175 : --67 --> BSRNet --> x4--> 3096.png
26-01-18 04:22:04.241 : ----PSNR/SSIM for (/root/media/quoc-huy/eval-wir/srbenchmarks/BSD100/LR_bsrgan, x4)---- : 28.1990dB / 0.9145
26-01-18 04:22:04.275 : --68 --> BSRNet --> x4--> 33039.png
26-01-18 04:22:04.341 : ----PSNR/SSIM for (/root/media/quoc-huy/eval-wir/srbenchmarks/BSD100/LR_bsrgan, x4)---- : 14.3054dB / 0.1292
26-01-18 04:22:04.374 : --69 --> BSRNet --> x4--> 351093.png
26-01-18 04:22:04.439 : ----PSNR/SSIM for (/root/media/quoc-huy/eval-wir/srbenchmarks/BSD100/LR_bsrgan, x4)---- : 18.1758dB / 0.4293
26-01-18 04:22:04.473 : --70 --> BSRNet --> x4--> 361010.png
26-01-18 04:22:04.538 : ----PSNR/SSIM for (/root/media/quoc-huy/eval-wir/srbenchmarks/BSD100/LR_bsrgan, x4)---- : 21.9506dB / 0.5660
26-01-18 04:22:04.571 : --71 --> BSRNet --> x4--> 37073.png
26-01-18 04:22:04.636 : ----PSNR/SSIM for (/root/media/quoc-huy/eval-wir/srbenchmarks/BSD100/LR_bsrgan, x4)---- : 23.7648dB / 0.6170
26-01-18 04:22:04.669 : --72 --> BSRNet --> x4--> 376043.png
26-01-18 04:22:04.735 : ----PSNR/SSIM for (/root/media/quoc-huy/eval-wir/srbenchmarks/BSD100/LR_bsrgan, x4)---- : 20.5545dB / 0.2959
26-01-18 04:22:04.770 : --73 --> BSRNet --> x4--> 38082.png
26-01-18 04:22:04.835 : ----PSNR/SSIM for (/root/media/quoc-huy/eval-wir/srbenchmarks/BSD100/LR_bsrgan, x4)---- : 24.2600dB / 0.4195
26-01-18 04:22:04.870 : --74 --> BSRNet --> x4--> 38092.png
26-01-18 04:22:04.935 : ----PSNR/SSIM for (/root/media/quoc-huy/eval-wir/srbenchmarks/BSD100/LR_bsrgan, x4)---- : 22.4819dB / 0.5390
26-01-18 04:22:04.969 : --75 --> BSRNet --> x4--> 385039.png
26-01-18 04:22:05.034 : ----PSNR/SSIM for (/root/media/quoc-huy/eval-wir/srbenchmarks/BSD100/LR_bsrgan, x4)---- : 19.2993dB / 0.4748
26-01-18 04:22:05.067 : --76 --> BSRNet --> x4--> 41033.png
26-01-18 04:22:05.132 : ----PSNR/SSIM for (/root/media/quoc-huy/eval-wir/srbenchmarks/BSD100/LR_bsrgan, x4)---- : 23.8406dB / 0.5690
26-01-18 04:22:05.166 : --77 --> BSRNet --> x4--> 41069.png
26-01-18 04:22:05.231 : ----PSNR/SSIM for (/root/media/quoc-huy/eval-wir/srbenchmarks/BSD100/LR_bsrgan, x4)---- : 19.8018dB / 0.2255
26-01-18 04:22:05.263 : --78 --> BSRNet --> x4--> 42012.png
26-01-18 04:22:05.330 : ----PSNR/SSIM for (/root/media/quoc-huy/eval-wir/srbenchmarks/BSD100/LR_bsrgan, x4)---- : 22.9974dB / 0.5562
26-01-18 04:22:05.365 : --79 --> BSRNet --> x4--> 42049.png
26-01-18 04:22:05.430 : ----PSNR/SSIM for (/root/media/quoc-huy/eval-wir/srbenchmarks/BSD100/LR_bsrgan, x4)---- : 20.7885dB / 0.7988
26-01-18 04:22:05.464 : --80 --> BSRNet --> x4--> 43074.png
26-01-18 04:22:05.529 : ----PSNR/SSIM for (/root/media/quoc-huy/eval-wir/srbenchmarks/BSD100/LR_bsrgan, x4)---- : 26.7487dB / 0.7015
26-01-18 04:22:05.563 : --81 --> BSRNet --> x4--> 45096.png
26-01-18 04:22:05.628 : ----PSNR/SSIM for (/root/media/quoc-huy/eval-wir/srbenchmarks/BSD100/LR_bsrgan, x4)---- : 29.9039dB / 0.8549
26-01-18 04:22:05.661 : --82 --> BSRNet --> x4--> 54082.png
26-01-18 04:22:05.727 : ----PSNR/SSIM for (/root/media/quoc-huy/eval-wir/srbenchmarks/BSD100/LR_bsrgan, x4)---- : 23.1424dB / 0.5295
26-01-18 04:22:05.760 : --83 --> BSRNet --> x4--> 55073.png
26-01-18 04:22:05.826 : ----PSNR/SSIM for (/root/media/quoc-huy/eval-wir/srbenchmarks/BSD100/LR_bsrgan, x4)---- : 18.7011dB / 0.2634
26-01-18 04:22:05.861 : --84 --> BSRNet --> x4--> 58060.png
26-01-18 04:22:05.925 : ----PSNR/SSIM for (/root/media/quoc-huy/eval-wir/srbenchmarks/BSD100/LR_bsrgan, x4)---- : 17.0270dB / 0.3453
26-01-18 04:22:05.959 : --85 --> BSRNet --> x4--> 62096.png
26-01-18 04:22:06.024 : ----PSNR/SSIM for (/root/media/quoc-huy/eval-wir/srbenchmarks/BSD100/LR_bsrgan, x4)---- : 20.0299dB / 0.5791
26-01-18 04:22:06.057 : --86 --> BSRNet --> x4--> 65033.png
26-01-18 04:22:06.122 : ----PSNR/SSIM for (/root/media/quoc-huy/eval-wir/srbenchmarks/BSD100/LR_bsrgan, x4)---- : 18.9762dB / 0.2629
26-01-18 04:22:06.155 : --87 --> BSRNet --> x4--> 66053.png
26-01-18 04:22:06.221 : ----PSNR/SSIM for (/root/media/quoc-huy/eval-wir/srbenchmarks/BSD100/LR_bsrgan, x4)---- : 22.8040dB / 0.4595
26-01-18 04:22:06.254 : --88 --> BSRNet --> x4--> 69015.png
26-01-18 04:22:06.321 : ----PSNR/SSIM for (/root/media/quoc-huy/eval-wir/srbenchmarks/BSD100/LR_bsrgan, x4)---- : 26.0092dB / 0.6070
26-01-18 04:22:06.355 : --89 --> BSRNet --> x4--> 69020.png
26-01-18 04:22:06.420 : ----PSNR/SSIM for (/root/media/quoc-huy/eval-wir/srbenchmarks/BSD100/LR_bsrgan, x4)---- : 23.2943dB / 0.3280
26-01-18 04:22:06.453 : --90 --> BSRNet --> x4--> 69040.png
26-01-18 04:22:06.519 : ----PSNR/SSIM for (/root/media/quoc-huy/eval-wir/srbenchmarks/BSD100/LR_bsrgan, x4)---- : 20.0887dB / 0.2714
26-01-18 04:22:06.552 : --91 --> BSRNet --> x4--> 76053.png
26-01-18 04:22:06.617 : ----PSNR/SSIM for (/root/media/quoc-huy/eval-wir/srbenchmarks/BSD100/LR_bsrgan, x4)---- : 22.7042dB / 0.4340
26-01-18 04:22:06.650 : --92 --> BSRNet --> x4--> 78004.png
26-01-18 04:22:06.716 : ----PSNR/SSIM for (/root/media/quoc-huy/eval-wir/srbenchmarks/BSD100/LR_bsrgan, x4)---- : 22.9468dB / 0.5903
26-01-18 04:22:06.750 : --93 --> BSRNet --> x4--> 8023.png
26-01-18 04:22:06.815 : ----PSNR/SSIM for (/root/media/quoc-huy/eval-wir/srbenchmarks/BSD100/LR_bsrgan, x4)---- : 24.2007dB / 0.6241
26-01-18 04:22:06.849 : --94 --> BSRNet --> x4--> 85048.png
26-01-18 04:22:06.915 : ----PSNR/SSIM for (/root/media/quoc-huy/eval-wir/srbenchmarks/BSD100/LR_bsrgan, x4)---- : 20.6373dB / 0.4342
26-01-18 04:22:06.949 : --95 --> BSRNet --> x4--> 86000.png
26-01-18 04:22:07.016 : ----PSNR/SSIM for (/root/media/quoc-huy/eval-wir/srbenchmarks/BSD100/LR_bsrgan, x4)---- : 19.6922dB / 0.5006
26-01-18 04:22:07.050 : --96 --> BSRNet --> x4--> 86016.png
26-01-18 04:22:07.115 : ----PSNR/SSIM for (/root/media/quoc-huy/eval-wir/srbenchmarks/BSD100/LR_bsrgan, x4)---- : 19.6628dB / 0.1412
26-01-18 04:22:07.147 : --97 --> BSRNet --> x4--> 86068.png
26-01-18 04:22:07.211 : ----PSNR/SSIM for (/root/media/quoc-huy/eval-wir/srbenchmarks/BSD100/LR_bsrgan, x4)---- : 23.1313dB / 0.3455
26-01-18 04:22:07.245 : --98 --> BSRNet --> x4--> 87046.png
26-01-18 04:22:07.310 : ----PSNR/SSIM for (/root/media/quoc-huy/eval-wir/srbenchmarks/BSD100/LR_bsrgan, x4)---- : 19.3379dB / 0.4186
26-01-18 04:22:07.344 : --99 --> BSRNet --> x4--> 89072.png
26-01-18 04:22:07.411 : ----PSNR/SSIM for (/root/media/quoc-huy/eval-wir/srbenchmarks/BSD100/LR_bsrgan, x4)---- : 21.3465dB / 0.4886
26-01-18 04:22:07.445 : -100 --> BSRNet --> x4--> 97033.png
26-01-18 04:22:07.510 : ----PSNR/SSIM for (/root/media/quoc-huy/eval-wir/srbenchmarks/BSD100/LR_bsrgan, x4)---- : 18.9656dB / 0.4224
26-01-18 04:22:07.544 : Computing FID...
26-01-18 04:22:13.417 :  
26-01-18 04:23:09.625 :       Model Name : BSRNet
26-01-18 04:23:10.742 :       Input Path : /root/media/quoc-huy/eval-wir/srbenchmarks/Urban100/LR_bsrgan
26-01-18 04:23:10.742 :      Output Path : /root/quoc-huy/all-tested-results/BSRGAN/Urban100-LR_bsrgan
26-01-18 04:23:10.743 : ---1 --> BSRNet --> x4--> img_001.png
26-01-18 04:23:11.127 : ----PSNR/SSIM for (/root/media/quoc-huy/eval-wir/srbenchmarks/Urban100/LR_bsrgan, x4)---- : 19.8439dB / 0.4576
26-01-18 04:23:11.327 : ---2 --> BSRNet --> x4--> img_002.png
26-01-18 04:23:11.659 : ----PSNR/SSIM for (/root/media/quoc-huy/eval-wir/srbenchmarks/Urban100/LR_bsrgan, x4)---- : 17.9959dB / 0.4208
26-01-18 04:23:11.738 : ---3 --> BSRNet --> x4--> img_003.png
26-01-18 04:23:12.028 : ----PSNR/SSIM for (/root/media/quoc-huy/eval-wir/srbenchmarks/Urban100/LR_bsrgan, x4)---- : 20.6430dB / 0.4997
26-01-18 04:23:12.101 : ---4 --> BSRNet --> x4--> img_004.png
26-01-18 04:23:12.389 : ----PSNR/SSIM for (/root/media/quoc-huy/eval-wir/srbenchmarks/Urban100/LR_bsrgan, x4)---- : 14.9046dB / 0.2566
26-01-18 04:23:12.455 : ---5 --> BSRNet --> x4--> img_005.png
26-01-18 04:23:12.786 : ----PSNR/SSIM for (/root/media/quoc-huy/eval-wir/srbenchmarks/Urban100/LR_bsrgan, x4)---- : 17.0377dB / 0.6574
26-01-18 04:23:12.857 : ---6 --> BSRNet --> x4--> img_006.png
26-01-18 04:23:13.326 : ----PSNR/SSIM for (/root/media/quoc-huy/eval-wir/srbenchmarks/Urban100/LR_bsrgan, x4)---- : 16.7833dB / 0.2504
26-01-18 04:23:13.421 : ---7 --> BSRNet --> x4--> img_007.png
26-01-18 04:23:13.712 : ----PSNR/SSIM for (/root/media/quoc-huy/eval-wir/srbenchmarks/Urban100/LR_bsrgan, x4)---- : 22.3760dB / 0.6247
26-01-18 04:23:13.784 : ---8 --> BSRNet --> x4--> img_008.png
26-01-18 04:23:14.033 : ----PSNR/SSIM for (/root/media/quoc-huy/eval-wir/srbenchmarks/Urban100/LR_bsrgan, x4)---- : 15.3411dB / 0.2023
26-01-18 04:23:14.096 : ---9 --> BSRNet --> x4--> img_009.png
26-01-18 04:23:14.436 : ----PSNR/SSIM for (/root/media/quoc-huy/eval-wir/srbenchmarks/Urban100/LR_bsrgan, x4)---- : 27.0294dB / 0.7810
26-01-18 04:23:14.509 : --10 --> BSRNet --> x4--> img_010.png
26-01-18 04:23:14.855 : ----PSNR/SSIM for (/root/media/quoc-huy/eval-wir/srbenchmarks/Urban100/LR_bsrgan, x4)---- : 19.8763dB / 0.6859
26-01-18 04:23:14.932 : --11 --> BSRNet --> x4--> img_011.png
26-01-18 04:23:15.176 : ----PSNR/SSIM for (/root/media/quoc-huy/eval-wir/srbenchmarks/Urban100/LR_bsrgan, x4)---- : 12.2866dB / 0.3976
26-01-18 04:23:15.240 : --12 --> BSRNet --> x4--> img_012.png
26-01-18 04:23:15.567 : ----PSNR/SSIM for (/root/media/quoc-huy/eval-wir/srbenchmarks/Urban100/LR_bsrgan, x4)---- : 17.9681dB / 0.3961
26-01-18 04:23:15.642 : --13 --> BSRNet --> x4--> img_013.png
26-01-18 04:23:15.970 : ----PSNR/SSIM for (/root/media/quoc-huy/eval-wir/srbenchmarks/Urban100/LR_bsrgan, x4)---- : 20.1501dB / 0.4957
26-01-18 04:23:16.049 : --14 --> BSRNet --> x4--> img_014.png
26-01-18 04:23:16.486 : ----PSNR/SSIM for (/root/media/quoc-huy/eval-wir/srbenchmarks/Urban100/LR_bsrgan, x4)---- : 17.9718dB / 0.4325
26-01-18 04:23:16.574 : --15 --> BSRNet --> x4--> img_015.png
26-01-18 04:23:16.906 : ----PSNR/SSIM for (/root/media/quoc-huy/eval-wir/srbenchmarks/Urban100/LR_bsrgan, x4)---- : 19.6115dB / 0.4662
26-01-18 04:23:16.984 : --16 --> BSRNet --> x4--> img_016.png
26-01-18 04:23:17.414 : ----PSNR/SSIM for (/root/media/quoc-huy/eval-wir/srbenchmarks/Urban100/LR_bsrgan, x4)---- : 22.6128dB / 0.6485
26-01-18 04:23:17.497 : --17 --> BSRNet --> x4--> img_017.png
26-01-18 04:23:17.792 : ----PSNR/SSIM for (/root/media/quoc-huy/eval-wir/srbenchmarks/Urban100/LR_bsrgan, x4)---- : 18.5450dB / 0.5187
26-01-18 04:23:17.862 : --18 --> BSRNet --> x4--> img_018.png
26-01-18 04:23:18.194 : ----PSNR/SSIM for (/root/media/quoc-huy/eval-wir/srbenchmarks/Urban100/LR_bsrgan, x4)---- : 18.1343dB / 0.2980
26-01-18 04:23:18.273 : --19 --> BSRNet --> x4--> img_019.png
26-01-18 04:23:18.559 : ----PSNR/SSIM for (/root/media/quoc-huy/eval-wir/srbenchmarks/Urban100/LR_bsrgan, x4)---- : 16.0900dB / 0.5317
26-01-18 04:23:18.631 : --20 --> BSRNet --> x4--> img_020.png
26-01-18 04:23:19.136 : ----PSNR/SSIM for (/root/media/quoc-huy/eval-wir/srbenchmarks/Urban100/LR_bsrgan, x4)---- : 17.8649dB / 0.4686
26-01-18 04:23:19.250 : --21 --> BSRNet --> x4--> img_021.png
26-01-18 04:23:19.647 : ----PSNR/SSIM for (/root/media/quoc-huy/eval-wir/srbenchmarks/Urban100/LR_bsrgan, x4)---- : 24.4747dB / 0.6153
26-01-18 04:23:19.731 : --22 --> BSRNet --> x4--> img_022.png
26-01-18 04:23:20.021 : ----PSNR/SSIM for (/root/media/quoc-huy/eval-wir/srbenchmarks/Urban100/LR_bsrgan, x4)---- : 20.9956dB / 0.5548
26-01-18 04:23:20.087 : --23 --> BSRNet --> x4--> img_023.png
26-01-18 04:23:20.527 : ----PSNR/SSIM for (/root/media/quoc-huy/eval-wir/srbenchmarks/Urban100/LR_bsrgan, x4)---- : 18.7402dB / 0.4024
26-01-18 04:23:20.615 : --24 --> BSRNet --> x4--> img_024.png
26-01-18 04:23:20.900 : ----PSNR/SSIM for (/root/media/quoc-huy/eval-wir/srbenchmarks/Urban100/LR_bsrgan, x4)---- : 15.5332dB / 0.3236
26-01-18 04:23:20.971 : --25 --> BSRNet --> x4--> img_025.png
26-01-18 04:23:21.275 : ----PSNR/SSIM for (/root/media/quoc-huy/eval-wir/srbenchmarks/Urban100/LR_bsrgan, x4)---- : 21.9682dB / 0.6520
26-01-18 04:23:21.353 : --26 --> BSRNet --> x4--> img_026.png
26-01-18 04:23:21.682 : ----PSNR/SSIM for (/root/media/quoc-huy/eval-wir/srbenchmarks/Urban100/LR_bsrgan, x4)---- : 21.5437dB / 0.4919
26-01-18 04:23:21.751 : --27 --> BSRNet --> x4--> img_027.png
26-01-18 04:23:22.106 : ----PSNR/SSIM for (/root/media/quoc-huy/eval-wir/srbenchmarks/Urban100/LR_bsrgan, x4)---- : 24.2288dB / 0.6374
26-01-18 04:23:22.189 : --28 --> BSRNet --> x4--> img_028.png
26-01-18 04:23:22.473 : ----PSNR/SSIM for (/root/media/quoc-huy/eval-wir/srbenchmarks/Urban100/LR_bsrgan, x4)---- : 21.6649dB / 0.6377
26-01-18 04:23:22.537 : --29 --> BSRNet --> x4--> img_029.png
26-01-18 04:23:22.828 : ----PSNR/SSIM for (/root/media/quoc-huy/eval-wir/srbenchmarks/Urban100/LR_bsrgan, x4)---- : 20.5896dB / 0.6356
26-01-18 04:23:22.902 : --30 --> BSRNet --> x4--> img_030.png
26-01-18 04:23:23.205 : ----PSNR/SSIM for (/root/media/quoc-huy/eval-wir/srbenchmarks/Urban100/LR_bsrgan, x4)---- : 17.9591dB / 0.4331
26-01-18 04:23:23.280 : --31 --> BSRNet --> x4--> img_031.png
26-01-18 04:23:23.566 : ----PSNR/SSIM for (/root/media/quoc-huy/eval-wir/srbenchmarks/Urban100/LR_bsrgan, x4)---- : 19.9130dB / 0.5507
26-01-18 04:23:23.637 : --32 --> BSRNet --> x4--> img_032.png
26-01-18 04:23:23.924 : ----PSNR/SSIM for (/root/media/quoc-huy/eval-wir/srbenchmarks/Urban100/LR_bsrgan, x4)---- : 23.6020dB / 0.6753
26-01-18 04:23:23.992 : --33 --> BSRNet --> x4--> img_033.png
26-01-18 04:23:24.279 : ----PSNR/SSIM for (/root/media/quoc-huy/eval-wir/srbenchmarks/Urban100/LR_bsrgan, x4)---- : 21.4278dB / 0.5689
26-01-18 04:23:24.348 : --34 --> BSRNet --> x4--> img_034.png
26-01-18 04:23:24.635 : ----PSNR/SSIM for (/root/media/quoc-huy/eval-wir/srbenchmarks/Urban100/LR_bsrgan, x4)---- : 16.6940dB / 0.2731
26-01-18 04:23:24.706 : --35 --> BSRNet --> x4--> img_035.png
26-01-18 04:23:24.995 : ----PSNR/SSIM for (/root/media/quoc-huy/eval-wir/srbenchmarks/Urban100/LR_bsrgan, x4)---- : 20.5103dB / 0.6427
26-01-18 04:23:25.068 : --36 --> BSRNet --> x4--> img_036.png
26-01-18 04:23:25.360 : ----PSNR/SSIM for (/root/media/quoc-huy/eval-wir/srbenchmarks/Urban100/LR_bsrgan, x4)---- : 22.9575dB / 0.7098
26-01-18 04:23:25.435 : --37 --> BSRNet --> x4--> img_037.png
26-01-18 04:23:25.764 : ----PSNR/SSIM for (/root/media/quoc-huy/eval-wir/srbenchmarks/Urban100/LR_bsrgan, x4)---- : 17.7715dB / 0.4121
26-01-18 04:23:25.838 : --38 --> BSRNet --> x4--> img_038.png
26-01-18 04:23:26.168 : ----PSNR/SSIM for (/root/media/quoc-huy/eval-wir/srbenchmarks/Urban100/LR_bsrgan, x4)---- : 21.1813dB / 0.3516
26-01-18 04:23:26.245 : --39 --> BSRNet --> x4--> img_039.png
26-01-18 04:23:26.579 : ----PSNR/SSIM for (/root/media/quoc-huy/eval-wir/srbenchmarks/Urban100/LR_bsrgan, x4)---- : 15.8698dB / 0.3878
26-01-18 04:23:26.651 : --40 --> BSRNet --> x4--> img_040.png
26-01-18 04:23:26.908 : ----PSNR/SSIM for (/root/media/quoc-huy/eval-wir/srbenchmarks/Urban100/LR_bsrgan, x4)---- : 12.1131dB / 0.4137
26-01-18 04:23:26.968 : --41 --> BSRNet --> x4--> img_041.png
26-01-18 04:23:27.255 : ----PSNR/SSIM for (/root/media/quoc-huy/eval-wir/srbenchmarks/Urban100/LR_bsrgan, x4)---- : 14.6256dB / 0.3708
26-01-18 04:23:27.329 : --42 --> BSRNet --> x4--> img_042.png
26-01-18 04:23:27.615 : ----PSNR/SSIM for (/root/media/quoc-huy/eval-wir/srbenchmarks/Urban100/LR_bsrgan, x4)---- : 18.0027dB / 0.5212
26-01-18 04:23:27.686 : --43 --> BSRNet --> x4--> img_043.png
26-01-18 04:23:27.970 : ----PSNR/SSIM for (/root/media/quoc-huy/eval-wir/srbenchmarks/Urban100/LR_bsrgan, x4)---- : 17.5584dB / 0.6373
26-01-18 04:23:28.043 : --44 --> BSRNet --> x4--> img_044.png
26-01-18 04:23:28.334 : ----PSNR/SSIM for (/root/media/quoc-huy/eval-wir/srbenchmarks/Urban100/LR_bsrgan, x4)---- : 20.3555dB / 0.4120
26-01-18 04:23:28.403 : --45 --> BSRNet --> x4--> img_045.png
26-01-18 04:23:28.730 : ----PSNR/SSIM for (/root/media/quoc-huy/eval-wir/srbenchmarks/Urban100/LR_bsrgan, x4)---- : 18.9481dB / 0.4402
26-01-18 04:23:28.813 : --46 --> BSRNet --> x4--> img_046.png
26-01-18 04:23:29.108 : ----PSNR/SSIM for (/root/media/quoc-huy/eval-wir/srbenchmarks/Urban100/LR_bsrgan, x4)---- : 19.8266dB / 0.5646
26-01-18 04:23:29.176 : --47 --> BSRNet --> x4--> img_047.png
26-01-18 04:23:29.439 : ----PSNR/SSIM for (/root/media/quoc-huy/eval-wir/srbenchmarks/Urban100/LR_bsrgan, x4)---- : 16.7513dB / 0.4765
26-01-18 04:23:29.506 : --48 --> BSRNet --> x4--> img_048.png
26-01-18 04:23:29.795 : ----PSNR/SSIM for (/root/media/quoc-huy/eval-wir/srbenchmarks/Urban100/LR_bsrgan, x4)---- : 15.5957dB / 0.5887
26-01-18 04:23:29.864 : --49 --> BSRNet --> x4--> img_049.png
26-01-18 04:23:30.156 : ----PSNR/SSIM for (/root/media/quoc-huy/eval-wir/srbenchmarks/Urban100/LR_bsrgan, x4)---- : 13.6809dB / 0.2455
26-01-18 04:23:30.229 : --50 --> BSRNet --> x4--> img_050.png
26-01-18 04:23:30.518 : ----PSNR/SSIM for (/root/media/quoc-huy/eval-wir/srbenchmarks/Urban100/LR_bsrgan, x4)---- : 19.0269dB / 0.4845
26-01-18 04:23:30.584 : --51 --> BSRNet --> x4--> img_051.png
26-01-18 04:23:30.873 : ----PSNR/SSIM for (/root/media/quoc-huy/eval-wir/srbenchmarks/Urban100/LR_bsrgan, x4)---- : 20.1963dB / 0.5501
26-01-18 04:23:30.946 : --52 --> BSRNet --> x4--> img_052.png
26-01-18 04:23:31.238 : ----PSNR/SSIM for (/root/media/quoc-huy/eval-wir/srbenchmarks/Urban100/LR_bsrgan, x4)---- : 16.1850dB / 0.4925
26-01-18 04:23:31.305 : --53 --> BSRNet --> x4--> img_053.png
26-01-18 04:23:31.590 : ----PSNR/SSIM for (/root/media/quoc-huy/eval-wir/srbenchmarks/Urban100/LR_bsrgan, x4)---- : 16.4293dB / 0.3883
26-01-18 04:23:31.661 : --54 --> BSRNet --> x4--> img_054.png
26-01-18 04:23:31.952 : ----PSNR/SSIM for (/root/media/quoc-huy/eval-wir/srbenchmarks/Urban100/LR_bsrgan, x4)---- : 14.8174dB / 0.3011
26-01-18 04:23:32.020 : --55 --> BSRNet --> x4--> img_055.png
26-01-18 04:23:32.354 : ----PSNR/SSIM for (/root/media/quoc-huy/eval-wir/srbenchmarks/Urban100/LR_bsrgan, x4)---- : 26.2212dB / 0.8172
26-01-18 04:23:32.432 : --56 --> BSRNet --> x4--> img_056.png
26-01-18 04:23:32.766 : ----PSNR/SSIM for (/root/media/quoc-huy/eval-wir/srbenchmarks/Urban100/LR_bsrgan, x4)---- : 17.8631dB / 0.4057
26-01-18 04:23:32.846 : --57 --> BSRNet --> x4--> img_057.png
26-01-18 04:23:33.148 : ----PSNR/SSIM for (/root/media/quoc-huy/eval-wir/srbenchmarks/Urban100/LR_bsrgan, x4)---- : 23.4144dB / 0.6887
26-01-18 04:23:33.224 : --58 --> BSRNet --> x4--> img_058.png
26-01-18 04:23:33.525 : ----PSNR/SSIM for (/root/media/quoc-huy/eval-wir/srbenchmarks/Urban100/LR_bsrgan, x4)---- : 20.5762dB / 0.6735
26-01-18 04:23:33.598 : --59 --> BSRNet --> x4--> img_059.png
26-01-18 04:23:33.881 : ----PSNR/SSIM for (/root/media/quoc-huy/eval-wir/srbenchmarks/Urban100/LR_bsrgan, x4)---- : 17.9884dB / 0.5648
26-01-18 04:23:33.944 : --60 --> BSRNet --> x4--> img_060.png
26-01-18 04:23:34.235 : ----PSNR/SSIM for (/root/media/quoc-huy/eval-wir/srbenchmarks/Urban100/LR_bsrgan, x4)---- : 16.6713dB / 0.2246
26-01-18 04:23:34.304 : --61 --> BSRNet --> x4--> img_061.png
26-01-18 04:23:34.589 : ----PSNR/SSIM for (/root/media/quoc-huy/eval-wir/srbenchmarks/Urban100/LR_bsrgan, x4)---- : 17.3081dB / 0.3585
26-01-18 04:23:34.657 : --62 --> BSRNet --> x4--> img_062.png
26-01-18 04:23:34.945 : ----PSNR/SSIM for (/root/media/quoc-huy/eval-wir/srbenchmarks/Urban100/LR_bsrgan, x4)---- : 16.4162dB / 0.4457
26-01-18 04:23:35.010 : --63 --> BSRNet --> x4--> img_063.png
26-01-18 04:23:35.416 : ----PSNR/SSIM for (/root/media/quoc-huy/eval-wir/srbenchmarks/Urban100/LR_bsrgan, x4)---- : 18.5780dB / 0.4637
26-01-18 04:23:35.512 : --64 --> BSRNet --> x4--> img_064.png
26-01-18 04:23:35.803 : ----PSNR/SSIM for (/root/media/quoc-huy/eval-wir/srbenchmarks/Urban100/LR_bsrgan, x4)---- : 19.3060dB / 0.4371
26-01-18 04:23:35.877 : --65 --> BSRNet --> x4--> img_065.png
26-01-18 04:23:36.168 : ----PSNR/SSIM for (/root/media/quoc-huy/eval-wir/srbenchmarks/Urban100/LR_bsrgan, x4)---- : 18.7930dB / 0.3058
26-01-18 04:23:36.241 : --66 --> BSRNet --> x4--> img_066.png
26-01-18 04:23:36.606 : ----PSNR/SSIM for (/root/media/quoc-huy/eval-wir/srbenchmarks/Urban100/LR_bsrgan, x4)---- : 17.6156dB / 0.3450
26-01-18 04:23:36.692 : --67 --> BSRNet --> x4--> img_067.png
26-01-18 04:23:36.980 : ----PSNR/SSIM for (/root/media/quoc-huy/eval-wir/srbenchmarks/Urban100/LR_bsrgan, x4)---- : 14.1875dB / 0.6433
26-01-18 04:23:37.049 : --68 --> BSRNet --> x4--> img_068.png
26-01-18 04:23:37.487 : ----PSNR/SSIM for (/root/media/quoc-huy/eval-wir/srbenchmarks/Urban100/LR_bsrgan, x4)---- : 22.7102dB / 0.5981
26-01-18 04:23:37.585 : --69 --> BSRNet --> x4--> img_069.png
26-01-18 04:23:37.994 : ----PSNR/SSIM for (/root/media/quoc-huy/eval-wir/srbenchmarks/Urban100/LR_bsrgan, x4)---- : 18.3986dB / 0.4156
26-01-18 04:23:38.084 : --70 --> BSRNet --> x4--> img_070.png
26-01-18 04:23:38.417 : ----PSNR/SSIM for (/root/media/quoc-huy/eval-wir/srbenchmarks/Urban100/LR_bsrgan, x4)---- : 17.8707dB / 0.3788
26-01-18 04:23:38.488 : --71 --> BSRNet --> x4--> img_071.png
26-01-18 04:23:38.817 : ----PSNR/SSIM for (/root/media/quoc-huy/eval-wir/srbenchmarks/Urban100/LR_bsrgan, x4)---- : 22.0677dB / 0.3801
26-01-18 04:23:38.890 : --72 --> BSRNet --> x4--> img_072.png
26-01-18 04:23:39.178 : ----PSNR/SSIM for (/root/media/quoc-huy/eval-wir/srbenchmarks/Urban100/LR_bsrgan, x4)---- : 12.6958dB / 0.3888
26-01-18 04:23:39.254 : --73 --> BSRNet --> x4--> img_073.png
26-01-18 04:23:39.590 : ----PSNR/SSIM for (/root/media/quoc-huy/eval-wir/srbenchmarks/Urban100/LR_bsrgan, x4)---- : 15.7982dB / 0.1568
26-01-18 04:23:39.669 : --74 --> BSRNet --> x4--> img_074.png
26-01-18 04:23:39.958 : ----PSNR/SSIM for (/root/media/quoc-huy/eval-wir/srbenchmarks/Urban100/LR_bsrgan, x4)---- : 19.0478dB / 0.4339
26-01-18 04:23:40.028 : --75 --> BSRNet --> x4--> img_075.png
26-01-18 04:23:40.319 : ----PSNR/SSIM for (/root/media/quoc-huy/eval-wir/srbenchmarks/Urban100/LR_bsrgan, x4)---- : 23.8497dB / 0.7307
26-01-18 04:23:40.389 : --76 --> BSRNet --> x4--> img_076.png
26-01-18 04:23:40.680 : ----PSNR/SSIM for (/root/media/quoc-huy/eval-wir/srbenchmarks/Urban100/LR_bsrgan, x4)---- : 17.7289dB / 0.4270
26-01-18 04:23:40.753 : --77 --> BSRNet --> x4--> img_077.png
26-01-18 04:23:41.042 : ----PSNR/SSIM for (/root/media/quoc-huy/eval-wir/srbenchmarks/Urban100/LR_bsrgan, x4)---- : 18.4639dB / 0.4215
26-01-18 04:23:41.110 : --78 --> BSRNet --> x4--> img_078.png
26-01-18 04:23:41.417 : ----PSNR/SSIM for (/root/media/quoc-huy/eval-wir/srbenchmarks/Urban100/LR_bsrgan, x4)---- : 21.4824dB / 0.4817
26-01-18 04:23:41.488 : --79 --> BSRNet --> x4--> img_079.png
26-01-18 04:23:41.822 : ----PSNR/SSIM for (/root/media/quoc-huy/eval-wir/srbenchmarks/Urban100/LR_bsrgan, x4)---- : 20.4924dB / 0.4263
26-01-18 04:23:41.909 : --80 --> BSRNet --> x4--> img_080.png
26-01-18 04:23:42.263 : ----PSNR/SSIM for (/root/media/quoc-huy/eval-wir/srbenchmarks/Urban100/LR_bsrgan, x4)---- : 27.9528dB / 0.8501
26-01-18 04:23:42.339 : --81 --> BSRNet --> x4--> img_081.png
26-01-18 04:23:42.776 : ----PSNR/SSIM for (/root/media/quoc-huy/eval-wir/srbenchmarks/Urban100/LR_bsrgan, x4)---- : 26.8717dB / 0.8158
26-01-18 04:23:42.873 : --82 --> BSRNet --> x4--> img_082.png
26-01-18 04:23:43.311 : ----PSNR/SSIM for (/root/media/quoc-huy/eval-wir/srbenchmarks/Urban100/LR_bsrgan, x4)---- : 21.1831dB / 0.7245
26-01-18 04:23:43.405 : --83 --> BSRNet --> x4--> img_083.png
26-01-18 04:23:43.841 : ----PSNR/SSIM for (/root/media/quoc-huy/eval-wir/srbenchmarks/Urban100/LR_bsrgan, x4)---- : 18.0706dB / 0.4273
26-01-18 04:23:43.942 : --84 --> BSRNet --> x4--> img_084.png
26-01-18 04:23:44.382 : ----PSNR/SSIM for (/root/media/quoc-huy/eval-wir/srbenchmarks/Urban100/LR_bsrgan, x4)---- : 22.0774dB / 0.5036
26-01-18 04:23:44.477 : --85 --> BSRNet --> x4--> img_085.png
26-01-18 04:23:44.766 : ----PSNR/SSIM for (/root/media/quoc-huy/eval-wir/srbenchmarks/Urban100/LR_bsrgan, x4)---- : 20.9525dB / 0.7049
26-01-18 04:23:44.833 : --86 --> BSRNet --> x4--> img_086.png
26-01-18 04:23:45.164 : ----PSNR/SSIM for (/root/media/quoc-huy/eval-wir/srbenchmarks/Urban100/LR_bsrgan, x4)---- : 21.8883dB / 0.7044
26-01-18 04:23:45.234 : --87 --> BSRNet --> x4--> img_087.png
26-01-18 04:23:45.681 : ----PSNR/SSIM for (/root/media/quoc-huy/eval-wir/srbenchmarks/Urban100/LR_bsrgan, x4)---- : 18.2656dB / 0.6203
26-01-18 04:23:45.778 : --88 --> BSRNet --> x4--> img_088.png
26-01-18 04:23:46.065 : ----PSNR/SSIM for (/root/media/quoc-huy/eval-wir/srbenchmarks/Urban100/LR_bsrgan, x4)---- : 14.6401dB / 0.1803
26-01-18 04:23:46.137 : --89 --> BSRNet --> x4--> img_089.png
26-01-18 04:23:46.472 : ----PSNR/SSIM for (/root/media/quoc-huy/eval-wir/srbenchmarks/Urban100/LR_bsrgan, x4)---- : 20.6820dB / 0.4130
26-01-18 04:23:46.548 : --90 --> BSRNet --> x4--> img_090.png
26-01-18 04:23:46.837 : ----PSNR/SSIM for (/root/media/quoc-huy/eval-wir/srbenchmarks/Urban100/LR_bsrgan, x4)---- : 24.1024dB / 0.7432
26-01-18 04:23:46.914 : --91 --> BSRNet --> x4--> img_091.png
26-01-18 04:23:47.203 : ----PSNR/SSIM for (/root/media/quoc-huy/eval-wir/srbenchmarks/Urban100/LR_bsrgan, x4)---- : 17.0182dB / 0.2595
26-01-18 04:23:47.266 : --92 --> BSRNet --> x4--> img_092.png
26-01-18 04:23:47.556 : ----PSNR/SSIM for (/root/media/quoc-huy/eval-wir/srbenchmarks/Urban100/LR_bsrgan, x4)---- : 13.7293dB / 0.3019
26-01-18 04:23:47.625 : --93 --> BSRNet --> x4--> img_093.png
26-01-18 04:23:47.973 : ----PSNR/SSIM for (/root/media/quoc-huy/eval-wir/srbenchmarks/Urban100/LR_bsrgan, x4)---- : 15.2710dB / 0.4419
26-01-18 04:23:48.049 : --94 --> BSRNet --> x4--> img_094.png
26-01-18 04:23:48.379 : ----PSNR/SSIM for (/root/media/quoc-huy/eval-wir/srbenchmarks/Urban100/LR_bsrgan, x4)---- : 21.9179dB / 0.5572
26-01-18 04:23:48.454 : --95 --> BSRNet --> x4--> img_095.png
26-01-18 04:23:48.779 : ----PSNR/SSIM for (/root/media/quoc-huy/eval-wir/srbenchmarks/Urban100/LR_bsrgan, x4)---- : 15.9993dB / 0.1208
26-01-18 04:23:48.847 : --96 --> BSRNet --> x4--> img_096.png
26-01-18 04:23:49.180 : ----PSNR/SSIM for (/root/media/quoc-huy/eval-wir/srbenchmarks/Urban100/LR_bsrgan, x4)---- : 17.1562dB / 0.4936
26-01-18 04:23:49.250 : --97 --> BSRNet --> x4--> img_097.png
26-01-18 04:23:49.540 : ----PSNR/SSIM for (/root/media/quoc-huy/eval-wir/srbenchmarks/Urban100/LR_bsrgan, x4)---- : 19.4643dB / 0.4768
26-01-18 04:23:49.612 : --98 --> BSRNet --> x4--> img_098.png
26-01-18 04:23:49.900 : ----PSNR/SSIM for (/root/media/quoc-huy/eval-wir/srbenchmarks/Urban100/LR_bsrgan, x4)---- : 17.6727dB / 0.2865
26-01-18 04:23:49.975 : --99 --> BSRNet --> x4--> img_099.png
26-01-18 04:23:50.325 : ----PSNR/SSIM for (/root/media/quoc-huy/eval-wir/srbenchmarks/Urban100/LR_bsrgan, x4)---- : 21.3329dB / 0.5211
26-01-18 04:23:50.407 : -100 --> BSRNet --> x4--> img_100.png
26-01-18 04:23:50.843 : ----PSNR/SSIM for (/root/media/quoc-huy/eval-wir/srbenchmarks/Urban100/LR_bsrgan, x4)---- : 19.2010dB / 0.4612
26-01-18 04:23:50.941 : Computing FID...
26-01-18 04:23:57.776 :  
26-01-18 04:25:14.630 :       Model Name : BSRGAN
26-01-18 04:25:15.746 :       Input Path : /root/media/quoc-huy/eval-wir/srbenchmarks/Urban100/LR_bsrgan
26-01-18 04:25:15.746 :      Output Path : /root/quoc-huy/all-tested-results/BSRGAN/Urban100-LR_bsrgan
26-01-18 04:25:15.747 : ---1 --> BSRGAN --> x4--> img_001.png
26-01-18 04:25:16.134 : ----PSNR/SSIM for (/root/media/quoc-huy/eval-wir/srbenchmarks/Urban100/LR_bsrgan, x4)---- : 19.0797dB / 0.4140
26-01-18 04:25:16.341 : ---2 --> BSRGAN --> x4--> img_002.png
26-01-18 04:25:16.672 : ----PSNR/SSIM for (/root/media/quoc-huy/eval-wir/srbenchmarks/Urban100/LR_bsrgan, x4)---- : 17.8875dB / 0.3900
26-01-18 04:25:16.754 : ---3 --> BSRGAN --> x4--> img_003.png
26-01-18 04:25:17.045 : ----PSNR/SSIM for (/root/media/quoc-huy/eval-wir/srbenchmarks/Urban100/LR_bsrgan, x4)---- : 19.9408dB / 0.4534
26-01-18 04:25:17.119 : ---4 --> BSRGAN --> x4--> img_004.png
26-01-18 04:25:17.408 : ----PSNR/SSIM for (/root/media/quoc-huy/eval-wir/srbenchmarks/Urban100/LR_bsrgan, x4)---- : 14.6716dB / 0.2380
26-01-18 04:25:17.483 : ---5 --> BSRGAN --> x4--> img_005.png
26-01-18 04:25:17.813 : ----PSNR/SSIM for (/root/media/quoc-huy/eval-wir/srbenchmarks/Urban100/LR_bsrgan, x4)---- : 16.5925dB / 0.6102
26-01-18 04:25:17.895 : ---6 --> BSRGAN --> x4--> img_006.png
26-01-18 04:25:18.329 : ----PSNR/SSIM for (/root/media/quoc-huy/eval-wir/srbenchmarks/Urban100/LR_bsrgan, x4)---- : 16.3996dB / 0.2080
26-01-18 04:25:18.431 : ---7 --> BSRGAN --> x4--> img_007.png
26-01-18 04:25:18.724 : ----PSNR/SSIM for (/root/media/quoc-huy/eval-wir/srbenchmarks/Urban100/LR_bsrgan, x4)---- : 21.0735dB / 0.5398
26-01-18 04:25:18.797 : ---8 --> BSRGAN --> x4--> img_008.png
26-01-18 04:25:19.047 : ----PSNR/SSIM for (/root/media/quoc-huy/eval-wir/srbenchmarks/Urban100/LR_bsrgan, x4)---- : 15.0948dB / 0.1735
26-01-18 04:25:19.114 : ---9 --> BSRGAN --> x4--> img_009.png
26-01-18 04:25:19.461 : ----PSNR/SSIM for (/root/media/quoc-huy/eval-wir/srbenchmarks/Urban100/LR_bsrgan, x4)---- : 26.7206dB / 0.7664
26-01-18 04:25:19.543 : --10 --> BSRGAN --> x4--> img_010.png
26-01-18 04:25:19.935 : ----PSNR/SSIM for (/root/media/quoc-huy/eval-wir/srbenchmarks/Urban100/LR_bsrgan, x4)---- : 19.3693dB / 0.6549
26-01-18 04:25:20.018 : --11 --> BSRGAN --> x4--> img_011.png
26-01-18 04:25:20.263 : ----PSNR/SSIM for (/root/media/quoc-huy/eval-wir/srbenchmarks/Urban100/LR_bsrgan, x4)---- : 11.7862dB / 0.3373
26-01-18 04:25:20.330 : --12 --> BSRGAN --> x4--> img_012.png
26-01-18 04:25:20.660 : ----PSNR/SSIM for (/root/media/quoc-huy/eval-wir/srbenchmarks/Urban100/LR_bsrgan, x4)---- : 17.5332dB / 0.3624
26-01-18 04:25:20.744 : --13 --> BSRGAN --> x4--> img_013.png
26-01-18 04:25:21.073 : ----PSNR/SSIM for (/root/media/quoc-huy/eval-wir/srbenchmarks/Urban100/LR_bsrgan, x4)---- : 19.2040dB / 0.4440
26-01-18 04:25:21.156 : --14 --> BSRGAN --> x4--> img_014.png
26-01-18 04:25:21.595 : ----PSNR/SSIM for (/root/media/quoc-huy/eval-wir/srbenchmarks/Urban100/LR_bsrgan, x4)---- : 17.4937dB / 0.3937
26-01-18 04:25:21.693 : --15 --> BSRGAN --> x4--> img_015.png
26-01-18 04:25:22.026 : ----PSNR/SSIM for (/root/media/quoc-huy/eval-wir/srbenchmarks/Urban100/LR_bsrgan, x4)---- : 18.5893dB / 0.4154
26-01-18 04:25:22.106 : --16 --> BSRGAN --> x4--> img_016.png
26-01-18 04:25:22.537 : ----PSNR/SSIM for (/root/media/quoc-huy/eval-wir/srbenchmarks/Urban100/LR_bsrgan, x4)---- : 22.3503dB / 0.7031
26-01-18 04:25:22.629 : --17 --> BSRGAN --> x4--> img_017.png
26-01-18 04:25:22.922 : ----PSNR/SSIM for (/root/media/quoc-huy/eval-wir/srbenchmarks/Urban100/LR_bsrgan, x4)---- : 17.7383dB / 0.4579
26-01-18 04:25:22.997 : --18 --> BSRGAN --> x4--> img_018.png
26-01-18 04:25:23.328 : ----PSNR/SSIM for (/root/media/quoc-huy/eval-wir/srbenchmarks/Urban100/LR_bsrgan, x4)---- : 17.6773dB / 0.2551
26-01-18 04:25:23.409 : --19 --> BSRGAN --> x4--> img_019.png
26-01-18 04:25:23.697 : ----PSNR/SSIM for (/root/media/quoc-huy/eval-wir/srbenchmarks/Urban100/LR_bsrgan, x4)---- : 15.6474dB / 0.5011
26-01-18 04:25:23.771 : --20 --> BSRGAN --> x4--> img_020.png
26-01-18 04:25:24.279 : ----PSNR/SSIM for (/root/media/quoc-huy/eval-wir/srbenchmarks/Urban100/LR_bsrgan, x4)---- : 16.9672dB / 0.4220
26-01-18 04:25:24.394 : --21 --> BSRGAN --> x4--> img_021.png
26-01-18 04:25:24.794 : ----PSNR/SSIM for (/root/media/quoc-huy/eval-wir/srbenchmarks/Urban100/LR_bsrgan, x4)---- : 23.1785dB / 0.5689
26-01-18 04:25:24.889 : --22 --> BSRGAN --> x4--> img_022.png
26-01-18 04:25:25.178 : ----PSNR/SSIM for (/root/media/quoc-huy/eval-wir/srbenchmarks/Urban100/LR_bsrgan, x4)---- : 20.2883dB / 0.5152
26-01-18 04:25:25.255 : --23 --> BSRGAN --> x4--> img_023.png
26-01-18 04:25:25.694 : ----PSNR/SSIM for (/root/media/quoc-huy/eval-wir/srbenchmarks/Urban100/LR_bsrgan, x4)---- : 18.4561dB / 0.3480
26-01-18 04:25:25.793 : --24 --> BSRGAN --> x4--> img_024.png
26-01-18 04:25:26.076 : ----PSNR/SSIM for (/root/media/quoc-huy/eval-wir/srbenchmarks/Urban100/LR_bsrgan, x4)---- : 15.0481dB / 0.2850
26-01-18 04:25:26.152 : --25 --> BSRGAN --> x4--> img_025.png
26-01-18 04:25:26.453 : ----PSNR/SSIM for (/root/media/quoc-huy/eval-wir/srbenchmarks/Urban100/LR_bsrgan, x4)---- : 20.5544dB / 0.6026
26-01-18 04:25:26.536 : --26 --> BSRGAN --> x4--> img_026.png
26-01-18 04:25:26.865 : ----PSNR/SSIM for (/root/media/quoc-huy/eval-wir/srbenchmarks/Urban100/LR_bsrgan, x4)---- : 21.3941dB / 0.4876
26-01-18 04:25:26.947 : --27 --> BSRGAN --> x4--> img_027.png
26-01-18 04:25:27.302 : ----PSNR/SSIM for (/root/media/quoc-huy/eval-wir/srbenchmarks/Urban100/LR_bsrgan, x4)---- : 23.5457dB / 0.6036
26-01-18 04:25:27.392 : --28 --> BSRGAN --> x4--> img_028.png
26-01-18 04:25:27.679 : ----PSNR/SSIM for (/root/media/quoc-huy/eval-wir/srbenchmarks/Urban100/LR_bsrgan, x4)---- : 21.1763dB / 0.5820
26-01-18 04:25:27.754 : --29 --> BSRGAN --> x4--> img_029.png
26-01-18 04:25:28.044 : ----PSNR/SSIM for (/root/media/quoc-huy/eval-wir/srbenchmarks/Urban100/LR_bsrgan, x4)---- : 19.9669dB / 0.5922
26-01-18 04:25:28.122 : --30 --> BSRGAN --> x4--> img_030.png
26-01-18 04:25:28.415 : ----PSNR/SSIM for (/root/media/quoc-huy/eval-wir/srbenchmarks/Urban100/LR_bsrgan, x4)---- : 17.1282dB / 0.3727
26-01-18 04:25:28.493 : --31 --> BSRGAN --> x4--> img_031.png
26-01-18 04:25:28.780 : ----PSNR/SSIM for (/root/media/quoc-huy/eval-wir/srbenchmarks/Urban100/LR_bsrgan, x4)---- : 19.3952dB / 0.5147
26-01-18 04:25:28.852 : --32 --> BSRGAN --> x4--> img_032.png
26-01-18 04:25:29.141 : ----PSNR/SSIM for (/root/media/quoc-huy/eval-wir/srbenchmarks/Urban100/LR_bsrgan, x4)---- : 23.1433dB / 0.6504
26-01-18 04:25:29.214 : --33 --> BSRGAN --> x4--> img_033.png
26-01-18 04:25:29.502 : ----PSNR/SSIM for (/root/media/quoc-huy/eval-wir/srbenchmarks/Urban100/LR_bsrgan, x4)---- : 20.8813dB / 0.5339
26-01-18 04:25:29.579 : --34 --> BSRGAN --> x4--> img_034.png
26-01-18 04:25:29.869 : ----PSNR/SSIM for (/root/media/quoc-huy/eval-wir/srbenchmarks/Urban100/LR_bsrgan, x4)---- : 16.1210dB / 0.2529
26-01-18 04:25:29.946 : --35 --> BSRGAN --> x4--> img_035.png
26-01-18 04:25:30.235 : ----PSNR/SSIM for (/root/media/quoc-huy/eval-wir/srbenchmarks/Urban100/LR_bsrgan, x4)---- : 19.7040dB / 0.6094
26-01-18 04:25:30.315 : --36 --> BSRGAN --> x4--> img_036.png
26-01-18 04:25:30.607 : ----PSNR/SSIM for (/root/media/quoc-huy/eval-wir/srbenchmarks/Urban100/LR_bsrgan, x4)---- : 22.1646dB / 0.6600
26-01-18 04:25:30.687 : --37 --> BSRGAN --> x4--> img_037.png
26-01-18 04:25:31.017 : ----PSNR/SSIM for (/root/media/quoc-huy/eval-wir/srbenchmarks/Urban100/LR_bsrgan, x4)---- : 17.1298dB / 0.3704
26-01-18 04:25:31.097 : --38 --> BSRGAN --> x4--> img_038.png
26-01-18 04:25:31.428 : ----PSNR/SSIM for (/root/media/quoc-huy/eval-wir/srbenchmarks/Urban100/LR_bsrgan, x4)---- : 21.2057dB / 0.3439
26-01-18 04:25:31.511 : --39 --> BSRGAN --> x4--> img_039.png
26-01-18 04:25:31.844 : ----PSNR/SSIM for (/root/media/quoc-huy/eval-wir/srbenchmarks/Urban100/LR_bsrgan, x4)---- : 15.5153dB / 0.3499
26-01-18 04:25:31.926 : --40 --> BSRGAN --> x4--> img_040.png
26-01-18 04:25:32.174 : ----PSNR/SSIM for (/root/media/quoc-huy/eval-wir/srbenchmarks/Urban100/LR_bsrgan, x4)---- : 10.7714dB / 0.2788
26-01-18 04:25:32.243 : --41 --> BSRGAN --> x4--> img_041.png
26-01-18 04:25:32.530 : ----PSNR/SSIM for (/root/media/quoc-huy/eval-wir/srbenchmarks/Urban100/LR_bsrgan, x4)---- : 13.9034dB / 0.2901
26-01-18 04:25:32.604 : --42 --> BSRGAN --> x4--> img_042.png
26-01-18 04:25:32.890 : ----PSNR/SSIM for (/root/media/quoc-huy/eval-wir/srbenchmarks/Urban100/LR_bsrgan, x4)---- : 17.4259dB / 0.4849
26-01-18 04:25:32.964 : --43 --> BSRGAN --> x4--> img_043.png
26-01-18 04:25:33.249 : ----PSNR/SSIM for (/root/media/quoc-huy/eval-wir/srbenchmarks/Urban100/LR_bsrgan, x4)---- : 16.7908dB / 0.5972
26-01-18 04:25:33.325 : --44 --> BSRGAN --> x4--> img_044.png
26-01-18 04:25:33.626 : ----PSNR/SSIM for (/root/media/quoc-huy/eval-wir/srbenchmarks/Urban100/LR_bsrgan, x4)---- : 19.8366dB / 0.3732
26-01-18 04:25:33.703 : --45 --> BSRGAN --> x4--> img_045.png
26-01-18 04:25:34.029 : ----PSNR/SSIM for (/root/media/quoc-huy/eval-wir/srbenchmarks/Urban100/LR_bsrgan, x4)---- : 18.4972dB / 0.4024
26-01-18 04:25:34.112 : --46 --> BSRGAN --> x4--> img_046.png
26-01-18 04:25:34.408 : ----PSNR/SSIM for (/root/media/quoc-huy/eval-wir/srbenchmarks/Urban100/LR_bsrgan, x4)---- : 19.3458dB / 0.5356
26-01-18 04:25:34.485 : --47 --> BSRGAN --> x4--> img_047.png
26-01-18 04:25:34.749 : ----PSNR/SSIM for (/root/media/quoc-huy/eval-wir/srbenchmarks/Urban100/LR_bsrgan, x4)---- : 16.3757dB / 0.4537
26-01-18 04:25:34.821 : --48 --> BSRGAN --> x4--> img_048.png
26-01-18 04:25:35.110 : ----PSNR/SSIM for (/root/media/quoc-huy/eval-wir/srbenchmarks/Urban100/LR_bsrgan, x4)---- : 15.2075dB / 0.5733
26-01-18 04:25:35.189 : --49 --> BSRGAN --> x4--> img_049.png
26-01-18 04:25:35.482 : ----PSNR/SSIM for (/root/media/quoc-huy/eval-wir/srbenchmarks/Urban100/LR_bsrgan, x4)---- : 13.2550dB / 0.2045
26-01-18 04:25:35.556 : --50 --> BSRGAN --> x4--> img_050.png
26-01-18 04:25:35.844 : ----PSNR/SSIM for (/root/media/quoc-huy/eval-wir/srbenchmarks/Urban100/LR_bsrgan, x4)---- : 18.5444dB / 0.4541
26-01-18 04:25:35.920 : --51 --> BSRGAN --> x4--> img_051.png
26-01-18 04:25:36.210 : ----PSNR/SSIM for (/root/media/quoc-huy/eval-wir/srbenchmarks/Urban100/LR_bsrgan, x4)---- : 19.5182dB / 0.4860
26-01-18 04:25:36.286 : --52 --> BSRGAN --> x4--> img_052.png
26-01-18 04:25:36.579 : ----PSNR/SSIM for (/root/media/quoc-huy/eval-wir/srbenchmarks/Urban100/LR_bsrgan, x4)---- : 15.7979dB / 0.3977
26-01-18 04:25:36.653 : --53 --> BSRGAN --> x4--> img_053.png
26-01-18 04:25:36.938 : ----PSNR/SSIM for (/root/media/quoc-huy/eval-wir/srbenchmarks/Urban100/LR_bsrgan, x4)---- : 15.5738dB / 0.3164
26-01-18 04:25:37.013 : --54 --> BSRGAN --> x4--> img_054.png
26-01-18 04:25:37.306 : ----PSNR/SSIM for (/root/media/quoc-huy/eval-wir/srbenchmarks/Urban100/LR_bsrgan, x4)---- : 14.5271dB / 0.2519
26-01-18 04:25:37.382 : --55 --> BSRGAN --> x4--> img_055.png
26-01-18 04:25:37.718 : ----PSNR/SSIM for (/root/media/quoc-huy/eval-wir/srbenchmarks/Urban100/LR_bsrgan, x4)---- : 24.3760dB / 0.7717
26-01-18 04:25:37.799 : --56 --> BSRGAN --> x4--> img_056.png
26-01-18 04:25:38.132 : ----PSNR/SSIM for (/root/media/quoc-huy/eval-wir/srbenchmarks/Urban100/LR_bsrgan, x4)---- : 16.9004dB / 0.3380
26-01-18 04:25:38.217 : --57 --> BSRGAN --> x4--> img_057.png
26-01-18 04:25:38.520 : ----PSNR/SSIM for (/root/media/quoc-huy/eval-wir/srbenchmarks/Urban100/LR_bsrgan, x4)---- : 22.5016dB / 0.6275
26-01-18 04:25:38.601 : --58 --> BSRGAN --> x4--> img_058.png
26-01-18 04:25:38.892 : ----PSNR/SSIM for (/root/media/quoc-huy/eval-wir/srbenchmarks/Urban100/LR_bsrgan, x4)---- : 19.0397dB / 0.5950
26-01-18 04:25:38.967 : --59 --> BSRGAN --> x4--> img_059.png
26-01-18 04:25:39.266 : ----PSNR/SSIM for (/root/media/quoc-huy/eval-wir/srbenchmarks/Urban100/LR_bsrgan, x4)---- : 17.8867dB / 0.5472
26-01-18 04:25:39.340 : --60 --> BSRGAN --> x4--> img_060.png
26-01-18 04:25:39.635 : ----PSNR/SSIM for (/root/media/quoc-huy/eval-wir/srbenchmarks/Urban100/LR_bsrgan, x4)---- : 16.2521dB / 0.1868
26-01-18 04:25:39.711 : --61 --> BSRGAN --> x4--> img_061.png
26-01-18 04:25:39.999 : ----PSNR/SSIM for (/root/media/quoc-huy/eval-wir/srbenchmarks/Urban100/LR_bsrgan, x4)---- : 16.9130dB / 0.3261
26-01-18 04:25:40.074 : --62 --> BSRGAN --> x4--> img_062.png
26-01-18 04:25:40.364 : ----PSNR/SSIM for (/root/media/quoc-huy/eval-wir/srbenchmarks/Urban100/LR_bsrgan, x4)---- : 16.1268dB / 0.4306
26-01-18 04:25:40.438 : --63 --> BSRGAN --> x4--> img_063.png
26-01-18 04:25:40.847 : ----PSNR/SSIM for (/root/media/quoc-huy/eval-wir/srbenchmarks/Urban100/LR_bsrgan, x4)---- : 18.0042dB / 0.4474
26-01-18 04:25:40.950 : --64 --> BSRGAN --> x4--> img_064.png
26-01-18 04:25:41.243 : ----PSNR/SSIM for (/root/media/quoc-huy/eval-wir/srbenchmarks/Urban100/LR_bsrgan, x4)---- : 18.5332dB / 0.3655
26-01-18 04:25:41.321 : --65 --> BSRGAN --> x4--> img_065.png
26-01-18 04:25:41.625 : ----PSNR/SSIM for (/root/media/quoc-huy/eval-wir/srbenchmarks/Urban100/LR_bsrgan, x4)---- : 18.3617dB / 0.2672
26-01-18 04:25:41.700 : --66 --> BSRGAN --> x4--> img_066.png
26-01-18 04:25:42.068 : ----PSNR/SSIM for (/root/media/quoc-huy/eval-wir/srbenchmarks/Urban100/LR_bsrgan, x4)---- : 17.3075dB / 0.3048
26-01-18 04:25:42.159 : --67 --> BSRGAN --> x4--> img_067.png
26-01-18 04:25:42.447 : ----PSNR/SSIM for (/root/media/quoc-huy/eval-wir/srbenchmarks/Urban100/LR_bsrgan, x4)---- : 13.3353dB / 0.5616
26-01-18 04:25:42.523 : --68 --> BSRGAN --> x4--> img_068.png
26-01-18 04:25:42.961 : ----PSNR/SSIM for (/root/media/quoc-huy/eval-wir/srbenchmarks/Urban100/LR_bsrgan, x4)---- : 22.1436dB / 0.5575
26-01-18 04:25:43.063 : --69 --> BSRGAN --> x4--> img_069.png
26-01-18 04:25:43.472 : ----PSNR/SSIM for (/root/media/quoc-huy/eval-wir/srbenchmarks/Urban100/LR_bsrgan, x4)---- : 17.9454dB / 0.3781
26-01-18 04:25:43.567 : --70 --> BSRGAN --> x4--> img_070.png
26-01-18 04:25:43.899 : ----PSNR/SSIM for (/root/media/quoc-huy/eval-wir/srbenchmarks/Urban100/LR_bsrgan, x4)---- : 17.4752dB / 0.3568
26-01-18 04:25:43.981 : --71 --> BSRGAN --> x4--> img_071.png
26-01-18 04:25:44.310 : ----PSNR/SSIM for (/root/media/quoc-huy/eval-wir/srbenchmarks/Urban100/LR_bsrgan, x4)---- : 21.8308dB / 0.3632
26-01-18 04:25:44.392 : --72 --> BSRGAN --> x4--> img_072.png
26-01-18 04:25:44.679 : ----PSNR/SSIM for (/root/media/quoc-huy/eval-wir/srbenchmarks/Urban100/LR_bsrgan, x4)---- : 12.1181dB / 0.3391
26-01-18 04:25:44.756 : --73 --> BSRGAN --> x4--> img_073.png
26-01-18 04:25:45.093 : ----PSNR/SSIM for (/root/media/quoc-huy/eval-wir/srbenchmarks/Urban100/LR_bsrgan, x4)---- : 15.4654dB / 0.1315
26-01-18 04:25:45.175 : --74 --> BSRGAN --> x4--> img_074.png
26-01-18 04:25:45.463 : ----PSNR/SSIM for (/root/media/quoc-huy/eval-wir/srbenchmarks/Urban100/LR_bsrgan, x4)---- : 18.7630dB / 0.4170
26-01-18 04:25:45.539 : --75 --> BSRGAN --> x4--> img_075.png
26-01-18 04:25:45.832 : ----PSNR/SSIM for (/root/media/quoc-huy/eval-wir/srbenchmarks/Urban100/LR_bsrgan, x4)---- : 22.4141dB / 0.6697
26-01-18 04:25:45.907 : --76 --> BSRGAN --> x4--> img_076.png
26-01-18 04:25:46.200 : ----PSNR/SSIM for (/root/media/quoc-huy/eval-wir/srbenchmarks/Urban100/LR_bsrgan, x4)---- : 17.4127dB / 0.3927
26-01-18 04:25:46.275 : --77 --> BSRGAN --> x4--> img_077.png
26-01-18 04:25:46.565 : ----PSNR/SSIM for (/root/media/quoc-huy/eval-wir/srbenchmarks/Urban100/LR_bsrgan, x4)---- : 17.8361dB / 0.3806
26-01-18 04:25:46.639 : --78 --> BSRGAN --> x4--> img_078.png
26-01-18 04:25:46.946 : ----PSNR/SSIM for (/root/media/quoc-huy/eval-wir/srbenchmarks/Urban100/LR_bsrgan, x4)---- : 21.1223dB / 0.4661
26-01-18 04:25:47.027 : --79 --> BSRGAN --> x4--> img_079.png
26-01-18 04:25:47.360 : ----PSNR/SSIM for (/root/media/quoc-huy/eval-wir/srbenchmarks/Urban100/LR_bsrgan, x4)---- : 19.5509dB / 0.3658
26-01-18 04:25:47.444 : --80 --> BSRGAN --> x4--> img_080.png
26-01-18 04:25:47.799 : ----PSNR/SSIM for (/root/media/quoc-huy/eval-wir/srbenchmarks/Urban100/LR_bsrgan, x4)---- : 26.5889dB / 0.8013
26-01-18 04:25:47.883 : --81 --> BSRGAN --> x4--> img_081.png
26-01-18 04:25:48.322 : ----PSNR/SSIM for (/root/media/quoc-huy/eval-wir/srbenchmarks/Urban100/LR_bsrgan, x4)---- : 24.6610dB / 0.7735
26-01-18 04:25:48.428 : --82 --> BSRGAN --> x4--> img_082.png
26-01-18 04:25:48.872 : ----PSNR/SSIM for (/root/media/quoc-huy/eval-wir/srbenchmarks/Urban100/LR_bsrgan, x4)---- : 20.0317dB / 0.6699
26-01-18 04:25:48.971 : --83 --> BSRGAN --> x4--> img_083.png
26-01-18 04:25:49.411 : ----PSNR/SSIM for (/root/media/quoc-huy/eval-wir/srbenchmarks/Urban100/LR_bsrgan, x4)---- : 17.5415dB / 0.3859
26-01-18 04:25:49.516 : --84 --> BSRGAN --> x4--> img_084.png
26-01-18 04:25:49.958 : ----PSNR/SSIM for (/root/media/quoc-huy/eval-wir/srbenchmarks/Urban100/LR_bsrgan, x4)---- : 21.0091dB / 0.4191
26-01-18 04:25:50.060 : --85 --> BSRGAN --> x4--> img_085.png
26-01-18 04:25:50.350 : ----PSNR/SSIM for (/root/media/quoc-huy/eval-wir/srbenchmarks/Urban100/LR_bsrgan, x4)---- : 20.2359dB / 0.6574
26-01-18 04:25:50.427 : --86 --> BSRGAN --> x4--> img_086.png
26-01-18 04:25:50.759 : ----PSNR/SSIM for (/root/media/quoc-huy/eval-wir/srbenchmarks/Urban100/LR_bsrgan, x4)---- : 21.2706dB / 0.6745
26-01-18 04:25:50.843 : --87 --> BSRGAN --> x4--> img_087.png
26-01-18 04:25:51.289 : ----PSNR/SSIM for (/root/media/quoc-huy/eval-wir/srbenchmarks/Urban100/LR_bsrgan, x4)---- : 17.7506dB / 0.5552
26-01-18 04:25:51.395 : --88 --> BSRGAN --> x4--> img_088.png
26-01-18 04:25:51.682 : ----PSNR/SSIM for (/root/media/quoc-huy/eval-wir/srbenchmarks/Urban100/LR_bsrgan, x4)---- : 14.1707dB / 0.1510
26-01-18 04:25:51.757 : --89 --> BSRGAN --> x4--> img_089.png
26-01-18 04:25:52.090 : ----PSNR/SSIM for (/root/media/quoc-huy/eval-wir/srbenchmarks/Urban100/LR_bsrgan, x4)---- : 19.9304dB / 0.3530
26-01-18 04:25:52.174 : --90 --> BSRGAN --> x4--> img_090.png
26-01-18 04:25:52.465 : ----PSNR/SSIM for (/root/media/quoc-huy/eval-wir/srbenchmarks/Urban100/LR_bsrgan, x4)---- : 23.7993dB / 0.6831
26-01-18 04:25:52.540 : --91 --> BSRGAN --> x4--> img_091.png
26-01-18 04:25:52.830 : ----PSNR/SSIM for (/root/media/quoc-huy/eval-wir/srbenchmarks/Urban100/LR_bsrgan, x4)---- : 16.8178dB / 0.2418
26-01-18 04:25:52.901 : --92 --> BSRGAN --> x4--> img_092.png
26-01-18 04:25:53.193 : ----PSNR/SSIM for (/root/media/quoc-huy/eval-wir/srbenchmarks/Urban100/LR_bsrgan, x4)---- : 13.5220dB / 0.2871
26-01-18 04:25:53.269 : --93 --> BSRGAN --> x4--> img_093.png
26-01-18 04:25:53.600 : ----PSNR/SSIM for (/root/media/quoc-huy/eval-wir/srbenchmarks/Urban100/LR_bsrgan, x4)---- : 14.7334dB / 0.3682
26-01-18 04:25:53.684 : --94 --> BSRGAN --> x4--> img_094.png
26-01-18 04:25:54.016 : ----PSNR/SSIM for (/root/media/quoc-huy/eval-wir/srbenchmarks/Urban100/LR_bsrgan, x4)---- : 21.0619dB / 0.5142
26-01-18 04:25:54.098 : --95 --> BSRGAN --> x4--> img_095.png
26-01-18 04:25:54.425 : ----PSNR/SSIM for (/root/media/quoc-huy/eval-wir/srbenchmarks/Urban100/LR_bsrgan, x4)---- : 15.6739dB / 0.1124
26-01-18 04:25:54.507 : --96 --> BSRGAN --> x4--> img_096.png
26-01-18 04:25:54.842 : ----PSNR/SSIM for (/root/media/quoc-huy/eval-wir/srbenchmarks/Urban100/LR_bsrgan, x4)---- : 17.0539dB / 0.4809
26-01-18 04:25:54.924 : --97 --> BSRGAN --> x4--> img_097.png
26-01-18 04:25:55.219 : ----PSNR/SSIM for (/root/media/quoc-huy/eval-wir/srbenchmarks/Urban100/LR_bsrgan, x4)---- : 18.6358dB / 0.4132
26-01-18 04:25:55.295 : --98 --> BSRGAN --> x4--> img_098.png
26-01-18 04:25:55.586 : ----PSNR/SSIM for (/root/media/quoc-huy/eval-wir/srbenchmarks/Urban100/LR_bsrgan, x4)---- : 17.3379dB / 0.2678
26-01-18 04:25:55.660 : --99 --> BSRGAN --> x4--> img_099.png
26-01-18 04:25:56.013 : ----PSNR/SSIM for (/root/media/quoc-huy/eval-wir/srbenchmarks/Urban100/LR_bsrgan, x4)---- : 20.2553dB / 0.4915
26-01-18 04:25:56.099 : -100 --> BSRGAN --> x4--> img_100.png
26-01-18 04:25:56.537 : ----PSNR/SSIM for (/root/media/quoc-huy/eval-wir/srbenchmarks/Urban100/LR_bsrgan, x4)---- : 18.0152dB / 0.4031
26-01-18 04:25:56.638 : Computing FID...
26-01-18 04:26:03.549 :  
26-01-18 04:26:49.677 :       Model Name : BSRGAN
26-01-18 04:26:50.791 :       Input Path : /root/media/quoc-huy/eval-wir/srbenchmarks/BSD100/LR_bsrgan
26-01-18 04:26:50.791 :      Output Path : /root/quoc-huy/all-tested-results/BSRGAN/BSD100-LR_bsrgan
26-01-18 04:26:50.792 : ---1 --> BSRGAN --> x4--> 101085.png
26-01-18 04:26:50.953 : ----PSNR/SSIM for (/root/media/quoc-huy/eval-wir/srbenchmarks/BSD100/LR_bsrgan, x4)---- : 18.8658dB / 0.2538
26-01-18 04:26:51.132 : ---2 --> BSRGAN --> x4--> 101087.png
26-01-18 04:26:51.208 : ----PSNR/SSIM for (/root/media/quoc-huy/eval-wir/srbenchmarks/BSD100/LR_bsrgan, x4)---- : 19.5950dB / 0.5159
26-01-18 04:26:51.245 : ---3 --> BSRGAN --> x4--> 102061.png
26-01-18 04:26:51.320 : ----PSNR/SSIM for (/root/media/quoc-huy/eval-wir/srbenchmarks/BSD100/LR_bsrgan, x4)---- : 19.9214dB / 0.5435
26-01-18 04:26:51.356 : ---4 --> BSRGAN --> x4--> 103070.png
26-01-18 04:26:51.429 : ----PSNR/SSIM for (/root/media/quoc-huy/eval-wir/srbenchmarks/BSD100/LR_bsrgan, x4)---- : 20.7330dB / 0.3524
26-01-18 04:26:51.467 : ---5 --> BSRGAN --> x4--> 105025.png
26-01-18 04:26:51.532 : ----PSNR/SSIM for (/root/media/quoc-huy/eval-wir/srbenchmarks/BSD100/LR_bsrgan, x4)---- : 19.7239dB / 0.3629
26-01-18 04:26:51.567 : ---6 --> BSRGAN --> x4--> 106024.png
26-01-18 04:26:51.631 : ----PSNR/SSIM for (/root/media/quoc-huy/eval-wir/srbenchmarks/BSD100/LR_bsrgan, x4)---- : 24.5070dB / 0.6260
26-01-18 04:26:51.667 : ---7 --> BSRGAN --> x4--> 108005.png
26-01-18 04:26:51.732 : ----PSNR/SSIM for (/root/media/quoc-huy/eval-wir/srbenchmarks/BSD100/LR_bsrgan, x4)---- : 20.4435dB / 0.3783
26-01-18 04:26:51.767 : ---8 --> BSRGAN --> x4--> 108070.png
26-01-18 04:26:51.832 : ----PSNR/SSIM for (/root/media/quoc-huy/eval-wir/srbenchmarks/BSD100/LR_bsrgan, x4)---- : 19.6825dB / 0.3249
26-01-18 04:26:51.866 : ---9 --> BSRGAN --> x4--> 108082.png
26-01-18 04:26:51.931 : ----PSNR/SSIM for (/root/media/quoc-huy/eval-wir/srbenchmarks/BSD100/LR_bsrgan, x4)---- : 19.0618dB / 0.4063
26-01-18 04:26:51.965 : --10 --> BSRGAN --> x4--> 109053.png
26-01-18 04:26:52.030 : ----PSNR/SSIM for (/root/media/quoc-huy/eval-wir/srbenchmarks/BSD100/LR_bsrgan, x4)---- : 23.8365dB / 0.5311
26-01-18 04:26:52.066 : --11 --> BSRGAN --> x4--> 119082.png
26-01-18 04:26:52.131 : ----PSNR/SSIM for (/root/media/quoc-huy/eval-wir/srbenchmarks/BSD100/LR_bsrgan, x4)---- : 14.5390dB / 0.2560
26-01-18 04:26:52.165 : --12 --> BSRGAN --> x4--> 12084.png
26-01-18 04:26:52.231 : ----PSNR/SSIM for (/root/media/quoc-huy/eval-wir/srbenchmarks/BSD100/LR_bsrgan, x4)---- : 21.2434dB / 0.3368
26-01-18 04:26:52.265 : --13 --> BSRGAN --> x4--> 123074.png
26-01-18 04:26:52.330 : ----PSNR/SSIM for (/root/media/quoc-huy/eval-wir/srbenchmarks/BSD100/LR_bsrgan, x4)---- : 22.3194dB / 0.3950
26-01-18 04:26:52.365 : --14 --> BSRGAN --> x4--> 126007.png
26-01-18 04:26:52.430 : ----PSNR/SSIM for (/root/media/quoc-huy/eval-wir/srbenchmarks/BSD100/LR_bsrgan, x4)---- : 22.0815dB / 0.6024
26-01-18 04:26:52.466 : --15 --> BSRGAN --> x4--> 130026.png
26-01-18 04:26:52.530 : ----PSNR/SSIM for (/root/media/quoc-huy/eval-wir/srbenchmarks/BSD100/LR_bsrgan, x4)---- : 20.9198dB / 0.4430
26-01-18 04:26:52.566 : --16 --> BSRGAN --> x4--> 134035.png
26-01-18 04:26:52.634 : ----PSNR/SSIM for (/root/media/quoc-huy/eval-wir/srbenchmarks/BSD100/LR_bsrgan, x4)---- : 16.3646dB / 0.2152
26-01-18 04:26:52.670 : --17 --> BSRGAN --> x4--> 14037.png
26-01-18 04:26:52.736 : ----PSNR/SSIM for (/root/media/quoc-huy/eval-wir/srbenchmarks/BSD100/LR_bsrgan, x4)---- : 26.6466dB / 0.7178
26-01-18 04:26:52.771 : --18 --> BSRGAN --> x4--> 143090.png
26-01-18 04:26:52.837 : ----PSNR/SSIM for (/root/media/quoc-huy/eval-wir/srbenchmarks/BSD100/LR_bsrgan, x4)---- : 23.9430dB / 0.7054
26-01-18 04:26:52.872 : --19 --> BSRGAN --> x4--> 145086.png
26-01-18 04:26:52.938 : ----PSNR/SSIM for (/root/media/quoc-huy/eval-wir/srbenchmarks/BSD100/LR_bsrgan, x4)---- : 21.0674dB / 0.5426
26-01-18 04:26:52.974 : --20 --> BSRGAN --> x4--> 147091.png
26-01-18 04:26:53.040 : ----PSNR/SSIM for (/root/media/quoc-huy/eval-wir/srbenchmarks/BSD100/LR_bsrgan, x4)---- : 19.1063dB / 0.5560
26-01-18 04:26:53.075 : --21 --> BSRGAN --> x4--> 148026.png
26-01-18 04:26:53.143 : ----PSNR/SSIM for (/root/media/quoc-huy/eval-wir/srbenchmarks/BSD100/LR_bsrgan, x4)---- : 16.3363dB / 0.3134
26-01-18 04:26:53.179 : --22 --> BSRGAN --> x4--> 148089.png
26-01-18 04:26:53.245 : ----PSNR/SSIM for (/root/media/quoc-huy/eval-wir/srbenchmarks/BSD100/LR_bsrgan, x4)---- : 17.7039dB / 0.2291
26-01-18 04:26:53.280 : --23 --> BSRGAN --> x4--> 156065.png
26-01-18 04:26:53.345 : ----PSNR/SSIM for (/root/media/quoc-huy/eval-wir/srbenchmarks/BSD100/LR_bsrgan, x4)---- : 21.3385dB / 0.3584
26-01-18 04:26:53.381 : --24 --> BSRGAN --> x4--> 157055.png
26-01-18 04:26:53.446 : ----PSNR/SSIM for (/root/media/quoc-huy/eval-wir/srbenchmarks/BSD100/LR_bsrgan, x4)---- : 21.6947dB / 0.5574
26-01-18 04:26:53.481 : --25 --> BSRGAN --> x4--> 159008.png
26-01-18 04:26:53.547 : ----PSNR/SSIM for (/root/media/quoc-huy/eval-wir/srbenchmarks/BSD100/LR_bsrgan, x4)---- : 17.2809dB / 0.3267
26-01-18 04:26:53.582 : --26 --> BSRGAN --> x4--> 160068.png
26-01-18 04:26:53.647 : ----PSNR/SSIM for (/root/media/quoc-huy/eval-wir/srbenchmarks/BSD100/LR_bsrgan, x4)---- : 21.0444dB / 0.6236
26-01-18 04:26:53.683 : --27 --> BSRGAN --> x4--> 16077.png
26-01-18 04:26:53.749 : ----PSNR/SSIM for (/root/media/quoc-huy/eval-wir/srbenchmarks/BSD100/LR_bsrgan, x4)---- : 20.7387dB / 0.4123
26-01-18 04:26:53.783 : --28 --> BSRGAN --> x4--> 163085.png
26-01-18 04:26:53.848 : ----PSNR/SSIM for (/root/media/quoc-huy/eval-wir/srbenchmarks/BSD100/LR_bsrgan, x4)---- : 21.2291dB / 0.3659
26-01-18 04:26:53.882 : --29 --> BSRGAN --> x4--> 167062.png
26-01-18 04:26:53.946 : ----PSNR/SSIM for (/root/media/quoc-huy/eval-wir/srbenchmarks/BSD100/LR_bsrgan, x4)---- : 22.9202dB / 0.7624
26-01-18 04:26:53.980 : --30 --> BSRGAN --> x4--> 167083.png
26-01-18 04:26:54.046 : ----PSNR/SSIM for (/root/media/quoc-huy/eval-wir/srbenchmarks/BSD100/LR_bsrgan, x4)---- : 16.7690dB / 0.3101
26-01-18 04:26:54.081 : --31 --> BSRGAN --> x4--> 170057.png
26-01-18 04:26:54.147 : ----PSNR/SSIM for (/root/media/quoc-huy/eval-wir/srbenchmarks/BSD100/LR_bsrgan, x4)---- : 23.8394dB / 0.4987
26-01-18 04:26:54.181 : --32 --> BSRGAN --> x4--> 175032.png
26-01-18 04:26:54.247 : ----PSNR/SSIM for (/root/media/quoc-huy/eval-wir/srbenchmarks/BSD100/LR_bsrgan, x4)---- : 16.8035dB / 0.0943
26-01-18 04:26:54.280 : --33 --> BSRGAN --> x4--> 175043.png
26-01-18 04:26:54.346 : ----PSNR/SSIM for (/root/media/quoc-huy/eval-wir/srbenchmarks/BSD100/LR_bsrgan, x4)---- : 17.8612dB / 0.1745
26-01-18 04:26:54.380 : --34 --> BSRGAN --> x4--> 182053.png
26-01-18 04:26:54.445 : ----PSNR/SSIM for (/root/media/quoc-huy/eval-wir/srbenchmarks/BSD100/LR_bsrgan, x4)---- : 18.7900dB / 0.5059
26-01-18 04:26:54.480 : --35 --> BSRGAN --> x4--> 189080.png
26-01-18 04:26:54.547 : ----PSNR/SSIM for (/root/media/quoc-huy/eval-wir/srbenchmarks/BSD100/LR_bsrgan, x4)---- : 23.1665dB / 0.7084
26-01-18 04:26:54.581 : --36 --> BSRGAN --> x4--> 19021.png
26-01-18 04:26:54.646 : ----PSNR/SSIM for (/root/media/quoc-huy/eval-wir/srbenchmarks/BSD100/LR_bsrgan, x4)---- : 20.3098dB / 0.4279
26-01-18 04:26:54.680 : --37 --> BSRGAN --> x4--> 196073.png
26-01-18 04:26:54.745 : ----PSNR/SSIM for (/root/media/quoc-huy/eval-wir/srbenchmarks/BSD100/LR_bsrgan, x4)---- : 24.7686dB / 0.3645
26-01-18 04:26:54.780 : --38 --> BSRGAN --> x4--> 197017.png
26-01-18 04:26:54.845 : ----PSNR/SSIM for (/root/media/quoc-huy/eval-wir/srbenchmarks/BSD100/LR_bsrgan, x4)---- : 19.4705dB / 0.4129
26-01-18 04:26:54.879 : --39 --> BSRGAN --> x4--> 208001.png
26-01-18 04:26:54.946 : ----PSNR/SSIM for (/root/media/quoc-huy/eval-wir/srbenchmarks/BSD100/LR_bsrgan, x4)---- : 20.3293dB / 0.3215
26-01-18 04:26:54.981 : --40 --> BSRGAN --> x4--> 210088.png
26-01-18 04:26:55.047 : ----PSNR/SSIM for (/root/media/quoc-huy/eval-wir/srbenchmarks/BSD100/LR_bsrgan, x4)---- : 20.3080dB / 0.4008
26-01-18 04:26:55.082 : --41 --> BSRGAN --> x4--> 21077.png
26-01-18 04:26:55.147 : ----PSNR/SSIM for (/root/media/quoc-huy/eval-wir/srbenchmarks/BSD100/LR_bsrgan, x4)---- : 18.2269dB / 0.3871
26-01-18 04:26:55.182 : --42 --> BSRGAN --> x4--> 216081.png
26-01-18 04:26:55.247 : ----PSNR/SSIM for (/root/media/quoc-huy/eval-wir/srbenchmarks/BSD100/LR_bsrgan, x4)---- : 18.3358dB / 0.3687
26-01-18 04:26:55.282 : --43 --> BSRGAN --> x4--> 219090.png
26-01-18 04:26:55.348 : ----PSNR/SSIM for (/root/media/quoc-huy/eval-wir/srbenchmarks/BSD100/LR_bsrgan, x4)---- : 20.0479dB / 0.4985
26-01-18 04:26:55.383 : --44 --> BSRGAN --> x4--> 220075.png
26-01-18 04:26:55.449 : ----PSNR/SSIM for (/root/media/quoc-huy/eval-wir/srbenchmarks/BSD100/LR_bsrgan, x4)---- : 17.8044dB / 0.3896
26-01-18 04:26:55.484 : --45 --> BSRGAN --> x4--> 223061.png
26-01-18 04:26:55.549 : ----PSNR/SSIM for (/root/media/quoc-huy/eval-wir/srbenchmarks/BSD100/LR_bsrgan, x4)---- : 20.3470dB / 0.4065
26-01-18 04:26:55.583 : --46 --> BSRGAN --> x4--> 227092.png
26-01-18 04:26:55.649 : ----PSNR/SSIM for (/root/media/quoc-huy/eval-wir/srbenchmarks/BSD100/LR_bsrgan, x4)---- : 27.5262dB / 0.7147
26-01-18 04:26:55.684 : --47 --> BSRGAN --> x4--> 229036.png
26-01-18 04:26:55.750 : ----PSNR/SSIM for (/root/media/quoc-huy/eval-wir/srbenchmarks/BSD100/LR_bsrgan, x4)---- : 15.7302dB / 0.2086
26-01-18 04:26:55.785 : --48 --> BSRGAN --> x4--> 236037.png
26-01-18 04:26:55.850 : ----PSNR/SSIM for (/root/media/quoc-huy/eval-wir/srbenchmarks/BSD100/LR_bsrgan, x4)---- : 17.9378dB / 0.1365
26-01-18 04:26:55.884 : --49 --> BSRGAN --> x4--> 24077.png
26-01-18 04:26:55.950 : ----PSNR/SSIM for (/root/media/quoc-huy/eval-wir/srbenchmarks/BSD100/LR_bsrgan, x4)---- : 15.9972dB / 0.3758
26-01-18 04:26:55.985 : --50 --> BSRGAN --> x4--> 241004.png
26-01-18 04:26:56.050 : ----PSNR/SSIM for (/root/media/quoc-huy/eval-wir/srbenchmarks/BSD100/LR_bsrgan, x4)---- : 24.8336dB / 0.6414
26-01-18 04:26:56.085 : --51 --> BSRGAN --> x4--> 241048.png
26-01-18 04:26:56.150 : ----PSNR/SSIM for (/root/media/quoc-huy/eval-wir/srbenchmarks/BSD100/LR_bsrgan, x4)---- : 19.4979dB / 0.3191
26-01-18 04:26:56.184 : --52 --> BSRGAN --> x4--> 253027.png
26-01-18 04:26:56.250 : ----PSNR/SSIM for (/root/media/quoc-huy/eval-wir/srbenchmarks/BSD100/LR_bsrgan, x4)---- : 17.2884dB / 0.2964
26-01-18 04:26:56.285 : --53 --> BSRGAN --> x4--> 253055.png
26-01-18 04:26:56.350 : ----PSNR/SSIM for (/root/media/quoc-huy/eval-wir/srbenchmarks/BSD100/LR_bsrgan, x4)---- : 25.1964dB / 0.6220
26-01-18 04:26:56.384 : --54 --> BSRGAN --> x4--> 260058.png
26-01-18 04:26:56.449 : ----PSNR/SSIM for (/root/media/quoc-huy/eval-wir/srbenchmarks/BSD100/LR_bsrgan, x4)---- : 26.9931dB / 0.6124
26-01-18 04:26:56.484 : --55 --> BSRGAN --> x4--> 271035.png
26-01-18 04:26:56.552 : ----PSNR/SSIM for (/root/media/quoc-huy/eval-wir/srbenchmarks/BSD100/LR_bsrgan, x4)---- : 18.6051dB / 0.2755
26-01-18 04:26:56.587 : --56 --> BSRGAN --> x4--> 285079.png
26-01-18 04:26:56.654 : ----PSNR/SSIM for (/root/media/quoc-huy/eval-wir/srbenchmarks/BSD100/LR_bsrgan, x4)---- : 18.0434dB / 0.2958
26-01-18 04:26:56.689 : --57 --> BSRGAN --> x4--> 291000.png
26-01-18 04:26:56.753 : ----PSNR/SSIM for (/root/media/quoc-huy/eval-wir/srbenchmarks/BSD100/LR_bsrgan, x4)---- : 17.0136dB / 0.1255
26-01-18 04:26:56.787 : --58 --> BSRGAN --> x4--> 295087.png
26-01-18 04:26:56.853 : ----PSNR/SSIM for (/root/media/quoc-huy/eval-wir/srbenchmarks/BSD100/LR_bsrgan, x4)---- : 23.2597dB / 0.5471
26-01-18 04:26:56.888 : --59 --> BSRGAN --> x4--> 296007.png
26-01-18 04:26:56.953 : ----PSNR/SSIM for (/root/media/quoc-huy/eval-wir/srbenchmarks/BSD100/LR_bsrgan, x4)---- : 26.5967dB / 0.6300
26-01-18 04:26:56.988 : --60 --> BSRGAN --> x4--> 296059.png
26-01-18 04:26:57.053 : ----PSNR/SSIM for (/root/media/quoc-huy/eval-wir/srbenchmarks/BSD100/LR_bsrgan, x4)---- : 25.2979dB / 0.5924
26-01-18 04:26:57.089 : --61 --> BSRGAN --> x4--> 299086.png
26-01-18 04:26:57.154 : ----PSNR/SSIM for (/root/media/quoc-huy/eval-wir/srbenchmarks/BSD100/LR_bsrgan, x4)---- : 26.5666dB / 0.6470
26-01-18 04:26:57.187 : --62 --> BSRGAN --> x4--> 300091.png
26-01-18 04:26:57.252 : ----PSNR/SSIM for (/root/media/quoc-huy/eval-wir/srbenchmarks/BSD100/LR_bsrgan, x4)---- : 23.9025dB / 0.6252
26-01-18 04:26:57.288 : --63 --> BSRGAN --> x4--> 302008.png
26-01-18 04:26:57.354 : ----PSNR/SSIM for (/root/media/quoc-huy/eval-wir/srbenchmarks/BSD100/LR_bsrgan, x4)---- : 21.2537dB / 0.6837
26-01-18 04:26:57.389 : --64 --> BSRGAN --> x4--> 304034.png
26-01-18 04:26:57.455 : ----PSNR/SSIM for (/root/media/quoc-huy/eval-wir/srbenchmarks/BSD100/LR_bsrgan, x4)---- : 18.5886dB / 0.2585
26-01-18 04:26:57.490 : --65 --> BSRGAN --> x4--> 304074.png
26-01-18 04:26:57.556 : ----PSNR/SSIM for (/root/media/quoc-huy/eval-wir/srbenchmarks/BSD100/LR_bsrgan, x4)---- : 20.9990dB / 0.3390
26-01-18 04:26:57.591 : --66 --> BSRGAN --> x4--> 306005.png
26-01-18 04:26:57.658 : ----PSNR/SSIM for (/root/media/quoc-huy/eval-wir/srbenchmarks/BSD100/LR_bsrgan, x4)---- : 23.6329dB / 0.6085
26-01-18 04:26:57.694 : --67 --> BSRGAN --> x4--> 3096.png
26-01-18 04:26:57.759 : ----PSNR/SSIM for (/root/media/quoc-huy/eval-wir/srbenchmarks/BSD100/LR_bsrgan, x4)---- : 27.3578dB / 0.9008
26-01-18 04:26:57.795 : --68 --> BSRGAN --> x4--> 33039.png
26-01-18 04:26:57.861 : ----PSNR/SSIM for (/root/media/quoc-huy/eval-wir/srbenchmarks/BSD100/LR_bsrgan, x4)---- : 13.7856dB / 0.0895
26-01-18 04:26:57.896 : --69 --> BSRGAN --> x4--> 351093.png
26-01-18 04:26:57.961 : ----PSNR/SSIM for (/root/media/quoc-huy/eval-wir/srbenchmarks/BSD100/LR_bsrgan, x4)---- : 17.3900dB / 0.4023
26-01-18 04:26:57.996 : --70 --> BSRGAN --> x4--> 361010.png
26-01-18 04:26:58.062 : ----PSNR/SSIM for (/root/media/quoc-huy/eval-wir/srbenchmarks/BSD100/LR_bsrgan, x4)---- : 20.9085dB / 0.4795
26-01-18 04:26:58.096 : --71 --> BSRGAN --> x4--> 37073.png
26-01-18 04:26:58.161 : ----PSNR/SSIM for (/root/media/quoc-huy/eval-wir/srbenchmarks/BSD100/LR_bsrgan, x4)---- : 23.1847dB / 0.5746
26-01-18 04:26:58.195 : --72 --> BSRGAN --> x4--> 376043.png
26-01-18 04:26:58.262 : ----PSNR/SSIM for (/root/media/quoc-huy/eval-wir/srbenchmarks/BSD100/LR_bsrgan, x4)---- : 19.5902dB / 0.2358
26-01-18 04:26:58.297 : --73 --> BSRGAN --> x4--> 38082.png
26-01-18 04:26:58.362 : ----PSNR/SSIM for (/root/media/quoc-huy/eval-wir/srbenchmarks/BSD100/LR_bsrgan, x4)---- : 22.8706dB / 0.3374
26-01-18 04:26:58.397 : --74 --> BSRGAN --> x4--> 38092.png
26-01-18 04:26:58.462 : ----PSNR/SSIM for (/root/media/quoc-huy/eval-wir/srbenchmarks/BSD100/LR_bsrgan, x4)---- : 21.2224dB / 0.4756
26-01-18 04:26:58.497 : --75 --> BSRGAN --> x4--> 385039.png
26-01-18 04:26:58.563 : ----PSNR/SSIM for (/root/media/quoc-huy/eval-wir/srbenchmarks/BSD100/LR_bsrgan, x4)---- : 18.5898dB / 0.4310
26-01-18 04:26:58.598 : --76 --> BSRGAN --> x4--> 41033.png
26-01-18 04:26:58.664 : ----PSNR/SSIM for (/root/media/quoc-huy/eval-wir/srbenchmarks/BSD100/LR_bsrgan, x4)---- : 22.4929dB / 0.4297
26-01-18 04:26:58.699 : --77 --> BSRGAN --> x4--> 41069.png
26-01-18 04:26:58.765 : ----PSNR/SSIM for (/root/media/quoc-huy/eval-wir/srbenchmarks/BSD100/LR_bsrgan, x4)---- : 19.1737dB / 0.1805
26-01-18 04:26:58.800 : --78 --> BSRGAN --> x4--> 42012.png
26-01-18 04:26:58.867 : ----PSNR/SSIM for (/root/media/quoc-huy/eval-wir/srbenchmarks/BSD100/LR_bsrgan, x4)---- : 21.3604dB / 0.3942
26-01-18 04:26:58.901 : --79 --> BSRGAN --> x4--> 42049.png
26-01-18 04:26:58.967 : ----PSNR/SSIM for (/root/media/quoc-huy/eval-wir/srbenchmarks/BSD100/LR_bsrgan, x4)---- : 19.9402dB / 0.7678
26-01-18 04:26:59.002 : --80 --> BSRGAN --> x4--> 43074.png
26-01-18 04:26:59.067 : ----PSNR/SSIM for (/root/media/quoc-huy/eval-wir/srbenchmarks/BSD100/LR_bsrgan, x4)---- : 25.4089dB / 0.5527
26-01-18 04:26:59.103 : --81 --> BSRGAN --> x4--> 45096.png
26-01-18 04:26:59.168 : ----PSNR/SSIM for (/root/media/quoc-huy/eval-wir/srbenchmarks/BSD100/LR_bsrgan, x4)---- : 28.3736dB / 0.8263
26-01-18 04:26:59.202 : --82 --> BSRGAN --> x4--> 54082.png
26-01-18 04:26:59.268 : ----PSNR/SSIM for (/root/media/quoc-huy/eval-wir/srbenchmarks/BSD100/LR_bsrgan, x4)---- : 22.1923dB / 0.4466
26-01-18 04:26:59.303 : --83 --> BSRGAN --> x4--> 55073.png
26-01-18 04:26:59.369 : ----PSNR/SSIM for (/root/media/quoc-huy/eval-wir/srbenchmarks/BSD100/LR_bsrgan, x4)---- : 17.8927dB / 0.2069
26-01-18 04:26:59.405 : --84 --> BSRGAN --> x4--> 58060.png
26-01-18 04:26:59.470 : ----PSNR/SSIM for (/root/media/quoc-huy/eval-wir/srbenchmarks/BSD100/LR_bsrgan, x4)---- : 16.8654dB / 0.3231
26-01-18 04:26:59.504 : --85 --> BSRGAN --> x4--> 62096.png
26-01-18 04:26:59.569 : ----PSNR/SSIM for (/root/media/quoc-huy/eval-wir/srbenchmarks/BSD100/LR_bsrgan, x4)---- : 19.2822dB / 0.5441
26-01-18 04:26:59.604 : --86 --> BSRGAN --> x4--> 65033.png
26-01-18 04:26:59.669 : ----PSNR/SSIM for (/root/media/quoc-huy/eval-wir/srbenchmarks/BSD100/LR_bsrgan, x4)---- : 18.1087dB / 0.1992
26-01-18 04:26:59.704 : --87 --> BSRGAN --> x4--> 66053.png
26-01-18 04:26:59.770 : ----PSNR/SSIM for (/root/media/quoc-huy/eval-wir/srbenchmarks/BSD100/LR_bsrgan, x4)---- : 22.1641dB / 0.4212
26-01-18 04:26:59.804 : --88 --> BSRGAN --> x4--> 69015.png
26-01-18 04:26:59.871 : ----PSNR/SSIM for (/root/media/quoc-huy/eval-wir/srbenchmarks/BSD100/LR_bsrgan, x4)---- : 25.3337dB / 0.5926
26-01-18 04:26:59.906 : --89 --> BSRGAN --> x4--> 69020.png
26-01-18 04:26:59.971 : ----PSNR/SSIM for (/root/media/quoc-huy/eval-wir/srbenchmarks/BSD100/LR_bsrgan, x4)---- : 21.7715dB / 0.2528
26-01-18 04:27:00.005 : --90 --> BSRGAN --> x4--> 69040.png
26-01-18 04:27:00.071 : ----PSNR/SSIM for (/root/media/quoc-huy/eval-wir/srbenchmarks/BSD100/LR_bsrgan, x4)---- : 19.6290dB / 0.2105
26-01-18 04:27:00.105 : --91 --> BSRGAN --> x4--> 76053.png
26-01-18 04:27:00.171 : ----PSNR/SSIM for (/root/media/quoc-huy/eval-wir/srbenchmarks/BSD100/LR_bsrgan, x4)---- : 22.2136dB / 0.3816
26-01-18 04:27:00.205 : --92 --> BSRGAN --> x4--> 78004.png
26-01-18 04:27:00.272 : ----PSNR/SSIM for (/root/media/quoc-huy/eval-wir/srbenchmarks/BSD100/LR_bsrgan, x4)---- : 22.3664dB / 0.5570
26-01-18 04:27:00.307 : --93 --> BSRGAN --> x4--> 8023.png
26-01-18 04:27:00.373 : ----PSNR/SSIM for (/root/media/quoc-huy/eval-wir/srbenchmarks/BSD100/LR_bsrgan, x4)---- : 23.0784dB / 0.5000
26-01-18 04:27:00.408 : --94 --> BSRGAN --> x4--> 85048.png
26-01-18 04:27:00.474 : ----PSNR/SSIM for (/root/media/quoc-huy/eval-wir/srbenchmarks/BSD100/LR_bsrgan, x4)---- : 19.7550dB / 0.3731
26-01-18 04:27:00.508 : --95 --> BSRGAN --> x4--> 86000.png
26-01-18 04:27:00.575 : ----PSNR/SSIM for (/root/media/quoc-huy/eval-wir/srbenchmarks/BSD100/LR_bsrgan, x4)---- : 19.1021dB / 0.4350
26-01-18 04:27:00.611 : --96 --> BSRGAN --> x4--> 86016.png
26-01-18 04:27:00.676 : ----PSNR/SSIM for (/root/media/quoc-huy/eval-wir/srbenchmarks/BSD100/LR_bsrgan, x4)---- : 19.5790dB / 0.1358
26-01-18 04:27:00.710 : --97 --> BSRGAN --> x4--> 86068.png
26-01-18 04:27:00.774 : ----PSNR/SSIM for (/root/media/quoc-huy/eval-wir/srbenchmarks/BSD100/LR_bsrgan, x4)---- : 22.2320dB / 0.2800
26-01-18 04:27:00.809 : --98 --> BSRGAN --> x4--> 87046.png
26-01-18 04:27:00.875 : ----PSNR/SSIM for (/root/media/quoc-huy/eval-wir/srbenchmarks/BSD100/LR_bsrgan, x4)---- : 18.2250dB / 0.2774
26-01-18 04:27:00.909 : --99 --> BSRGAN --> x4--> 89072.png
26-01-18 04:27:00.976 : ----PSNR/SSIM for (/root/media/quoc-huy/eval-wir/srbenchmarks/BSD100/LR_bsrgan, x4)---- : 20.5326dB / 0.4380
26-01-18 04:27:01.011 : -100 --> BSRGAN --> x4--> 97033.png
26-01-18 04:27:01.077 : ----PSNR/SSIM for (/root/media/quoc-huy/eval-wir/srbenchmarks/BSD100/LR_bsrgan, x4)---- : 18.2088dB / 0.3803
26-01-18 04:27:01.112 : Computing FID...
26-01-18 04:27:07.196 :  
26-01-18 04:27:44.303 :       Model Name : BSRGAN
26-01-18 04:27:45.420 :       Input Path : /root/media/quoc-huy/eval-wir/srbenchmarks/Set14/LR_bsrgan
26-01-18 04:27:45.421 :      Output Path : /root/quoc-huy/all-tested-results/BSRGAN/Set14-LR_bsrgan
26-01-18 04:27:45.421 : ---1 --> BSRGAN --> x4--> baboon.png
26-01-18 04:27:45.625 : ----PSNR/SSIM for (/root/media/quoc-huy/eval-wir/srbenchmarks/Set14/LR_bsrgan, x4)---- : 17.8487dB / 0.2071
26-01-18 04:27:45.805 : ---2 --> BSRGAN --> x4--> barbara.png
26-01-18 04:27:45.979 : ----PSNR/SSIM for (/root/media/quoc-huy/eval-wir/srbenchmarks/Set14/LR_bsrgan, x4)---- : 20.7033dB / 0.4773
26-01-18 04:27:46.035 : ---3 --> BSRGAN --> x4--> bridge.png
26-01-18 04:27:46.150 : ----PSNR/SSIM for (/root/media/quoc-huy/eval-wir/srbenchmarks/Set14/LR_bsrgan, x4)---- : 18.7978dB / 0.2371
26-01-18 04:27:46.196 : ---4 --> BSRGAN --> x4--> coastguard.png
26-01-18 04:27:46.252 : ----PSNR/SSIM for (/root/media/quoc-huy/eval-wir/srbenchmarks/Set14/LR_bsrgan, x4)---- : 20.2214dB / 0.3093
26-01-18 04:27:46.291 : ---5 --> BSRGAN --> x4--> comic.png
26-01-18 04:27:46.345 : ----PSNR/SSIM for (/root/media/quoc-huy/eval-wir/srbenchmarks/Set14/LR_bsrgan, x4)---- : 17.3740dB / 0.3120
26-01-18 04:27:46.380 : ---6 --> BSRGAN --> x4--> face.png
26-01-18 04:27:46.426 : ----PSNR/SSIM for (/root/media/quoc-huy/eval-wir/srbenchmarks/Set14/LR_bsrgan, x4)---- : 24.8458dB / 0.5266
26-01-18 04:27:46.460 : ---7 --> BSRGAN --> x4--> flowers.png
26-01-18 04:27:46.548 : ----PSNR/SSIM for (/root/media/quoc-huy/eval-wir/srbenchmarks/Set14/LR_bsrgan, x4)---- : 18.2977dB / 0.3984
26-01-18 04:27:46.590 : ---8 --> BSRGAN --> x4--> foreman.png
26-01-18 04:27:46.641 : ----PSNR/SSIM for (/root/media/quoc-huy/eval-wir/srbenchmarks/Set14/LR_bsrgan, x4)---- : 21.2628dB / 0.6825
26-01-18 04:27:46.672 : ---9 --> BSRGAN --> x4--> lenna.png
26-01-18 04:27:46.784 : ----PSNR/SSIM for (/root/media/quoc-huy/eval-wir/srbenchmarks/Set14/LR_bsrgan, x4)---- : 26.0776dB / 0.7053
26-01-18 04:27:46.827 : --10 --> BSRGAN --> x4--> man.png
26-01-18 04:27:46.938 : ----PSNR/SSIM for (/root/media/quoc-huy/eval-wir/srbenchmarks/Set14/LR_bsrgan, x4)---- : 18.2807dB / 0.3071
26-01-18 04:27:46.980 : --11 --> BSRGAN --> x4--> monarch.png
26-01-18 04:27:47.152 : ----PSNR/SSIM for (/root/media/quoc-huy/eval-wir/srbenchmarks/Set14/LR_bsrgan, x4)---- : 18.7101dB / 0.5038
26-01-18 04:27:47.206 : --12 --> BSRGAN --> x4--> pepper.png
26-01-18 04:27:47.319 : ----PSNR/SSIM for (/root/media/quoc-huy/eval-wir/srbenchmarks/Set14/LR_bsrgan, x4)---- : 22.5645dB / 0.6241
26-01-18 04:27:47.361 : --13 --> BSRGAN --> x4--> ppt3.png
26-01-18 04:27:47.515 : ----PSNR/SSIM for (/root/media/quoc-huy/eval-wir/srbenchmarks/Set14/LR_bsrgan, x4)---- : 16.1918dB / 0.6277
26-01-18 04:27:47.566 : --14 --> BSRGAN --> x4--> zebra.png
26-01-18 04:27:47.695 : ----PSNR/SSIM for (/root/media/quoc-huy/eval-wir/srbenchmarks/Set14/LR_bsrgan, x4)---- : 15.9690dB / 0.2687
26-01-18 04:27:47.739 : Computing FID...
26-01-18 04:27:52.561 :  
26-01-18 04:28:32.089 :       Model Name : BSRGAN
26-01-18 04:28:33.202 :       Input Path : /root/media/quoc-huy/eval-wir/srbenchmarks/Set5/LR_bsrgan
26-01-18 04:28:33.202 :      Output Path : /root/quoc-huy/all-tested-results/BSRGAN/Set5-LR_bsrgan
26-01-18 04:28:33.203 : ---1 --> BSRGAN --> x4--> baby.png
26-01-18 04:28:33.418 : ----PSNR/SSIM for (/root/media/quoc-huy/eval-wir/srbenchmarks/Set5/LR_bsrgan, x4)---- : 25.1985dB / 0.6651
26-01-18 04:28:33.597 : ---2 --> BSRGAN --> x4--> bird.png
26-01-18 04:28:33.647 : ----PSNR/SSIM for (/root/media/quoc-huy/eval-wir/srbenchmarks/Set5/LR_bsrgan, x4)---- : 20.3861dB / 0.4578
26-01-18 04:28:33.689 : ---3 --> BSRGAN --> x4--> butterfly.png
26-01-18 04:28:33.733 : ----PSNR/SSIM for (/root/media/quoc-huy/eval-wir/srbenchmarks/Set5/LR_bsrgan, x4)---- : 14.0868dB / 0.3198
26-01-18 04:28:33.770 : ---4 --> BSRGAN --> x4--> head.png
26-01-18 04:28:33.815 : ----PSNR/SSIM for (/root/media/quoc-huy/eval-wir/srbenchmarks/Set5/LR_bsrgan, x4)---- : 25.3552dB / 0.5323
26-01-18 04:28:33.851 : ---5 --> BSRGAN --> x4--> woman.png
26-01-18 04:28:33.892 : ----PSNR/SSIM for (/root/media/quoc-huy/eval-wir/srbenchmarks/Set5/LR_bsrgan, x4)---- : 18.7417dB / 0.5555
26-01-18 04:28:33.927 : Computing FID...
26-01-18 04:28:38.979 :  
