25-11-11 16:23:55.518 :       Model Name : BSRGAN
25-11-11 16:24:10.675 :       Input Path : /root/media/quoc-huy/bsrgan-dataset/Set5/
25-11-11 16:24:10.676 :      Output Path : /root/quoc-huy/BSRGAN/testsets/experimental-results/Set5
25-11-11 16:24:10.676 : ---1 --> BSRGAN --> x4--> baby.png
25-11-11 16:24:11.593 : ----PSNR/SSIM for (/root/media/quoc-huy/bsrgan-dataset/Set5/, x4)---- : 24.2936dB / 0.6361
25-11-11 16:24:11.593 : ---2 --> BSRGAN --> x4--> bird.png
25-11-11 16:24:11.698 : ----PSNR/SSIM for (/root/media/quoc-huy/bsrgan-dataset/Set5/, x4)---- : 20.5246dB / 0.4387
25-11-11 16:24:11.699 : ---3 --> BSRGAN --> x4--> butterfly.png
25-11-11 16:24:11.780 : ----PSNR/SSIM for (/root/media/quoc-huy/bsrgan-dataset/Set5/, x4)---- : 14.2762dB / 0.3310
25-11-11 16:24:11.781 : ---4 --> BSRGAN --> x4--> head.png
25-11-11 16:24:11.869 : ----PSNR/SSIM for (/root/media/quoc-huy/bsrgan-dataset/Set5/, x4)---- : 22.5424dB / 0.4940
25-11-11 16:24:11.869 : ---5 --> BSRGAN --> x4--> woman.png
25-11-11 16:24:11.967 : ----PSNR/SSIM for (/root/media/quoc-huy/bsrgan-dataset/Set5/, x4)---- : 19.0480dB / 0.5692
25-11-11 16:24:11.967 : ----Average PSNR/SSIM for (/root/media/quoc-huy/bsrgan-dataset/Set5/, x4)---- : 20.1370dB / 0.4938
25-11-11 16:24:11.967 :  
25-11-11 16:24:45.603 :       Model Name : BSRGAN
25-11-11 16:24:58.998 :       Input Path : /root/media/quoc-huy/bsrgan-dataset/Set14/
25-11-11 16:24:58.999 :      Output Path : /root/quoc-huy/BSRGAN/testsets/experimental-results/Set14
25-11-11 16:24:59.000 : ---1 --> BSRGAN --> x4--> baboon.png
25-11-11 16:24:59.973 : ----PSNR/SSIM for (/root/media/quoc-huy/bsrgan-dataset/Set14/, x4)---- : 17.8487dB / 0.2071
25-11-11 16:24:59.973 : ---2 --> BSRGAN --> x4--> barbara.png
25-11-11 16:25:00.361 : ----PSNR/SSIM for (/root/media/quoc-huy/bsrgan-dataset/Set14/, x4)---- : 20.7033dB / 0.4773
25-11-11 16:25:00.361 : ---3 --> BSRGAN --> x4--> bridge.png
25-11-11 16:25:00.750 : ----PSNR/SSIM for (/root/media/quoc-huy/bsrgan-dataset/Set14/, x4)---- : 18.7978dB / 0.2371
25-11-11 16:25:00.750 : ---4 --> BSRGAN --> x4--> coastguard.png
25-11-11 16:25:00.854 : ----PSNR/SSIM for (/root/media/quoc-huy/bsrgan-dataset/Set14/, x4)---- : 20.2214dB / 0.3093
25-11-11 16:25:00.854 : ---5 --> BSRGAN --> x4--> comic.png
25-11-11 16:25:00.992 : ----PSNR/SSIM for (/root/media/quoc-huy/bsrgan-dataset/Set14/, x4)---- : 17.3740dB / 0.3120
25-11-11 16:25:00.992 : ---6 --> BSRGAN --> x4--> face.png
25-11-11 16:25:01.087 : ----PSNR/SSIM for (/root/media/quoc-huy/bsrgan-dataset/Set14/, x4)---- : 24.8458dB / 0.5266
25-11-11 16:25:01.087 : ---7 --> BSRGAN --> x4--> flowers.png
25-11-11 16:25:01.321 : ----PSNR/SSIM for (/root/media/quoc-huy/bsrgan-dataset/Set14/, x4)---- : 18.2977dB / 0.3984
25-11-11 16:25:01.321 : ---8 --> BSRGAN --> x4--> foreman.png
25-11-11 16:25:01.468 : ----PSNR/SSIM for (/root/media/quoc-huy/bsrgan-dataset/Set14/, x4)---- : 21.2628dB / 0.6825
25-11-11 16:25:01.469 : ---9 --> BSRGAN --> x4--> lenna.png
25-11-11 16:25:01.833 : ----PSNR/SSIM for (/root/media/quoc-huy/bsrgan-dataset/Set14/, x4)---- : 26.0776dB / 0.7053
25-11-11 16:25:01.833 : --10 --> BSRGAN --> x4--> man.png
25-11-11 16:25:02.156 : ----PSNR/SSIM for (/root/media/quoc-huy/bsrgan-dataset/Set14/, x4)---- : 18.2807dB / 0.3071
25-11-11 16:25:02.156 : --11 --> BSRGAN --> x4--> monarch.png
25-11-11 16:25:02.607 : ----PSNR/SSIM for (/root/media/quoc-huy/bsrgan-dataset/Set14/, x4)---- : 18.7101dB / 0.5038
25-11-11 16:25:02.608 : --12 --> BSRGAN --> x4--> pepper.png
25-11-11 16:25:02.894 : ----PSNR/SSIM for (/root/media/quoc-huy/bsrgan-dataset/Set14/, x4)---- : 22.5645dB / 0.6241
25-11-11 16:25:02.894 : --13 --> BSRGAN --> x4--> ppt3.png
25-11-11 16:25:03.298 : ----PSNR/SSIM for (/root/media/quoc-huy/bsrgan-dataset/Set14/, x4)---- : 16.1918dB / 0.6277
25-11-11 16:25:03.298 : --14 --> BSRGAN --> x4--> zebra.png
25-11-11 16:25:03.581 : ----PSNR/SSIM for (/root/media/quoc-huy/bsrgan-dataset/Set14/, x4)---- : 15.9690dB / 0.2687
25-11-11 16:25:03.581 : ----Average PSNR/SSIM for (/root/media/quoc-huy/bsrgan-dataset/Set14/, x4)---- : 19.7961dB / 0.4419
25-11-11 16:25:03.581 :  
25-11-11 16:25:32.327 :       Model Name : BSRGAN
25-11-11 16:25:49.566 :       Input Path : /root/media/quoc-huy/bsrgan-dataset/BSD100/
25-11-11 16:25:49.567 :      Output Path : /root/quoc-huy/BSRGAN/testsets/experimental-results/BSD100
25-11-11 16:25:49.568 : ---1 --> BSRGAN --> x4--> 101085.png
25-11-11 16:25:50.289 : ----PSNR/SSIM for (/root/media/quoc-huy/bsrgan-dataset/BSD100/, x4)---- : 18.8658dB / 0.2538
25-11-11 16:25:50.289 : ---2 --> BSRGAN --> x4--> 101087.png
25-11-11 16:25:50.428 : ----PSNR/SSIM for (/root/media/quoc-huy/bsrgan-dataset/BSD100/, x4)---- : 19.5950dB / 0.5159
25-11-11 16:25:50.429 : ---3 --> BSRGAN --> x4--> 102061.png
25-11-11 16:25:50.579 : ----PSNR/SSIM for (/root/media/quoc-huy/bsrgan-dataset/BSD100/, x4)---- : 19.9214dB / 0.5435
25-11-11 16:25:50.579 : ---4 --> BSRGAN --> x4--> 103070.png
25-11-11 16:25:50.722 : ----PSNR/SSIM for (/root/media/quoc-huy/bsrgan-dataset/BSD100/, x4)---- : 20.7330dB / 0.3524
25-11-11 16:25:50.722 : ---5 --> BSRGAN --> x4--> 105025.png
25-11-11 16:25:50.868 : ----PSNR/SSIM for (/root/media/quoc-huy/bsrgan-dataset/BSD100/, x4)---- : 19.7239dB / 0.3629
25-11-11 16:25:50.868 : ---6 --> BSRGAN --> x4--> 106024.png
25-11-11 16:25:51.033 : ----PSNR/SSIM for (/root/media/quoc-huy/bsrgan-dataset/BSD100/, x4)---- : 24.5070dB / 0.6260
25-11-11 16:25:51.033 : ---7 --> BSRGAN --> x4--> 108005.png
25-11-11 16:25:51.213 : ----PSNR/SSIM for (/root/media/quoc-huy/bsrgan-dataset/BSD100/, x4)---- : 20.4435dB / 0.3783
25-11-11 16:25:51.213 : ---8 --> BSRGAN --> x4--> 108070.png
25-11-11 16:25:51.371 : ----PSNR/SSIM for (/root/media/quoc-huy/bsrgan-dataset/BSD100/, x4)---- : 19.6825dB / 0.3249
25-11-11 16:25:51.371 : ---9 --> BSRGAN --> x4--> 108082.png
25-11-11 16:25:51.540 : ----PSNR/SSIM for (/root/media/quoc-huy/bsrgan-dataset/BSD100/, x4)---- : 19.0618dB / 0.4063
25-11-11 16:25:51.541 : --10 --> BSRGAN --> x4--> 109053.png
25-11-11 16:25:51.709 : ----PSNR/SSIM for (/root/media/quoc-huy/bsrgan-dataset/BSD100/, x4)---- : 23.8365dB / 0.5311
25-11-11 16:25:51.709 : --11 --> BSRGAN --> x4--> 119082.png
25-11-11 16:25:51.900 : ----PSNR/SSIM for (/root/media/quoc-huy/bsrgan-dataset/BSD100/, x4)---- : 14.5390dB / 0.2560
25-11-11 16:25:51.901 : --12 --> BSRGAN --> x4--> 12084.png
25-11-11 16:25:52.095 : ----PSNR/SSIM for (/root/media/quoc-huy/bsrgan-dataset/BSD100/, x4)---- : 21.2434dB / 0.3368
25-11-11 16:25:52.096 : --13 --> BSRGAN --> x4--> 123074.png
25-11-11 16:25:52.242 : ----PSNR/SSIM for (/root/media/quoc-huy/bsrgan-dataset/BSD100/, x4)---- : 22.3194dB / 0.3950
25-11-11 16:25:52.242 : --14 --> BSRGAN --> x4--> 126007.png
25-11-11 16:25:52.421 : ----PSNR/SSIM for (/root/media/quoc-huy/bsrgan-dataset/BSD100/, x4)---- : 22.0815dB / 0.6024
25-11-11 16:25:52.421 : --15 --> BSRGAN --> x4--> 130026.png
25-11-11 16:25:52.558 : ----PSNR/SSIM for (/root/media/quoc-huy/bsrgan-dataset/BSD100/, x4)---- : 20.9198dB / 0.4430
25-11-11 16:25:52.558 : --16 --> BSRGAN --> x4--> 134035.png
25-11-11 16:25:52.752 : ----PSNR/SSIM for (/root/media/quoc-huy/bsrgan-dataset/BSD100/, x4)---- : 16.3646dB / 0.2152
25-11-11 16:25:52.752 : --17 --> BSRGAN --> x4--> 14037.png
25-11-11 16:25:52.911 : ----PSNR/SSIM for (/root/media/quoc-huy/bsrgan-dataset/BSD100/, x4)---- : 26.6466dB / 0.7178
25-11-11 16:25:52.911 : --18 --> BSRGAN --> x4--> 143090.png
25-11-11 16:25:53.119 : ----PSNR/SSIM for (/root/media/quoc-huy/bsrgan-dataset/BSD100/, x4)---- : 23.9430dB / 0.7054
25-11-11 16:25:53.120 : --19 --> BSRGAN --> x4--> 145086.png
25-11-11 16:25:53.274 : ----PSNR/SSIM for (/root/media/quoc-huy/bsrgan-dataset/BSD100/, x4)---- : 21.0674dB / 0.5426
25-11-11 16:25:53.274 : --20 --> BSRGAN --> x4--> 147091.png
25-11-11 16:25:53.417 : ----PSNR/SSIM for (/root/media/quoc-huy/bsrgan-dataset/BSD100/, x4)---- : 19.1063dB / 0.5560
25-11-11 16:25:53.417 : --21 --> BSRGAN --> x4--> 148026.png
25-11-11 16:25:53.611 : ----PSNR/SSIM for (/root/media/quoc-huy/bsrgan-dataset/BSD100/, x4)---- : 16.3363dB / 0.3134
25-11-11 16:25:53.611 : --22 --> BSRGAN --> x4--> 148089.png
25-11-11 16:25:53.760 : ----PSNR/SSIM for (/root/media/quoc-huy/bsrgan-dataset/BSD100/, x4)---- : 17.7039dB / 0.2291
25-11-11 16:25:53.761 : --23 --> BSRGAN --> x4--> 156065.png
25-11-11 16:25:53.943 : ----PSNR/SSIM for (/root/media/quoc-huy/bsrgan-dataset/BSD100/, x4)---- : 21.3385dB / 0.3584
25-11-11 16:25:53.943 : --24 --> BSRGAN --> x4--> 157055.png
25-11-11 16:25:54.079 : ----PSNR/SSIM for (/root/media/quoc-huy/bsrgan-dataset/BSD100/, x4)---- : 21.6947dB / 0.5574
25-11-11 16:25:54.079 : --25 --> BSRGAN --> x4--> 159008.png
25-11-11 16:25:54.228 : ----PSNR/SSIM for (/root/media/quoc-huy/bsrgan-dataset/BSD100/, x4)---- : 17.2809dB / 0.3267
25-11-11 16:25:54.228 : --26 --> BSRGAN --> x4--> 160068.png
25-11-11 16:25:54.419 : ----PSNR/SSIM for (/root/media/quoc-huy/bsrgan-dataset/BSD100/, x4)---- : 21.0444dB / 0.6236
25-11-11 16:25:54.419 : --27 --> BSRGAN --> x4--> 16077.png
25-11-11 16:25:54.557 : ----PSNR/SSIM for (/root/media/quoc-huy/bsrgan-dataset/BSD100/, x4)---- : 20.7387dB / 0.4123
25-11-11 16:25:54.557 : --28 --> BSRGAN --> x4--> 163085.png
25-11-11 16:25:54.722 : ----PSNR/SSIM for (/root/media/quoc-huy/bsrgan-dataset/BSD100/, x4)---- : 21.2291dB / 0.3659
25-11-11 16:25:54.722 : --29 --> BSRGAN --> x4--> 167062.png
25-11-11 16:25:54.877 : ----PSNR/SSIM for (/root/media/quoc-huy/bsrgan-dataset/BSD100/, x4)---- : 22.9202dB / 0.7624
25-11-11 16:25:54.877 : --30 --> BSRGAN --> x4--> 167083.png
25-11-11 16:25:55.046 : ----PSNR/SSIM for (/root/media/quoc-huy/bsrgan-dataset/BSD100/, x4)---- : 16.7690dB / 0.3101
25-11-11 16:25:55.047 : --31 --> BSRGAN --> x4--> 170057.png
25-11-11 16:25:55.210 : ----PSNR/SSIM for (/root/media/quoc-huy/bsrgan-dataset/BSD100/, x4)---- : 23.8394dB / 0.4987
25-11-11 16:25:55.210 : --32 --> BSRGAN --> x4--> 175032.png
25-11-11 16:25:55.395 : ----PSNR/SSIM for (/root/media/quoc-huy/bsrgan-dataset/BSD100/, x4)---- : 16.8035dB / 0.0943
25-11-11 16:25:55.395 : --33 --> BSRGAN --> x4--> 175043.png
25-11-11 16:25:55.551 : ----PSNR/SSIM for (/root/media/quoc-huy/bsrgan-dataset/BSD100/, x4)---- : 17.8612dB / 0.1745
25-11-11 16:25:55.552 : --34 --> BSRGAN --> x4--> 182053.png
25-11-11 16:25:55.726 : ----PSNR/SSIM for (/root/media/quoc-huy/bsrgan-dataset/BSD100/, x4)---- : 18.7900dB / 0.5059
25-11-11 16:25:55.726 : --35 --> BSRGAN --> x4--> 189080.png
25-11-11 16:25:55.891 : ----PSNR/SSIM for (/root/media/quoc-huy/bsrgan-dataset/BSD100/, x4)---- : 23.1665dB / 0.7084
25-11-11 16:25:55.891 : --36 --> BSRGAN --> x4--> 19021.png
25-11-11 16:25:56.040 : ----PSNR/SSIM for (/root/media/quoc-huy/bsrgan-dataset/BSD100/, x4)---- : 20.3098dB / 0.4279
25-11-11 16:25:56.040 : --37 --> BSRGAN --> x4--> 196073.png
25-11-11 16:25:56.209 : ----PSNR/SSIM for (/root/media/quoc-huy/bsrgan-dataset/BSD100/, x4)---- : 24.7686dB / 0.3645
25-11-11 16:25:56.209 : --38 --> BSRGAN --> x4--> 197017.png
25-11-11 16:25:56.362 : ----PSNR/SSIM for (/root/media/quoc-huy/bsrgan-dataset/BSD100/, x4)---- : 19.4705dB / 0.4129
25-11-11 16:25:56.362 : --39 --> BSRGAN --> x4--> 208001.png
25-11-11 16:25:56.503 : ----PSNR/SSIM for (/root/media/quoc-huy/bsrgan-dataset/BSD100/, x4)---- : 20.3293dB / 0.3215
25-11-11 16:25:56.503 : --40 --> BSRGAN --> x4--> 210088.png
25-11-11 16:25:56.667 : ----PSNR/SSIM for (/root/media/quoc-huy/bsrgan-dataset/BSD100/, x4)---- : 20.3080dB / 0.4008
25-11-11 16:25:56.668 : --41 --> BSRGAN --> x4--> 21077.png
25-11-11 16:25:56.825 : ----PSNR/SSIM for (/root/media/quoc-huy/bsrgan-dataset/BSD100/, x4)---- : 18.2269dB / 0.3871
25-11-11 16:25:56.825 : --42 --> BSRGAN --> x4--> 216081.png
25-11-11 16:25:57.068 : ----PSNR/SSIM for (/root/media/quoc-huy/bsrgan-dataset/BSD100/, x4)---- : 18.3358dB / 0.3687
25-11-11 16:25:57.069 : --43 --> BSRGAN --> x4--> 219090.png
25-11-11 16:25:57.217 : ----PSNR/SSIM for (/root/media/quoc-huy/bsrgan-dataset/BSD100/, x4)---- : 20.0479dB / 0.4985
25-11-11 16:25:57.217 : --44 --> BSRGAN --> x4--> 220075.png
25-11-11 16:25:57.390 : ----PSNR/SSIM for (/root/media/quoc-huy/bsrgan-dataset/BSD100/, x4)---- : 17.8044dB / 0.3896
25-11-11 16:25:57.390 : --45 --> BSRGAN --> x4--> 223061.png
25-11-11 16:25:57.529 : ----PSNR/SSIM for (/root/media/quoc-huy/bsrgan-dataset/BSD100/, x4)---- : 20.3470dB / 0.4065
25-11-11 16:25:57.529 : --46 --> BSRGAN --> x4--> 227092.png
25-11-11 16:25:57.702 : ----PSNR/SSIM for (/root/media/quoc-huy/bsrgan-dataset/BSD100/, x4)---- : 27.5262dB / 0.7147
25-11-11 16:25:57.703 : --47 --> BSRGAN --> x4--> 229036.png
25-11-11 16:25:57.913 : ----PSNR/SSIM for (/root/media/quoc-huy/bsrgan-dataset/BSD100/, x4)---- : 15.7302dB / 0.2086
25-11-11 16:25:57.914 : --48 --> BSRGAN --> x4--> 236037.png
25-11-11 16:25:58.062 : ----PSNR/SSIM for (/root/media/quoc-huy/bsrgan-dataset/BSD100/, x4)---- : 17.9378dB / 0.1365
25-11-11 16:25:58.062 : --49 --> BSRGAN --> x4--> 24077.png
25-11-11 16:25:58.246 : ----PSNR/SSIM for (/root/media/quoc-huy/bsrgan-dataset/BSD100/, x4)---- : 15.9972dB / 0.3758
25-11-11 16:25:58.246 : --50 --> BSRGAN --> x4--> 241004.png
25-11-11 16:25:58.400 : ----PSNR/SSIM for (/root/media/quoc-huy/bsrgan-dataset/BSD100/, x4)---- : 24.8336dB / 0.6414
25-11-11 16:25:58.401 : --51 --> BSRGAN --> x4--> 241048.png
25-11-11 16:25:58.610 : ----PSNR/SSIM for (/root/media/quoc-huy/bsrgan-dataset/BSD100/, x4)---- : 19.4979dB / 0.3191
25-11-11 16:25:58.611 : --52 --> BSRGAN --> x4--> 253027.png
25-11-11 16:25:58.774 : ----PSNR/SSIM for (/root/media/quoc-huy/bsrgan-dataset/BSD100/, x4)---- : 17.2884dB / 0.2964
25-11-11 16:25:58.774 : --53 --> BSRGAN --> x4--> 253055.png
25-11-11 16:25:58.911 : ----PSNR/SSIM for (/root/media/quoc-huy/bsrgan-dataset/BSD100/, x4)---- : 25.1964dB / 0.6220
25-11-11 16:25:58.911 : --54 --> BSRGAN --> x4--> 260058.png
25-11-11 16:25:59.082 : ----PSNR/SSIM for (/root/media/quoc-huy/bsrgan-dataset/BSD100/, x4)---- : 26.9931dB / 0.6124
25-11-11 16:25:59.082 : --55 --> BSRGAN --> x4--> 271035.png
25-11-11 16:25:59.253 : ----PSNR/SSIM for (/root/media/quoc-huy/bsrgan-dataset/BSD100/, x4)---- : 18.6051dB / 0.2755
25-11-11 16:25:59.253 : --56 --> BSRGAN --> x4--> 285079.png
25-11-11 16:25:59.462 : ----PSNR/SSIM for (/root/media/quoc-huy/bsrgan-dataset/BSD100/, x4)---- : 18.0434dB / 0.2958
25-11-11 16:25:59.463 : --57 --> BSRGAN --> x4--> 291000.png
25-11-11 16:25:59.622 : ----PSNR/SSIM for (/root/media/quoc-huy/bsrgan-dataset/BSD100/, x4)---- : 17.0136dB / 0.1255
25-11-11 16:25:59.622 : --58 --> BSRGAN --> x4--> 295087.png
25-11-11 16:25:59.800 : ----PSNR/SSIM for (/root/media/quoc-huy/bsrgan-dataset/BSD100/, x4)---- : 23.2597dB / 0.5471
25-11-11 16:25:59.801 : --59 --> BSRGAN --> x4--> 296007.png
25-11-11 16:25:59.948 : ----PSNR/SSIM for (/root/media/quoc-huy/bsrgan-dataset/BSD100/, x4)---- : 26.5967dB / 0.6300
25-11-11 16:25:59.948 : --60 --> BSRGAN --> x4--> 296059.png
25-11-11 16:26:00.109 : ----PSNR/SSIM for (/root/media/quoc-huy/bsrgan-dataset/BSD100/, x4)---- : 25.2979dB / 0.5924
25-11-11 16:26:00.109 : --61 --> BSRGAN --> x4--> 299086.png
25-11-11 16:26:00.312 : ----PSNR/SSIM for (/root/media/quoc-huy/bsrgan-dataset/BSD100/, x4)---- : 26.5666dB / 0.6470
25-11-11 16:26:00.313 : --62 --> BSRGAN --> x4--> 300091.png
25-11-11 16:26:00.465 : ----PSNR/SSIM for (/root/media/quoc-huy/bsrgan-dataset/BSD100/, x4)---- : 23.9025dB / 0.6252
25-11-11 16:26:00.466 : --63 --> BSRGAN --> x4--> 302008.png
25-11-11 16:26:00.672 : ----PSNR/SSIM for (/root/media/quoc-huy/bsrgan-dataset/BSD100/, x4)---- : 21.2537dB / 0.6837
25-11-11 16:26:00.672 : --64 --> BSRGAN --> x4--> 304034.png
25-11-11 16:26:00.832 : ----PSNR/SSIM for (/root/media/quoc-huy/bsrgan-dataset/BSD100/, x4)---- : 18.5886dB / 0.2585
25-11-11 16:26:00.833 : --65 --> BSRGAN --> x4--> 304074.png
25-11-11 16:26:01.010 : ----PSNR/SSIM for (/root/media/quoc-huy/bsrgan-dataset/BSD100/, x4)---- : 20.9990dB / 0.3390
25-11-11 16:26:01.010 : --66 --> BSRGAN --> x4--> 306005.png
25-11-11 16:26:01.163 : ----PSNR/SSIM for (/root/media/quoc-huy/bsrgan-dataset/BSD100/, x4)---- : 23.6329dB / 0.6085
25-11-11 16:26:01.164 : --67 --> BSRGAN --> x4--> 3096.png
25-11-11 16:26:01.343 : ----PSNR/SSIM for (/root/media/quoc-huy/bsrgan-dataset/BSD100/, x4)---- : 27.3578dB / 0.9008
25-11-11 16:26:01.344 : --68 --> BSRGAN --> x4--> 33039.png
25-11-11 16:26:01.517 : ----PSNR/SSIM for (/root/media/quoc-huy/bsrgan-dataset/BSD100/, x4)---- : 13.7856dB / 0.0895
25-11-11 16:26:01.517 : --69 --> BSRGAN --> x4--> 351093.png
25-11-11 16:26:01.685 : ----PSNR/SSIM for (/root/media/quoc-huy/bsrgan-dataset/BSD100/, x4)---- : 17.3900dB / 0.4023
25-11-11 16:26:01.685 : --70 --> BSRGAN --> x4--> 361010.png
25-11-11 16:26:01.857 : ----PSNR/SSIM for (/root/media/quoc-huy/bsrgan-dataset/BSD100/, x4)---- : 20.9085dB / 0.4795
25-11-11 16:26:01.857 : --71 --> BSRGAN --> x4--> 37073.png
25-11-11 16:26:02.019 : ----PSNR/SSIM for (/root/media/quoc-huy/bsrgan-dataset/BSD100/, x4)---- : 23.1847dB / 0.5746
25-11-11 16:26:02.020 : --72 --> BSRGAN --> x4--> 376043.png
25-11-11 16:26:02.176 : ----PSNR/SSIM for (/root/media/quoc-huy/bsrgan-dataset/BSD100/, x4)---- : 19.5902dB / 0.2358
25-11-11 16:26:02.176 : --73 --> BSRGAN --> x4--> 38082.png
25-11-11 16:26:02.336 : ----PSNR/SSIM for (/root/media/quoc-huy/bsrgan-dataset/BSD100/, x4)---- : 22.8706dB / 0.3374
25-11-11 16:26:02.336 : --74 --> BSRGAN --> x4--> 38092.png
25-11-11 16:26:02.497 : ----PSNR/SSIM for (/root/media/quoc-huy/bsrgan-dataset/BSD100/, x4)---- : 21.2224dB / 0.4756
25-11-11 16:26:02.497 : --75 --> BSRGAN --> x4--> 385039.png
25-11-11 16:26:02.651 : ----PSNR/SSIM for (/root/media/quoc-huy/bsrgan-dataset/BSD100/, x4)---- : 18.5898dB / 0.4310
25-11-11 16:26:02.651 : --76 --> BSRGAN --> x4--> 41033.png
25-11-11 16:26:02.811 : ----PSNR/SSIM for (/root/media/quoc-huy/bsrgan-dataset/BSD100/, x4)---- : 22.4929dB / 0.4297
25-11-11 16:26:02.812 : --77 --> BSRGAN --> x4--> 41069.png
25-11-11 16:26:02.991 : ----PSNR/SSIM for (/root/media/quoc-huy/bsrgan-dataset/BSD100/, x4)---- : 19.1737dB / 0.1805
25-11-11 16:26:02.992 : --78 --> BSRGAN --> x4--> 42012.png
25-11-11 16:26:03.139 : ----PSNR/SSIM for (/root/media/quoc-huy/bsrgan-dataset/BSD100/, x4)---- : 21.3604dB / 0.3942
25-11-11 16:26:03.139 : --79 --> BSRGAN --> x4--> 42049.png
25-11-11 16:26:03.316 : ----PSNR/SSIM for (/root/media/quoc-huy/bsrgan-dataset/BSD100/, x4)---- : 19.9402dB / 0.7678
25-11-11 16:26:03.316 : --80 --> BSRGAN --> x4--> 43074.png
25-11-11 16:26:03.519 : ----PSNR/SSIM for (/root/media/quoc-huy/bsrgan-dataset/BSD100/, x4)---- : 25.4089dB / 0.5527
25-11-11 16:26:03.520 : --81 --> BSRGAN --> x4--> 45096.png
25-11-11 16:26:03.694 : ----PSNR/SSIM for (/root/media/quoc-huy/bsrgan-dataset/BSD100/, x4)---- : 28.3736dB / 0.8263
25-11-11 16:26:03.694 : --82 --> BSRGAN --> x4--> 54082.png
25-11-11 16:26:03.868 : ----PSNR/SSIM for (/root/media/quoc-huy/bsrgan-dataset/BSD100/, x4)---- : 22.1923dB / 0.4466
25-11-11 16:26:03.869 : --83 --> BSRGAN --> x4--> 55073.png
25-11-11 16:26:04.022 : ----PSNR/SSIM for (/root/media/quoc-huy/bsrgan-dataset/BSD100/, x4)---- : 17.8927dB / 0.2069
25-11-11 16:26:04.022 : --84 --> BSRGAN --> x4--> 58060.png
25-11-11 16:26:04.167 : ----PSNR/SSIM for (/root/media/quoc-huy/bsrgan-dataset/BSD100/, x4)---- : 16.8654dB / 0.3231
25-11-11 16:26:04.167 : --85 --> BSRGAN --> x4--> 62096.png
25-11-11 16:26:04.347 : ----PSNR/SSIM for (/root/media/quoc-huy/bsrgan-dataset/BSD100/, x4)---- : 19.2822dB / 0.5441
25-11-11 16:26:04.348 : --86 --> BSRGAN --> x4--> 65033.png
25-11-11 16:26:04.472 : ----PSNR/SSIM for (/root/media/quoc-huy/bsrgan-dataset/BSD100/, x4)---- : 18.1087dB / 0.1992
25-11-11 16:26:04.472 : --87 --> BSRGAN --> x4--> 66053.png
25-11-11 16:26:04.620 : ----PSNR/SSIM for (/root/media/quoc-huy/bsrgan-dataset/BSD100/, x4)---- : 22.1641dB / 0.4212
25-11-11 16:26:04.620 : --88 --> BSRGAN --> x4--> 69015.png
25-11-11 16:26:04.812 : ----PSNR/SSIM for (/root/media/quoc-huy/bsrgan-dataset/BSD100/, x4)---- : 25.3337dB / 0.5926
25-11-11 16:26:04.812 : --89 --> BSRGAN --> x4--> 69020.png
25-11-11 16:26:04.953 : ----PSNR/SSIM for (/root/media/quoc-huy/bsrgan-dataset/BSD100/, x4)---- : 21.7715dB / 0.2528
25-11-11 16:26:04.953 : --90 --> BSRGAN --> x4--> 69040.png
25-11-11 16:26:05.100 : ----PSNR/SSIM for (/root/media/quoc-huy/bsrgan-dataset/BSD100/, x4)---- : 19.6290dB / 0.2105
25-11-11 16:26:05.100 : --91 --> BSRGAN --> x4--> 76053.png
25-11-11 16:26:05.292 : ----PSNR/SSIM for (/root/media/quoc-huy/bsrgan-dataset/BSD100/, x4)---- : 22.2136dB / 0.3816
25-11-11 16:26:05.292 : --92 --> BSRGAN --> x4--> 78004.png
25-11-11 16:26:05.425 : ----PSNR/SSIM for (/root/media/quoc-huy/bsrgan-dataset/BSD100/, x4)---- : 22.3664dB / 0.5570
25-11-11 16:26:05.426 : --93 --> BSRGAN --> x4--> 8023.png
25-11-11 16:26:05.610 : ----PSNR/SSIM for (/root/media/quoc-huy/bsrgan-dataset/BSD100/, x4)---- : 23.0784dB / 0.5000
25-11-11 16:26:05.610 : --94 --> BSRGAN --> x4--> 85048.png
25-11-11 16:26:05.768 : ----PSNR/SSIM for (/root/media/quoc-huy/bsrgan-dataset/BSD100/, x4)---- : 19.7550dB / 0.3731
25-11-11 16:26:05.768 : --95 --> BSRGAN --> x4--> 86000.png
25-11-11 16:26:05.898 : ----PSNR/SSIM for (/root/media/quoc-huy/bsrgan-dataset/BSD100/, x4)---- : 19.1021dB / 0.4350
25-11-11 16:26:05.898 : --96 --> BSRGAN --> x4--> 86016.png
25-11-11 16:26:06.092 : ----PSNR/SSIM for (/root/media/quoc-huy/bsrgan-dataset/BSD100/, x4)---- : 19.5790dB / 0.1358
25-11-11 16:26:06.093 : --97 --> BSRGAN --> x4--> 86068.png
25-11-11 16:26:06.253 : ----PSNR/SSIM for (/root/media/quoc-huy/bsrgan-dataset/BSD100/, x4)---- : 22.2320dB / 0.2800
25-11-11 16:26:06.253 : --98 --> BSRGAN --> x4--> 87046.png
25-11-11 16:26:06.392 : ----PSNR/SSIM for (/root/media/quoc-huy/bsrgan-dataset/BSD100/, x4)---- : 18.2250dB / 0.2774
25-11-11 16:26:06.393 : --99 --> BSRGAN --> x4--> 89072.png
25-11-11 16:26:06.560 : ----PSNR/SSIM for (/root/media/quoc-huy/bsrgan-dataset/BSD100/, x4)---- : 20.5326dB / 0.4380
25-11-11 16:26:06.560 : -100 --> BSRGAN --> x4--> 97033.png
25-11-11 16:26:06.713 : ----PSNR/SSIM for (/root/media/quoc-huy/bsrgan-dataset/BSD100/, x4)---- : 18.2088dB / 0.3803
25-11-11 16:26:06.714 : ----Average PSNR/SSIM for (/root/media/quoc-huy/bsrgan-dataset/BSD100/, x4)---- : 20.7701dB / 0.4287
25-11-11 16:26:06.714 :  
25-11-11 16:30:50.075 :       Model Name : BSRNet_regiondependent
25-11-11 16:31:05.591 :       Input Path : /root/media/quoc-huy/bsrgan-dataset/Set5/
25-11-11 16:31:05.591 :      Output Path : /root/quoc-huy/BSRGAN/testsets/experimental-results/Set5
25-11-11 16:31:05.591 : ---1 --> BSRNet_regiondependent --> x4--> baby.png
25-11-11 16:31:06.563 : ----PSNR/SSIM for (/root/media/quoc-huy/bsrgan-dataset/Set5/, x4)---- : 22.5712dB / 0.6137
25-11-11 16:31:06.563 : ---2 --> BSRNet_regiondependent --> x4--> bird.png
25-11-11 16:31:06.650 : ----PSNR/SSIM for (/root/media/quoc-huy/bsrgan-dataset/Set5/, x4)---- : 18.2276dB / 0.4443
25-11-11 16:31:06.650 : ---3 --> BSRNet_regiondependent --> x4--> butterfly.png
25-11-11 16:31:06.732 : ----PSNR/SSIM for (/root/media/quoc-huy/bsrgan-dataset/Set5/, x4)---- : 13.2187dB / 0.3347
25-11-11 16:31:06.732 : ---4 --> BSRNet_regiondependent --> x4--> head.png
25-11-11 16:31:06.818 : ----PSNR/SSIM for (/root/media/quoc-huy/bsrgan-dataset/Set5/, x4)---- : 21.9694dB / 0.4567
25-11-11 16:31:06.818 : ---5 --> BSRNet_regiondependent --> x4--> woman.png
25-11-11 16:31:06.906 : ----PSNR/SSIM for (/root/media/quoc-huy/bsrgan-dataset/Set5/, x4)---- : 16.8205dB / 0.4904
25-11-11 16:31:06.906 : ----Average PSNR/SSIM for (/root/media/quoc-huy/bsrgan-dataset/Set5/, x4)---- : 18.5615dB / 0.4680
25-11-11 16:31:06.906 :  
25-11-11 16:36:11.871 :       Model Name : BSRNet
25-11-11 16:36:26.087 :       Input Path : /root/quoc-huy/BSRGAN/bsrgan_dataset/Set5/
25-11-11 16:36:26.088 :      Output Path : /root/quoc-huy/BSRGAN/testsets/experimental-results/Set5
25-11-11 16:36:26.088 : ---1 --> BSRNet --> x4--> baby.png
25-11-11 16:36:27.102 : ----PSNR/SSIM for (/root/quoc-huy/BSRGAN/bsrgan_dataset/Set5/, x4)---- : 27.8186dB / 0.7469
25-11-11 16:36:27.103 : ---2 --> BSRNet --> x4--> bird.png
25-11-11 16:36:27.205 : ----PSNR/SSIM for (/root/quoc-huy/BSRGAN/bsrgan_dataset/Set5/, x4)---- : 26.8530dB / 0.7687
25-11-11 16:36:27.206 : ---3 --> BSRNet --> x4--> butterfly.png
25-11-11 16:36:27.288 : ----PSNR/SSIM for (/root/quoc-huy/BSRGAN/bsrgan_dataset/Set5/, x4)---- : 15.1259dB / 0.4471
25-11-11 16:36:27.288 : ---4 --> BSRNet --> x4--> head.png
25-11-11 16:36:27.374 : ----PSNR/SSIM for (/root/quoc-huy/BSRGAN/bsrgan_dataset/Set5/, x4)---- : 28.2472dB / 0.6254
25-11-11 16:36:27.375 : ---5 --> BSRNet --> x4--> woman.png
25-11-11 16:36:27.437 : ----PSNR/SSIM for (/root/quoc-huy/BSRGAN/bsrgan_dataset/Set5/, x4)---- : 20.0385dB / 0.6199
25-11-11 16:36:27.437 : ----Average PSNR/SSIM for (/root/quoc-huy/BSRGAN/bsrgan_dataset/Set5/, x4)---- : 23.6166dB / 0.6416
25-11-11 16:36:27.437 :  
25-11-11 16:37:19.095 :       Model Name : BSRNet_regiondependent
25-11-11 16:37:35.044 :       Input Path : /root/quoc-huy/BSRGAN/bsrgan_dataset/Set5/
25-11-11 16:37:35.044 :      Output Path : /root/quoc-huy/BSRGAN/testsets/experimental-results/Set5
25-11-11 16:37:35.045 : ---1 --> BSRNet_regiondependent --> x4--> baby.png
25-11-11 16:37:35.928 : ----PSNR/SSIM for (/root/quoc-huy/BSRGAN/bsrgan_dataset/Set5/, x4)---- : 25.8367dB / 0.6900
25-11-11 16:37:35.928 : ---2 --> BSRNet_regiondependent --> x4--> bird.png
25-11-11 16:37:36.002 : ----PSNR/SSIM for (/root/quoc-huy/BSRGAN/bsrgan_dataset/Set5/, x4)---- : 23.6538dB / 0.6641
25-11-11 16:37:36.002 : ---3 --> BSRNet_regiondependent --> x4--> butterfly.png
25-11-11 16:37:36.077 : ----PSNR/SSIM for (/root/quoc-huy/BSRGAN/bsrgan_dataset/Set5/, x4)---- : 13.1916dB / 0.3328
25-11-11 16:37:36.077 : ---4 --> BSRNet_regiondependent --> x4--> head.png
25-11-11 16:37:36.168 : ----PSNR/SSIM for (/root/quoc-huy/BSRGAN/bsrgan_dataset/Set5/, x4)---- : 24.5953dB / 0.5209
25-11-11 16:37:36.168 : ---5 --> BSRNet_regiondependent --> x4--> woman.png
25-11-11 16:37:36.266 : ----PSNR/SSIM for (/root/quoc-huy/BSRGAN/bsrgan_dataset/Set5/, x4)---- : 17.5727dB / 0.3641
25-11-11 16:37:36.266 : ----Average PSNR/SSIM for (/root/quoc-huy/BSRGAN/bsrgan_dataset/Set5/, x4)---- : 20.9700dB / 0.5144
25-11-11 16:37:36.266 :  
25-11-11 16:40:00.480 :       Model Name : BSRNet_regiondependent
25-11-11 16:40:15.495 :       Input Path : /root/quoc-huy/BSRGAN/bsrgan_dataset/Set14/
25-11-11 16:40:15.496 :      Output Path : /root/quoc-huy/BSRGAN/testsets/experimental-results/Set14
25-11-11 16:40:15.497 : ---1 --> BSRNet_regiondependent --> x4--> baboon.png
25-11-11 16:40:16.424 : ----PSNR/SSIM for (/root/quoc-huy/BSRGAN/bsrgan_dataset/Set14/, x4)---- : 19.6440dB / 0.3152
25-11-11 16:40:16.425 : ---2 --> BSRNet_regiondependent --> x4--> barbara.png
25-11-11 16:40:16.805 : ----PSNR/SSIM for (/root/quoc-huy/BSRGAN/bsrgan_dataset/Set14/, x4)---- : 20.6982dB / 0.4968
25-11-11 16:40:16.806 : ---3 --> BSRNet_regiondependent --> x4--> bridge.png
25-11-11 16:40:17.192 : ----PSNR/SSIM for (/root/quoc-huy/BSRGAN/bsrgan_dataset/Set14/, x4)---- : 19.1701dB / 0.2715
25-11-11 16:40:17.192 : ---4 --> BSRNet_regiondependent --> x4--> coastguard.png
25-11-11 16:40:17.316 : ----PSNR/SSIM for (/root/quoc-huy/BSRGAN/bsrgan_dataset/Set14/, x4)---- : 17.3271dB / 0.3139
25-11-11 16:40:17.316 : ---5 --> BSRNet_regiondependent --> x4--> comic.png
25-11-11 16:40:17.438 : ----PSNR/SSIM for (/root/quoc-huy/BSRGAN/bsrgan_dataset/Set14/, x4)---- : 16.7266dB / 0.2840
25-11-11 16:40:17.438 : ---6 --> BSRNet_regiondependent --> x4--> face.png
25-11-11 16:40:17.539 : ----PSNR/SSIM for (/root/quoc-huy/BSRGAN/bsrgan_dataset/Set14/, x4)---- : 22.1724dB / 0.4662
25-11-11 16:40:17.540 : ---7 --> BSRNet_regiondependent --> x4--> flowers.png
25-11-11 16:40:17.815 : ----PSNR/SSIM for (/root/quoc-huy/BSRGAN/bsrgan_dataset/Set14/, x4)---- : 17.9401dB / 0.3568
25-11-11 16:40:17.815 : ---8 --> BSRNet_regiondependent --> x4--> foreman.png
25-11-11 16:40:17.979 : ----PSNR/SSIM for (/root/quoc-huy/BSRGAN/bsrgan_dataset/Set14/, x4)---- : 17.8327dB / 0.6295
25-11-11 16:40:17.979 : ---9 --> BSRNet_regiondependent --> x4--> lenna.png
25-11-11 16:40:18.284 : ----PSNR/SSIM for (/root/quoc-huy/BSRGAN/bsrgan_dataset/Set14/, x4)---- : 20.4468dB / 0.4324
25-11-11 16:40:18.285 : --10 --> BSRNet_regiondependent --> x4--> man.png
25-11-11 16:40:18.621 : ----PSNR/SSIM for (/root/quoc-huy/BSRGAN/bsrgan_dataset/Set14/, x4)---- : 17.9378dB / 0.3307
25-11-11 16:40:18.621 : --11 --> BSRNet_regiondependent --> x4--> monarch.png
25-11-11 16:40:19.051 : ----PSNR/SSIM for (/root/quoc-huy/BSRGAN/bsrgan_dataset/Set14/, x4)---- : 18.0220dB / 0.6317
25-11-11 16:40:19.051 : --12 --> BSRNet_regiondependent --> x4--> pepper.png
25-11-11 16:40:19.337 : ----PSNR/SSIM for (/root/quoc-huy/BSRGAN/bsrgan_dataset/Set14/, x4)---- : 17.7683dB / 0.5764
25-11-11 16:40:19.337 : --13 --> BSRNet_regiondependent --> x4--> ppt3.png
25-11-11 16:40:19.748 : ----PSNR/SSIM for (/root/quoc-huy/BSRGAN/bsrgan_dataset/Set14/, x4)---- : 15.9157dB / 0.5406
25-11-11 16:40:19.748 : --14 --> BSRNet_regiondependent --> x4--> zebra.png
25-11-11 16:40:20.014 : ----PSNR/SSIM for (/root/quoc-huy/BSRGAN/bsrgan_dataset/Set14/, x4)---- : 15.8415dB / 0.2846
25-11-11 16:40:20.014 : ----Average PSNR/SSIM for (/root/quoc-huy/BSRGAN/bsrgan_dataset/Set14/, x4)---- : 18.3888dB / 0.4236
25-11-11 16:40:20.014 :  
25-11-11 16:41:05.116 :       Model Name : BSRNet_regiondependent
25-11-11 16:41:20.136 :       Input Path : /root/quoc-huy/BSRGAN/bsrgan_dataset/BSD100/
25-11-11 16:41:20.136 :      Output Path : /root/quoc-huy/BSRGAN/testsets/experimental-results/BSD100
25-11-11 16:41:20.137 : ---1 --> BSRNet_regiondependent --> x4--> 102061.png
25-11-11 16:41:20.878 : ----PSNR/SSIM for (/root/quoc-huy/BSRGAN/bsrgan_dataset/BSD100/, x4)---- : 9.5976dB / 0.1524
25-11-11 16:41:20.878 : ---2 --> BSRNet_regiondependent --> x4--> 109053.png
25-11-11 16:43:06.241 :       Model Name : BSRNet_regiondependent
25-11-11 16:43:23.831 :       Input Path : /root/quoc-huy/BSRGAN/bsrgan_dataset/Urban100/
25-11-11 16:43:23.831 :      Output Path : /root/quoc-huy/BSRGAN/testsets/experimental-results/Urban100
25-11-11 16:43:23.833 : ---1 --> BSRNet_regiondependent --> x4--> img_001_SRF_2_HR.png
25-11-11 16:58:49.176 :       Model Name : BSRNet_regiondependent
25-11-11 16:59:03.918 :       Input Path : /root/media/quoc-huy/bsrgan-dataset/Set5/
25-11-11 16:59:03.919 :      Output Path : /root/quoc-huy/BSRGAN/testsets/experimental-results/Set5
25-11-11 16:59:03.919 : ---1 --> BSRNet_regiondependent --> x4--> baby.png
25-11-11 16:59:04.761 : ----PSNR/SSIM for (/root/media/quoc-huy/bsrgan-dataset/Set5/, x4)---- : 21.7911dB / 0.5612
25-11-11 16:59:04.761 : ---2 --> BSRNet_regiondependent --> x4--> bird.png
25-11-11 16:59:04.855 : ----PSNR/SSIM for (/root/media/quoc-huy/bsrgan-dataset/Set5/, x4)---- : 19.0921dB / 0.4815
25-11-11 16:59:04.856 : ---3 --> BSRNet_regiondependent --> x4--> butterfly.png
25-11-11 16:59:04.946 : ----PSNR/SSIM for (/root/media/quoc-huy/bsrgan-dataset/Set5/, x4)---- : 13.7180dB / 0.3393
25-11-11 16:59:04.946 : ---4 --> BSRNet_regiondependent --> x4--> head.png
25-11-11 16:59:05.064 : ----PSNR/SSIM for (/root/media/quoc-huy/bsrgan-dataset/Set5/, x4)---- : 25.1242dB / 0.5626
25-11-11 16:59:05.064 : ---5 --> BSRNet_regiondependent --> x4--> woman.png
25-11-11 16:59:05.139 : ----PSNR/SSIM for (/root/media/quoc-huy/bsrgan-dataset/Set5/, x4)---- : 18.2768dB / 0.4337
25-11-11 16:59:05.139 : ----Average PSNR/SSIM for (/root/media/quoc-huy/bsrgan-dataset/Set5/, x4)---- : 19.6004dB / 0.4756
25-11-11 16:59:05.139 :  
25-11-11 16:59:31.849 :       Model Name : BSRNet
25-11-11 16:59:48.094 :       Input Path : /root/media/quoc-huy/bsrgan-dataset/Set5/
25-11-11 16:59:48.095 :      Output Path : /root/quoc-huy/BSRGAN/testsets/experimental-results/Set5
25-11-11 16:59:48.096 : ---1 --> BSRNet --> x4--> baby.png
25-11-11 16:59:48.986 : ----PSNR/SSIM for (/root/media/quoc-huy/bsrgan-dataset/Set5/, x4)---- : 25.8216dB / 0.6958
25-11-11 16:59:48.986 : ---2 --> BSRNet --> x4--> bird.png
25-11-11 16:59:49.087 : ----PSNR/SSIM for (/root/media/quoc-huy/bsrgan-dataset/Set5/, x4)---- : 19.7276dB / 0.4958
25-11-11 16:59:49.087 : ---3 --> BSRNet --> x4--> butterfly.png
25-11-11 16:59:49.170 : ----PSNR/SSIM for (/root/media/quoc-huy/bsrgan-dataset/Set5/, x4)---- : 14.0895dB / 0.3628
25-11-11 16:59:49.170 : ---4 --> BSRNet --> x4--> head.png
25-11-11 16:59:49.276 : ----PSNR/SSIM for (/root/media/quoc-huy/bsrgan-dataset/Set5/, x4)---- : 25.0382dB / 0.5659
25-11-11 16:59:49.277 : ---5 --> BSRNet --> x4--> woman.png
25-11-11 16:59:49.381 : ----PSNR/SSIM for (/root/media/quoc-huy/bsrgan-dataset/Set5/, x4)---- : 20.1217dB / 0.6224
25-11-11 16:59:49.382 : ----Average PSNR/SSIM for (/root/media/quoc-huy/bsrgan-dataset/Set5/, x4)---- : 20.9597dB / 0.5485
25-11-11 16:59:49.382 :  
25-11-11 17:00:08.474 :       Model Name : BSRNet
25-11-11 17:00:26.550 :       Input Path : /root/media/quoc-huy/bsrgan-dataset/Set5/
25-11-11 17:00:26.551 :      Output Path : /root/quoc-huy/BSRGAN/testsets/experimental-results/Set5
25-11-11 17:00:26.551 : ---1 --> BSRNet --> x4--> baby.png
25-11-11 17:00:27.534 : ----PSNR/SSIM for (/root/media/quoc-huy/bsrgan-dataset/Set5/, x4)---- : 24.9810dB / 0.6773
25-11-11 17:00:27.535 : ---2 --> BSRNet --> x4--> bird.png
25-11-11 17:00:27.646 : ----PSNR/SSIM for (/root/media/quoc-huy/bsrgan-dataset/Set5/, x4)---- : 23.0479dB / 0.6408
25-11-11 17:00:27.647 : ---3 --> BSRNet --> x4--> butterfly.png
25-11-11 17:00:27.742 : ----PSNR/SSIM for (/root/media/quoc-huy/bsrgan-dataset/Set5/, x4)---- : 15.4735dB / 0.4751
25-11-11 17:00:27.742 : ---4 --> BSRNet --> x4--> head.png
25-11-11 17:00:27.820 : ----PSNR/SSIM for (/root/media/quoc-huy/bsrgan-dataset/Set5/, x4)---- : 25.9209dB / 0.5827
25-11-11 17:00:27.820 : ---5 --> BSRNet --> x4--> woman.png
25-11-11 17:00:27.915 : ----PSNR/SSIM for (/root/media/quoc-huy/bsrgan-dataset/Set5/, x4)---- : 17.3290dB / 0.5342
25-11-11 17:00:27.916 : ----Average PSNR/SSIM for (/root/media/quoc-huy/bsrgan-dataset/Set5/, x4)---- : 21.3505dB / 0.5820
25-11-11 17:00:27.916 :  
25-11-11 17:00:57.425 :       Model Name : BSRNet
25-11-11 17:01:14.623 :       Input Path : /root/media/quoc-huy/bsrgan-dataset/Set5/
25-11-11 17:01:14.624 :      Output Path : /root/quoc-huy/BSRGAN/testsets/experimental-results/Set5
25-11-11 17:01:14.626 : ---1 --> BSRNet --> x4--> baby.png
25-11-11 17:01:15.658 : ----PSNR/SSIM for (/root/media/quoc-huy/bsrgan-dataset/Set5/, x4)---- : 23.2531dB / 0.6529
25-11-11 17:01:15.658 : ---2 --> BSRNet --> x4--> bird.png
25-11-11 17:01:15.736 : ----PSNR/SSIM for (/root/media/quoc-huy/bsrgan-dataset/Set5/, x4)---- : 22.2494dB / 0.5594
25-11-11 17:01:15.736 : ---3 --> BSRNet --> x4--> butterfly.png
25-11-11 17:01:15.849 : ----PSNR/SSIM for (/root/media/quoc-huy/bsrgan-dataset/Set5/, x4)---- : 15.1168dB / 0.4500
25-11-11 17:01:15.849 : ---4 --> BSRNet --> x4--> head.png
25-11-11 17:01:15.971 : ----PSNR/SSIM for (/root/media/quoc-huy/bsrgan-dataset/Set5/, x4)---- : 25.3857dB / 0.5620
25-11-11 17:01:15.972 : ---5 --> BSRNet --> x4--> woman.png
25-11-11 17:01:16.032 : ----PSNR/SSIM for (/root/media/quoc-huy/bsrgan-dataset/Set5/, x4)---- : 22.4111dB / 0.7184
25-11-11 17:01:16.032 : ----Average PSNR/SSIM for (/root/media/quoc-huy/bsrgan-dataset/Set5/, x4)---- : 21.6833dB / 0.5886
25-11-11 17:01:16.032 :  
25-11-11 17:02:30.329 :       Model Name : BSRNet
25-11-11 17:02:47.206 :       Input Path : /root/media/quoc-huy/bsrgan-dataset/Set14/
25-11-11 17:02:47.206 :      Output Path : /root/quoc-huy/BSRGAN/testsets/experimental-results/Set14
25-11-11 17:02:47.206 : ---1 --> BSRNet --> x4--> baboon.png
25-11-11 17:02:48.126 : ----PSNR/SSIM for (/root/media/quoc-huy/bsrgan-dataset/Set14/, x4)---- : 18.3135dB / 0.2373
25-11-11 17:02:48.126 : ---2 --> BSRNet --> x4--> barbara.png
25-11-11 17:02:48.605 : ----PSNR/SSIM for (/root/media/quoc-huy/bsrgan-dataset/Set14/, x4)---- : 21.2446dB / 0.5255
25-11-11 17:02:48.606 : ---3 --> BSRNet --> x4--> bridge.png
25-11-11 17:02:48.885 : ----PSNR/SSIM for (/root/media/quoc-huy/bsrgan-dataset/Set14/, x4)---- : 19.7004dB / 0.3050
25-11-11 17:02:48.885 : ---4 --> BSRNet --> x4--> coastguard.png
25-11-11 17:02:49.020 : ----PSNR/SSIM for (/root/media/quoc-huy/bsrgan-dataset/Set14/, x4)---- : 20.9365dB / 0.3427
25-11-11 17:02:49.021 : ---5 --> BSRNet --> x4--> comic.png
25-11-11 17:02:49.127 : ----PSNR/SSIM for (/root/media/quoc-huy/bsrgan-dataset/Set14/, x4)---- : 17.8070dB / 0.3508
25-11-11 17:02:49.128 : ---6 --> BSRNet --> x4--> face.png
25-11-11 17:02:49.214 : ----PSNR/SSIM for (/root/media/quoc-huy/bsrgan-dataset/Set14/, x4)---- : 25.8031dB / 0.5759
25-11-11 17:02:49.214 : ---7 --> BSRNet --> x4--> flowers.png
25-11-11 17:02:49.456 : ----PSNR/SSIM for (/root/media/quoc-huy/bsrgan-dataset/Set14/, x4)---- : 19.0130dB / 0.4513
25-11-11 17:02:49.456 : ---8 --> BSRNet --> x4--> foreman.png
25-11-11 17:02:49.569 : ----PSNR/SSIM for (/root/media/quoc-huy/bsrgan-dataset/Set14/, x4)---- : 21.9214dB / 0.7182
25-11-11 17:02:49.569 : ---9 --> BSRNet --> x4--> lenna.png
25-11-11 17:02:49.918 : ----PSNR/SSIM for (/root/media/quoc-huy/bsrgan-dataset/Set14/, x4)---- : 26.6780dB / 0.7241
25-11-11 17:02:49.918 : --10 --> BSRNet --> x4--> man.png
25-11-11 17:02:50.238 : ----PSNR/SSIM for (/root/media/quoc-huy/bsrgan-dataset/Set14/, x4)---- : 18.9161dB / 0.3733
25-11-11 17:02:50.239 : --11 --> BSRNet --> x4--> monarch.png
25-11-11 17:02:50.724 : ----PSNR/SSIM for (/root/media/quoc-huy/bsrgan-dataset/Set14/, x4)---- : 19.6370dB / 0.6747
25-11-11 17:02:50.725 : --12 --> BSRNet --> x4--> pepper.png
25-11-11 17:02:51.081 : ----PSNR/SSIM for (/root/media/quoc-huy/bsrgan-dataset/Set14/, x4)---- : 23.3224dB / 0.6838
25-11-11 17:02:51.082 : --13 --> BSRNet --> x4--> ppt3.png
25-11-11 17:02:51.443 : ----PSNR/SSIM for (/root/media/quoc-huy/bsrgan-dataset/Set14/, x4)---- : 16.7269dB / 0.6618
25-11-11 17:02:51.443 : --14 --> BSRNet --> x4--> zebra.png
25-11-11 17:02:51.712 : ----PSNR/SSIM for (/root/media/quoc-huy/bsrgan-dataset/Set14/, x4)---- : 16.4901dB / 0.3129
25-11-11 17:02:51.712 : ----Average PSNR/SSIM for (/root/media/quoc-huy/bsrgan-dataset/Set14/, x4)---- : 20.4650dB / 0.4955
25-11-11 17:02:51.712 :  
25-11-11 17:03:19.705 :       Model Name : BSRNet
25-11-11 17:03:36.451 :       Input Path : /root/media/quoc-huy/bsrgan-dataset/BSD100/
25-11-11 17:03:36.451 :      Output Path : /root/quoc-huy/BSRGAN/testsets/experimental-results/BSD100
25-11-11 17:03:36.452 : ---1 --> BSRNet --> x4--> 101085.png
25-11-11 17:03:37.179 : ----PSNR/SSIM for (/root/media/quoc-huy/bsrgan-dataset/BSD100/, x4)---- : 19.6931dB / 0.3012
25-11-11 17:03:37.179 : ---2 --> BSRNet --> x4--> 101087.png
25-11-11 17:03:37.328 : ----PSNR/SSIM for (/root/media/quoc-huy/bsrgan-dataset/BSD100/, x4)---- : 20.5959dB / 0.6133
25-11-11 17:03:37.328 : ---3 --> BSRNet --> x4--> 102061.png
25-11-11 17:03:37.499 : ----PSNR/SSIM for (/root/media/quoc-huy/bsrgan-dataset/BSD100/, x4)---- : 20.5680dB / 0.6125
25-11-11 17:03:37.499 : ---4 --> BSRNet --> x4--> 103070.png
25-11-11 17:03:37.681 : ----PSNR/SSIM for (/root/media/quoc-huy/bsrgan-dataset/BSD100/, x4)---- : 22.6513dB / 0.5521
25-11-11 17:03:37.682 : ---5 --> BSRNet --> x4--> 105025.png
25-11-11 17:03:37.828 : ----PSNR/SSIM for (/root/media/quoc-huy/bsrgan-dataset/BSD100/, x4)---- : 21.0219dB / 0.4515
25-11-11 17:03:37.828 : ---6 --> BSRNet --> x4--> 106024.png
25-11-11 17:03:37.991 : ----PSNR/SSIM for (/root/media/quoc-huy/bsrgan-dataset/BSD100/, x4)---- : 26.1932dB / 0.7670
25-11-11 17:03:37.991 : ---7 --> BSRNet --> x4--> 108005.png
25-11-11 17:03:38.163 : ----PSNR/SSIM for (/root/media/quoc-huy/bsrgan-dataset/BSD100/, x4)---- : 21.3085dB / 0.4589
25-11-11 17:03:38.164 : ---8 --> BSRNet --> x4--> 108070.png
25-11-11 17:03:38.269 : ----PSNR/SSIM for (/root/media/quoc-huy/bsrgan-dataset/BSD100/, x4)---- : 20.3138dB / 0.3720
25-11-11 17:03:38.270 : ---9 --> BSRNet --> x4--> 108082.png
25-11-11 17:03:38.445 : ----PSNR/SSIM for (/root/media/quoc-huy/bsrgan-dataset/BSD100/, x4)---- : 19.9401dB / 0.4773
25-11-11 17:03:38.445 : --10 --> BSRNet --> x4--> 109053.png
25-11-11 17:03:38.618 : ----PSNR/SSIM for (/root/media/quoc-huy/bsrgan-dataset/BSD100/, x4)---- : 24.9874dB / 0.6221
25-11-11 17:03:38.618 : --11 --> BSRNet --> x4--> 119082.png
25-11-11 17:03:38.756 : ----PSNR/SSIM for (/root/media/quoc-huy/bsrgan-dataset/BSD100/, x4)---- : 15.8548dB / 0.3138
25-11-11 17:03:38.756 : --12 --> BSRNet --> x4--> 12084.png
25-11-11 17:03:38.899 : ----PSNR/SSIM for (/root/media/quoc-huy/bsrgan-dataset/BSD100/, x4)---- : 22.2007dB / 0.4233
25-11-11 17:03:38.900 : --13 --> BSRNet --> x4--> 123074.png
25-11-11 17:03:39.084 : ----PSNR/SSIM for (/root/media/quoc-huy/bsrgan-dataset/BSD100/, x4)---- : 24.3514dB / 0.5437
25-11-11 17:03:39.085 : --14 --> BSRNet --> x4--> 126007.png
25-11-11 17:03:39.215 : ----PSNR/SSIM for (/root/media/quoc-huy/bsrgan-dataset/BSD100/, x4)---- : 22.4973dB / 0.6545
25-11-11 17:03:39.215 : --15 --> BSRNet --> x4--> 130026.png
25-11-11 17:03:39.354 : ----PSNR/SSIM for (/root/media/quoc-huy/bsrgan-dataset/BSD100/, x4)---- : 21.4380dB / 0.4709
25-11-11 17:03:39.354 : --16 --> BSRNet --> x4--> 134035.png
25-11-11 17:03:39.541 : ----PSNR/SSIM for (/root/media/quoc-huy/bsrgan-dataset/BSD100/, x4)---- : 17.4072dB / 0.3447
25-11-11 17:03:39.542 : --17 --> BSRNet --> x4--> 14037.png
25-11-11 17:03:39.678 : ----PSNR/SSIM for (/root/media/quoc-huy/bsrgan-dataset/BSD100/, x4)---- : 27.2018dB / 0.7414
25-11-11 17:03:39.678 : --18 --> BSRNet --> x4--> 143090.png
25-11-11 17:03:39.824 : ----PSNR/SSIM for (/root/media/quoc-huy/bsrgan-dataset/BSD100/, x4)---- : 24.9459dB / 0.7475
25-11-11 17:03:39.824 : --19 --> BSRNet --> x4--> 145086.png
25-11-11 17:03:40.012 : ----PSNR/SSIM for (/root/media/quoc-huy/bsrgan-dataset/BSD100/, x4)---- : 21.7778dB / 0.5688
25-11-11 17:03:40.013 : --20 --> BSRNet --> x4--> 147091.png
25-11-11 17:03:40.149 : ----PSNR/SSIM for (/root/media/quoc-huy/bsrgan-dataset/BSD100/, x4)---- : 19.4994dB / 0.6152
25-11-11 17:03:40.149 : --21 --> BSRNet --> x4--> 148026.png
25-11-11 17:03:40.296 : ----PSNR/SSIM for (/root/media/quoc-huy/bsrgan-dataset/BSD100/, x4)---- : 16.7167dB / 0.3744
25-11-11 17:03:40.296 : --22 --> BSRNet --> x4--> 148089.png
25-11-11 17:03:40.472 : ----PSNR/SSIM for (/root/media/quoc-huy/bsrgan-dataset/BSD100/, x4)---- : 18.3178dB / 0.2822
25-11-11 17:03:40.473 : --23 --> BSRNet --> x4--> 156065.png
25-11-11 17:03:40.620 : ----PSNR/SSIM for (/root/media/quoc-huy/bsrgan-dataset/BSD100/, x4)---- : 21.9281dB / 0.3895
25-11-11 17:03:40.621 : --24 --> BSRNet --> x4--> 157055.png
25-11-11 17:03:40.756 : ----PSNR/SSIM for (/root/media/quoc-huy/bsrgan-dataset/BSD100/, x4)---- : 22.5443dB / 0.5978
25-11-11 17:03:40.756 : --25 --> BSRNet --> x4--> 159008.png
25-11-11 17:03:40.931 : ----PSNR/SSIM for (/root/media/quoc-huy/bsrgan-dataset/BSD100/, x4)---- : 18.4699dB / 0.4440
25-11-11 17:03:40.932 : --26 --> BSRNet --> x4--> 160068.png
25-11-11 17:03:41.079 : ----PSNR/SSIM for (/root/media/quoc-huy/bsrgan-dataset/BSD100/, x4)---- : 21.8355dB / 0.6740
25-11-11 17:03:41.079 : --27 --> BSRNet --> x4--> 16077.png
25-11-11 17:03:41.211 : ----PSNR/SSIM for (/root/media/quoc-huy/bsrgan-dataset/BSD100/, x4)---- : 21.8808dB / 0.4934
25-11-11 17:03:41.211 : --28 --> BSRNet --> x4--> 163085.png
25-11-11 17:03:41.391 : ----PSNR/SSIM for (/root/media/quoc-huy/bsrgan-dataset/BSD100/, x4)---- : 22.3989dB / 0.5378
25-11-11 17:03:41.391 : --29 --> BSRNet --> x4--> 167062.png
25-11-11 17:03:41.539 : ----PSNR/SSIM for (/root/media/quoc-huy/bsrgan-dataset/BSD100/, x4)---- : 23.7981dB / 0.7780
25-11-11 17:03:41.539 : --30 --> BSRNet --> x4--> 167083.png
25-11-11 17:03:41.696 : ----PSNR/SSIM for (/root/media/quoc-huy/bsrgan-dataset/BSD100/, x4)---- : 17.2342dB / 0.3320
25-11-11 17:03:41.696 : --31 --> BSRNet --> x4--> 170057.png
25-11-11 17:03:41.874 : ----PSNR/SSIM for (/root/media/quoc-huy/bsrgan-dataset/BSD100/, x4)---- : 25.0191dB / 0.5969
25-11-11 17:03:41.875 : --32 --> BSRNet --> x4--> 175032.png
25-11-11 17:03:42.048 : ----PSNR/SSIM for (/root/media/quoc-huy/bsrgan-dataset/BSD100/, x4)---- : 17.2414dB / 0.1226
25-11-11 17:03:42.048 : --33 --> BSRNet --> x4--> 175043.png
25-11-11 17:03:42.200 : ----PSNR/SSIM for (/root/media/quoc-huy/bsrgan-dataset/BSD100/, x4)---- : 19.2313dB / 0.2746
25-11-11 17:03:42.201 : --34 --> BSRNet --> x4--> 182053.png
25-11-11 17:03:42.368 : ----PSNR/SSIM for (/root/media/quoc-huy/bsrgan-dataset/BSD100/, x4)---- : 19.4080dB / 0.5356
25-11-11 17:03:42.368 : --35 --> BSRNet --> x4--> 189080.png
25-11-11 17:03:42.533 : ----PSNR/SSIM for (/root/media/quoc-huy/bsrgan-dataset/BSD100/, x4)---- : 23.7303dB / 0.7326
25-11-11 17:03:42.533 : --36 --> BSRNet --> x4--> 19021.png
25-11-11 17:03:42.670 : ----PSNR/SSIM for (/root/media/quoc-huy/bsrgan-dataset/BSD100/, x4)---- : 21.3661dB / 0.5074
25-11-11 17:03:42.671 : --37 --> BSRNet --> x4--> 196073.png
25-11-11 17:03:42.832 : ----PSNR/SSIM for (/root/media/quoc-huy/bsrgan-dataset/BSD100/, x4)---- : 25.1640dB / 0.3700
25-11-11 17:03:42.832 : --38 --> BSRNet --> x4--> 197017.png
25-11-11 17:03:42.990 : ----PSNR/SSIM for (/root/media/quoc-huy/bsrgan-dataset/BSD100/, x4)---- : 20.0819dB / 0.4735
25-11-11 17:03:42.990 : --39 --> BSRNet --> x4--> 208001.png
25-11-11 17:03:43.125 : ----PSNR/SSIM for (/root/media/quoc-huy/bsrgan-dataset/BSD100/, x4)---- : 21.1632dB / 0.4340
25-11-11 17:03:43.125 : --40 --> BSRNet --> x4--> 210088.png
25-11-11 17:03:43.291 : ----PSNR/SSIM for (/root/media/quoc-huy/bsrgan-dataset/BSD100/, x4)---- : 21.5823dB / 0.6198
25-11-11 17:03:43.291 : --41 --> BSRNet --> x4--> 21077.png
25-11-11 17:03:43.517 : ----PSNR/SSIM for (/root/media/quoc-huy/bsrgan-dataset/BSD100/, x4)---- : 18.8068dB / 0.4490
25-11-11 17:03:43.517 : --42 --> BSRNet --> x4--> 216081.png
25-11-11 17:03:43.651 : ----PSNR/SSIM for (/root/media/quoc-huy/bsrgan-dataset/BSD100/, x4)---- : 19.2860dB / 0.4351
25-11-11 17:03:43.652 : --43 --> BSRNet --> x4--> 219090.png
25-11-11 17:03:43.833 : ----PSNR/SSIM for (/root/media/quoc-huy/bsrgan-dataset/BSD100/, x4)---- : 20.7625dB / 0.5566
25-11-11 17:03:43.834 : --44 --> BSRNet --> x4--> 220075.png
25-11-11 17:03:44.010 : ----PSNR/SSIM for (/root/media/quoc-huy/bsrgan-dataset/BSD100/, x4)---- : 18.7056dB / 0.5292
25-11-11 17:03:44.010 : --45 --> BSRNet --> x4--> 223061.png
25-11-11 17:03:44.198 : ----PSNR/SSIM for (/root/media/quoc-huy/bsrgan-dataset/BSD100/, x4)---- : 20.9196dB / 0.4325
25-11-11 17:03:44.199 : --46 --> BSRNet --> x4--> 227092.png
25-11-11 17:03:44.358 : ----PSNR/SSIM for (/root/media/quoc-huy/bsrgan-dataset/BSD100/, x4)---- : 29.2693dB / 0.7580
25-11-11 17:03:44.359 : --47 --> BSRNet --> x4--> 229036.png
25-11-11 17:03:44.538 : ----PSNR/SSIM for (/root/media/quoc-huy/bsrgan-dataset/BSD100/, x4)---- : 16.0198dB / 0.2441
25-11-11 17:03:44.539 : --48 --> BSRNet --> x4--> 236037.png
25-11-11 17:03:44.680 : ----PSNR/SSIM for (/root/media/quoc-huy/bsrgan-dataset/BSD100/, x4)---- : 18.9401dB / 0.2516
25-11-11 17:03:44.680 : --49 --> BSRNet --> x4--> 24077.png
25-11-11 17:03:44.852 : ----PSNR/SSIM for (/root/media/quoc-huy/bsrgan-dataset/BSD100/, x4)---- : 16.5764dB / 0.4698
25-11-11 17:03:44.853 : --50 --> BSRNet --> x4--> 241004.png
25-11-11 17:03:45.101 : ----PSNR/SSIM for (/root/media/quoc-huy/bsrgan-dataset/BSD100/, x4)---- : 26.1679dB / 0.7025
25-11-11 17:03:45.102 : --51 --> BSRNet --> x4--> 241048.png
25-11-11 17:03:45.251 : ----PSNR/SSIM for (/root/media/quoc-huy/bsrgan-dataset/BSD100/, x4)---- : 20.3482dB / 0.3751
25-11-11 17:03:45.252 : --52 --> BSRNet --> x4--> 253027.png
25-11-11 17:03:45.452 : ----PSNR/SSIM for (/root/media/quoc-huy/bsrgan-dataset/BSD100/, x4)---- : 17.7892dB / 0.4268
25-11-11 17:03:45.452 : --53 --> BSRNet --> x4--> 253055.png
25-11-11 17:03:45.621 : ----PSNR/SSIM for (/root/media/quoc-huy/bsrgan-dataset/BSD100/, x4)---- : 26.6733dB / 0.7009
25-11-11 17:03:45.622 : --54 --> BSRNet --> x4--> 260058.png
25-11-11 17:03:45.823 : ----PSNR/SSIM for (/root/media/quoc-huy/bsrgan-dataset/BSD100/, x4)---- : 27.5463dB / 0.6407
25-11-11 17:03:45.824 : --55 --> BSRNet --> x4--> 271035.png
25-11-11 17:03:45.953 : ----PSNR/SSIM for (/root/media/quoc-huy/bsrgan-dataset/BSD100/, x4)---- : 19.4135dB / 0.4148
25-11-11 17:03:45.953 : --56 --> BSRNet --> x4--> 285079.png
25-11-11 17:03:46.101 : ----PSNR/SSIM for (/root/media/quoc-huy/bsrgan-dataset/BSD100/, x4)---- : 19.0767dB / 0.3738
25-11-11 17:03:46.101 : --57 --> BSRNet --> x4--> 291000.png
25-11-11 17:03:46.266 : ----PSNR/SSIM for (/root/media/quoc-huy/bsrgan-dataset/BSD100/, x4)---- : 17.7322dB / 0.1617
25-11-11 17:03:46.266 : --58 --> BSRNet --> x4--> 295087.png
25-11-11 17:03:46.429 : ----PSNR/SSIM for (/root/media/quoc-huy/bsrgan-dataset/BSD100/, x4)---- : 24.3818dB / 0.5900
25-11-11 17:03:46.429 : --59 --> BSRNet --> x4--> 296007.png
25-11-11 17:03:46.714 : ----PSNR/SSIM for (/root/media/quoc-huy/bsrgan-dataset/BSD100/, x4)---- : 27.4988dB / 0.6655
25-11-11 17:03:46.715 : --60 --> BSRNet --> x4--> 296059.png
25-11-11 17:03:46.846 : ----PSNR/SSIM for (/root/media/quoc-huy/bsrgan-dataset/BSD100/, x4)---- : 26.3576dB / 0.6476
25-11-11 17:03:46.846 : --61 --> BSRNet --> x4--> 299086.png
25-11-11 17:03:47.052 : ----PSNR/SSIM for (/root/media/quoc-huy/bsrgan-dataset/BSD100/, x4)---- : 27.5972dB / 0.6838
25-11-11 17:03:47.053 : --62 --> BSRNet --> x4--> 300091.png
25-11-11 17:03:47.218 : ----PSNR/SSIM for (/root/media/quoc-huy/bsrgan-dataset/BSD100/, x4)---- : 24.3864dB / 0.6521
25-11-11 17:03:47.218 : --63 --> BSRNet --> x4--> 302008.png
25-11-11 17:03:47.372 : ----PSNR/SSIM for (/root/media/quoc-huy/bsrgan-dataset/BSD100/, x4)---- : 22.0686dB / 0.7591
25-11-11 17:03:47.372 : --64 --> BSRNet --> x4--> 304034.png
25-11-11 17:03:47.550 : ----PSNR/SSIM for (/root/media/quoc-huy/bsrgan-dataset/BSD100/, x4)---- : 19.7162dB / 0.3514
25-11-11 17:03:47.550 : --65 --> BSRNet --> x4--> 304074.png
25-11-11 17:03:47.721 : ----PSNR/SSIM for (/root/media/quoc-huy/bsrgan-dataset/BSD100/, x4)---- : 21.6258dB / 0.3736
25-11-11 17:03:47.721 : --66 --> BSRNet --> x4--> 306005.png
25-11-11 17:03:47.889 : ----PSNR/SSIM for (/root/media/quoc-huy/bsrgan-dataset/BSD100/, x4)---- : 24.6371dB / 0.6503
25-11-11 17:03:47.889 : --67 --> BSRNet --> x4--> 3096.png
25-11-11 17:03:48.054 : ----PSNR/SSIM for (/root/media/quoc-huy/bsrgan-dataset/BSD100/, x4)---- : 28.1990dB / 0.9145
25-11-11 17:03:48.054 : --68 --> BSRNet --> x4--> 33039.png
25-11-11 17:03:48.221 : ----PSNR/SSIM for (/root/media/quoc-huy/bsrgan-dataset/BSD100/, x4)---- : 14.3054dB / 0.1292
25-11-11 17:03:48.222 : --69 --> BSRNet --> x4--> 351093.png
25-11-11 17:03:48.385 : ----PSNR/SSIM for (/root/media/quoc-huy/bsrgan-dataset/BSD100/, x4)---- : 18.1758dB / 0.4293
25-11-11 17:03:48.385 : --70 --> BSRNet --> x4--> 361010.png
25-11-11 17:03:48.554 : ----PSNR/SSIM for (/root/media/quoc-huy/bsrgan-dataset/BSD100/, x4)---- : 21.9506dB / 0.5660
25-11-11 17:03:48.554 : --71 --> BSRNet --> x4--> 37073.png
25-11-11 17:03:48.707 : ----PSNR/SSIM for (/root/media/quoc-huy/bsrgan-dataset/BSD100/, x4)---- : 23.7648dB / 0.6170
25-11-11 17:03:48.707 : --72 --> BSRNet --> x4--> 376043.png
25-11-11 17:03:48.865 : ----PSNR/SSIM for (/root/media/quoc-huy/bsrgan-dataset/BSD100/, x4)---- : 20.5545dB / 0.2959
25-11-11 17:03:48.865 : --73 --> BSRNet --> x4--> 38082.png
25-11-11 17:03:49.030 : ----PSNR/SSIM for (/root/media/quoc-huy/bsrgan-dataset/BSD100/, x4)---- : 24.2600dB / 0.4195
25-11-11 17:03:49.030 : --74 --> BSRNet --> x4--> 38092.png
25-11-11 17:03:49.193 : ----PSNR/SSIM for (/root/media/quoc-huy/bsrgan-dataset/BSD100/, x4)---- : 22.4819dB / 0.5390
25-11-11 17:03:49.193 : --75 --> BSRNet --> x4--> 385039.png
25-11-11 17:03:49.367 : ----PSNR/SSIM for (/root/media/quoc-huy/bsrgan-dataset/BSD100/, x4)---- : 19.2993dB / 0.4748
25-11-11 17:03:49.368 : --76 --> BSRNet --> x4--> 41033.png
25-11-11 17:03:49.537 : ----PSNR/SSIM for (/root/media/quoc-huy/bsrgan-dataset/BSD100/, x4)---- : 23.8406dB / 0.5690
25-11-11 17:03:49.537 : --77 --> BSRNet --> x4--> 41069.png
25-11-11 17:03:49.778 : ----PSNR/SSIM for (/root/media/quoc-huy/bsrgan-dataset/BSD100/, x4)---- : 19.8018dB / 0.2255
25-11-11 17:03:49.778 : --78 --> BSRNet --> x4--> 42012.png
25-11-11 17:03:49.957 : ----PSNR/SSIM for (/root/media/quoc-huy/bsrgan-dataset/BSD100/, x4)---- : 22.9974dB / 0.5562
25-11-11 17:03:49.957 : --79 --> BSRNet --> x4--> 42049.png
25-11-11 17:03:50.139 : ----PSNR/SSIM for (/root/media/quoc-huy/bsrgan-dataset/BSD100/, x4)---- : 20.7885dB / 0.7988
25-11-11 17:03:50.139 : --80 --> BSRNet --> x4--> 43074.png
25-11-11 17:03:50.314 : ----PSNR/SSIM for (/root/media/quoc-huy/bsrgan-dataset/BSD100/, x4)---- : 26.7487dB / 0.7015
25-11-11 17:03:50.314 : --81 --> BSRNet --> x4--> 45096.png
25-11-11 17:03:50.495 : ----PSNR/SSIM for (/root/media/quoc-huy/bsrgan-dataset/BSD100/, x4)---- : 29.9039dB / 0.8549
25-11-11 17:03:50.495 : --82 --> BSRNet --> x4--> 54082.png
25-11-11 17:03:50.615 : ----PSNR/SSIM for (/root/media/quoc-huy/bsrgan-dataset/BSD100/, x4)---- : 23.1424dB / 0.5295
25-11-11 17:03:50.615 : --83 --> BSRNet --> x4--> 55073.png
25-11-11 17:03:50.803 : ----PSNR/SSIM for (/root/media/quoc-huy/bsrgan-dataset/BSD100/, x4)---- : 18.7011dB / 0.2634
25-11-11 17:03:50.804 : --84 --> BSRNet --> x4--> 58060.png
25-11-11 17:03:50.949 : ----PSNR/SSIM for (/root/media/quoc-huy/bsrgan-dataset/BSD100/, x4)---- : 17.0270dB / 0.3453
25-11-11 17:03:50.949 : --85 --> BSRNet --> x4--> 62096.png
25-11-11 17:03:51.133 : ----PSNR/SSIM for (/root/media/quoc-huy/bsrgan-dataset/BSD100/, x4)---- : 20.0299dB / 0.5791
25-11-11 17:03:51.134 : --86 --> BSRNet --> x4--> 65033.png
25-11-11 17:03:51.288 : ----PSNR/SSIM for (/root/media/quoc-huy/bsrgan-dataset/BSD100/, x4)---- : 18.9762dB / 0.2629
25-11-11 17:03:51.289 : --87 --> BSRNet --> x4--> 66053.png
25-11-11 17:03:51.436 : ----PSNR/SSIM for (/root/media/quoc-huy/bsrgan-dataset/BSD100/, x4)---- : 22.8040dB / 0.4595
25-11-11 17:03:51.436 : --88 --> BSRNet --> x4--> 69015.png
25-11-11 17:03:51.626 : ----PSNR/SSIM for (/root/media/quoc-huy/bsrgan-dataset/BSD100/, x4)---- : 26.0092dB / 0.6070
25-11-11 17:03:51.626 : --89 --> BSRNet --> x4--> 69020.png
25-11-11 17:03:51.767 : ----PSNR/SSIM for (/root/media/quoc-huy/bsrgan-dataset/BSD100/, x4)---- : 23.2943dB / 0.3280
25-11-11 17:03:51.767 : --90 --> BSRNet --> x4--> 69040.png
25-11-11 17:03:51.958 : ----PSNR/SSIM for (/root/media/quoc-huy/bsrgan-dataset/BSD100/, x4)---- : 20.0887dB / 0.2714
25-11-11 17:03:51.959 : --91 --> BSRNet --> x4--> 76053.png
25-11-11 17:03:52.108 : ----PSNR/SSIM for (/root/media/quoc-huy/bsrgan-dataset/BSD100/, x4)---- : 22.7042dB / 0.4340
25-11-11 17:03:52.109 : --92 --> BSRNet --> x4--> 78004.png
25-11-11 17:03:52.256 : ----PSNR/SSIM for (/root/media/quoc-huy/bsrgan-dataset/BSD100/, x4)---- : 22.9468dB / 0.5903
25-11-11 17:03:52.256 : --93 --> BSRNet --> x4--> 8023.png
25-11-11 17:03:52.448 : ----PSNR/SSIM for (/root/media/quoc-huy/bsrgan-dataset/BSD100/, x4)---- : 24.2007dB / 0.6241
25-11-11 17:03:52.448 : --94 --> BSRNet --> x4--> 85048.png
25-11-11 17:03:52.604 : ----PSNR/SSIM for (/root/media/quoc-huy/bsrgan-dataset/BSD100/, x4)---- : 20.6373dB / 0.4342
25-11-11 17:03:52.604 : --95 --> BSRNet --> x4--> 86000.png
25-11-11 17:03:52.764 : ----PSNR/SSIM for (/root/media/quoc-huy/bsrgan-dataset/BSD100/, x4)---- : 19.6922dB / 0.5006
25-11-11 17:03:52.764 : --96 --> BSRNet --> x4--> 86016.png
25-11-11 17:03:52.917 : ----PSNR/SSIM for (/root/media/quoc-huy/bsrgan-dataset/BSD100/, x4)---- : 19.6628dB / 0.1412
25-11-11 17:03:52.917 : --97 --> BSRNet --> x4--> 86068.png
25-11-11 17:03:53.068 : ----PSNR/SSIM for (/root/media/quoc-huy/bsrgan-dataset/BSD100/, x4)---- : 23.1313dB / 0.3455
25-11-11 17:03:53.068 : --98 --> BSRNet --> x4--> 87046.png
25-11-11 17:03:53.217 : ----PSNR/SSIM for (/root/media/quoc-huy/bsrgan-dataset/BSD100/, x4)---- : 19.3379dB / 0.4186
25-11-11 17:03:53.217 : --99 --> BSRNet --> x4--> 89072.png
25-11-11 17:03:53.402 : ----PSNR/SSIM for (/root/media/quoc-huy/bsrgan-dataset/BSD100/, x4)---- : 21.3465dB / 0.4886
25-11-11 17:03:53.402 : -100 --> BSRNet --> x4--> 97033.png
25-11-11 17:03:53.595 : ----PSNR/SSIM for (/root/media/quoc-huy/bsrgan-dataset/BSD100/, x4)---- : 18.9656dB / 0.4224
25-11-11 17:03:53.596 : ----Average PSNR/SSIM for (/root/media/quoc-huy/bsrgan-dataset/BSD100/, x4)---- : 21.6563dB / 0.4965
25-11-11 17:03:53.596 :  
25-11-11 17:04:47.909 :       Model Name : BSRNet
25-11-11 17:05:04.813 :       Input Path : /root/media/quoc-huy/bsrgan-dataset/Urban100/
25-11-11 17:05:04.814 :      Output Path : /root/quoc-huy/BSRGAN/testsets/experimental-results/Urban100
25-11-11 17:05:04.817 : ---1 --> BSRNet --> x4--> img_001.png
25-11-11 17:05:06.204 : ----PSNR/SSIM for (/root/media/quoc-huy/bsrgan-dataset/Urban100/, x4)---- : 19.8439dB / 0.4576
25-11-11 17:05:06.204 : ---2 --> BSRNet --> x4--> img_002.png
25-11-11 17:05:07.500 : ----PSNR/SSIM for (/root/media/quoc-huy/bsrgan-dataset/Urban100/, x4)---- : 17.9959dB / 0.4208
25-11-11 17:05:07.500 : ---3 --> BSRNet --> x4--> img_003.png
25-11-11 17:05:08.254 : ----PSNR/SSIM for (/root/media/quoc-huy/bsrgan-dataset/Urban100/, x4)---- : 20.6430dB / 0.4997
25-11-11 17:05:08.254 : ---4 --> BSRNet --> x4--> img_004.png
25-11-11 17:05:08.992 : ----PSNR/SSIM for (/root/media/quoc-huy/bsrgan-dataset/Urban100/, x4)---- : 14.9046dB / 0.2566
25-11-11 17:05:08.992 : ---5 --> BSRNet --> x4--> img_005.png
25-11-11 17:05:09.857 : ----PSNR/SSIM for (/root/media/quoc-huy/bsrgan-dataset/Urban100/, x4)---- : 17.0377dB / 0.6574
25-11-11 17:05:09.857 : ---6 --> BSRNet --> x4--> img_006.png
25-11-11 17:05:11.817 : ----PSNR/SSIM for (/root/media/quoc-huy/bsrgan-dataset/Urban100/, x4)---- : 16.7833dB / 0.2504
25-11-11 17:05:11.817 : ---7 --> BSRNet --> x4--> img_007.png
25-11-11 17:05:12.706 : ----PSNR/SSIM for (/root/media/quoc-huy/bsrgan-dataset/Urban100/, x4)---- : 22.3760dB / 0.6247
25-11-11 17:05:12.706 : ---8 --> BSRNet --> x4--> img_008.png
25-11-11 17:05:13.330 : ----PSNR/SSIM for (/root/media/quoc-huy/bsrgan-dataset/Urban100/, x4)---- : 15.3411dB / 0.2023
25-11-11 17:05:13.331 : ---9 --> BSRNet --> x4--> img_009.png
25-11-11 17:05:14.266 : ----PSNR/SSIM for (/root/media/quoc-huy/bsrgan-dataset/Urban100/, x4)---- : 27.0294dB / 0.7810
25-11-11 17:05:14.267 : --10 --> BSRNet --> x4--> img_010.png
25-11-11 17:05:15.156 : ----PSNR/SSIM for (/root/media/quoc-huy/bsrgan-dataset/Urban100/, x4)---- : 19.8763dB / 0.6859
25-11-11 17:05:15.157 : --11 --> BSRNet --> x4--> img_011.png
25-11-11 17:05:15.938 : ----PSNR/SSIM for (/root/media/quoc-huy/bsrgan-dataset/Urban100/, x4)---- : 12.2866dB / 0.3976
25-11-11 17:05:15.938 : --12 --> BSRNet --> x4--> img_012.png
25-11-11 17:05:16.844 : ----PSNR/SSIM for (/root/media/quoc-huy/bsrgan-dataset/Urban100/, x4)---- : 17.9681dB / 0.3961
25-11-11 17:05:16.844 : --13 --> BSRNet --> x4--> img_013.png
25-11-11 17:05:17.717 : ----PSNR/SSIM for (/root/media/quoc-huy/bsrgan-dataset/Urban100/, x4)---- : 20.1501dB / 0.4957
25-11-11 17:05:17.717 : --14 --> BSRNet --> x4--> img_014.png
25-11-11 17:05:18.776 : ----PSNR/SSIM for (/root/media/quoc-huy/bsrgan-dataset/Urban100/, x4)---- : 17.9718dB / 0.4325
25-11-11 17:05:18.777 : --15 --> BSRNet --> x4--> img_015.png
25-11-11 17:05:19.608 : ----PSNR/SSIM for (/root/media/quoc-huy/bsrgan-dataset/Urban100/, x4)---- : 19.6115dB / 0.4662
25-11-11 17:05:19.608 : --16 --> BSRNet --> x4--> img_016.png
25-11-11 17:05:20.609 : ----PSNR/SSIM for (/root/media/quoc-huy/bsrgan-dataset/Urban100/, x4)---- : 22.6128dB / 0.6485
25-11-11 17:05:20.609 : --17 --> BSRNet --> x4--> img_017.png
25-11-11 17:05:21.344 : ----PSNR/SSIM for (/root/media/quoc-huy/bsrgan-dataset/Urban100/, x4)---- : 18.5450dB / 0.5187
25-11-11 17:05:21.344 : --18 --> BSRNet --> x4--> img_018.png
25-11-11 17:05:22.180 : ----PSNR/SSIM for (/root/media/quoc-huy/bsrgan-dataset/Urban100/, x4)---- : 18.1343dB / 0.2980
25-11-11 17:05:22.180 : --19 --> BSRNet --> x4--> img_019.png
25-11-11 17:05:23.205 : ----PSNR/SSIM for (/root/media/quoc-huy/bsrgan-dataset/Urban100/, x4)---- : 16.0900dB / 0.5317
25-11-11 17:05:23.205 : --20 --> BSRNet --> x4--> img_020.png
25-11-11 17:05:25.040 : ----PSNR/SSIM for (/root/media/quoc-huy/bsrgan-dataset/Urban100/, x4)---- : 17.8649dB / 0.4686
25-11-11 17:05:25.041 : --21 --> BSRNet --> x4--> img_021.png
25-11-11 17:05:26.282 : ----PSNR/SSIM for (/root/media/quoc-huy/bsrgan-dataset/Urban100/, x4)---- : 24.4747dB / 0.6153
25-11-11 17:05:26.282 : --22 --> BSRNet --> x4--> img_022.png
25-11-11 17:05:27.016 : ----PSNR/SSIM for (/root/media/quoc-huy/bsrgan-dataset/Urban100/, x4)---- : 20.9956dB / 0.5548
25-11-11 17:05:27.017 : --23 --> BSRNet --> x4--> img_023.png
25-11-11 17:05:28.108 : ----PSNR/SSIM for (/root/media/quoc-huy/bsrgan-dataset/Urban100/, x4)---- : 18.7402dB / 0.4024
25-11-11 17:05:28.108 : --24 --> BSRNet --> x4--> img_024.png
25-11-11 17:05:28.848 : ----PSNR/SSIM for (/root/media/quoc-huy/bsrgan-dataset/Urban100/, x4)---- : 15.5332dB / 0.3236
25-11-11 17:05:28.848 : --25 --> BSRNet --> x4--> img_025.png
25-11-11 17:05:29.610 : ----PSNR/SSIM for (/root/media/quoc-huy/bsrgan-dataset/Urban100/, x4)---- : 21.9682dB / 0.6520
25-11-11 17:05:29.611 : --26 --> BSRNet --> x4--> img_026.png
25-11-11 17:05:30.379 : ----PSNR/SSIM for (/root/media/quoc-huy/bsrgan-dataset/Urban100/, x4)---- : 21.5437dB / 0.4919
25-11-11 17:05:30.379 : --27 --> BSRNet --> x4--> img_027.png
25-11-11 17:05:31.205 : ----PSNR/SSIM for (/root/media/quoc-huy/bsrgan-dataset/Urban100/, x4)---- : 24.2288dB / 0.6374
25-11-11 17:05:31.205 : --28 --> BSRNet --> x4--> img_028.png
25-11-11 17:05:31.931 : ----PSNR/SSIM for (/root/media/quoc-huy/bsrgan-dataset/Urban100/, x4)---- : 21.6649dB / 0.6377
25-11-11 17:05:31.932 : --29 --> BSRNet --> x4--> img_029.png
25-11-11 17:05:32.670 : ----PSNR/SSIM for (/root/media/quoc-huy/bsrgan-dataset/Urban100/, x4)---- : 20.5896dB / 0.6356
25-11-11 17:05:32.670 : --30 --> BSRNet --> x4--> img_030.png
25-11-11 17:05:33.389 : ----PSNR/SSIM for (/root/media/quoc-huy/bsrgan-dataset/Urban100/, x4)---- : 17.9591dB / 0.4331
25-11-11 17:05:33.389 : --31 --> BSRNet --> x4--> img_031.png
25-11-11 17:05:34.240 : ----PSNR/SSIM for (/root/media/quoc-huy/bsrgan-dataset/Urban100/, x4)---- : 19.9130dB / 0.5507
25-11-11 17:05:34.240 : --32 --> BSRNet --> x4--> img_032.png
25-11-11 17:05:34.947 : ----PSNR/SSIM for (/root/media/quoc-huy/bsrgan-dataset/Urban100/, x4)---- : 23.6020dB / 0.6753
25-11-11 17:05:34.947 : --33 --> BSRNet --> x4--> img_033.png
25-11-11 17:05:35.661 : ----PSNR/SSIM for (/root/media/quoc-huy/bsrgan-dataset/Urban100/, x4)---- : 21.4278dB / 0.5689
25-11-11 17:05:35.662 : --34 --> BSRNet --> x4--> img_034.png
25-11-11 17:05:36.400 : ----PSNR/SSIM for (/root/media/quoc-huy/bsrgan-dataset/Urban100/, x4)---- : 16.6940dB / 0.2731
25-11-11 17:05:36.400 : --35 --> BSRNet --> x4--> img_035.png
25-11-11 17:05:37.109 : ----PSNR/SSIM for (/root/media/quoc-huy/bsrgan-dataset/Urban100/, x4)---- : 20.5103dB / 0.6427
25-11-11 17:05:37.109 : --36 --> BSRNet --> x4--> img_036.png
25-11-11 17:05:37.964 : ----PSNR/SSIM for (/root/media/quoc-huy/bsrgan-dataset/Urban100/, x4)---- : 22.9575dB / 0.7098
25-11-11 17:05:37.965 : --37 --> BSRNet --> x4--> img_037.png
25-11-11 17:05:38.777 : ----PSNR/SSIM for (/root/media/quoc-huy/bsrgan-dataset/Urban100/, x4)---- : 17.7715dB / 0.4121
25-11-11 17:05:38.777 : --38 --> BSRNet --> x4--> img_038.png
25-11-11 17:05:39.577 : ----PSNR/SSIM for (/root/media/quoc-huy/bsrgan-dataset/Urban100/, x4)---- : 21.1813dB / 0.3516
25-11-11 17:05:39.577 : --39 --> BSRNet --> x4--> img_039.png
25-11-11 17:05:40.403 : ----PSNR/SSIM for (/root/media/quoc-huy/bsrgan-dataset/Urban100/, x4)---- : 15.8698dB / 0.3878
25-11-11 17:05:40.403 : --40 --> BSRNet --> x4--> img_040.png
25-11-11 17:05:41.123 : ----PSNR/SSIM for (/root/media/quoc-huy/bsrgan-dataset/Urban100/, x4)---- : 12.1131dB / 0.4137
25-11-11 17:05:41.123 : --41 --> BSRNet --> x4--> img_041.png
25-11-11 17:05:41.965 : ----PSNR/SSIM for (/root/media/quoc-huy/bsrgan-dataset/Urban100/, x4)---- : 14.6256dB / 0.3708
25-11-11 17:05:41.966 : --42 --> BSRNet --> x4--> img_042.png
25-11-11 17:05:42.832 : ----PSNR/SSIM for (/root/media/quoc-huy/bsrgan-dataset/Urban100/, x4)---- : 18.0027dB / 0.5212
25-11-11 17:05:42.833 : --43 --> BSRNet --> x4--> img_043.png
25-11-11 17:05:43.576 : ----PSNR/SSIM for (/root/media/quoc-huy/bsrgan-dataset/Urban100/, x4)---- : 17.5584dB / 0.6373
25-11-11 17:05:43.576 : --44 --> BSRNet --> x4--> img_044.png
25-11-11 17:05:44.303 : ----PSNR/SSIM for (/root/media/quoc-huy/bsrgan-dataset/Urban100/, x4)---- : 20.3555dB / 0.4120
25-11-11 17:05:44.303 : --45 --> BSRNet --> x4--> img_045.png
25-11-11 17:05:45.137 : ----PSNR/SSIM for (/root/media/quoc-huy/bsrgan-dataset/Urban100/, x4)---- : 18.9481dB / 0.4402
25-11-11 17:05:45.137 : --46 --> BSRNet --> x4--> img_046.png
25-11-11 17:05:45.944 : ----PSNR/SSIM for (/root/media/quoc-huy/bsrgan-dataset/Urban100/, x4)---- : 19.8266dB / 0.5646
25-11-11 17:05:45.944 : --47 --> BSRNet --> x4--> img_047.png
25-11-11 17:05:46.540 : ----PSNR/SSIM for (/root/media/quoc-huy/bsrgan-dataset/Urban100/, x4)---- : 16.7513dB / 0.4765
25-11-11 17:05:46.540 : --48 --> BSRNet --> x4--> img_048.png
25-11-11 17:05:47.289 : ----PSNR/SSIM for (/root/media/quoc-huy/bsrgan-dataset/Urban100/, x4)---- : 15.5957dB / 0.5887
25-11-11 17:05:47.290 : --49 --> BSRNet --> x4--> img_049.png
25-11-11 17:05:47.966 : ----PSNR/SSIM for (/root/media/quoc-huy/bsrgan-dataset/Urban100/, x4)---- : 13.6809dB / 0.2455
25-11-11 17:05:47.966 : --50 --> BSRNet --> x4--> img_050.png
25-11-11 17:05:48.723 : ----PSNR/SSIM for (/root/media/quoc-huy/bsrgan-dataset/Urban100/, x4)---- : 19.0269dB / 0.4845
25-11-11 17:05:48.723 : --51 --> BSRNet --> x4--> img_051.png
25-11-11 17:05:49.506 : ----PSNR/SSIM for (/root/media/quoc-huy/bsrgan-dataset/Urban100/, x4)---- : 20.1963dB / 0.5501
25-11-11 17:05:49.506 : --52 --> BSRNet --> x4--> img_052.png
25-11-11 17:05:50.230 : ----PSNR/SSIM for (/root/media/quoc-huy/bsrgan-dataset/Urban100/, x4)---- : 16.1850dB / 0.4925
25-11-11 17:05:50.230 : --53 --> BSRNet --> x4--> img_053.png
25-11-11 17:05:50.926 : ----PSNR/SSIM for (/root/media/quoc-huy/bsrgan-dataset/Urban100/, x4)---- : 16.4293dB / 0.3883
25-11-11 17:05:50.926 : --54 --> BSRNet --> x4--> img_054.png
25-11-11 17:05:51.653 : ----PSNR/SSIM for (/root/media/quoc-huy/bsrgan-dataset/Urban100/, x4)---- : 14.8174dB / 0.3011
25-11-11 17:05:51.653 : --55 --> BSRNet --> x4--> img_055.png
25-11-11 17:05:52.448 : ----PSNR/SSIM for (/root/media/quoc-huy/bsrgan-dataset/Urban100/, x4)---- : 26.2212dB / 0.8172
25-11-11 17:05:52.448 : --56 --> BSRNet --> x4--> img_056.png
25-11-11 17:05:53.291 : ----PSNR/SSIM for (/root/media/quoc-huy/bsrgan-dataset/Urban100/, x4)---- : 17.8631dB / 0.4057
25-11-11 17:05:53.291 : --57 --> BSRNet --> x4--> img_057.png
25-11-11 17:05:54.094 : ----PSNR/SSIM for (/root/media/quoc-huy/bsrgan-dataset/Urban100/, x4)---- : 23.4144dB / 0.6887
25-11-11 17:05:54.094 : --58 --> BSRNet --> x4--> img_058.png
25-11-11 17:05:54.821 : ----PSNR/SSIM for (/root/media/quoc-huy/bsrgan-dataset/Urban100/, x4)---- : 20.5762dB / 0.6735
25-11-11 17:05:54.822 : --59 --> BSRNet --> x4--> img_059.png
25-11-11 17:05:55.567 : ----PSNR/SSIM for (/root/media/quoc-huy/bsrgan-dataset/Urban100/, x4)---- : 17.9884dB / 0.5648
25-11-11 17:05:55.568 : --60 --> BSRNet --> x4--> img_060.png
25-11-11 17:05:56.277 : ----PSNR/SSIM for (/root/media/quoc-huy/bsrgan-dataset/Urban100/, x4)---- : 16.6713dB / 0.2246
25-11-11 17:05:56.277 : --61 --> BSRNet --> x4--> img_061.png
25-11-11 17:05:57.089 : ----PSNR/SSIM for (/root/media/quoc-huy/bsrgan-dataset/Urban100/, x4)---- : 17.3081dB / 0.3585
25-11-11 17:05:57.089 : --62 --> BSRNet --> x4--> img_062.png
25-11-11 17:05:57.971 : ----PSNR/SSIM for (/root/media/quoc-huy/bsrgan-dataset/Urban100/, x4)---- : 16.4162dB / 0.4457
25-11-11 17:05:57.972 : --63 --> BSRNet --> x4--> img_063.png
25-11-11 17:05:58.947 : ----PSNR/SSIM for (/root/media/quoc-huy/bsrgan-dataset/Urban100/, x4)---- : 18.5780dB / 0.4637
25-11-11 17:05:58.947 : --64 --> BSRNet --> x4--> img_064.png
25-11-11 17:05:59.746 : ----PSNR/SSIM for (/root/media/quoc-huy/bsrgan-dataset/Urban100/, x4)---- : 19.3060dB / 0.4371
25-11-11 17:05:59.746 : --65 --> BSRNet --> x4--> img_065.png
25-11-11 17:06:00.505 : ----PSNR/SSIM for (/root/media/quoc-huy/bsrgan-dataset/Urban100/, x4)---- : 18.7930dB / 0.3058
25-11-11 17:06:00.505 : --66 --> BSRNet --> x4--> img_066.png
25-11-11 17:06:01.585 : ----PSNR/SSIM for (/root/media/quoc-huy/bsrgan-dataset/Urban100/, x4)---- : 17.6156dB / 0.3450
25-11-11 17:06:01.586 : --67 --> BSRNet --> x4--> img_067.png
25-11-11 17:06:02.293 : ----PSNR/SSIM for (/root/media/quoc-huy/bsrgan-dataset/Urban100/, x4)---- : 14.1875dB / 0.6433
25-11-11 17:06:02.294 : --68 --> BSRNet --> x4--> img_068.png
25-11-11 17:06:03.381 : ----PSNR/SSIM for (/root/media/quoc-huy/bsrgan-dataset/Urban100/, x4)---- : 22.7102dB / 0.5981
25-11-11 17:06:03.381 : --69 --> BSRNet --> x4--> img_069.png
25-11-11 17:06:04.475 : ----PSNR/SSIM for (/root/media/quoc-huy/bsrgan-dataset/Urban100/, x4)---- : 18.3986dB / 0.4156
25-11-11 17:06:04.476 : --70 --> BSRNet --> x4--> img_070.png
25-11-11 17:06:05.443 : ----PSNR/SSIM for (/root/media/quoc-huy/bsrgan-dataset/Urban100/, x4)---- : 17.8707dB / 0.3788
25-11-11 17:06:05.443 : --71 --> BSRNet --> x4--> img_071.png
25-11-11 17:06:06.362 : ----PSNR/SSIM for (/root/media/quoc-huy/bsrgan-dataset/Urban100/, x4)---- : 22.0677dB / 0.3801
25-11-11 17:06:06.362 : --72 --> BSRNet --> x4--> img_072.png
25-11-11 17:06:07.120 : ----PSNR/SSIM for (/root/media/quoc-huy/bsrgan-dataset/Urban100/, x4)---- : 12.6958dB / 0.3888
25-11-11 17:06:07.121 : --73 --> BSRNet --> x4--> img_073.png
25-11-11 17:06:07.953 : ----PSNR/SSIM for (/root/media/quoc-huy/bsrgan-dataset/Urban100/, x4)---- : 15.7982dB / 0.1568
25-11-11 17:06:07.953 : --74 --> BSRNet --> x4--> img_074.png
25-11-11 17:06:08.688 : ----PSNR/SSIM for (/root/media/quoc-huy/bsrgan-dataset/Urban100/, x4)---- : 19.0478dB / 0.4339
25-11-11 17:06:08.688 : --75 --> BSRNet --> x4--> img_075.png
25-11-11 17:06:09.579 : ----PSNR/SSIM for (/root/media/quoc-huy/bsrgan-dataset/Urban100/, x4)---- : 23.8497dB / 0.7307
25-11-11 17:06:09.580 : --76 --> BSRNet --> x4--> img_076.png
25-11-11 17:06:10.408 : ----PSNR/SSIM for (/root/media/quoc-huy/bsrgan-dataset/Urban100/, x4)---- : 17.7289dB / 0.4270
25-11-11 17:06:10.408 : --77 --> BSRNet --> x4--> img_077.png
25-11-11 17:06:11.043 : ----PSNR/SSIM for (/root/media/quoc-huy/bsrgan-dataset/Urban100/, x4)---- : 18.4639dB / 0.4215
25-11-11 17:06:11.043 : --78 --> BSRNet --> x4--> img_078.png
25-11-11 17:06:11.775 : ----PSNR/SSIM for (/root/media/quoc-huy/bsrgan-dataset/Urban100/, x4)---- : 21.4824dB / 0.4817
25-11-11 17:06:11.775 : --79 --> BSRNet --> x4--> img_079.png
25-11-11 17:06:12.582 : ----PSNR/SSIM for (/root/media/quoc-huy/bsrgan-dataset/Urban100/, x4)---- : 20.4924dB / 0.4263
25-11-11 17:06:12.582 : --80 --> BSRNet --> x4--> img_080.png
25-11-11 17:06:13.475 : ----PSNR/SSIM for (/root/media/quoc-huy/bsrgan-dataset/Urban100/, x4)---- : 27.9528dB / 0.8501
25-11-11 17:06:13.475 : --81 --> BSRNet --> x4--> img_081.png
25-11-11 17:06:14.763 : ----PSNR/SSIM for (/root/media/quoc-huy/bsrgan-dataset/Urban100/, x4)---- : 26.8717dB / 0.8158
25-11-11 17:06:14.764 : --82 --> BSRNet --> x4--> img_082.png
25-11-11 17:06:15.867 : ----PSNR/SSIM for (/root/media/quoc-huy/bsrgan-dataset/Urban100/, x4)---- : 21.1831dB / 0.7245
25-11-11 17:06:15.867 : --83 --> BSRNet --> x4--> img_083.png
25-11-11 17:06:17.108 : ----PSNR/SSIM for (/root/media/quoc-huy/bsrgan-dataset/Urban100/, x4)---- : 18.0706dB / 0.4273
25-11-11 17:06:17.109 : --84 --> BSRNet --> x4--> img_084.png
25-11-11 17:06:18.173 : ----PSNR/SSIM for (/root/media/quoc-huy/bsrgan-dataset/Urban100/, x4)---- : 22.0774dB / 0.5036
25-11-11 17:06:18.174 : --85 --> BSRNet --> x4--> img_085.png
25-11-11 17:06:18.946 : ----PSNR/SSIM for (/root/media/quoc-huy/bsrgan-dataset/Urban100/, x4)---- : 20.9525dB / 0.7049
25-11-11 17:06:18.946 : --86 --> BSRNet --> x4--> img_086.png
25-11-11 17:06:19.707 : ----PSNR/SSIM for (/root/media/quoc-huy/bsrgan-dataset/Urban100/, x4)---- : 21.8883dB / 0.7044
25-11-11 17:06:19.707 : --87 --> BSRNet --> x4--> img_087.png
25-11-11 17:06:20.805 : ----PSNR/SSIM for (/root/media/quoc-huy/bsrgan-dataset/Urban100/, x4)---- : 18.2656dB / 0.6203
25-11-11 17:06:20.805 : --88 --> BSRNet --> x4--> img_088.png
25-11-11 17:06:21.733 : ----PSNR/SSIM for (/root/media/quoc-huy/bsrgan-dataset/Urban100/, x4)---- : 14.6401dB / 0.1803
25-11-11 17:06:21.733 : --89 --> BSRNet --> x4--> img_089.png
25-11-11 17:06:22.570 : ----PSNR/SSIM for (/root/media/quoc-huy/bsrgan-dataset/Urban100/, x4)---- : 20.6820dB / 0.4130
25-11-11 17:06:22.570 : --90 --> BSRNet --> x4--> img_090.png
25-11-11 17:06:23.243 : ----PSNR/SSIM for (/root/media/quoc-huy/bsrgan-dataset/Urban100/, x4)---- : 24.1024dB / 0.7432
25-11-11 17:06:23.243 : --91 --> BSRNet --> x4--> img_091.png
25-11-11 17:06:23.980 : ----PSNR/SSIM for (/root/media/quoc-huy/bsrgan-dataset/Urban100/, x4)---- : 17.0182dB / 0.2595
25-11-11 17:06:23.980 : --92 --> BSRNet --> x4--> img_092.png
25-11-11 17:06:24.723 : ----PSNR/SSIM for (/root/media/quoc-huy/bsrgan-dataset/Urban100/, x4)---- : 13.7293dB / 0.3019
25-11-11 17:06:24.724 : --93 --> BSRNet --> x4--> img_093.png
25-11-11 17:06:25.504 : ----PSNR/SSIM for (/root/media/quoc-huy/bsrgan-dataset/Urban100/, x4)---- : 15.2710dB / 0.4419
25-11-11 17:06:25.504 : --94 --> BSRNet --> x4--> img_094.png
25-11-11 17:06:26.314 : ----PSNR/SSIM for (/root/media/quoc-huy/bsrgan-dataset/Urban100/, x4)---- : 21.9179dB / 0.5572
25-11-11 17:06:26.314 : --95 --> BSRNet --> x4--> img_095.png
25-11-11 17:06:27.142 : ----PSNR/SSIM for (/root/media/quoc-huy/bsrgan-dataset/Urban100/, x4)---- : 15.9993dB / 0.1208
25-11-11 17:06:27.142 : --96 --> BSRNet --> x4--> img_096.png
25-11-11 17:06:27.904 : ----PSNR/SSIM for (/root/media/quoc-huy/bsrgan-dataset/Urban100/, x4)---- : 17.1562dB / 0.4936
25-11-11 17:06:27.904 : --97 --> BSRNet --> x4--> img_097.png
25-11-11 17:06:28.650 : ----PSNR/SSIM for (/root/media/quoc-huy/bsrgan-dataset/Urban100/, x4)---- : 19.4643dB / 0.4768
25-11-11 17:06:28.651 : --98 --> BSRNet --> x4--> img_098.png
25-11-11 17:06:29.254 : ----PSNR/SSIM for (/root/media/quoc-huy/bsrgan-dataset/Urban100/, x4)---- : 17.6727dB / 0.2865
25-11-11 17:06:29.254 : --99 --> BSRNet --> x4--> img_099.png
25-11-11 17:06:30.079 : ----PSNR/SSIM for (/root/media/quoc-huy/bsrgan-dataset/Urban100/, x4)---- : 21.3329dB / 0.5211
25-11-11 17:06:30.079 : -100 --> BSRNet --> x4--> img_100.png
25-11-11 17:06:31.155 : ----PSNR/SSIM for (/root/media/quoc-huy/bsrgan-dataset/Urban100/, x4)---- : 19.2010dB / 0.4612
25-11-11 17:06:31.155 : ----Average PSNR/SSIM for (/root/media/quoc-huy/bsrgan-dataset/Urban100/, x4)---- : 19.0580dB / 0.4855
25-11-11 17:06:31.155 :  
25-11-11 17:07:09.904 :       Model Name : BSRGAN
25-11-11 17:07:26.089 :       Input Path : /root/media/quoc-huy/bsrgan-dataset/Urban100/
25-11-11 17:07:26.089 :      Output Path : /root/quoc-huy/BSRGAN/testsets/experimental-results/Urban100
25-11-11 17:07:26.090 : ---1 --> BSRGAN --> x4--> img_001.png
25-11-11 17:07:27.482 : ----PSNR/SSIM for (/root/media/quoc-huy/bsrgan-dataset/Urban100/, x4)---- : 19.0797dB / 0.4140
25-11-11 17:07:27.482 : ---2 --> BSRGAN --> x4--> img_002.png
25-11-11 17:07:28.333 : ----PSNR/SSIM for (/root/media/quoc-huy/bsrgan-dataset/Urban100/, x4)---- : 17.8875dB / 0.3900
25-11-11 17:07:28.333 : ---3 --> BSRGAN --> x4--> img_003.png
25-11-11 17:07:29.088 : ----PSNR/SSIM for (/root/media/quoc-huy/bsrgan-dataset/Urban100/, x4)---- : 19.9408dB / 0.4534
25-11-11 17:07:29.088 : ---4 --> BSRGAN --> x4--> img_004.png
25-11-11 17:07:29.819 : ----PSNR/SSIM for (/root/media/quoc-huy/bsrgan-dataset/Urban100/, x4)---- : 14.6716dB / 0.2380
25-11-11 17:07:29.820 : ---5 --> BSRGAN --> x4--> img_005.png
25-11-11 17:07:30.662 : ----PSNR/SSIM for (/root/media/quoc-huy/bsrgan-dataset/Urban100/, x4)---- : 16.5925dB / 0.6102
25-11-11 17:07:30.662 : ---6 --> BSRGAN --> x4--> img_006.png
25-11-11 17:07:32.035 : ----PSNR/SSIM for (/root/media/quoc-huy/bsrgan-dataset/Urban100/, x4)---- : 16.3996dB / 0.2080
25-11-11 17:07:32.036 : ---7 --> BSRGAN --> x4--> img_007.png
25-11-11 17:07:32.914 : ----PSNR/SSIM for (/root/media/quoc-huy/bsrgan-dataset/Urban100/, x4)---- : 21.0735dB / 0.5398
25-11-11 17:07:32.914 : ---8 --> BSRGAN --> x4--> img_008.png
25-11-11 17:07:33.723 : ----PSNR/SSIM for (/root/media/quoc-huy/bsrgan-dataset/Urban100/, x4)---- : 15.0948dB / 0.1735
25-11-11 17:07:33.723 : ---9 --> BSRGAN --> x4--> img_009.png
25-11-11 17:07:34.712 : ----PSNR/SSIM for (/root/media/quoc-huy/bsrgan-dataset/Urban100/, x4)---- : 26.7206dB / 0.7664
25-11-11 17:07:34.714 : --10 --> BSRGAN --> x4--> img_010.png
25-11-11 17:07:35.580 : ----PSNR/SSIM for (/root/media/quoc-huy/bsrgan-dataset/Urban100/, x4)---- : 19.3693dB / 0.6549
25-11-11 17:07:35.581 : --11 --> BSRGAN --> x4--> img_011.png
25-11-11 17:07:36.288 : ----PSNR/SSIM for (/root/media/quoc-huy/bsrgan-dataset/Urban100/, x4)---- : 11.7862dB / 0.3373
25-11-11 17:07:36.288 : --12 --> BSRGAN --> x4--> img_012.png
25-11-11 17:07:37.161 : ----PSNR/SSIM for (/root/media/quoc-huy/bsrgan-dataset/Urban100/, x4)---- : 17.5332dB / 0.3624
25-11-11 17:07:37.161 : --13 --> BSRGAN --> x4--> img_013.png
25-11-11 17:07:37.991 : ----PSNR/SSIM for (/root/media/quoc-huy/bsrgan-dataset/Urban100/, x4)---- : 19.2040dB / 0.4440
25-11-11 17:07:37.991 : --14 --> BSRGAN --> x4--> img_014.png
25-11-11 17:07:39.237 : ----PSNR/SSIM for (/root/media/quoc-huy/bsrgan-dataset/Urban100/, x4)---- : 17.4937dB / 0.3937
25-11-11 17:07:39.238 : --15 --> BSRGAN --> x4--> img_015.png
25-11-11 17:07:40.199 : ----PSNR/SSIM for (/root/media/quoc-huy/bsrgan-dataset/Urban100/, x4)---- : 18.5893dB / 0.4154
25-11-11 17:07:40.199 : --16 --> BSRGAN --> x4--> img_016.png
25-11-11 17:07:41.311 : ----PSNR/SSIM for (/root/media/quoc-huy/bsrgan-dataset/Urban100/, x4)---- : 22.3503dB / 0.7031
25-11-11 17:07:41.311 : --17 --> BSRGAN --> x4--> img_017.png
25-11-11 17:07:42.034 : ----PSNR/SSIM for (/root/media/quoc-huy/bsrgan-dataset/Urban100/, x4)---- : 17.7383dB / 0.4579
25-11-11 17:07:42.034 : --18 --> BSRGAN --> x4--> img_018.png
25-11-11 17:07:42.900 : ----PSNR/SSIM for (/root/media/quoc-huy/bsrgan-dataset/Urban100/, x4)---- : 17.6773dB / 0.2551
25-11-11 17:07:42.900 : --19 --> BSRGAN --> x4--> img_019.png
25-11-11 17:07:43.778 : ----PSNR/SSIM for (/root/media/quoc-huy/bsrgan-dataset/Urban100/, x4)---- : 15.6474dB / 0.5011
25-11-11 17:07:43.778 : --20 --> BSRGAN --> x4--> img_020.png
25-11-11 17:07:45.520 : ----PSNR/SSIM for (/root/media/quoc-huy/bsrgan-dataset/Urban100/, x4)---- : 16.9672dB / 0.4220
25-11-11 17:07:45.521 : --21 --> BSRGAN --> x4--> img_021.png
25-11-11 17:07:47.020 : ----PSNR/SSIM for (/root/media/quoc-huy/bsrgan-dataset/Urban100/, x4)---- : 23.1785dB / 0.5689
25-11-11 17:07:47.021 : --22 --> BSRGAN --> x4--> img_022.png
25-11-11 17:07:47.807 : ----PSNR/SSIM for (/root/media/quoc-huy/bsrgan-dataset/Urban100/, x4)---- : 20.2883dB / 0.5152
25-11-11 17:07:47.807 : --23 --> BSRGAN --> x4--> img_023.png
25-11-11 17:07:48.884 : ----PSNR/SSIM for (/root/media/quoc-huy/bsrgan-dataset/Urban100/, x4)---- : 18.4561dB / 0.3480
25-11-11 17:07:48.885 : --24 --> BSRGAN --> x4--> img_024.png
25-11-11 17:07:49.611 : ----PSNR/SSIM for (/root/media/quoc-huy/bsrgan-dataset/Urban100/, x4)---- : 15.0481dB / 0.2850
25-11-11 17:07:49.611 : --25 --> BSRGAN --> x4--> img_025.png
25-11-11 17:07:50.434 : ----PSNR/SSIM for (/root/media/quoc-huy/bsrgan-dataset/Urban100/, x4)---- : 20.5544dB / 0.6026
25-11-11 17:07:50.434 : --26 --> BSRGAN --> x4--> img_026.png
25-11-11 17:07:51.261 : ----PSNR/SSIM for (/root/media/quoc-huy/bsrgan-dataset/Urban100/, x4)---- : 21.3941dB / 0.4876
25-11-11 17:07:51.261 : --27 --> BSRGAN --> x4--> img_027.png
25-11-11 17:07:52.101 : ----PSNR/SSIM for (/root/media/quoc-huy/bsrgan-dataset/Urban100/, x4)---- : 23.5457dB / 0.6036
25-11-11 17:07:52.101 : --28 --> BSRGAN --> x4--> img_028.png
25-11-11 17:07:52.909 : ----PSNR/SSIM for (/root/media/quoc-huy/bsrgan-dataset/Urban100/, x4)---- : 21.1763dB / 0.5820
25-11-11 17:07:52.910 : --29 --> BSRGAN --> x4--> img_029.png
25-11-11 17:07:53.621 : ----PSNR/SSIM for (/root/media/quoc-huy/bsrgan-dataset/Urban100/, x4)---- : 19.9669dB / 0.5922
25-11-11 17:07:53.621 : --30 --> BSRGAN --> x4--> img_030.png
25-11-11 17:07:54.375 : ----PSNR/SSIM for (/root/media/quoc-huy/bsrgan-dataset/Urban100/, x4)---- : 17.1282dB / 0.3727
25-11-11 17:07:54.375 : --31 --> BSRGAN --> x4--> img_031.png
25-11-11 17:07:55.197 : ----PSNR/SSIM for (/root/media/quoc-huy/bsrgan-dataset/Urban100/, x4)---- : 19.3952dB / 0.5147
25-11-11 17:07:55.197 : --32 --> BSRGAN --> x4--> img_032.png
25-11-11 17:07:56.850 : ----PSNR/SSIM for (/root/media/quoc-huy/bsrgan-dataset/Urban100/, x4)---- : 23.1433dB / 0.6504
25-11-11 17:07:56.850 : --33 --> BSRGAN --> x4--> img_033.png
25-11-11 17:07:57.798 : ----PSNR/SSIM for (/root/media/quoc-huy/bsrgan-dataset/Urban100/, x4)---- : 20.8813dB / 0.5339
25-11-11 17:07:57.799 : --34 --> BSRGAN --> x4--> img_034.png
25-11-11 17:07:58.686 : ----PSNR/SSIM for (/root/media/quoc-huy/bsrgan-dataset/Urban100/, x4)---- : 16.1210dB / 0.2529
25-11-11 17:07:58.686 : --35 --> BSRGAN --> x4--> img_035.png
25-11-11 17:07:59.426 : ----PSNR/SSIM for (/root/media/quoc-huy/bsrgan-dataset/Urban100/, x4)---- : 19.7040dB / 0.6094
25-11-11 17:07:59.427 : --36 --> BSRGAN --> x4--> img_036.png
25-11-11 17:08:00.172 : ----PSNR/SSIM for (/root/media/quoc-huy/bsrgan-dataset/Urban100/, x4)---- : 22.1646dB / 0.6600
25-11-11 17:08:00.172 : --37 --> BSRGAN --> x4--> img_037.png
25-11-11 17:08:00.966 : ----PSNR/SSIM for (/root/media/quoc-huy/bsrgan-dataset/Urban100/, x4)---- : 17.1298dB / 0.3704
25-11-11 17:08:00.967 : --38 --> BSRGAN --> x4--> img_038.png
25-11-11 17:08:01.780 : ----PSNR/SSIM for (/root/media/quoc-huy/bsrgan-dataset/Urban100/, x4)---- : 21.2057dB / 0.3439
25-11-11 17:08:01.781 : --39 --> BSRGAN --> x4--> img_039.png
25-11-11 17:08:02.587 : ----PSNR/SSIM for (/root/media/quoc-huy/bsrgan-dataset/Urban100/, x4)---- : 15.5153dB / 0.3499
25-11-11 17:08:02.587 : --40 --> BSRGAN --> x4--> img_040.png
25-11-11 17:08:03.177 : ----PSNR/SSIM for (/root/media/quoc-huy/bsrgan-dataset/Urban100/, x4)---- : 10.7714dB / 0.2788
25-11-11 17:08:03.177 : --41 --> BSRGAN --> x4--> img_041.png
25-11-11 17:08:03.951 : ----PSNR/SSIM for (/root/media/quoc-huy/bsrgan-dataset/Urban100/, x4)---- : 13.9034dB / 0.2901
25-11-11 17:08:03.951 : --42 --> BSRGAN --> x4--> img_042.png
25-11-11 17:08:04.682 : ----PSNR/SSIM for (/root/media/quoc-huy/bsrgan-dataset/Urban100/, x4)---- : 17.4259dB / 0.4849
25-11-11 17:08:04.683 : --43 --> BSRGAN --> x4--> img_043.png
25-11-11 17:08:05.395 : ----PSNR/SSIM for (/root/media/quoc-huy/bsrgan-dataset/Urban100/, x4)---- : 16.7908dB / 0.5972
25-11-11 17:08:05.395 : --44 --> BSRGAN --> x4--> img_044.png
25-11-11 17:08:06.145 : ----PSNR/SSIM for (/root/media/quoc-huy/bsrgan-dataset/Urban100/, x4)---- : 19.8366dB / 0.3732
25-11-11 17:08:06.145 : --45 --> BSRGAN --> x4--> img_045.png
25-11-11 17:08:07.084 : ----PSNR/SSIM for (/root/media/quoc-huy/bsrgan-dataset/Urban100/, x4)---- : 18.4972dB / 0.4024
25-11-11 17:08:07.084 : --46 --> BSRGAN --> x4--> img_046.png
25-11-11 17:08:08.192 : ----PSNR/SSIM for (/root/media/quoc-huy/bsrgan-dataset/Urban100/, x4)---- : 19.3458dB / 0.5356
25-11-11 17:08:08.192 : --47 --> BSRGAN --> x4--> img_047.png
25-11-11 17:08:08.964 : ----PSNR/SSIM for (/root/media/quoc-huy/bsrgan-dataset/Urban100/, x4)---- : 16.3757dB / 0.4537
25-11-11 17:08:08.964 : --48 --> BSRGAN --> x4--> img_048.png
25-11-11 17:08:09.761 : ----PSNR/SSIM for (/root/media/quoc-huy/bsrgan-dataset/Urban100/, x4)---- : 15.2075dB / 0.5733
25-11-11 17:08:09.761 : --49 --> BSRGAN --> x4--> img_049.png
25-11-11 17:08:10.700 : ----PSNR/SSIM for (/root/media/quoc-huy/bsrgan-dataset/Urban100/, x4)---- : 13.2550dB / 0.2045
25-11-11 17:08:10.700 : --50 --> BSRGAN --> x4--> img_050.png
25-11-11 17:08:11.451 : ----PSNR/SSIM for (/root/media/quoc-huy/bsrgan-dataset/Urban100/, x4)---- : 18.5444dB / 0.4541
25-11-11 17:08:11.451 : --51 --> BSRGAN --> x4--> img_051.png
25-11-11 17:08:12.342 : ----PSNR/SSIM for (/root/media/quoc-huy/bsrgan-dataset/Urban100/, x4)---- : 19.5182dB / 0.4860
25-11-11 17:08:12.343 : --52 --> BSRGAN --> x4--> img_052.png
25-11-11 17:08:13.169 : ----PSNR/SSIM for (/root/media/quoc-huy/bsrgan-dataset/Urban100/, x4)---- : 15.7979dB / 0.3977
25-11-11 17:08:13.169 : --53 --> BSRGAN --> x4--> img_053.png
25-11-11 17:08:14.011 : ----PSNR/SSIM for (/root/media/quoc-huy/bsrgan-dataset/Urban100/, x4)---- : 15.5738dB / 0.3164
25-11-11 17:08:14.011 : --54 --> BSRGAN --> x4--> img_054.png
25-11-11 17:08:14.845 : ----PSNR/SSIM for (/root/media/quoc-huy/bsrgan-dataset/Urban100/, x4)---- : 14.5271dB / 0.2519
25-11-11 17:08:14.846 : --55 --> BSRGAN --> x4--> img_055.png
25-11-11 17:08:15.704 : ----PSNR/SSIM for (/root/media/quoc-huy/bsrgan-dataset/Urban100/, x4)---- : 24.3760dB / 0.7717
25-11-11 17:08:15.705 : --56 --> BSRGAN --> x4--> img_056.png
25-11-11 17:08:16.593 : ----PSNR/SSIM for (/root/media/quoc-huy/bsrgan-dataset/Urban100/, x4)---- : 16.9004dB / 0.3380
25-11-11 17:08:16.593 : --57 --> BSRGAN --> x4--> img_057.png
25-11-11 17:08:17.307 : ----PSNR/SSIM for (/root/media/quoc-huy/bsrgan-dataset/Urban100/, x4)---- : 22.5016dB / 0.6275
25-11-11 17:08:17.308 : --58 --> BSRGAN --> x4--> img_058.png
25-11-11 17:08:18.027 : ----PSNR/SSIM for (/root/media/quoc-huy/bsrgan-dataset/Urban100/, x4)---- : 19.0397dB / 0.5950
25-11-11 17:08:18.028 : --59 --> BSRGAN --> x4--> img_059.png
25-11-11 17:08:18.861 : ----PSNR/SSIM for (/root/media/quoc-huy/bsrgan-dataset/Urban100/, x4)---- : 17.8867dB / 0.5472
25-11-11 17:08:18.861 : --60 --> BSRGAN --> x4--> img_060.png
25-11-11 17:08:19.785 : ----PSNR/SSIM for (/root/media/quoc-huy/bsrgan-dataset/Urban100/, x4)---- : 16.2521dB / 0.1868
25-11-11 17:08:19.785 : --61 --> BSRGAN --> x4--> img_061.png
25-11-11 17:08:20.652 : ----PSNR/SSIM for (/root/media/quoc-huy/bsrgan-dataset/Urban100/, x4)---- : 16.9130dB / 0.3261
25-11-11 17:08:20.653 : --62 --> BSRGAN --> x4--> img_062.png
25-11-11 17:08:21.569 : ----PSNR/SSIM for (/root/media/quoc-huy/bsrgan-dataset/Urban100/, x4)---- : 16.1268dB / 0.4306
25-11-11 17:08:21.569 : --63 --> BSRGAN --> x4--> img_063.png
25-11-11 17:08:22.860 : ----PSNR/SSIM for (/root/media/quoc-huy/bsrgan-dataset/Urban100/, x4)---- : 18.0042dB / 0.4474
25-11-11 17:08:22.860 : --64 --> BSRGAN --> x4--> img_064.png
25-11-11 17:08:23.626 : ----PSNR/SSIM for (/root/media/quoc-huy/bsrgan-dataset/Urban100/, x4)---- : 18.5332dB / 0.3655
25-11-11 17:08:23.627 : --65 --> BSRGAN --> x4--> img_065.png
25-11-11 17:08:24.309 : ----PSNR/SSIM for (/root/media/quoc-huy/bsrgan-dataset/Urban100/, x4)---- : 18.3617dB / 0.2672
25-11-11 17:08:24.309 : --66 --> BSRGAN --> x4--> img_066.png
25-11-11 17:08:25.259 : ----PSNR/SSIM for (/root/media/quoc-huy/bsrgan-dataset/Urban100/, x4)---- : 17.3075dB / 0.3048
25-11-11 17:08:25.259 : --67 --> BSRGAN --> x4--> img_067.png
25-11-11 17:08:26.015 : ----PSNR/SSIM for (/root/media/quoc-huy/bsrgan-dataset/Urban100/, x4)---- : 13.3353dB / 0.5616
25-11-11 17:08:26.016 : --68 --> BSRGAN --> x4--> img_068.png
25-11-11 17:08:27.114 : ----PSNR/SSIM for (/root/media/quoc-huy/bsrgan-dataset/Urban100/, x4)---- : 22.1436dB / 0.5575
25-11-11 17:08:27.115 : --69 --> BSRGAN --> x4--> img_069.png
25-11-11 17:08:28.209 : ----PSNR/SSIM for (/root/media/quoc-huy/bsrgan-dataset/Urban100/, x4)---- : 17.9454dB / 0.3781
25-11-11 17:08:28.209 : --70 --> BSRGAN --> x4--> img_070.png
25-11-11 17:08:29.030 : ----PSNR/SSIM for (/root/media/quoc-huy/bsrgan-dataset/Urban100/, x4)---- : 17.4752dB / 0.3568
25-11-11 17:08:29.031 : --71 --> BSRGAN --> x4--> img_071.png
25-11-11 17:08:29.887 : ----PSNR/SSIM for (/root/media/quoc-huy/bsrgan-dataset/Urban100/, x4)---- : 21.8308dB / 0.3632
25-11-11 17:08:29.888 : --72 --> BSRGAN --> x4--> img_072.png
25-11-11 17:08:30.756 : ----PSNR/SSIM for (/root/media/quoc-huy/bsrgan-dataset/Urban100/, x4)---- : 12.1181dB / 0.3391
25-11-11 17:08:30.757 : --73 --> BSRGAN --> x4--> img_073.png
25-11-11 17:08:32.006 : ----PSNR/SSIM for (/root/media/quoc-huy/bsrgan-dataset/Urban100/, x4)---- : 15.4654dB / 0.1315
25-11-11 17:08:32.006 : --74 --> BSRGAN --> x4--> img_074.png
25-11-11 17:08:32.867 : ----PSNR/SSIM for (/root/media/quoc-huy/bsrgan-dataset/Urban100/, x4)---- : 18.7630dB / 0.4170
25-11-11 17:08:32.867 : --75 --> BSRGAN --> x4--> img_075.png
25-11-11 17:08:33.928 : ----PSNR/SSIM for (/root/media/quoc-huy/bsrgan-dataset/Urban100/, x4)---- : 22.4141dB / 0.6697
25-11-11 17:08:33.928 : --76 --> BSRGAN --> x4--> img_076.png
25-11-11 17:08:34.687 : ----PSNR/SSIM for (/root/media/quoc-huy/bsrgan-dataset/Urban100/, x4)---- : 17.4127dB / 0.3927
25-11-11 17:08:34.687 : --77 --> BSRGAN --> x4--> img_077.png
25-11-11 17:08:35.511 : ----PSNR/SSIM for (/root/media/quoc-huy/bsrgan-dataset/Urban100/, x4)---- : 17.8361dB / 0.3806
25-11-11 17:08:35.511 : --78 --> BSRGAN --> x4--> img_078.png
25-11-11 17:08:36.274 : ----PSNR/SSIM for (/root/media/quoc-huy/bsrgan-dataset/Urban100/, x4)---- : 21.1223dB / 0.4661
25-11-11 17:08:36.274 : --79 --> BSRGAN --> x4--> img_079.png
25-11-11 17:08:37.105 : ----PSNR/SSIM for (/root/media/quoc-huy/bsrgan-dataset/Urban100/, x4)---- : 19.5509dB / 0.3658
25-11-11 17:08:37.105 : --80 --> BSRGAN --> x4--> img_080.png
25-11-11 17:08:38.047 : ----PSNR/SSIM for (/root/media/quoc-huy/bsrgan-dataset/Urban100/, x4)---- : 26.5889dB / 0.8013
25-11-11 17:08:38.048 : --81 --> BSRGAN --> x4--> img_081.png
25-11-11 17:08:39.302 : ----PSNR/SSIM for (/root/media/quoc-huy/bsrgan-dataset/Urban100/, x4)---- : 24.6610dB / 0.7735
25-11-11 17:08:39.302 : --82 --> BSRGAN --> x4--> img_082.png
25-11-11 17:08:40.419 : ----PSNR/SSIM for (/root/media/quoc-huy/bsrgan-dataset/Urban100/, x4)---- : 20.0317dB / 0.6699
25-11-11 17:08:40.419 : --83 --> BSRGAN --> x4--> img_083.png
25-11-11 17:08:41.476 : ----PSNR/SSIM for (/root/media/quoc-huy/bsrgan-dataset/Urban100/, x4)---- : 17.5415dB / 0.3859
25-11-11 17:08:41.476 : --84 --> BSRGAN --> x4--> img_084.png
25-11-11 17:08:42.769 : ----PSNR/SSIM for (/root/media/quoc-huy/bsrgan-dataset/Urban100/, x4)---- : 21.0091dB / 0.4191
25-11-11 17:08:42.770 : --85 --> BSRGAN --> x4--> img_085.png
25-11-11 17:08:43.850 : ----PSNR/SSIM for (/root/media/quoc-huy/bsrgan-dataset/Urban100/, x4)---- : 20.2359dB / 0.6574
25-11-11 17:08:43.851 : --86 --> BSRGAN --> x4--> img_086.png
25-11-11 17:08:44.849 : ----PSNR/SSIM for (/root/media/quoc-huy/bsrgan-dataset/Urban100/, x4)---- : 21.2706dB / 0.6745
25-11-11 17:08:44.849 : --87 --> BSRGAN --> x4--> img_087.png
25-11-11 17:08:46.127 : ----PSNR/SSIM for (/root/media/quoc-huy/bsrgan-dataset/Urban100/, x4)---- : 17.7506dB / 0.5552
25-11-11 17:08:46.128 : --88 --> BSRGAN --> x4--> img_088.png
25-11-11 17:08:46.883 : ----PSNR/SSIM for (/root/media/quoc-huy/bsrgan-dataset/Urban100/, x4)---- : 14.1707dB / 0.1510
25-11-11 17:08:46.884 : --89 --> BSRGAN --> x4--> img_089.png
25-11-11 17:08:47.793 : ----PSNR/SSIM for (/root/media/quoc-huy/bsrgan-dataset/Urban100/, x4)---- : 19.9304dB / 0.3530
25-11-11 17:08:47.793 : --90 --> BSRGAN --> x4--> img_090.png
25-11-11 17:08:48.605 : ----PSNR/SSIM for (/root/media/quoc-huy/bsrgan-dataset/Urban100/, x4)---- : 23.7993dB / 0.6831
25-11-11 17:08:48.605 : --91 --> BSRGAN --> x4--> img_091.png
25-11-11 17:08:49.431 : ----PSNR/SSIM for (/root/media/quoc-huy/bsrgan-dataset/Urban100/, x4)---- : 16.8178dB / 0.2418
25-11-11 17:08:49.431 : --92 --> BSRGAN --> x4--> img_092.png
25-11-11 17:08:50.251 : ----PSNR/SSIM for (/root/media/quoc-huy/bsrgan-dataset/Urban100/, x4)---- : 13.5220dB / 0.2871
25-11-11 17:08:50.251 : --93 --> BSRGAN --> x4--> img_093.png
25-11-11 17:08:51.123 : ----PSNR/SSIM for (/root/media/quoc-huy/bsrgan-dataset/Urban100/, x4)---- : 14.7334dB / 0.3682
25-11-11 17:08:51.123 : --94 --> BSRGAN --> x4--> img_094.png
25-11-11 17:08:51.972 : ----PSNR/SSIM for (/root/media/quoc-huy/bsrgan-dataset/Urban100/, x4)---- : 21.0619dB / 0.5142
25-11-11 17:08:51.972 : --95 --> BSRGAN --> x4--> img_095.png
25-11-11 17:08:52.772 : ----PSNR/SSIM for (/root/media/quoc-huy/bsrgan-dataset/Urban100/, x4)---- : 15.6739dB / 0.1124
25-11-11 17:08:52.772 : --96 --> BSRGAN --> x4--> img_096.png
25-11-11 17:08:53.676 : ----PSNR/SSIM for (/root/media/quoc-huy/bsrgan-dataset/Urban100/, x4)---- : 17.0539dB / 0.4809
25-11-11 17:08:53.677 : --97 --> BSRGAN --> x4--> img_097.png
25-11-11 17:08:54.505 : ----PSNR/SSIM for (/root/media/quoc-huy/bsrgan-dataset/Urban100/, x4)---- : 18.6358dB / 0.4132
25-11-11 17:08:54.506 : --98 --> BSRGAN --> x4--> img_098.png
25-11-11 17:08:55.557 : ----PSNR/SSIM for (/root/media/quoc-huy/bsrgan-dataset/Urban100/, x4)---- : 17.3379dB / 0.2678
25-11-11 17:08:55.557 : --99 --> BSRGAN --> x4--> img_099.png
25-11-11 17:08:56.759 : ----PSNR/SSIM for (/root/media/quoc-huy/bsrgan-dataset/Urban100/, x4)---- : 20.2553dB / 0.4915
25-11-11 17:08:56.760 : -100 --> BSRGAN --> x4--> img_100.png
25-11-11 17:08:58.274 : ----PSNR/SSIM for (/root/media/quoc-huy/bsrgan-dataset/Urban100/, x4)---- : 18.0152dB / 0.4031
25-11-11 17:08:58.275 : ----Average PSNR/SSIM for (/root/media/quoc-huy/bsrgan-dataset/Urban100/, x4)---- : 18.4290dB / 0.4437
25-11-11 17:08:58.275 :  
25-11-11 17:10:05.424 :       Model Name : BSRGAN
25-11-11 17:10:20.228 :       Input Path : /root/media/quoc-huy/bsrgan-dataset/BSD100/
25-11-11 17:10:20.228 :      Output Path : /root/quoc-huy/BSRGAN/testsets/experimental-results/BSD100
25-11-11 17:10:20.229 : ---1 --> BSRGAN --> x4--> 101085.png
25-11-11 17:10:21.028 : ----PSNR/SSIM for (/root/media/quoc-huy/bsrgan-dataset/BSD100/, x4)---- : 18.8658dB / 0.2538
25-11-11 17:10:21.029 : ---2 --> BSRGAN --> x4--> 101087.png
25-11-11 17:10:21.201 : ----PSNR/SSIM for (/root/media/quoc-huy/bsrgan-dataset/BSD100/, x4)---- : 19.5950dB / 0.5159
25-11-11 17:10:21.202 : ---3 --> BSRGAN --> x4--> 102061.png
25-11-11 17:10:21.343 : ----PSNR/SSIM for (/root/media/quoc-huy/bsrgan-dataset/BSD100/, x4)---- : 19.9214dB / 0.5435
25-11-11 17:10:21.343 : ---4 --> BSRGAN --> x4--> 103070.png
25-11-11 17:10:21.504 : ----PSNR/SSIM for (/root/media/quoc-huy/bsrgan-dataset/BSD100/, x4)---- : 20.7330dB / 0.3524
25-11-11 17:10:21.504 : ---5 --> BSRGAN --> x4--> 105025.png
25-11-11 17:10:21.708 : ----PSNR/SSIM for (/root/media/quoc-huy/bsrgan-dataset/BSD100/, x4)---- : 19.7239dB / 0.3629
25-11-11 17:10:21.708 : ---6 --> BSRGAN --> x4--> 106024.png
25-11-11 17:10:21.860 : ----PSNR/SSIM for (/root/media/quoc-huy/bsrgan-dataset/BSD100/, x4)---- : 24.5070dB / 0.6260
25-11-11 17:10:21.861 : ---7 --> BSRGAN --> x4--> 108005.png
25-11-11 17:10:22.076 : ----PSNR/SSIM for (/root/media/quoc-huy/bsrgan-dataset/BSD100/, x4)---- : 20.4435dB / 0.3783
25-11-11 17:10:22.077 : ---8 --> BSRGAN --> x4--> 108070.png
25-11-11 17:10:22.196 : ----PSNR/SSIM for (/root/media/quoc-huy/bsrgan-dataset/BSD100/, x4)---- : 19.6825dB / 0.3249
25-11-11 17:10:22.196 : ---9 --> BSRGAN --> x4--> 108082.png
25-11-11 17:10:22.379 : ----PSNR/SSIM for (/root/media/quoc-huy/bsrgan-dataset/BSD100/, x4)---- : 19.0618dB / 0.4063
25-11-11 17:10:22.379 : --10 --> BSRGAN --> x4--> 109053.png
25-11-11 17:10:22.589 : ----PSNR/SSIM for (/root/media/quoc-huy/bsrgan-dataset/BSD100/, x4)---- : 23.8365dB / 0.5311
25-11-11 17:10:22.589 : --11 --> BSRGAN --> x4--> 119082.png
25-11-11 17:10:22.706 : ----PSNR/SSIM for (/root/media/quoc-huy/bsrgan-dataset/BSD100/, x4)---- : 14.5390dB / 0.2560
25-11-11 17:10:22.706 : --12 --> BSRGAN --> x4--> 12084.png
25-11-11 17:10:22.930 : ----PSNR/SSIM for (/root/media/quoc-huy/bsrgan-dataset/BSD100/, x4)---- : 21.2434dB / 0.3368
25-11-11 17:10:22.930 : --13 --> BSRGAN --> x4--> 123074.png
25-11-11 17:10:23.116 : ----PSNR/SSIM for (/root/media/quoc-huy/bsrgan-dataset/BSD100/, x4)---- : 22.3194dB / 0.3950
25-11-11 17:10:23.116 : --14 --> BSRGAN --> x4--> 126007.png
25-11-11 17:10:23.276 : ----PSNR/SSIM for (/root/media/quoc-huy/bsrgan-dataset/BSD100/, x4)---- : 22.0815dB / 0.6024
25-11-11 17:10:23.276 : --15 --> BSRGAN --> x4--> 130026.png
25-11-11 17:10:23.440 : ----PSNR/SSIM for (/root/media/quoc-huy/bsrgan-dataset/BSD100/, x4)---- : 20.9198dB / 0.4430
25-11-11 17:10:23.440 : --16 --> BSRGAN --> x4--> 134035.png
25-11-11 17:10:23.607 : ----PSNR/SSIM for (/root/media/quoc-huy/bsrgan-dataset/BSD100/, x4)---- : 16.3646dB / 0.2152
25-11-11 17:10:23.608 : --17 --> BSRGAN --> x4--> 14037.png
25-11-11 17:10:23.770 : ----PSNR/SSIM for (/root/media/quoc-huy/bsrgan-dataset/BSD100/, x4)---- : 26.6466dB / 0.7178
25-11-11 17:10:23.770 : --18 --> BSRGAN --> x4--> 143090.png
25-11-11 17:10:23.930 : ----PSNR/SSIM for (/root/media/quoc-huy/bsrgan-dataset/BSD100/, x4)---- : 23.9430dB / 0.7054
25-11-11 17:10:23.930 : --19 --> BSRGAN --> x4--> 145086.png
25-11-11 17:10:24.077 : ----PSNR/SSIM for (/root/media/quoc-huy/bsrgan-dataset/BSD100/, x4)---- : 21.0674dB / 0.5426
25-11-11 17:10:24.077 : --20 --> BSRGAN --> x4--> 147091.png
25-11-11 17:10:24.233 : ----PSNR/SSIM for (/root/media/quoc-huy/bsrgan-dataset/BSD100/, x4)---- : 19.1063dB / 0.5560
25-11-11 17:10:24.233 : --21 --> BSRGAN --> x4--> 148026.png
25-11-11 17:10:24.393 : ----PSNR/SSIM for (/root/media/quoc-huy/bsrgan-dataset/BSD100/, x4)---- : 16.3363dB / 0.3134
25-11-11 17:10:24.394 : --22 --> BSRGAN --> x4--> 148089.png
25-11-11 17:10:24.549 : ----PSNR/SSIM for (/root/media/quoc-huy/bsrgan-dataset/BSD100/, x4)---- : 17.7039dB / 0.2291
25-11-11 17:10:24.550 : --23 --> BSRGAN --> x4--> 156065.png
25-11-11 17:10:24.709 : ----PSNR/SSIM for (/root/media/quoc-huy/bsrgan-dataset/BSD100/, x4)---- : 21.3385dB / 0.3584
25-11-11 17:10:24.710 : --24 --> BSRGAN --> x4--> 157055.png
25-11-11 17:10:24.872 : ----PSNR/SSIM for (/root/media/quoc-huy/bsrgan-dataset/BSD100/, x4)---- : 21.6947dB / 0.5574
25-11-11 17:10:24.872 : --25 --> BSRGAN --> x4--> 159008.png
25-11-11 17:10:25.075 : ----PSNR/SSIM for (/root/media/quoc-huy/bsrgan-dataset/BSD100/, x4)---- : 17.2809dB / 0.3267
25-11-11 17:10:25.075 : --26 --> BSRGAN --> x4--> 160068.png
25-11-11 17:10:25.274 : ----PSNR/SSIM for (/root/media/quoc-huy/bsrgan-dataset/BSD100/, x4)---- : 21.0444dB / 0.6236
25-11-11 17:10:25.275 : --27 --> BSRGAN --> x4--> 16077.png
25-11-11 17:10:25.443 : ----PSNR/SSIM for (/root/media/quoc-huy/bsrgan-dataset/BSD100/, x4)---- : 20.7387dB / 0.4123
25-11-11 17:10:25.444 : --28 --> BSRGAN --> x4--> 163085.png
25-11-11 17:10:25.588 : ----PSNR/SSIM for (/root/media/quoc-huy/bsrgan-dataset/BSD100/, x4)---- : 21.2291dB / 0.3659
25-11-11 17:10:25.588 : --29 --> BSRGAN --> x4--> 167062.png
25-11-11 17:10:25.784 : ----PSNR/SSIM for (/root/media/quoc-huy/bsrgan-dataset/BSD100/, x4)---- : 22.9202dB / 0.7624
25-11-11 17:10:25.785 : --30 --> BSRGAN --> x4--> 167083.png
25-11-11 17:10:25.975 : ----PSNR/SSIM for (/root/media/quoc-huy/bsrgan-dataset/BSD100/, x4)---- : 16.7690dB / 0.3101
25-11-11 17:10:25.976 : --31 --> BSRGAN --> x4--> 170057.png
25-11-11 17:10:26.151 : ----PSNR/SSIM for (/root/media/quoc-huy/bsrgan-dataset/BSD100/, x4)---- : 23.8394dB / 0.4987
25-11-11 17:10:26.151 : --32 --> BSRGAN --> x4--> 175032.png
25-11-11 17:10:26.325 : ----PSNR/SSIM for (/root/media/quoc-huy/bsrgan-dataset/BSD100/, x4)---- : 16.8035dB / 0.0943
25-11-11 17:10:26.325 : --33 --> BSRGAN --> x4--> 175043.png
25-11-11 17:10:26.447 : ----PSNR/SSIM for (/root/media/quoc-huy/bsrgan-dataset/BSD100/, x4)---- : 17.8612dB / 0.1745
25-11-11 17:10:26.447 : --34 --> BSRGAN --> x4--> 182053.png
25-11-11 17:10:26.642 : ----PSNR/SSIM for (/root/media/quoc-huy/bsrgan-dataset/BSD100/, x4)---- : 18.7900dB / 0.5059
25-11-11 17:10:26.643 : --35 --> BSRGAN --> x4--> 189080.png
25-11-11 17:10:26.800 : ----PSNR/SSIM for (/root/media/quoc-huy/bsrgan-dataset/BSD100/, x4)---- : 23.1665dB / 0.7084
25-11-11 17:10:26.800 : --36 --> BSRGAN --> x4--> 19021.png
25-11-11 17:10:26.925 : ----PSNR/SSIM for (/root/media/quoc-huy/bsrgan-dataset/BSD100/, x4)---- : 20.3098dB / 0.4279
25-11-11 17:10:26.925 : --37 --> BSRGAN --> x4--> 196073.png
25-11-11 17:10:27.115 : ----PSNR/SSIM for (/root/media/quoc-huy/bsrgan-dataset/BSD100/, x4)---- : 24.7686dB / 0.3645
25-11-11 17:10:27.116 : --38 --> BSRGAN --> x4--> 197017.png
25-11-11 17:10:27.263 : ----PSNR/SSIM for (/root/media/quoc-huy/bsrgan-dataset/BSD100/, x4)---- : 19.4705dB / 0.4129
25-11-11 17:10:27.263 : --39 --> BSRGAN --> x4--> 208001.png
25-11-11 17:10:27.404 : ----PSNR/SSIM for (/root/media/quoc-huy/bsrgan-dataset/BSD100/, x4)---- : 20.3293dB / 0.3215
25-11-11 17:10:27.405 : --40 --> BSRGAN --> x4--> 210088.png
25-11-11 17:10:27.567 : ----PSNR/SSIM for (/root/media/quoc-huy/bsrgan-dataset/BSD100/, x4)---- : 20.3080dB / 0.4008
25-11-11 17:10:27.567 : --41 --> BSRGAN --> x4--> 21077.png
25-11-11 17:10:27.715 : ----PSNR/SSIM for (/root/media/quoc-huy/bsrgan-dataset/BSD100/, x4)---- : 18.2269dB / 0.3871
25-11-11 17:10:27.715 : --42 --> BSRGAN --> x4--> 216081.png
25-11-11 17:10:27.910 : ----PSNR/SSIM for (/root/media/quoc-huy/bsrgan-dataset/BSD100/, x4)---- : 18.3358dB / 0.3687
25-11-11 17:10:27.910 : --43 --> BSRGAN --> x4--> 219090.png
25-11-11 17:10:28.062 : ----PSNR/SSIM for (/root/media/quoc-huy/bsrgan-dataset/BSD100/, x4)---- : 20.0479dB / 0.4985
25-11-11 17:10:28.062 : --44 --> BSRGAN --> x4--> 220075.png
25-11-11 17:10:28.205 : ----PSNR/SSIM for (/root/media/quoc-huy/bsrgan-dataset/BSD100/, x4)---- : 17.8044dB / 0.3896
25-11-11 17:10:28.206 : --45 --> BSRGAN --> x4--> 223061.png
25-11-11 17:10:28.397 : ----PSNR/SSIM for (/root/media/quoc-huy/bsrgan-dataset/BSD100/, x4)---- : 20.3470dB / 0.4065
25-11-11 17:10:28.398 : --46 --> BSRGAN --> x4--> 227092.png
25-11-11 17:10:28.552 : ----PSNR/SSIM for (/root/media/quoc-huy/bsrgan-dataset/BSD100/, x4)---- : 27.5262dB / 0.7147
25-11-11 17:10:28.552 : --47 --> BSRGAN --> x4--> 229036.png
25-11-11 17:10:28.708 : ----PSNR/SSIM for (/root/media/quoc-huy/bsrgan-dataset/BSD100/, x4)---- : 15.7302dB / 0.2086
25-11-11 17:10:28.709 : --48 --> BSRGAN --> x4--> 236037.png
25-11-11 17:10:28.871 : ----PSNR/SSIM for (/root/media/quoc-huy/bsrgan-dataset/BSD100/, x4)---- : 17.9378dB / 0.1365
25-11-11 17:10:28.871 : --49 --> BSRGAN --> x4--> 24077.png
25-11-11 17:10:29.023 : ----PSNR/SSIM for (/root/media/quoc-huy/bsrgan-dataset/BSD100/, x4)---- : 15.9972dB / 0.3758
25-11-11 17:10:29.024 : --50 --> BSRGAN --> x4--> 241004.png
25-11-11 17:10:29.200 : ----PSNR/SSIM for (/root/media/quoc-huy/bsrgan-dataset/BSD100/, x4)---- : 24.8336dB / 0.6414
25-11-11 17:10:29.201 : --51 --> BSRGAN --> x4--> 241048.png
25-11-11 17:10:29.380 : ----PSNR/SSIM for (/root/media/quoc-huy/bsrgan-dataset/BSD100/, x4)---- : 19.4979dB / 0.3191
25-11-11 17:10:29.381 : --52 --> BSRGAN --> x4--> 253027.png
25-11-11 17:10:29.570 : ----PSNR/SSIM for (/root/media/quoc-huy/bsrgan-dataset/BSD100/, x4)---- : 17.2884dB / 0.2964
25-11-11 17:10:29.570 : --53 --> BSRGAN --> x4--> 253055.png
25-11-11 17:10:29.733 : ----PSNR/SSIM for (/root/media/quoc-huy/bsrgan-dataset/BSD100/, x4)---- : 25.1964dB / 0.6220
25-11-11 17:10:29.734 : --54 --> BSRGAN --> x4--> 260058.png
25-11-11 17:10:29.889 : ----PSNR/SSIM for (/root/media/quoc-huy/bsrgan-dataset/BSD100/, x4)---- : 26.9931dB / 0.6124
25-11-11 17:10:29.890 : --55 --> BSRGAN --> x4--> 271035.png
25-11-11 17:10:30.065 : ----PSNR/SSIM for (/root/media/quoc-huy/bsrgan-dataset/BSD100/, x4)---- : 18.6051dB / 0.2755
25-11-11 17:10:30.065 : --56 --> BSRGAN --> x4--> 285079.png
25-11-11 17:10:30.239 : ----PSNR/SSIM for (/root/media/quoc-huy/bsrgan-dataset/BSD100/, x4)---- : 18.0434dB / 0.2958
25-11-11 17:10:30.239 : --57 --> BSRGAN --> x4--> 291000.png
25-11-11 17:10:30.372 : ----PSNR/SSIM for (/root/media/quoc-huy/bsrgan-dataset/BSD100/, x4)---- : 17.0136dB / 0.1255
25-11-11 17:10:30.373 : --58 --> BSRGAN --> x4--> 295087.png
25-11-11 17:10:30.528 : ----PSNR/SSIM for (/root/media/quoc-huy/bsrgan-dataset/BSD100/, x4)---- : 23.2597dB / 0.5471
25-11-11 17:10:30.528 : --59 --> BSRGAN --> x4--> 296007.png
25-11-11 17:10:30.689 : ----PSNR/SSIM for (/root/media/quoc-huy/bsrgan-dataset/BSD100/, x4)---- : 26.5967dB / 0.6300
25-11-11 17:10:30.690 : --60 --> BSRGAN --> x4--> 296059.png
25-11-11 17:10:30.876 : ----PSNR/SSIM for (/root/media/quoc-huy/bsrgan-dataset/BSD100/, x4)---- : 25.2979dB / 0.5924
25-11-11 17:10:30.877 : --61 --> BSRGAN --> x4--> 299086.png
25-11-11 17:10:31.045 : ----PSNR/SSIM for (/root/media/quoc-huy/bsrgan-dataset/BSD100/, x4)---- : 26.5666dB / 0.6470
25-11-11 17:10:31.045 : --62 --> BSRGAN --> x4--> 300091.png
25-11-11 17:10:31.257 : ----PSNR/SSIM for (/root/media/quoc-huy/bsrgan-dataset/BSD100/, x4)---- : 23.9025dB / 0.6252
25-11-11 17:10:31.257 : --63 --> BSRGAN --> x4--> 302008.png
25-11-11 17:10:31.405 : ----PSNR/SSIM for (/root/media/quoc-huy/bsrgan-dataset/BSD100/, x4)---- : 21.2537dB / 0.6837
25-11-11 17:10:31.406 : --64 --> BSRGAN --> x4--> 304034.png
25-11-11 17:10:31.580 : ----PSNR/SSIM for (/root/media/quoc-huy/bsrgan-dataset/BSD100/, x4)---- : 18.5886dB / 0.2585
25-11-11 17:10:31.580 : --65 --> BSRGAN --> x4--> 304074.png
25-11-11 17:10:31.775 : ----PSNR/SSIM for (/root/media/quoc-huy/bsrgan-dataset/BSD100/, x4)---- : 20.9990dB / 0.3390
25-11-11 17:10:31.775 : --66 --> BSRGAN --> x4--> 306005.png
25-11-11 17:10:31.906 : ----PSNR/SSIM for (/root/media/quoc-huy/bsrgan-dataset/BSD100/, x4)---- : 23.6329dB / 0.6085
25-11-11 17:10:31.907 : --67 --> BSRGAN --> x4--> 3096.png
25-11-11 17:10:32.089 : ----PSNR/SSIM for (/root/media/quoc-huy/bsrgan-dataset/BSD100/, x4)---- : 27.3578dB / 0.9008
25-11-11 17:10:32.089 : --68 --> BSRGAN --> x4--> 33039.png
25-11-11 17:10:32.275 : ----PSNR/SSIM for (/root/media/quoc-huy/bsrgan-dataset/BSD100/, x4)---- : 13.7856dB / 0.0895
25-11-11 17:10:32.275 : --69 --> BSRGAN --> x4--> 351093.png
25-11-11 17:10:32.491 : ----PSNR/SSIM for (/root/media/quoc-huy/bsrgan-dataset/BSD100/, x4)---- : 17.3900dB / 0.4023
25-11-11 17:10:32.492 : --70 --> BSRGAN --> x4--> 361010.png
25-11-11 17:10:32.659 : ----PSNR/SSIM for (/root/media/quoc-huy/bsrgan-dataset/BSD100/, x4)---- : 20.9085dB / 0.4795
25-11-11 17:10:32.659 : --71 --> BSRGAN --> x4--> 37073.png
25-11-11 17:10:32.834 : ----PSNR/SSIM for (/root/media/quoc-huy/bsrgan-dataset/BSD100/, x4)---- : 23.1847dB / 0.5746
25-11-11 17:10:32.835 : --72 --> BSRGAN --> x4--> 376043.png
25-11-11 17:10:32.988 : ----PSNR/SSIM for (/root/media/quoc-huy/bsrgan-dataset/BSD100/, x4)---- : 19.5902dB / 0.2358
25-11-11 17:10:32.988 : --73 --> BSRGAN --> x4--> 38082.png
25-11-11 17:10:33.169 : ----PSNR/SSIM for (/root/media/quoc-huy/bsrgan-dataset/BSD100/, x4)---- : 22.8706dB / 0.3374
25-11-11 17:10:33.169 : --74 --> BSRGAN --> x4--> 38092.png
25-11-11 17:10:33.384 : ----PSNR/SSIM for (/root/media/quoc-huy/bsrgan-dataset/BSD100/, x4)---- : 21.2224dB / 0.4756
25-11-11 17:10:33.384 : --75 --> BSRGAN --> x4--> 385039.png
25-11-11 17:10:33.535 : ----PSNR/SSIM for (/root/media/quoc-huy/bsrgan-dataset/BSD100/, x4)---- : 18.5898dB / 0.4310
25-11-11 17:10:33.535 : --76 --> BSRGAN --> x4--> 41033.png
25-11-11 17:10:33.730 : ----PSNR/SSIM for (/root/media/quoc-huy/bsrgan-dataset/BSD100/, x4)---- : 22.4929dB / 0.4297
25-11-11 17:10:33.730 : --77 --> BSRGAN --> x4--> 41069.png
25-11-11 17:10:33.902 : ----PSNR/SSIM for (/root/media/quoc-huy/bsrgan-dataset/BSD100/, x4)---- : 19.1737dB / 0.1805
25-11-11 17:10:33.902 : --78 --> BSRGAN --> x4--> 42012.png
25-11-11 17:10:34.086 : ----PSNR/SSIM for (/root/media/quoc-huy/bsrgan-dataset/BSD100/, x4)---- : 21.3604dB / 0.3942
25-11-11 17:10:34.086 : --79 --> BSRGAN --> x4--> 42049.png
25-11-11 17:10:34.280 : ----PSNR/SSIM for (/root/media/quoc-huy/bsrgan-dataset/BSD100/, x4)---- : 19.9402dB / 0.7678
25-11-11 17:10:34.280 : --80 --> BSRGAN --> x4--> 43074.png
25-11-11 17:10:34.419 : ----PSNR/SSIM for (/root/media/quoc-huy/bsrgan-dataset/BSD100/, x4)---- : 25.4089dB / 0.5527
25-11-11 17:10:34.419 : --81 --> BSRGAN --> x4--> 45096.png
25-11-11 17:10:34.597 : ----PSNR/SSIM for (/root/media/quoc-huy/bsrgan-dataset/BSD100/, x4)---- : 28.3736dB / 0.8263
25-11-11 17:10:34.598 : --82 --> BSRGAN --> x4--> 54082.png
25-11-11 17:10:34.773 : ----PSNR/SSIM for (/root/media/quoc-huy/bsrgan-dataset/BSD100/, x4)---- : 22.1923dB / 0.4466
25-11-11 17:10:34.773 : --83 --> BSRGAN --> x4--> 55073.png
25-11-11 17:10:34.948 : ----PSNR/SSIM for (/root/media/quoc-huy/bsrgan-dataset/BSD100/, x4)---- : 17.8927dB / 0.2069
25-11-11 17:10:34.949 : --84 --> BSRGAN --> x4--> 58060.png
25-11-11 17:10:35.113 : ----PSNR/SSIM for (/root/media/quoc-huy/bsrgan-dataset/BSD100/, x4)---- : 16.8654dB / 0.3231
25-11-11 17:10:35.113 : --85 --> BSRGAN --> x4--> 62096.png
25-11-11 17:10:35.289 : ----PSNR/SSIM for (/root/media/quoc-huy/bsrgan-dataset/BSD100/, x4)---- : 19.2822dB / 0.5441
25-11-11 17:10:35.290 : --86 --> BSRGAN --> x4--> 65033.png
25-11-11 17:10:35.448 : ----PSNR/SSIM for (/root/media/quoc-huy/bsrgan-dataset/BSD100/, x4)---- : 18.1087dB / 0.1992
25-11-11 17:10:35.448 : --87 --> BSRGAN --> x4--> 66053.png
25-11-11 17:10:35.603 : ----PSNR/SSIM for (/root/media/quoc-huy/bsrgan-dataset/BSD100/, x4)---- : 22.1641dB / 0.4212
25-11-11 17:10:35.603 : --88 --> BSRGAN --> x4--> 69015.png
25-11-11 17:10:35.771 : ----PSNR/SSIM for (/root/media/quoc-huy/bsrgan-dataset/BSD100/, x4)---- : 25.3337dB / 0.5926
25-11-11 17:10:35.772 : --89 --> BSRGAN --> x4--> 69020.png
25-11-11 17:10:35.928 : ----PSNR/SSIM for (/root/media/quoc-huy/bsrgan-dataset/BSD100/, x4)---- : 21.7715dB / 0.2528
25-11-11 17:10:35.929 : --90 --> BSRGAN --> x4--> 69040.png
25-11-11 17:10:36.077 : ----PSNR/SSIM for (/root/media/quoc-huy/bsrgan-dataset/BSD100/, x4)---- : 19.6290dB / 0.2105
25-11-11 17:10:36.077 : --91 --> BSRGAN --> x4--> 76053.png
25-11-11 17:10:36.237 : ----PSNR/SSIM for (/root/media/quoc-huy/bsrgan-dataset/BSD100/, x4)---- : 22.2136dB / 0.3816
25-11-11 17:10:36.237 : --92 --> BSRGAN --> x4--> 78004.png
25-11-11 17:10:36.408 : ----PSNR/SSIM for (/root/media/quoc-huy/bsrgan-dataset/BSD100/, x4)---- : 22.3664dB / 0.5570
25-11-11 17:10:36.408 : --93 --> BSRGAN --> x4--> 8023.png
25-11-11 17:10:36.553 : ----PSNR/SSIM for (/root/media/quoc-huy/bsrgan-dataset/BSD100/, x4)---- : 23.0784dB / 0.5000
25-11-11 17:10:36.553 : --94 --> BSRGAN --> x4--> 85048.png
25-11-11 17:10:36.733 : ----PSNR/SSIM for (/root/media/quoc-huy/bsrgan-dataset/BSD100/, x4)---- : 19.7550dB / 0.3731
25-11-11 17:10:36.733 : --95 --> BSRGAN --> x4--> 86000.png
25-11-11 17:10:36.918 : ----PSNR/SSIM for (/root/media/quoc-huy/bsrgan-dataset/BSD100/, x4)---- : 19.1021dB / 0.4350
25-11-11 17:10:36.918 : --96 --> BSRGAN --> x4--> 86016.png
25-11-11 17:10:37.079 : ----PSNR/SSIM for (/root/media/quoc-huy/bsrgan-dataset/BSD100/, x4)---- : 19.5790dB / 0.1358
25-11-11 17:10:37.079 : --97 --> BSRGAN --> x4--> 86068.png
25-11-11 17:10:37.266 : ----PSNR/SSIM for (/root/media/quoc-huy/bsrgan-dataset/BSD100/, x4)---- : 22.2320dB / 0.2800
25-11-11 17:10:37.266 : --98 --> BSRGAN --> x4--> 87046.png
25-11-11 17:10:37.448 : ----PSNR/SSIM for (/root/media/quoc-huy/bsrgan-dataset/BSD100/, x4)---- : 18.2250dB / 0.2774
25-11-11 17:10:37.449 : --99 --> BSRGAN --> x4--> 89072.png
25-11-11 17:10:37.650 : ----PSNR/SSIM for (/root/media/quoc-huy/bsrgan-dataset/BSD100/, x4)---- : 20.5326dB / 0.4380
25-11-11 17:10:37.650 : -100 --> BSRGAN --> x4--> 97033.png
25-11-11 17:10:37.837 : ----PSNR/SSIM for (/root/media/quoc-huy/bsrgan-dataset/BSD100/, x4)---- : 18.2088dB / 0.3803
25-11-11 17:10:37.837 : ----Average PSNR/SSIM for (/root/media/quoc-huy/bsrgan-dataset/BSD100/, x4)---- : 20.7701dB / 0.4287
25-11-11 17:10:37.837 :  
25-11-11 17:11:09.455 :       Model Name : BSRGAN
25-11-11 17:11:24.965 :       Input Path : /root/media/quoc-huy/bsrgan-dataset/Set14/
25-11-11 17:11:24.965 :      Output Path : /root/quoc-huy/BSRGAN/testsets/experimental-results/Set14
25-11-11 17:11:24.965 : ---1 --> BSRGAN --> x4--> baboon.png
25-11-11 17:11:25.785 : ----PSNR/SSIM for (/root/media/quoc-huy/bsrgan-dataset/Set14/, x4)---- : 17.8487dB / 0.2071
25-11-11 17:11:25.786 : ---2 --> BSRGAN --> x4--> barbara.png
25-11-11 17:11:26.219 : ----PSNR/SSIM for (/root/media/quoc-huy/bsrgan-dataset/Set14/, x4)---- : 20.7033dB / 0.4773
25-11-11 17:11:26.219 : ---3 --> BSRGAN --> x4--> bridge.png
25-11-11 17:11:26.523 : ----PSNR/SSIM for (/root/media/quoc-huy/bsrgan-dataset/Set14/, x4)---- : 18.7978dB / 0.2371
25-11-11 17:11:26.523 : ---4 --> BSRGAN --> x4--> coastguard.png
25-11-11 17:11:26.632 : ----PSNR/SSIM for (/root/media/quoc-huy/bsrgan-dataset/Set14/, x4)---- : 20.2214dB / 0.3093
25-11-11 17:11:26.632 : ---5 --> BSRGAN --> x4--> comic.png
25-11-11 17:11:26.726 : ----PSNR/SSIM for (/root/media/quoc-huy/bsrgan-dataset/Set14/, x4)---- : 17.3740dB / 0.3120
25-11-11 17:11:26.726 : ---6 --> BSRGAN --> x4--> face.png
25-11-11 17:11:26.836 : ----PSNR/SSIM for (/root/media/quoc-huy/bsrgan-dataset/Set14/, x4)---- : 24.8458dB / 0.5266
25-11-11 17:11:26.837 : ---7 --> BSRGAN --> x4--> flowers.png
25-11-11 17:11:27.066 : ----PSNR/SSIM for (/root/media/quoc-huy/bsrgan-dataset/Set14/, x4)---- : 18.2977dB / 0.3984
25-11-11 17:11:27.067 : ---8 --> BSRGAN --> x4--> foreman.png
25-11-11 17:11:27.159 : ----PSNR/SSIM for (/root/media/quoc-huy/bsrgan-dataset/Set14/, x4)---- : 21.2628dB / 0.6825
25-11-11 17:11:27.159 : ---9 --> BSRGAN --> x4--> lenna.png
25-11-11 17:11:27.483 : ----PSNR/SSIM for (/root/media/quoc-huy/bsrgan-dataset/Set14/, x4)---- : 26.0776dB / 0.7053
25-11-11 17:11:27.483 : --10 --> BSRGAN --> x4--> man.png
25-11-11 17:11:27.780 : ----PSNR/SSIM for (/root/media/quoc-huy/bsrgan-dataset/Set14/, x4)---- : 18.2807dB / 0.3071
25-11-11 17:11:27.781 : --11 --> BSRGAN --> x4--> monarch.png
25-11-11 17:11:28.315 : ----PSNR/SSIM for (/root/media/quoc-huy/bsrgan-dataset/Set14/, x4)---- : 18.7101dB / 0.5038
25-11-11 17:11:28.315 : --12 --> BSRGAN --> x4--> pepper.png
25-11-11 17:11:28.689 : ----PSNR/SSIM for (/root/media/quoc-huy/bsrgan-dataset/Set14/, x4)---- : 22.5645dB / 0.6241
25-11-11 17:11:28.689 : --13 --> BSRGAN --> x4--> ppt3.png
25-11-11 17:11:29.092 : ----PSNR/SSIM for (/root/media/quoc-huy/bsrgan-dataset/Set14/, x4)---- : 16.1918dB / 0.6277
25-11-11 17:11:29.092 : --14 --> BSRGAN --> x4--> zebra.png
25-11-11 17:11:29.365 : ----PSNR/SSIM for (/root/media/quoc-huy/bsrgan-dataset/Set14/, x4)---- : 15.9690dB / 0.2687
25-11-11 17:11:29.365 : ----Average PSNR/SSIM for (/root/media/quoc-huy/bsrgan-dataset/Set14/, x4)---- : 19.7961dB / 0.4419
25-11-11 17:11:29.365 :  
25-11-11 17:12:05.612 :       Model Name : BSRGAN
25-11-11 17:12:22.889 :       Input Path : /root/media/quoc-huy/bsrgan-dataset/Set5/
25-11-11 17:12:22.889 :      Output Path : /root/quoc-huy/BSRGAN/testsets/experimental-results/Set5
25-11-11 17:12:22.889 : ---1 --> BSRGAN --> x4--> baby.png
25-11-11 17:12:23.775 : ----PSNR/SSIM for (/root/media/quoc-huy/bsrgan-dataset/Set5/, x4)---- : 22.6002dB / 0.6029
25-11-11 17:12:23.775 : ---2 --> BSRGAN --> x4--> bird.png
25-11-11 17:12:23.881 : ----PSNR/SSIM for (/root/media/quoc-huy/bsrgan-dataset/Set5/, x4)---- : 21.1664dB / 0.4879
25-11-11 17:12:23.882 : ---3 --> BSRGAN --> x4--> butterfly.png
25-11-11 17:12:23.962 : ----PSNR/SSIM for (/root/media/quoc-huy/bsrgan-dataset/Set5/, x4)---- : 14.0825dB / 0.2831
25-11-11 17:12:23.962 : ---4 --> BSRGAN --> x4--> head.png
25-11-11 17:12:24.057 : ----PSNR/SSIM for (/root/media/quoc-huy/bsrgan-dataset/Set5/, x4)---- : 24.2191dB / 0.5254
25-11-11 17:12:24.057 : ---5 --> BSRGAN --> x4--> woman.png
25-11-11 17:12:24.146 : ----PSNR/SSIM for (/root/media/quoc-huy/bsrgan-dataset/Set5/, x4)---- : 21.4112dB / 0.6688
25-11-11 17:12:24.146 : ----Average PSNR/SSIM for (/root/media/quoc-huy/bsrgan-dataset/Set5/, x4)---- : 20.6959dB / 0.5136
25-11-11 17:12:24.146 :  
25-11-11 17:12:56.213 :       Model Name : BSRNet_regiondepedent
25-11-11 17:13:18.579 :       Model Name : BSRNet_regiondependent
25-11-11 17:13:33.506 :       Input Path : /root/media/quoc-huy/bsrgan-dataset/Set5/
25-11-11 17:13:33.506 :      Output Path : /root/quoc-huy/BSRGAN/testsets/experimental-results/Set5
25-11-11 17:13:33.506 : ---1 --> BSRNet_regiondependent --> x4--> baby.png
25-11-11 17:13:34.451 : ----PSNR/SSIM for (/root/media/quoc-huy/bsrgan-dataset/Set5/, x4)---- : 18.9279dB / 0.5893
25-11-11 17:13:34.451 : ---2 --> BSRNet_regiondependent --> x4--> bird.png
25-11-11 17:13:34.544 : ----PSNR/SSIM for (/root/media/quoc-huy/bsrgan-dataset/Set5/, x4)---- : 18.5264dB / 0.3856
25-11-11 17:13:34.544 : ---3 --> BSRNet_regiondependent --> x4--> butterfly.png
25-11-11 17:13:34.618 : ----PSNR/SSIM for (/root/media/quoc-huy/bsrgan-dataset/Set5/, x4)---- : 13.6246dB / 0.3378
25-11-11 17:13:34.618 : ---4 --> BSRNet_regiondependent --> x4--> head.png
25-11-11 17:13:34.707 : ----PSNR/SSIM for (/root/media/quoc-huy/bsrgan-dataset/Set5/, x4)---- : 22.7768dB / 0.4561
25-11-11 17:13:34.707 : ---5 --> BSRNet_regiondependent --> x4--> woman.png
25-11-11 17:13:34.794 : ----PSNR/SSIM for (/root/media/quoc-huy/bsrgan-dataset/Set5/, x4)---- : 19.5185dB / 0.5728
25-11-11 17:13:34.794 : ----Average PSNR/SSIM for (/root/media/quoc-huy/bsrgan-dataset/Set5/, x4)---- : 18.6748dB / 0.4683
25-11-11 17:13:34.794 :  
25-11-11 17:14:01.971 :       Model Name : BSRNet_regiondependent
25-11-11 17:14:17.846 :       Input Path : /root/media/quoc-huy/bsrgan-dataset/Set14/
25-11-11 17:14:17.847 :      Output Path : /root/quoc-huy/BSRGAN/testsets/experimental-results/Set14
25-11-11 17:14:17.848 : ---1 --> BSRNet_regiondependent --> x4--> baboon.png
25-11-11 17:14:18.775 : ----PSNR/SSIM for (/root/media/quoc-huy/bsrgan-dataset/Set14/, x4)---- : 17.5780dB / 0.2193
25-11-11 17:14:18.775 : ---2 --> BSRNet_regiondependent --> x4--> barbara.png
25-11-11 17:14:19.171 : ----PSNR/SSIM for (/root/media/quoc-huy/bsrgan-dataset/Set14/, x4)---- : 19.4171dB / 0.4499
25-11-11 17:14:19.171 : ---3 --> BSRNet_regiondependent --> x4--> bridge.png
25-11-11 17:14:19.544 : ----PSNR/SSIM for (/root/media/quoc-huy/bsrgan-dataset/Set14/, x4)---- : 18.4844dB / 0.2366
25-11-11 17:14:19.545 : ---4 --> BSRNet_regiondependent --> x4--> coastguard.png
25-11-11 17:14:19.662 : ----PSNR/SSIM for (/root/media/quoc-huy/bsrgan-dataset/Set14/, x4)---- : 17.2981dB / 0.3007
25-11-11 17:14:19.662 : ---5 --> BSRNet_regiondependent --> x4--> comic.png
25-11-11 17:14:19.756 : ----PSNR/SSIM for (/root/media/quoc-huy/bsrgan-dataset/Set14/, x4)---- : 16.7013dB / 0.2463
25-11-11 17:14:19.756 : ---6 --> BSRNet_regiondependent --> x4--> face.png
25-11-11 17:14:19.868 : ----PSNR/SSIM for (/root/media/quoc-huy/bsrgan-dataset/Set14/, x4)---- : 23.2960dB / 0.5129
25-11-11 17:14:19.868 : ---7 --> BSRNet_regiondependent --> x4--> flowers.png
25-11-11 17:14:20.145 : ----PSNR/SSIM for (/root/media/quoc-huy/bsrgan-dataset/Set14/, x4)---- : 17.3969dB / 0.2958
25-11-11 17:14:20.145 : ---8 --> BSRNet_regiondependent --> x4--> foreman.png
25-11-11 17:14:20.255 : ----PSNR/SSIM for (/root/media/quoc-huy/bsrgan-dataset/Set14/, x4)---- : 17.8790dB / 0.4681
25-11-11 17:14:20.255 : ---9 --> BSRNet_regiondependent --> x4--> lenna.png
25-11-11 17:14:20.589 : ----PSNR/SSIM for (/root/media/quoc-huy/bsrgan-dataset/Set14/, x4)---- : 24.6639dB / 0.6590
25-11-11 17:14:20.589 : --10 --> BSRNet_regiondependent --> x4--> man.png
25-11-11 17:14:20.874 : ----PSNR/SSIM for (/root/media/quoc-huy/bsrgan-dataset/Set14/, x4)---- : 17.2828dB / 0.3127
25-11-11 17:14:20.874 : --11 --> BSRNet_regiondependent --> x4--> monarch.png
25-11-11 17:14:21.321 : ----PSNR/SSIM for (/root/media/quoc-huy/bsrgan-dataset/Set14/, x4)---- : 18.4926dB / 0.6370
25-11-11 17:14:21.321 : --12 --> BSRNet_regiondependent --> x4--> pepper.png
25-11-11 17:14:21.612 : ----PSNR/SSIM for (/root/media/quoc-huy/bsrgan-dataset/Set14/, x4)---- : 18.7620dB / 0.5868
25-11-11 17:14:21.612 : --13 --> BSRNet_regiondependent --> x4--> ppt3.png
25-11-11 17:14:22.020 : ----PSNR/SSIM for (/root/media/quoc-huy/bsrgan-dataset/Set14/, x4)---- : 14.1381dB / 0.5807
25-11-11 17:14:22.020 : --14 --> BSRNet_regiondependent --> x4--> zebra.png
25-11-11 17:14:22.349 : ----PSNR/SSIM for (/root/media/quoc-huy/bsrgan-dataset/Set14/, x4)---- : 15.3916dB / 0.2748
25-11-11 17:14:22.349 : ----Average PSNR/SSIM for (/root/media/quoc-huy/bsrgan-dataset/Set14/, x4)---- : 18.3416dB / 0.4129
25-11-11 17:14:22.349 :  
25-11-11 17:14:47.409 :       Model Name : BSRNet_regiondependent
25-11-11 17:15:01.841 :       Input Path : /root/media/quoc-huy/bsrgan-dataset/BSD100/
25-11-11 17:15:01.842 :      Output Path : /root/quoc-huy/BSRGAN/testsets/experimental-results/BSD100
25-11-11 17:15:01.843 : ---1 --> BSRNet_regiondependent --> x4--> 101085.png
25-11-11 17:15:02.658 : ----PSNR/SSIM for (/root/media/quoc-huy/bsrgan-dataset/BSD100/, x4)---- : 18.1096dB / 0.2289
25-11-11 17:15:02.658 : ---2 --> BSRNet_regiondependent --> x4--> 101087.png
25-11-11 17:15:02.821 : ----PSNR/SSIM for (/root/media/quoc-huy/bsrgan-dataset/BSD100/, x4)---- : 18.8558dB / 0.5899
25-11-11 17:15:02.821 : ---3 --> BSRNet_regiondependent --> x4--> 102061.png
25-11-11 17:15:02.983 : ----PSNR/SSIM for (/root/media/quoc-huy/bsrgan-dataset/BSD100/, x4)---- : 19.5635dB / 0.4489
25-11-11 17:15:02.983 : ---4 --> BSRNet_regiondependent --> x4--> 103070.png
25-11-11 17:15:03.148 : ----PSNR/SSIM for (/root/media/quoc-huy/bsrgan-dataset/BSD100/, x4)---- : 21.0015dB / 0.4359
25-11-11 17:15:03.148 : ---5 --> BSRNet_regiondependent --> x4--> 105025.png
25-11-11 17:15:03.309 : ----PSNR/SSIM for (/root/media/quoc-huy/bsrgan-dataset/BSD100/, x4)---- : 15.8395dB / 0.4040
25-11-11 17:15:03.309 : ---6 --> BSRNet_regiondependent --> x4--> 106024.png
25-11-11 17:15:03.465 : ----PSNR/SSIM for (/root/media/quoc-huy/bsrgan-dataset/BSD100/, x4)---- : 20.2886dB / 0.7050
25-11-11 17:15:03.465 : ---7 --> BSRNet_regiondependent --> x4--> 108005.png
25-11-11 17:15:03.670 : ----PSNR/SSIM for (/root/media/quoc-huy/bsrgan-dataset/BSD100/, x4)---- : 20.5301dB / 0.3934
25-11-11 17:15:03.672 : ---8 --> BSRNet_regiondependent --> x4--> 108070.png
25-11-11 17:15:03.828 : ----PSNR/SSIM for (/root/media/quoc-huy/bsrgan-dataset/BSD100/, x4)---- : 20.0651dB / 0.3663
25-11-11 17:15:03.828 : ---9 --> BSRNet_regiondependent --> x4--> 108082.png
25-11-11 17:15:04.010 : ----PSNR/SSIM for (/root/media/quoc-huy/bsrgan-dataset/BSD100/, x4)---- : 18.3093dB / 0.3505
25-11-11 17:15:04.011 : --10 --> BSRNet_regiondependent --> x4--> 109053.png
25-11-11 17:15:04.129 : ----PSNR/SSIM for (/root/media/quoc-huy/bsrgan-dataset/BSD100/, x4)---- : 21.6214dB / 0.5412
25-11-11 17:15:04.129 : --11 --> BSRNet_regiondependent --> x4--> 119082.png
25-11-11 17:15:04.306 : ----PSNR/SSIM for (/root/media/quoc-huy/bsrgan-dataset/BSD100/, x4)---- : 13.5753dB / 0.2323
25-11-11 17:15:04.306 : --12 --> BSRNet_regiondependent --> x4--> 12084.png
25-11-11 17:15:04.517 : ----PSNR/SSIM for (/root/media/quoc-huy/bsrgan-dataset/BSD100/, x4)---- : 21.7358dB / 0.3881
25-11-11 17:15:04.517 : --13 --> BSRNet_regiondependent --> x4--> 123074.png
25-11-11 17:15:04.648 : ----PSNR/SSIM for (/root/media/quoc-huy/bsrgan-dataset/BSD100/, x4)---- : 23.3996dB / 0.5043
25-11-11 17:15:04.648 : --14 --> BSRNet_regiondependent --> x4--> 126007.png
25-11-11 17:15:04.854 : ----PSNR/SSIM for (/root/media/quoc-huy/bsrgan-dataset/BSD100/, x4)---- : 21.4773dB / 0.6108
25-11-11 17:15:04.855 : --15 --> BSRNet_regiondependent --> x4--> 130026.png
25-11-11 17:15:05.027 : ----PSNR/SSIM for (/root/media/quoc-huy/bsrgan-dataset/BSD100/, x4)---- : 20.3960dB / 0.3847
25-11-11 17:15:05.027 : --16 --> BSRNet_regiondependent --> x4--> 134035.png
25-11-11 17:15:05.237 : ----PSNR/SSIM for (/root/media/quoc-huy/bsrgan-dataset/BSD100/, x4)---- : 16.3573dB / 0.2762
25-11-11 17:15:05.238 : --17 --> BSRNet_regiondependent --> x4--> 14037.png
25-11-11 17:15:05.389 : ----PSNR/SSIM for (/root/media/quoc-huy/bsrgan-dataset/BSD100/, x4)---- : 23.3890dB / 0.6887
25-11-11 17:15:05.390 : --18 --> BSRNet_regiondependent --> x4--> 143090.png
25-11-11 17:15:05.510 : ----PSNR/SSIM for (/root/media/quoc-huy/bsrgan-dataset/BSD100/, x4)---- : 20.9982dB / 0.7005
25-11-11 17:15:05.510 : --19 --> BSRNet_regiondependent --> x4--> 145086.png
25-11-11 17:15:05.689 : ----PSNR/SSIM for (/root/media/quoc-huy/bsrgan-dataset/BSD100/, x4)---- : 19.2209dB / 0.4766
25-11-11 17:15:05.689 : --20 --> BSRNet_regiondependent --> x4--> 147091.png
25-11-11 17:15:05.862 : ----PSNR/SSIM for (/root/media/quoc-huy/bsrgan-dataset/BSD100/, x4)---- : 18.6824dB / 0.5863
25-11-11 17:15:05.863 : --21 --> BSRNet_regiondependent --> x4--> 148026.png
25-11-11 17:15:06.088 : ----PSNR/SSIM for (/root/media/quoc-huy/bsrgan-dataset/BSD100/, x4)---- : 15.9256dB / 0.2800
25-11-11 17:15:06.089 : --22 --> BSRNet_regiondependent --> x4--> 148089.png
25-11-11 17:15:06.247 : ----PSNR/SSIM for (/root/media/quoc-huy/bsrgan-dataset/BSD100/, x4)---- : 17.5745dB / 0.2381
25-11-11 17:15:06.248 : --23 --> BSRNet_regiondependent --> x4--> 156065.png
25-11-11 17:15:06.453 : ----PSNR/SSIM for (/root/media/quoc-huy/bsrgan-dataset/BSD100/, x4)---- : 19.2253dB / 0.3446
25-11-11 17:15:06.454 : --24 --> BSRNet_regiondependent --> x4--> 157055.png
25-11-11 17:15:06.614 : ----PSNR/SSIM for (/root/media/quoc-huy/bsrgan-dataset/BSD100/, x4)---- : 20.1402dB / 0.5399
25-11-11 17:15:06.614 : --25 --> BSRNet_regiondependent --> x4--> 159008.png
25-11-11 17:15:06.850 : ----PSNR/SSIM for (/root/media/quoc-huy/bsrgan-dataset/BSD100/, x4)---- : 16.7165dB / 0.3400
25-11-11 17:15:06.851 : --26 --> BSRNet_regiondependent --> x4--> 160068.png
25-11-11 17:15:07.011 : ----PSNR/SSIM for (/root/media/quoc-huy/bsrgan-dataset/BSD100/, x4)---- : 19.9873dB / 0.6165
25-11-11 17:15:07.011 : --27 --> BSRNet_regiondependent --> x4--> 16077.png
25-11-11 17:15:07.173 : ----PSNR/SSIM for (/root/media/quoc-huy/bsrgan-dataset/BSD100/, x4)---- : 19.7901dB / 0.3170
25-11-11 17:15:07.174 : --28 --> BSRNet_regiondependent --> x4--> 163085.png
25-11-11 17:15:07.330 : ----PSNR/SSIM for (/root/media/quoc-huy/bsrgan-dataset/BSD100/, x4)---- : 15.1463dB / 0.2235
25-11-11 17:15:07.331 : --29 --> BSRNet_regiondependent --> x4--> 167062.png
25-11-11 17:15:07.492 : ----PSNR/SSIM for (/root/media/quoc-huy/bsrgan-dataset/BSD100/, x4)---- : 18.8296dB / 0.6988
25-11-11 17:15:07.492 : --30 --> BSRNet_regiondependent --> x4--> 167083.png
25-11-11 17:15:07.661 : ----PSNR/SSIM for (/root/media/quoc-huy/bsrgan-dataset/BSD100/, x4)---- : 16.7879dB / 0.2996
25-11-11 17:15:07.661 : --31 --> BSRNet_regiondependent --> x4--> 170057.png
25-11-11 17:15:07.826 : ----PSNR/SSIM for (/root/media/quoc-huy/bsrgan-dataset/BSD100/, x4)---- : 23.4974dB / 0.5700
25-11-11 17:15:07.827 : --32 --> BSRNet_regiondependent --> x4--> 175032.png
25-11-11 17:15:07.985 : ----PSNR/SSIM for (/root/media/quoc-huy/bsrgan-dataset/BSD100/, x4)---- : 16.2363dB / 0.1066
25-11-11 17:15:07.985 : --33 --> BSRNet_regiondependent --> x4--> 175043.png
25-11-11 17:15:08.139 : ----PSNR/SSIM for (/root/media/quoc-huy/bsrgan-dataset/BSD100/, x4)---- : 17.8248dB / 0.2448
25-11-11 17:15:08.140 : --34 --> BSRNet_regiondependent --> x4--> 182053.png
25-11-11 17:15:08.299 : ----PSNR/SSIM for (/root/media/quoc-huy/bsrgan-dataset/BSD100/, x4)---- : 18.2222dB / 0.4898
25-11-11 17:15:08.299 : --35 --> BSRNet_regiondependent --> x4--> 189080.png
25-11-11 17:15:08.442 : ----PSNR/SSIM for (/root/media/quoc-huy/bsrgan-dataset/BSD100/, x4)---- : 20.0672dB / 0.5922
25-11-11 17:15:08.442 : --36 --> BSRNet_regiondependent --> x4--> 19021.png
25-11-11 17:15:08.595 : ----PSNR/SSIM for (/root/media/quoc-huy/bsrgan-dataset/BSD100/, x4)---- : 18.5911dB / 0.2911
25-11-11 17:15:08.596 : --37 --> BSRNet_regiondependent --> x4--> 196073.png
25-11-11 17:15:08.752 : ----PSNR/SSIM for (/root/media/quoc-huy/bsrgan-dataset/BSD100/, x4)---- : 23.6267dB / 0.3612
25-11-11 17:15:08.752 : --38 --> BSRNet_regiondependent --> x4--> 197017.png
25-11-11 17:15:08.891 : ----PSNR/SSIM for (/root/media/quoc-huy/bsrgan-dataset/BSD100/, x4)---- : 18.4821dB / 0.3520
25-11-11 17:15:08.891 : --39 --> BSRNet_regiondependent --> x4--> 208001.png
25-11-11 17:15:09.058 : ----PSNR/SSIM for (/root/media/quoc-huy/bsrgan-dataset/BSD100/, x4)---- : 19.6549dB / 0.4106
25-11-11 17:15:09.058 : --40 --> BSRNet_regiondependent --> x4--> 210088.png
25-11-11 17:15:09.229 : ----PSNR/SSIM for (/root/media/quoc-huy/bsrgan-dataset/BSD100/, x4)---- : 17.4160dB / 0.5863
25-11-11 17:15:09.229 : --41 --> BSRNet_regiondependent --> x4--> 21077.png
25-11-11 17:15:09.383 : ----PSNR/SSIM for (/root/media/quoc-huy/bsrgan-dataset/BSD100/, x4)---- : 15.2117dB / 0.3067
25-11-11 17:15:09.384 : --42 --> BSRNet_regiondependent --> x4--> 216081.png
25-11-11 17:15:09.582 : ----PSNR/SSIM for (/root/media/quoc-huy/bsrgan-dataset/BSD100/, x4)---- : 18.0215dB / 0.3782
25-11-11 17:15:09.583 : --43 --> BSRNet_regiondependent --> x4--> 219090.png
25-11-11 17:15:09.743 : ----PSNR/SSIM for (/root/media/quoc-huy/bsrgan-dataset/BSD100/, x4)---- : 17.8739dB / 0.3455
25-11-11 17:15:09.744 : --44 --> BSRNet_regiondependent --> x4--> 220075.png
25-11-11 17:15:09.912 : ----PSNR/SSIM for (/root/media/quoc-huy/bsrgan-dataset/BSD100/, x4)---- : 16.8666dB / 0.4606
25-11-11 17:15:09.913 : --45 --> BSRNet_regiondependent --> x4--> 223061.png
25-11-11 17:15:10.089 : ----PSNR/SSIM for (/root/media/quoc-huy/bsrgan-dataset/BSD100/, x4)---- : 19.8555dB / 0.4047
25-11-11 17:15:10.089 : --46 --> BSRNet_regiondependent --> x4--> 227092.png
25-11-11 17:15:10.277 : ----PSNR/SSIM for (/root/media/quoc-huy/bsrgan-dataset/BSD100/, x4)---- : 27.1899dB / 0.7303
25-11-11 17:15:10.277 : --47 --> BSRNet_regiondependent --> x4--> 229036.png
25-11-11 17:15:10.445 : ----PSNR/SSIM for (/root/media/quoc-huy/bsrgan-dataset/BSD100/, x4)---- : 14.8638dB / 0.1580
25-11-11 17:15:10.445 : --48 --> BSRNet_regiondependent --> x4--> 236037.png
25-11-11 17:15:10.606 : ----PSNR/SSIM for (/root/media/quoc-huy/bsrgan-dataset/BSD100/, x4)---- : 18.4129dB / 0.2417
25-11-11 17:15:10.606 : --49 --> BSRNet_regiondependent --> x4--> 24077.png
25-11-11 17:15:10.757 : ----PSNR/SSIM for (/root/media/quoc-huy/bsrgan-dataset/BSD100/, x4)---- : 15.5645dB / 0.4114
25-11-11 17:15:10.757 : --50 --> BSRNet_regiondependent --> x4--> 241004.png
25-11-11 17:15:10.927 : ----PSNR/SSIM for (/root/media/quoc-huy/bsrgan-dataset/BSD100/, x4)---- : 23.5875dB / 0.6609
25-11-11 17:15:10.927 : --51 --> BSRNet_regiondependent --> x4--> 241048.png
25-11-11 17:15:11.081 : ----PSNR/SSIM for (/root/media/quoc-huy/bsrgan-dataset/BSD100/, x4)---- : 17.6248dB / 0.3246
25-11-11 17:15:11.081 : --52 --> BSRNet_regiondependent --> x4--> 253027.png
25-11-11 17:15:11.227 : ----PSNR/SSIM for (/root/media/quoc-huy/bsrgan-dataset/BSD100/, x4)---- : 16.2750dB / 0.3929
25-11-11 17:15:11.227 : --53 --> BSRNet_regiondependent --> x4--> 253055.png
25-11-11 17:15:11.421 : ----PSNR/SSIM for (/root/media/quoc-huy/bsrgan-dataset/BSD100/, x4)---- : 17.6632dB / 0.6691
25-11-11 17:15:11.421 : --54 --> BSRNet_regiondependent --> x4--> 260058.png
25-11-11 17:15:11.578 : ----PSNR/SSIM for (/root/media/quoc-huy/bsrgan-dataset/BSD100/, x4)---- : 21.1071dB / 0.6085
25-11-11 17:15:11.578 : --55 --> BSRNet_regiondependent --> x4--> 271035.png
25-11-11 17:15:11.734 : ----PSNR/SSIM for (/root/media/quoc-huy/bsrgan-dataset/BSD100/, x4)---- : 17.7255dB / 0.3108
25-11-11 17:15:11.735 : --56 --> BSRNet_regiondependent --> x4--> 285079.png
25-11-11 17:15:11.902 : ----PSNR/SSIM for (/root/media/quoc-huy/bsrgan-dataset/BSD100/, x4)---- : 17.1616dB / 0.3249
25-11-11 17:15:11.902 : --57 --> BSRNet_regiondependent --> x4--> 291000.png
25-11-11 17:15:12.048 : ----PSNR/SSIM for (/root/media/quoc-huy/bsrgan-dataset/BSD100/, x4)---- : 16.7385dB / 0.1401
25-11-11 17:15:12.048 : --58 --> BSRNet_regiondependent --> x4--> 295087.png
25-11-11 17:15:12.240 : ----PSNR/SSIM for (/root/media/quoc-huy/bsrgan-dataset/BSD100/, x4)---- : 23.3150dB / 0.5514
25-11-11 17:15:12.240 : --59 --> BSRNet_regiondependent --> x4--> 296007.png
25-11-11 17:15:12.392 : ----PSNR/SSIM for (/root/media/quoc-huy/bsrgan-dataset/BSD100/, x4)---- : 18.6850dB / 0.5937
25-11-11 17:15:12.392 : --60 --> BSRNet_regiondependent --> x4--> 296059.png
25-11-11 17:15:12.540 : ----PSNR/SSIM for (/root/media/quoc-huy/bsrgan-dataset/BSD100/, x4)---- : 23.0427dB / 0.4977
25-11-11 17:15:12.540 : --61 --> BSRNet_regiondependent --> x4--> 299086.png
25-11-11 17:15:12.736 : ----PSNR/SSIM for (/root/media/quoc-huy/bsrgan-dataset/BSD100/, x4)---- : 23.7503dB / 0.6500
25-11-11 17:15:12.737 : --62 --> BSRNet_regiondependent --> x4--> 300091.png
25-11-11 17:15:12.889 : ----PSNR/SSIM for (/root/media/quoc-huy/bsrgan-dataset/BSD100/, x4)---- : 22.4549dB / 0.5179
25-11-11 17:15:12.889 : --63 --> BSRNet_regiondependent --> x4--> 302008.png
25-11-11 17:15:13.048 : ----PSNR/SSIM for (/root/media/quoc-huy/bsrgan-dataset/BSD100/, x4)---- : 18.9965dB / 0.5139
25-11-11 17:15:13.048 : --64 --> BSRNet_regiondependent --> x4--> 304034.png
25-11-11 17:15:13.209 : ----PSNR/SSIM for (/root/media/quoc-huy/bsrgan-dataset/BSD100/, x4)---- : 17.4623dB / 0.2492
25-11-11 17:15:13.209 : --65 --> BSRNet_regiondependent --> x4--> 304074.png
25-11-11 17:15:13.369 : ----PSNR/SSIM for (/root/media/quoc-huy/bsrgan-dataset/BSD100/, x4)---- : 20.3031dB / 0.3263
25-11-11 17:15:13.370 : --66 --> BSRNet_regiondependent --> x4--> 306005.png
25-11-11 17:15:13.543 : ----PSNR/SSIM for (/root/media/quoc-huy/bsrgan-dataset/BSD100/, x4)---- : 23.2100dB / 0.5955
25-11-11 17:15:13.544 : --67 --> BSRNet_regiondependent --> x4--> 3096.png
25-11-11 17:15:13.727 : ----PSNR/SSIM for (/root/media/quoc-huy/bsrgan-dataset/BSD100/, x4)---- : 15.2209dB / 0.8456
25-11-11 17:15:13.727 : --68 --> BSRNet_regiondependent --> x4--> 33039.png
25-11-11 17:15:13.915 : ----PSNR/SSIM for (/root/media/quoc-huy/bsrgan-dataset/BSD100/, x4)---- : 13.7738dB / 0.1069
25-11-11 17:15:13.916 : --69 --> BSRNet_regiondependent --> x4--> 351093.png
25-11-11 17:15:14.076 : ----PSNR/SSIM for (/root/media/quoc-huy/bsrgan-dataset/BSD100/, x4)---- : 17.1297dB / 0.3261
25-11-11 17:15:14.076 : --70 --> BSRNet_regiondependent --> x4--> 361010.png
25-11-11 17:15:14.210 : ----PSNR/SSIM for (/root/media/quoc-huy/bsrgan-dataset/BSD100/, x4)---- : 19.3314dB / 0.4972
25-11-11 17:15:14.210 : --71 --> BSRNet_regiondependent --> x4--> 37073.png
25-11-11 17:15:14.380 : ----PSNR/SSIM for (/root/media/quoc-huy/bsrgan-dataset/BSD100/, x4)---- : 20.0951dB / 0.5778
25-11-11 17:15:14.381 : --72 --> BSRNet_regiondependent --> x4--> 376043.png
25-11-11 17:15:14.535 : ----PSNR/SSIM for (/root/media/quoc-huy/bsrgan-dataset/BSD100/, x4)---- : 19.9967dB / 0.2678
25-11-11 17:15:14.535 : --73 --> BSRNet_regiondependent --> x4--> 38082.png
25-11-11 17:15:14.679 : ----PSNR/SSIM for (/root/media/quoc-huy/bsrgan-dataset/BSD100/, x4)---- : 19.6034dB / 0.3914
25-11-11 17:15:14.679 : --74 --> BSRNet_regiondependent --> x4--> 38092.png
25-11-11 17:15:14.850 : ----PSNR/SSIM for (/root/media/quoc-huy/bsrgan-dataset/BSD100/, x4)---- : 20.4955dB / 0.4017
25-11-11 17:15:14.850 : --75 --> BSRNet_regiondependent --> x4--> 385039.png
25-11-11 17:15:15.008 : ----PSNR/SSIM for (/root/media/quoc-huy/bsrgan-dataset/BSD100/, x4)---- : 17.5519dB / 0.4058
25-11-11 17:15:15.008 : --76 --> BSRNet_regiondependent --> x4--> 41033.png
25-11-11 17:15:15.191 : ----PSNR/SSIM for (/root/media/quoc-huy/bsrgan-dataset/BSD100/, x4)---- : 20.0490dB / 0.5109
25-11-11 17:15:15.192 : --77 --> BSRNet_regiondependent --> x4--> 41069.png
25-11-11 17:15:15.350 : ----PSNR/SSIM for (/root/media/quoc-huy/bsrgan-dataset/BSD100/, x4)---- : 19.1110dB / 0.1989
25-11-11 17:15:15.350 : --78 --> BSRNet_regiondependent --> x4--> 42012.png
25-11-11 17:15:15.528 : ----PSNR/SSIM for (/root/media/quoc-huy/bsrgan-dataset/BSD100/, x4)---- : 20.3894dB / 0.4840
25-11-11 17:15:15.528 : --79 --> BSRNet_regiondependent --> x4--> 42049.png
25-11-11 17:15:15.663 : ----PSNR/SSIM for (/root/media/quoc-huy/bsrgan-dataset/BSD100/, x4)---- : 17.5480dB / 0.7263
25-11-11 17:15:15.663 : --80 --> BSRNet_regiondependent --> x4--> 43074.png
25-11-11 17:15:15.830 : ----PSNR/SSIM for (/root/media/quoc-huy/bsrgan-dataset/BSD100/, x4)---- : 16.9642dB / 0.5863
25-11-11 17:15:15.830 : --81 --> BSRNet_regiondependent --> x4--> 45096.png
25-11-11 17:15:16.023 : ----PSNR/SSIM for (/root/media/quoc-huy/bsrgan-dataset/BSD100/, x4)---- : 26.9642dB / 0.7940
25-11-11 17:15:16.024 : --82 --> BSRNet_regiondependent --> x4--> 54082.png
25-11-11 17:15:16.188 : ----PSNR/SSIM for (/root/media/quoc-huy/bsrgan-dataset/BSD100/, x4)---- : 16.1779dB / 0.2928
25-11-11 17:15:16.189 : --83 --> BSRNet_regiondependent --> x4--> 55073.png
25-11-11 17:15:16.348 : ----PSNR/SSIM for (/root/media/quoc-huy/bsrgan-dataset/BSD100/, x4)---- : 17.9777dB / 0.2202
25-11-11 17:15:16.348 : --84 --> BSRNet_regiondependent --> x4--> 58060.png
25-11-11 17:15:16.518 : ----PSNR/SSIM for (/root/media/quoc-huy/bsrgan-dataset/BSD100/, x4)---- : 15.1310dB / 0.1833
25-11-11 17:15:16.518 : --85 --> BSRNet_regiondependent --> x4--> 62096.png
25-11-11 17:15:16.666 : ----PSNR/SSIM for (/root/media/quoc-huy/bsrgan-dataset/BSD100/, x4)---- : 17.8993dB / 0.4217
25-11-11 17:15:16.666 : --86 --> BSRNet_regiondependent --> x4--> 65033.png
25-11-11 17:15:16.849 : ----PSNR/SSIM for (/root/media/quoc-huy/bsrgan-dataset/BSD100/, x4)---- : 17.6843dB / 0.2411
25-11-11 17:15:16.849 : --87 --> BSRNet_regiondependent --> x4--> 66053.png
25-11-11 17:15:17.049 : ----PSNR/SSIM for (/root/media/quoc-huy/bsrgan-dataset/BSD100/, x4)---- : 20.6498dB / 0.3844
25-11-11 17:15:17.049 : --88 --> BSRNet_regiondependent --> x4--> 69015.png
25-11-11 17:15:17.187 : ----PSNR/SSIM for (/root/media/quoc-huy/bsrgan-dataset/BSD100/, x4)---- : 20.9276dB / 0.5075
25-11-11 17:15:17.187 : --89 --> BSRNet_regiondependent --> x4--> 69020.png
25-11-11 17:15:17.360 : ----PSNR/SSIM for (/root/media/quoc-huy/bsrgan-dataset/BSD100/, x4)---- : 21.5181dB / 0.2803
25-11-11 17:15:17.361 : --90 --> BSRNet_regiondependent --> x4--> 69040.png
25-11-11 17:15:17.537 : ----PSNR/SSIM for (/root/media/quoc-huy/bsrgan-dataset/BSD100/, x4)---- : 15.5817dB / 0.1912
25-11-11 17:15:17.538 : --91 --> BSRNet_regiondependent --> x4--> 76053.png
25-11-11 17:15:17.746 : ----PSNR/SSIM for (/root/media/quoc-huy/bsrgan-dataset/BSD100/, x4)---- : 19.9934dB / 0.2775
25-11-11 17:15:17.747 : --92 --> BSRNet_regiondependent --> x4--> 78004.png
25-11-11 17:15:17.909 : ----PSNR/SSIM for (/root/media/quoc-huy/bsrgan-dataset/BSD100/, x4)---- : 21.2456dB / 0.4800
25-11-11 17:15:17.910 : --93 --> BSRNet_regiondependent --> x4--> 8023.png
25-11-11 17:15:18.033 : ----PSNR/SSIM for (/root/media/quoc-huy/bsrgan-dataset/BSD100/, x4)---- : 22.4237dB / 0.5782
25-11-11 17:15:18.033 : --94 --> BSRNet_regiondependent --> x4--> 85048.png
25-11-11 17:15:18.205 : ----PSNR/SSIM for (/root/media/quoc-huy/bsrgan-dataset/BSD100/, x4)---- : 18.4533dB / 0.3594
25-11-11 17:15:18.205 : --95 --> BSRNet_regiondependent --> x4--> 86000.png
25-11-11 17:15:18.380 : ----PSNR/SSIM for (/root/media/quoc-huy/bsrgan-dataset/BSD100/, x4)---- : 18.8450dB / 0.4764
25-11-11 17:15:18.381 : --96 --> BSRNet_regiondependent --> x4--> 86016.png
25-11-11 17:15:18.580 : ----PSNR/SSIM for (/root/media/quoc-huy/bsrgan-dataset/BSD100/, x4)---- : 19.1622dB / 0.1380
25-11-11 17:15:18.580 : --97 --> BSRNet_regiondependent --> x4--> 86068.png
25-11-11 17:15:18.747 : ----PSNR/SSIM for (/root/media/quoc-huy/bsrgan-dataset/BSD100/, x4)---- : 20.7293dB / 0.3271
25-11-11 17:15:18.747 : --98 --> BSRNet_regiondependent --> x4--> 87046.png
25-11-11 17:15:18.958 : ----PSNR/SSIM for (/root/media/quoc-huy/bsrgan-dataset/BSD100/, x4)---- : 17.5608dB / 0.3697
25-11-11 17:15:18.959 : --99 --> BSRNet_regiondependent --> x4--> 89072.png
25-11-11 17:15:19.089 : ----PSNR/SSIM for (/root/media/quoc-huy/bsrgan-dataset/BSD100/, x4)---- : 19.7614dB / 0.3479
25-11-11 17:15:19.089 : -100 --> BSRNet_regiondependent --> x4--> 97033.png
25-11-11 17:15:19.262 : ----PSNR/SSIM for (/root/media/quoc-huy/bsrgan-dataset/BSD100/, x4)---- : 16.9334dB / 0.3491
25-11-11 17:15:19.262 : ----Average PSNR/SSIM for (/root/media/quoc-huy/bsrgan-dataset/BSD100/, x4)---- : 19.1300dB / 0.4213
25-11-11 17:15:19.262 :  
25-11-11 17:15:50.037 :       Model Name : BSRNet_regiondependent
25-11-11 17:16:06.488 :       Input Path : /root/media/quoc-huy/bsrgan-dataset/Urban100/
25-11-11 17:16:06.488 :      Output Path : /root/quoc-huy/BSRGAN/testsets/experimental-results/Urban100
25-11-11 17:16:06.488 : ---1 --> BSRNet_regiondependent --> x4--> img_001.png
25-11-11 17:16:07.816 : ----PSNR/SSIM for (/root/media/quoc-huy/bsrgan-dataset/Urban100/, x4)---- : 17.7186dB / 0.3837
25-11-11 17:16:07.816 : ---2 --> BSRNet_regiondependent --> x4--> img_002.png
25-11-11 17:16:08.672 : ----PSNR/SSIM for (/root/media/quoc-huy/bsrgan-dataset/Urban100/, x4)---- : 17.0898dB / 0.3712
25-11-11 17:16:08.673 : ---3 --> BSRNet_regiondependent --> x4--> img_003.png
25-11-11 17:16:09.596 : ----PSNR/SSIM for (/root/media/quoc-huy/bsrgan-dataset/Urban100/, x4)---- : 17.5237dB / 0.3984
25-11-11 17:16:09.596 : ---4 --> BSRNet_regiondependent --> x4--> img_004.png
25-11-11 17:16:10.612 : ----PSNR/SSIM for (/root/media/quoc-huy/bsrgan-dataset/Urban100/, x4)---- : 13.8976dB / 0.1815
25-11-11 17:16:10.612 : ---5 --> BSRNet_regiondependent --> x4--> img_005.png
25-11-11 17:16:11.736 : ----PSNR/SSIM for (/root/media/quoc-huy/bsrgan-dataset/Urban100/, x4)---- : 15.0026dB / 0.5128
25-11-11 17:16:11.736 : ---6 --> BSRNet_regiondependent --> x4--> img_006.png
25-11-11 17:16:13.156 : ----PSNR/SSIM for (/root/media/quoc-huy/bsrgan-dataset/Urban100/, x4)---- : 15.9645dB / 0.2090
25-11-11 17:16:13.157 : ---7 --> BSRNet_regiondependent --> x4--> img_007.png
25-11-11 17:16:13.911 : ----PSNR/SSIM for (/root/media/quoc-huy/bsrgan-dataset/Urban100/, x4)---- : 20.3441dB / 0.5100
25-11-11 17:16:13.911 : ---8 --> BSRNet_regiondependent --> x4--> img_008.png
25-11-11 17:16:14.544 : ----PSNR/SSIM for (/root/media/quoc-huy/bsrgan-dataset/Urban100/, x4)---- : 14.4751dB / 0.1523
25-11-11 17:16:14.544 : ---9 --> BSRNet_regiondependent --> x4--> img_009.png
25-11-11 17:16:15.553 : ----PSNR/SSIM for (/root/media/quoc-huy/bsrgan-dataset/Urban100/, x4)---- : 25.0025dB / 0.7589
25-11-11 17:16:15.553 : --10 --> BSRNet_regiondependent --> x4--> img_010.png
25-11-11 17:16:16.553 : ----PSNR/SSIM for (/root/media/quoc-huy/bsrgan-dataset/Urban100/, x4)---- : 16.9784dB / 0.6490
25-11-11 17:16:16.554 : --11 --> BSRNet_regiondependent --> x4--> img_011.png
25-11-11 17:16:17.339 : ----PSNR/SSIM for (/root/media/quoc-huy/bsrgan-dataset/Urban100/, x4)---- : 10.6600dB / 0.2169
25-11-11 17:16:17.339 : --12 --> BSRNet_regiondependent --> x4--> img_012.png
25-11-11 17:16:18.238 : ----PSNR/SSIM for (/root/media/quoc-huy/bsrgan-dataset/Urban100/, x4)---- : 16.8344dB / 0.3607
25-11-11 17:16:18.238 : --13 --> BSRNet_regiondependent --> x4--> img_013.png
25-11-11 17:16:19.080 : ----PSNR/SSIM for (/root/media/quoc-huy/bsrgan-dataset/Urban100/, x4)---- : 18.3318dB / 0.4335
25-11-11 17:16:19.081 : --14 --> BSRNet_regiondependent --> x4--> img_014.png
25-11-11 17:16:20.117 : ----PSNR/SSIM for (/root/media/quoc-huy/bsrgan-dataset/Urban100/, x4)---- : 16.7922dB / 0.2985
25-11-11 17:16:20.117 : --15 --> BSRNet_regiondependent --> x4--> img_015.png
25-11-11 17:16:20.967 : ----PSNR/SSIM for (/root/media/quoc-huy/bsrgan-dataset/Urban100/, x4)---- : 17.7636dB / 0.3819
25-11-11 17:16:20.967 : --16 --> BSRNet_regiondependent --> x4--> img_016.png
25-11-11 17:16:22.602 : ----PSNR/SSIM for (/root/media/quoc-huy/bsrgan-dataset/Urban100/, x4)---- : 17.8512dB / 0.3658
25-11-11 17:16:22.602 : --17 --> BSRNet_regiondependent --> x4--> img_017.png
25-11-11 17:16:23.759 : ----PSNR/SSIM for (/root/media/quoc-huy/bsrgan-dataset/Urban100/, x4)---- : 16.5621dB / 0.4552
25-11-11 17:16:23.759 : --18 --> BSRNet_regiondependent --> x4--> img_018.png
25-11-11 17:16:24.624 : ----PSNR/SSIM for (/root/media/quoc-huy/bsrgan-dataset/Urban100/, x4)---- : 16.4462dB / 0.1978
25-11-11 17:16:24.625 : --19 --> BSRNet_regiondependent --> x4--> img_019.png
25-11-11 17:16:25.450 : ----PSNR/SSIM for (/root/media/quoc-huy/bsrgan-dataset/Urban100/, x4)---- : 14.5627dB / 0.4061
25-11-11 17:16:25.451 : --20 --> BSRNet_regiondependent --> x4--> img_020.png
25-11-11 17:16:26.865 : ----PSNR/SSIM for (/root/media/quoc-huy/bsrgan-dataset/Urban100/, x4)---- : 16.6022dB / 0.4025
25-11-11 17:16:26.865 : --21 --> BSRNet_regiondependent --> x4--> img_021.png
25-11-11 17:16:27.848 : ----PSNR/SSIM for (/root/media/quoc-huy/bsrgan-dataset/Urban100/, x4)---- : 18.7094dB / 0.4970
25-11-11 17:16:27.848 : --22 --> BSRNet_regiondependent --> x4--> img_022.png
25-11-11 17:16:28.558 : ----PSNR/SSIM for (/root/media/quoc-huy/bsrgan-dataset/Urban100/, x4)---- : 16.9916dB / 0.4744
25-11-11 17:16:28.558 : --23 --> BSRNet_regiondependent --> x4--> img_023.png
25-11-11 17:16:29.622 : ----PSNR/SSIM for (/root/media/quoc-huy/bsrgan-dataset/Urban100/, x4)---- : 15.4723dB / 0.1676
25-11-11 17:16:29.622 : --24 --> BSRNet_regiondependent --> x4--> img_024.png
25-11-11 17:16:30.229 : ----PSNR/SSIM for (/root/media/quoc-huy/bsrgan-dataset/Urban100/, x4)---- : 14.2151dB / 0.2277
25-11-11 17:16:30.230 : --25 --> BSRNet_regiondependent --> x4--> img_025.png
25-11-11 17:16:31.041 : ----PSNR/SSIM for (/root/media/quoc-huy/bsrgan-dataset/Urban100/, x4)---- : 17.7694dB / 0.5264
25-11-11 17:16:31.042 : --26 --> BSRNet_regiondependent --> x4--> img_026.png
25-11-11 17:16:31.856 : ----PSNR/SSIM for (/root/media/quoc-huy/bsrgan-dataset/Urban100/, x4)---- : 20.4039dB / 0.4691
25-11-11 17:16:31.857 : --27 --> BSRNet_regiondependent --> x4--> img_027.png
25-11-11 17:16:32.820 : ----PSNR/SSIM for (/root/media/quoc-huy/bsrgan-dataset/Urban100/, x4)---- : 20.7412dB / 0.4552
25-11-11 17:16:32.820 : --28 --> BSRNet_regiondependent --> x4--> img_028.png
25-11-11 17:16:33.646 : ----PSNR/SSIM for (/root/media/quoc-huy/bsrgan-dataset/Urban100/, x4)---- : 17.9100dB / 0.3656
25-11-11 17:16:33.646 : --29 --> BSRNet_regiondependent --> x4--> img_029.png
25-11-11 17:16:34.440 : ----PSNR/SSIM for (/root/media/quoc-huy/bsrgan-dataset/Urban100/, x4)---- : 18.7523dB / 0.5111
25-11-11 17:16:34.440 : --30 --> BSRNet_regiondependent --> x4--> img_030.png
25-11-11 17:16:35.115 : ----PSNR/SSIM for (/root/media/quoc-huy/bsrgan-dataset/Urban100/, x4)---- : 16.3918dB / 0.3219
25-11-11 17:16:35.115 : --31 --> BSRNet_regiondependent --> x4--> img_031.png
25-11-11 17:16:35.806 : ----PSNR/SSIM for (/root/media/quoc-huy/bsrgan-dataset/Urban100/, x4)---- : 18.2571dB / 0.3452
25-11-11 17:16:35.806 : --32 --> BSRNet_regiondependent --> x4--> img_032.png
25-11-11 17:16:36.507 : ----PSNR/SSIM for (/root/media/quoc-huy/bsrgan-dataset/Urban100/, x4)---- : 21.1617dB / 0.6006
25-11-11 17:16:36.507 : --33 --> BSRNet_regiondependent --> x4--> img_033.png
25-11-11 17:16:37.336 : ----PSNR/SSIM for (/root/media/quoc-huy/bsrgan-dataset/Urban100/, x4)---- : 18.9851dB / 0.5013
25-11-11 17:16:37.336 : --34 --> BSRNet_regiondependent --> x4--> img_034.png
25-11-11 17:16:38.045 : ----PSNR/SSIM for (/root/media/quoc-huy/bsrgan-dataset/Urban100/, x4)---- : 15.2733dB / 0.2256
25-11-11 17:16:38.045 : --35 --> BSRNet_regiondependent --> x4--> img_035.png
25-11-11 17:16:38.786 : ----PSNR/SSIM for (/root/media/quoc-huy/bsrgan-dataset/Urban100/, x4)---- : 18.1360dB / 0.5322
25-11-11 17:16:38.786 : --36 --> BSRNet_regiondependent --> x4--> img_036.png
25-11-11 17:16:39.599 : ----PSNR/SSIM for (/root/media/quoc-huy/bsrgan-dataset/Urban100/, x4)---- : 21.2355dB / 0.6510
25-11-11 17:16:39.599 : --37 --> BSRNet_regiondependent --> x4--> img_037.png
25-11-11 17:16:40.452 : ----PSNR/SSIM for (/root/media/quoc-huy/bsrgan-dataset/Urban100/, x4)---- : 16.2963dB / 0.3621
25-11-11 17:16:40.453 : --38 --> BSRNet_regiondependent --> x4--> img_038.png
25-11-11 17:16:41.322 : ----PSNR/SSIM for (/root/media/quoc-huy/bsrgan-dataset/Urban100/, x4)---- : 20.5055dB / 0.3442
25-11-11 17:16:41.322 : --39 --> BSRNet_regiondependent --> x4--> img_039.png
25-11-11 17:16:42.129 : ----PSNR/SSIM for (/root/media/quoc-huy/bsrgan-dataset/Urban100/, x4)---- : 14.0169dB / 0.2626
25-11-11 17:16:42.129 : --40 --> BSRNet_regiondependent --> x4--> img_040.png
25-11-11 17:16:42.818 : ----PSNR/SSIM for (/root/media/quoc-huy/bsrgan-dataset/Urban100/, x4)---- : 9.7133dB / 0.2753
25-11-11 17:16:42.818 : --41 --> BSRNet_regiondependent --> x4--> img_041.png
25-11-11 17:16:43.544 : ----PSNR/SSIM for (/root/media/quoc-huy/bsrgan-dataset/Urban100/, x4)---- : 12.8461dB / 0.2974
25-11-11 17:16:43.544 : --42 --> BSRNet_regiondependent --> x4--> img_042.png
25-11-11 17:16:44.285 : ----PSNR/SSIM for (/root/media/quoc-huy/bsrgan-dataset/Urban100/, x4)---- : 16.0070dB / 0.4400
25-11-11 17:16:44.285 : --43 --> BSRNet_regiondependent --> x4--> img_043.png
25-11-11 17:16:45.163 : ----PSNR/SSIM for (/root/media/quoc-huy/bsrgan-dataset/Urban100/, x4)---- : 12.0091dB / 0.3389
25-11-11 17:16:45.164 : --44 --> BSRNet_regiondependent --> x4--> img_044.png
25-11-11 17:16:45.905 : ----PSNR/SSIM for (/root/media/quoc-huy/bsrgan-dataset/Urban100/, x4)---- : 19.4017dB / 0.3657
25-11-11 17:16:45.905 : --45 --> BSRNet_regiondependent --> x4--> img_045.png
25-11-11 17:16:46.808 : ----PSNR/SSIM for (/root/media/quoc-huy/bsrgan-dataset/Urban100/, x4)---- : 17.9476dB / 0.4037
25-11-11 17:16:46.808 : --46 --> BSRNet_regiondependent --> x4--> img_046.png
25-11-11 17:16:47.642 : ----PSNR/SSIM for (/root/media/quoc-huy/bsrgan-dataset/Urban100/, x4)---- : 17.9721dB / 0.5315
25-11-11 17:16:47.642 : --47 --> BSRNet_regiondependent --> x4--> img_047.png
25-11-11 17:16:48.340 : ----PSNR/SSIM for (/root/media/quoc-huy/bsrgan-dataset/Urban100/, x4)---- : 15.9518dB / 0.2984
25-11-11 17:16:48.340 : --48 --> BSRNet_regiondependent --> x4--> img_048.png
25-11-11 17:16:49.164 : ----PSNR/SSIM for (/root/media/quoc-huy/bsrgan-dataset/Urban100/, x4)---- : 14.9894dB / 0.5243
25-11-11 17:16:49.164 : --49 --> BSRNet_regiondependent --> x4--> img_049.png
25-11-11 17:16:49.925 : ----PSNR/SSIM for (/root/media/quoc-huy/bsrgan-dataset/Urban100/, x4)---- : 12.3644dB / 0.1774
25-11-11 17:16:49.925 : --50 --> BSRNet_regiondependent --> x4--> img_050.png
25-11-11 17:16:50.676 : ----PSNR/SSIM for (/root/media/quoc-huy/bsrgan-dataset/Urban100/, x4)---- : 17.7314dB / 0.3620
25-11-11 17:16:50.676 : --51 --> BSRNet_regiondependent --> x4--> img_051.png
25-11-11 17:16:51.377 : ----PSNR/SSIM for (/root/media/quoc-huy/bsrgan-dataset/Urban100/, x4)---- : 19.1911dB / 0.4924
25-11-11 17:16:51.378 : --52 --> BSRNet_regiondependent --> x4--> img_052.png
25-11-11 17:16:52.144 : ----PSNR/SSIM for (/root/media/quoc-huy/bsrgan-dataset/Urban100/, x4)---- : 13.5464dB / 0.3517
25-11-11 17:16:52.144 : --53 --> BSRNet_regiondependent --> x4--> img_053.png
25-11-11 17:16:52.923 : ----PSNR/SSIM for (/root/media/quoc-huy/bsrgan-dataset/Urban100/, x4)---- : 14.9252dB / 0.2690
25-11-11 17:16:52.923 : --54 --> BSRNet_regiondependent --> x4--> img_054.png
25-11-11 17:16:53.746 : ----PSNR/SSIM for (/root/media/quoc-huy/bsrgan-dataset/Urban100/, x4)---- : 14.4212dB / 0.2946
25-11-11 17:16:53.746 : --55 --> BSRNet_regiondependent --> x4--> img_055.png
25-11-11 17:16:54.615 : ----PSNR/SSIM for (/root/media/quoc-huy/bsrgan-dataset/Urban100/, x4)---- : 19.6796dB / 0.5604
25-11-11 17:16:54.615 : --56 --> BSRNet_regiondependent --> x4--> img_056.png
25-11-11 17:16:55.399 : ----PSNR/SSIM for (/root/media/quoc-huy/bsrgan-dataset/Urban100/, x4)---- : 15.7757dB / 0.2738
25-11-11 17:16:55.399 : --57 --> BSRNet_regiondependent --> x4--> img_057.png
25-11-11 17:16:56.198 : ----PSNR/SSIM for (/root/media/quoc-huy/bsrgan-dataset/Urban100/, x4)---- : 20.8350dB / 0.4842
25-11-11 17:16:56.198 : --58 --> BSRNet_regiondependent --> x4--> img_058.png
25-11-11 17:16:57.037 : ----PSNR/SSIM for (/root/media/quoc-huy/bsrgan-dataset/Urban100/, x4)---- : 19.1691dB / 0.5475
25-11-11 17:16:57.037 : --59 --> BSRNet_regiondependent --> x4--> img_059.png
25-11-11 17:16:57.674 : ----PSNR/SSIM for (/root/media/quoc-huy/bsrgan-dataset/Urban100/, x4)---- : 17.4305dB / 0.5229
25-11-11 17:16:57.674 : --60 --> BSRNet_regiondependent --> x4--> img_060.png
25-11-11 17:16:58.404 : ----PSNR/SSIM for (/root/media/quoc-huy/bsrgan-dataset/Urban100/, x4)---- : 15.8695dB / 0.1998
25-11-11 17:16:58.404 : --61 --> BSRNet_regiondependent --> x4--> img_061.png
25-11-11 17:16:59.040 : ----PSNR/SSIM for (/root/media/quoc-huy/bsrgan-dataset/Urban100/, x4)---- : 16.4124dB / 0.3434
25-11-11 17:16:59.040 : --62 --> BSRNet_regiondependent --> x4--> img_062.png
25-11-11 17:16:59.749 : ----PSNR/SSIM for (/root/media/quoc-huy/bsrgan-dataset/Urban100/, x4)---- : 15.3498dB / 0.3565
25-11-11 17:16:59.750 : --63 --> BSRNet_regiondependent --> x4--> img_063.png
25-11-11 17:17:00.956 : ----PSNR/SSIM for (/root/media/quoc-huy/bsrgan-dataset/Urban100/, x4)---- : 15.9882dB / 0.3383
25-11-11 17:17:00.957 : --64 --> BSRNet_regiondependent --> x4--> img_064.png
25-11-11 17:17:01.726 : ----PSNR/SSIM for (/root/media/quoc-huy/bsrgan-dataset/Urban100/, x4)---- : 17.6203dB / 0.3517
25-11-11 17:17:01.726 : --65 --> BSRNet_regiondependent --> x4--> img_065.png
25-11-11 17:17:02.463 : ----PSNR/SSIM for (/root/media/quoc-huy/bsrgan-dataset/Urban100/, x4)---- : 17.3214dB / 0.2702
25-11-11 17:17:02.463 : --66 --> BSRNet_regiondependent --> x4--> img_066.png
25-11-11 17:17:03.313 : ----PSNR/SSIM for (/root/media/quoc-huy/bsrgan-dataset/Urban100/, x4)---- : 15.9695dB / 0.3096
25-11-11 17:17:03.313 : --67 --> BSRNet_regiondependent --> x4--> img_067.png
25-11-11 17:17:04.109 : ----PSNR/SSIM for (/root/media/quoc-huy/bsrgan-dataset/Urban100/, x4)---- : 12.7580dB / 0.4074
25-11-11 17:17:04.109 : --68 --> BSRNet_regiondependent --> x4--> img_068.png
25-11-11 17:17:05.167 : ----PSNR/SSIM for (/root/media/quoc-huy/bsrgan-dataset/Urban100/, x4)---- : 16.5203dB / 0.2394
25-11-11 17:17:05.168 : --69 --> BSRNet_regiondependent --> x4--> img_069.png
25-11-11 17:17:06.221 : ----PSNR/SSIM for (/root/media/quoc-huy/bsrgan-dataset/Urban100/, x4)---- : 17.2350dB / 0.3823
25-11-11 17:17:06.222 : --70 --> BSRNet_regiondependent --> x4--> img_070.png
25-11-11 17:17:07.074 : ----PSNR/SSIM for (/root/media/quoc-huy/bsrgan-dataset/Urban100/, x4)---- : 16.1340dB / 0.3517
25-11-11 17:17:07.074 : --71 --> BSRNet_regiondependent --> x4--> img_071.png
25-11-11 17:17:07.923 : ----PSNR/SSIM for (/root/media/quoc-huy/bsrgan-dataset/Urban100/, x4)---- : 19.9371dB / 0.2972
25-11-11 17:17:07.923 : --72 --> BSRNet_regiondependent --> x4--> img_072.png
25-11-11 17:17:08.818 : ----PSNR/SSIM for (/root/media/quoc-huy/bsrgan-dataset/Urban100/, x4)---- : 10.7106dB / 0.1906
25-11-11 17:17:08.818 : --73 --> BSRNet_regiondependent --> x4--> img_073.png
25-11-11 17:17:09.684 : ----PSNR/SSIM for (/root/media/quoc-huy/bsrgan-dataset/Urban100/, x4)---- : 14.9129dB / 0.1196
25-11-11 17:17:09.684 : --74 --> BSRNet_regiondependent --> x4--> img_074.png
25-11-11 17:17:10.504 : ----PSNR/SSIM for (/root/media/quoc-huy/bsrgan-dataset/Urban100/, x4)---- : 18.3766dB / 0.3972
25-11-11 17:17:10.504 : --75 --> BSRNet_regiondependent --> x4--> img_075.png
25-11-11 17:17:11.184 : ----PSNR/SSIM for (/root/media/quoc-huy/bsrgan-dataset/Urban100/, x4)---- : 20.8269dB / 0.6598
25-11-11 17:17:11.185 : --76 --> BSRNet_regiondependent --> x4--> img_076.png
25-11-11 17:17:11.930 : ----PSNR/SSIM for (/root/media/quoc-huy/bsrgan-dataset/Urban100/, x4)---- : 16.9114dB / 0.3893
25-11-11 17:17:11.930 : --77 --> BSRNet_regiondependent --> x4--> img_077.png
25-11-11 17:17:12.740 : ----PSNR/SSIM for (/root/media/quoc-huy/bsrgan-dataset/Urban100/, x4)---- : 17.5808dB / 0.3803
25-11-11 17:17:12.741 : --78 --> BSRNet_regiondependent --> x4--> img_078.png
25-11-11 17:17:13.553 : ----PSNR/SSIM for (/root/media/quoc-huy/bsrgan-dataset/Urban100/, x4)---- : 18.2613dB / 0.4053
25-11-11 17:17:13.553 : --79 --> BSRNet_regiondependent --> x4--> img_079.png
25-11-11 17:17:14.398 : ----PSNR/SSIM for (/root/media/quoc-huy/bsrgan-dataset/Urban100/, x4)---- : 19.2304dB / 0.3377
25-11-11 17:17:14.398 : --80 --> BSRNet_regiondependent --> x4--> img_080.png
25-11-11 17:17:15.212 : ----PSNR/SSIM for (/root/media/quoc-huy/bsrgan-dataset/Urban100/, x4)---- : 24.7463dB / 0.7185
25-11-11 17:17:15.213 : --81 --> BSRNet_regiondependent --> x4--> img_081.png
25-11-11 17:17:16.493 : ----PSNR/SSIM for (/root/media/quoc-huy/bsrgan-dataset/Urban100/, x4)---- : 21.6351dB / 0.5816
25-11-11 17:17:16.494 : --82 --> BSRNet_regiondependent --> x4--> img_082.png
25-11-11 17:17:17.559 : ----PSNR/SSIM for (/root/media/quoc-huy/bsrgan-dataset/Urban100/, x4)---- : 18.1412dB / 0.6096
25-11-11 17:17:17.560 : --83 --> BSRNet_regiondependent --> x4--> img_083.png
25-11-11 17:17:18.705 : ----PSNR/SSIM for (/root/media/quoc-huy/bsrgan-dataset/Urban100/, x4)---- : 16.7244dB / 0.3176
25-11-11 17:17:18.705 : --84 --> BSRNet_regiondependent --> x4--> img_084.png
25-11-11 17:17:19.850 : ----PSNR/SSIM for (/root/media/quoc-huy/bsrgan-dataset/Urban100/, x4)---- : 19.9137dB / 0.4138
25-11-11 17:17:19.851 : --85 --> BSRNet_regiondependent --> x4--> img_085.png
25-11-11 17:17:20.779 : ----PSNR/SSIM for (/root/media/quoc-huy/bsrgan-dataset/Urban100/, x4)---- : 18.4502dB / 0.6053
25-11-11 17:17:20.779 : --86 --> BSRNet_regiondependent --> x4--> img_086.png
25-11-11 17:17:21.553 : ----PSNR/SSIM for (/root/media/quoc-huy/bsrgan-dataset/Urban100/, x4)---- : 20.2186dB / 0.6594
25-11-11 17:17:21.554 : --87 --> BSRNet_regiondependent --> x4--> img_087.png
25-11-11 17:17:23.135 : ----PSNR/SSIM for (/root/media/quoc-huy/bsrgan-dataset/Urban100/, x4)---- : 17.5763dB / 0.5391
25-11-11 17:17:23.135 : --88 --> BSRNet_regiondependent --> x4--> img_088.png
25-11-11 17:17:24.032 : ----PSNR/SSIM for (/root/media/quoc-huy/bsrgan-dataset/Urban100/, x4)---- : 14.1717dB / 0.1516
25-11-11 17:17:24.033 : --89 --> BSRNet_regiondependent --> x4--> img_089.png
25-11-11 17:17:24.884 : ----PSNR/SSIM for (/root/media/quoc-huy/bsrgan-dataset/Urban100/, x4)---- : 18.6752dB / 0.3567
25-11-11 17:17:24.885 : --90 --> BSRNet_regiondependent --> x4--> img_090.png
25-11-11 17:17:25.756 : ----PSNR/SSIM for (/root/media/quoc-huy/bsrgan-dataset/Urban100/, x4)---- : 23.0715dB / 0.6966
25-11-11 17:17:25.756 : --91 --> BSRNet_regiondependent --> x4--> img_091.png
25-11-11 17:17:26.575 : ----PSNR/SSIM for (/root/media/quoc-huy/bsrgan-dataset/Urban100/, x4)---- : 16.0047dB / 0.2262
25-11-11 17:17:26.575 : --92 --> BSRNet_regiondependent --> x4--> img_092.png
25-11-11 17:17:27.406 : ----PSNR/SSIM for (/root/media/quoc-huy/bsrgan-dataset/Urban100/, x4)---- : 12.7418dB / 0.1602
25-11-11 17:17:27.406 : --93 --> BSRNet_regiondependent --> x4--> img_093.png
25-11-11 17:17:28.314 : ----PSNR/SSIM for (/root/media/quoc-huy/bsrgan-dataset/Urban100/, x4)---- : 13.5774dB / 0.4195
25-11-11 17:17:28.314 : --94 --> BSRNet_regiondependent --> x4--> img_094.png
25-11-11 17:17:29.184 : ----PSNR/SSIM for (/root/media/quoc-huy/bsrgan-dataset/Urban100/, x4)---- : 20.1251dB / 0.4916
25-11-11 17:17:29.184 : --95 --> BSRNet_regiondependent --> x4--> img_095.png
25-11-11 17:17:30.047 : ----PSNR/SSIM for (/root/media/quoc-huy/bsrgan-dataset/Urban100/, x4)---- : 14.4129dB / 0.1003
25-11-11 17:17:30.047 : --96 --> BSRNet_regiondependent --> x4--> img_096.png
25-11-11 17:17:30.842 : ----PSNR/SSIM for (/root/media/quoc-huy/bsrgan-dataset/Urban100/, x4)---- : 16.3893dB / 0.4677
25-11-11 17:17:30.843 : --97 --> BSRNet_regiondependent --> x4--> img_097.png
25-11-11 17:17:31.607 : ----PSNR/SSIM for (/root/media/quoc-huy/bsrgan-dataset/Urban100/, x4)---- : 17.8158dB / 0.3820
25-11-11 17:17:31.607 : --98 --> BSRNet_regiondependent --> x4--> img_098.png
25-11-11 17:17:32.437 : ----PSNR/SSIM for (/root/media/quoc-huy/bsrgan-dataset/Urban100/, x4)---- : 15.9910dB / 0.2043
25-11-11 17:17:32.437 : --99 --> BSRNet_regiondependent --> x4--> img_099.png
25-11-11 17:17:33.340 : ----PSNR/SSIM for (/root/media/quoc-huy/bsrgan-dataset/Urban100/, x4)---- : 19.1672dB / 0.3971
25-11-11 17:17:33.340 : -100 --> BSRNet_regiondependent --> x4--> img_100.png
25-11-11 17:17:34.858 : ----PSNR/SSIM for (/root/media/quoc-huy/bsrgan-dataset/Urban100/, x4)---- : 14.3945dB / 0.3194
25-11-11 17:17:34.859 : ----Average PSNR/SSIM for (/root/media/quoc-huy/bsrgan-dataset/Urban100/, x4)---- : 17.0741dB / 0.3884
25-11-11 17:17:34.859 :  
25-11-11 17:18:09.491 :       Model Name : BSRGAN_regiondependent
25-11-11 17:18:27.633 :       Input Path : /root/media/quoc-huy/bsrgan-dataset/Urban100/
25-11-11 17:18:27.633 :      Output Path : /root/quoc-huy/BSRGAN/testsets/experimental-results/Urban100
25-11-11 17:18:27.634 : ---1 --> BSRGAN_regiondependent --> x4--> img_001.png
25-11-11 17:18:29.050 : ----PSNR/SSIM for (/root/media/quoc-huy/bsrgan-dataset/Urban100/, x4)---- : 14.6677dB / 0.1050
25-11-11 17:18:29.050 : ---2 --> BSRGAN_regiondependent --> x4--> img_002.png
25-11-11 17:18:29.845 : ----PSNR/SSIM for (/root/media/quoc-huy/bsrgan-dataset/Urban100/, x4)---- : 16.5905dB / 0.3614
25-11-11 17:18:29.845 : ---3 --> BSRGAN_regiondependent --> x4--> img_003.png
25-11-11 17:18:30.545 : ----PSNR/SSIM for (/root/media/quoc-huy/bsrgan-dataset/Urban100/, x4)---- : 16.0595dB / 0.3513
25-11-11 17:18:30.545 : ---4 --> BSRGAN_regiondependent --> x4--> img_004.png
25-11-11 17:18:31.298 : ----PSNR/SSIM for (/root/media/quoc-huy/bsrgan-dataset/Urban100/, x4)---- : 13.1059dB / 0.1747
25-11-11 17:18:31.299 : ---5 --> BSRGAN_regiondependent --> x4--> img_005.png
25-11-11 17:18:32.321 : ----PSNR/SSIM for (/root/media/quoc-huy/bsrgan-dataset/Urban100/, x4)---- : 14.2052dB / 0.4944
25-11-11 17:18:32.321 : ---6 --> BSRGAN_regiondependent --> x4--> img_006.png
25-11-11 17:18:33.884 : ----PSNR/SSIM for (/root/media/quoc-huy/bsrgan-dataset/Urban100/, x4)---- : 15.6869dB / 0.2043
25-11-11 17:18:33.884 : ---7 --> BSRGAN_regiondependent --> x4--> img_007.png
25-11-11 17:18:34.768 : ----PSNR/SSIM for (/root/media/quoc-huy/bsrgan-dataset/Urban100/, x4)---- : 19.1257dB / 0.4969
25-11-11 17:18:34.768 : ---8 --> BSRGAN_regiondependent --> x4--> img_008.png
25-11-11 17:18:35.540 : ----PSNR/SSIM for (/root/media/quoc-huy/bsrgan-dataset/Urban100/, x4)---- : 14.1632dB / 0.1498
25-11-11 17:18:35.541 : ---9 --> BSRGAN_regiondependent --> x4--> img_009.png
25-11-11 17:18:36.355 : ----PSNR/SSIM for (/root/media/quoc-huy/bsrgan-dataset/Urban100/, x4)---- : 23.1544dB / 0.7461
25-11-11 17:18:36.355 : --10 --> BSRGAN_regiondependent --> x4--> img_010.png
25-11-11 17:18:37.237 : ----PSNR/SSIM for (/root/media/quoc-huy/bsrgan-dataset/Urban100/, x4)---- : 17.3268dB / 0.6440
25-11-11 17:18:37.237 : --11 --> BSRGAN_regiondependent --> x4--> img_011.png
25-11-11 17:18:37.808 : ----PSNR/SSIM for (/root/media/quoc-huy/bsrgan-dataset/Urban100/, x4)---- : 10.3916dB / 0.2151
25-11-11 17:18:37.808 : --12 --> BSRGAN_regiondependent --> x4--> img_012.png
25-11-11 17:18:38.610 : ----PSNR/SSIM for (/root/media/quoc-huy/bsrgan-dataset/Urban100/, x4)---- : 16.7163dB / 0.3500
25-11-11 17:18:38.611 : --13 --> BSRGAN_regiondependent --> x4--> img_013.png
25-11-11 17:18:39.441 : ----PSNR/SSIM for (/root/media/quoc-huy/bsrgan-dataset/Urban100/, x4)---- : 17.6339dB / 0.4220
25-11-11 17:18:39.441 : --14 --> BSRGAN_regiondependent --> x4--> img_014.png
25-11-11 17:18:40.514 : ----PSNR/SSIM for (/root/media/quoc-huy/bsrgan-dataset/Urban100/, x4)---- : 15.8001dB / 0.3175
25-11-11 17:18:40.514 : --15 --> BSRGAN_regiondependent --> x4--> img_015.png
25-11-11 17:18:41.341 : ----PSNR/SSIM for (/root/media/quoc-huy/bsrgan-dataset/Urban100/, x4)---- : 16.9619dB / 0.3561
25-11-11 17:18:41.341 : --16 --> BSRGAN_regiondependent --> x4--> img_016.png
25-11-11 17:18:42.409 : ----PSNR/SSIM for (/root/media/quoc-huy/bsrgan-dataset/Urban100/, x4)---- : 17.8505dB / 0.3332
25-11-11 17:18:42.409 : --17 --> BSRGAN_regiondependent --> x4--> img_017.png
25-11-11 17:18:43.331 : ----PSNR/SSIM for (/root/media/quoc-huy/bsrgan-dataset/Urban100/, x4)---- : 16.3174dB / 0.4504
25-11-11 17:18:43.331 : --18 --> BSRGAN_regiondependent --> x4--> img_018.png
25-11-11 17:18:44.673 : ----PSNR/SSIM for (/root/media/quoc-huy/bsrgan-dataset/Urban100/, x4)---- : 14.9124dB / 0.1238
25-11-11 17:18:44.673 : --19 --> BSRGAN_regiondependent --> x4--> img_019.png
25-11-11 17:18:45.627 : ----PSNR/SSIM for (/root/media/quoc-huy/bsrgan-dataset/Urban100/, x4)---- : 13.9207dB / 0.3832
25-11-11 17:18:45.627 : --20 --> BSRGAN_regiondependent --> x4--> img_020.png
25-11-11 17:18:47.120 : ----PSNR/SSIM for (/root/media/quoc-huy/bsrgan-dataset/Urban100/, x4)---- : 16.3442dB / 0.3893
25-11-11 17:18:47.121 : --21 --> BSRGAN_regiondependent --> x4--> img_021.png
25-11-11 17:18:48.102 : ----PSNR/SSIM for (/root/media/quoc-huy/bsrgan-dataset/Urban100/, x4)---- : 18.4437dB / 0.4953
25-11-11 17:18:48.103 : --22 --> BSRGAN_regiondependent --> x4--> img_022.png
25-11-11 17:18:48.773 : ----PSNR/SSIM for (/root/media/quoc-huy/bsrgan-dataset/Urban100/, x4)---- : 17.2283dB / 0.4677
25-11-11 17:18:48.773 : --23 --> BSRGAN_regiondependent --> x4--> img_023.png
25-11-11 17:18:49.815 : ----PSNR/SSIM for (/root/media/quoc-huy/bsrgan-dataset/Urban100/, x4)---- : 14.7646dB / 0.1685
25-11-11 17:18:49.815 : --24 --> BSRGAN_regiondependent --> x4--> img_024.png
25-11-11 17:18:50.523 : ----PSNR/SSIM for (/root/media/quoc-huy/bsrgan-dataset/Urban100/, x4)---- : 13.9019dB / 0.2163
25-11-11 17:18:50.523 : --25 --> BSRGAN_regiondependent --> x4--> img_025.png
25-11-11 17:18:51.222 : ----PSNR/SSIM for (/root/media/quoc-huy/bsrgan-dataset/Urban100/, x4)---- : 17.3512dB / 0.5154
25-11-11 17:18:51.222 : --26 --> BSRGAN_regiondependent --> x4--> img_026.png
25-11-11 17:18:52.034 : ----PSNR/SSIM for (/root/media/quoc-huy/bsrgan-dataset/Urban100/, x4)---- : 20.1704dB / 0.4601
25-11-11 17:18:52.034 : --27 --> BSRGAN_regiondependent --> x4--> img_027.png
25-11-11 17:18:53.009 : ----PSNR/SSIM for (/root/media/quoc-huy/bsrgan-dataset/Urban100/, x4)---- : 16.2172dB / 0.4178
25-11-11 17:18:53.010 : --28 --> BSRGAN_regiondependent --> x4--> img_028.png
25-11-11 17:18:53.732 : ----PSNR/SSIM for (/root/media/quoc-huy/bsrgan-dataset/Urban100/, x4)---- : 16.1321dB / 0.1159
25-11-11 17:18:53.733 : --29 --> BSRGAN_regiondependent --> x4--> img_029.png
25-11-11 17:18:54.595 : ----PSNR/SSIM for (/root/media/quoc-huy/bsrgan-dataset/Urban100/, x4)---- : 17.7797dB / 0.4989
25-11-11 17:18:54.595 : --30 --> BSRGAN_regiondependent --> x4--> img_030.png
25-11-11 17:18:55.518 : ----PSNR/SSIM for (/root/media/quoc-huy/bsrgan-dataset/Urban100/, x4)---- : 15.6988dB / 0.3086
25-11-11 17:18:55.518 : --31 --> BSRGAN_regiondependent --> x4--> img_031.png
25-11-11 17:18:56.450 : ----PSNR/SSIM for (/root/media/quoc-huy/bsrgan-dataset/Urban100/, x4)---- : 16.6215dB / 0.3213
25-11-11 17:18:56.450 : --32 --> BSRGAN_regiondependent --> x4--> img_032.png
25-11-11 17:18:57.371 : ----PSNR/SSIM for (/root/media/quoc-huy/bsrgan-dataset/Urban100/, x4)---- : 18.7550dB / 0.5656
25-11-11 17:18:57.371 : --33 --> BSRGAN_regiondependent --> x4--> img_033.png
25-11-11 17:18:58.284 : ----PSNR/SSIM for (/root/media/quoc-huy/bsrgan-dataset/Urban100/, x4)---- : 18.3802dB / 0.4854
25-11-11 17:18:58.284 : --34 --> BSRGAN_regiondependent --> x4--> img_034.png
25-11-11 17:18:59.082 : ----PSNR/SSIM for (/root/media/quoc-huy/bsrgan-dataset/Urban100/, x4)---- : 14.7606dB / 0.2157
25-11-11 17:18:59.082 : --35 --> BSRGAN_regiondependent --> x4--> img_035.png
25-11-11 17:18:59.853 : ----PSNR/SSIM for (/root/media/quoc-huy/bsrgan-dataset/Urban100/, x4)---- : 16.4490dB / 0.3408
25-11-11 17:18:59.853 : --36 --> BSRGAN_regiondependent --> x4--> img_036.png
25-11-11 17:19:00.504 : ----PSNR/SSIM for (/root/media/quoc-huy/bsrgan-dataset/Urban100/, x4)---- : 16.5185dB / 0.1492
25-11-11 17:19:00.504 : --37 --> BSRGAN_regiondependent --> x4--> img_037.png
25-11-11 17:19:01.338 : ----PSNR/SSIM for (/root/media/quoc-huy/bsrgan-dataset/Urban100/, x4)---- : 15.4896dB / 0.3470
25-11-11 17:19:01.339 : --38 --> BSRGAN_regiondependent --> x4--> img_038.png
25-11-11 17:19:02.145 : ----PSNR/SSIM for (/root/media/quoc-huy/bsrgan-dataset/Urban100/, x4)---- : 20.4606dB / 0.3357
25-11-11 17:19:02.145 : --39 --> BSRGAN_regiondependent --> x4--> img_039.png
25-11-11 17:19:02.968 : ----PSNR/SSIM for (/root/media/quoc-huy/bsrgan-dataset/Urban100/, x4)---- : 13.5679dB / 0.2922
25-11-11 17:19:02.968 : --40 --> BSRGAN_regiondependent --> x4--> img_040.png
25-11-11 17:19:03.689 : ----PSNR/SSIM for (/root/media/quoc-huy/bsrgan-dataset/Urban100/, x4)---- : 9.7532dB / 0.2589
25-11-11 17:19:03.689 : --41 --> BSRGAN_regiondependent --> x4--> img_041.png
25-11-11 17:19:04.408 : ----PSNR/SSIM for (/root/media/quoc-huy/bsrgan-dataset/Urban100/, x4)---- : 12.4466dB / 0.2909
25-11-11 17:19:04.408 : --42 --> BSRGAN_regiondependent --> x4--> img_042.png
25-11-11 17:19:05.124 : ----PSNR/SSIM for (/root/media/quoc-huy/bsrgan-dataset/Urban100/, x4)---- : 14.2299dB / 0.1096
25-11-11 17:19:05.125 : --43 --> BSRGAN_regiondependent --> x4--> img_043.png
25-11-11 17:19:05.820 : ----PSNR/SSIM for (/root/media/quoc-huy/bsrgan-dataset/Urban100/, x4)---- : 11.6481dB / 0.3150
25-11-11 17:19:05.820 : --44 --> BSRGAN_regiondependent --> x4--> img_044.png
25-11-11 17:19:06.573 : ----PSNR/SSIM for (/root/media/quoc-huy/bsrgan-dataset/Urban100/, x4)---- : 18.6344dB / 0.3352
25-11-11 17:19:06.573 : --45 --> BSRGAN_regiondependent --> x4--> img_045.png
25-11-11 17:19:07.989 : ----PSNR/SSIM for (/root/media/quoc-huy/bsrgan-dataset/Urban100/, x4)---- : 17.4931dB / 0.3477
25-11-11 17:19:07.989 : --46 --> BSRGAN_regiondependent --> x4--> img_046.png
25-11-11 17:19:08.875 : ----PSNR/SSIM for (/root/media/quoc-huy/bsrgan-dataset/Urban100/, x4)---- : 17.6162dB / 0.5189
25-11-11 17:19:08.875 : --47 --> BSRGAN_regiondependent --> x4--> img_047.png
25-11-11 17:19:09.673 : ----PSNR/SSIM for (/root/media/quoc-huy/bsrgan-dataset/Urban100/, x4)---- : 15.1180dB / 0.3086
25-11-11 17:19:09.673 : --48 --> BSRGAN_regiondependent --> x4--> img_048.png
25-11-11 17:19:10.527 : ----PSNR/SSIM for (/root/media/quoc-huy/bsrgan-dataset/Urban100/, x4)---- : 14.3672dB / 0.5005
25-11-11 17:19:10.527 : --49 --> BSRGAN_regiondependent --> x4--> img_049.png
25-11-11 17:19:11.290 : ----PSNR/SSIM for (/root/media/quoc-huy/bsrgan-dataset/Urban100/, x4)---- : 11.8075dB / 0.1752
25-11-11 17:19:11.290 : --50 --> BSRGAN_regiondependent --> x4--> img_050.png
25-11-11 17:19:12.163 : ----PSNR/SSIM for (/root/media/quoc-huy/bsrgan-dataset/Urban100/, x4)---- : 16.4256dB / 0.3636
25-11-11 17:19:12.163 : --51 --> BSRGAN_regiondependent --> x4--> img_051.png
25-11-11 17:19:13.011 : ----PSNR/SSIM for (/root/media/quoc-huy/bsrgan-dataset/Urban100/, x4)---- : 18.3647dB / 0.4804
25-11-11 17:19:13.012 : --52 --> BSRGAN_regiondependent --> x4--> img_052.png
25-11-11 17:19:13.794 : ----PSNR/SSIM for (/root/media/quoc-huy/bsrgan-dataset/Urban100/, x4)---- : 12.9330dB / 0.1033
25-11-11 17:19:13.795 : --53 --> BSRGAN_regiondependent --> x4--> img_053.png
25-11-11 17:19:14.628 : ----PSNR/SSIM for (/root/media/quoc-huy/bsrgan-dataset/Urban100/, x4)---- : 14.6182dB / 0.2641
25-11-11 17:19:14.628 : --54 --> BSRGAN_regiondependent --> x4--> img_054.png
25-11-11 17:19:15.483 : ----PSNR/SSIM for (/root/media/quoc-huy/bsrgan-dataset/Urban100/, x4)---- : 14.5446dB / 0.2887
25-11-11 17:19:15.484 : --55 --> BSRGAN_regiondependent --> x4--> img_055.png
25-11-11 17:19:16.337 : ----PSNR/SSIM for (/root/media/quoc-huy/bsrgan-dataset/Urban100/, x4)---- : 17.6666dB / 0.4885
25-11-11 17:19:16.338 : --56 --> BSRGAN_regiondependent --> x4--> img_056.png
25-11-11 17:19:17.151 : ----PSNR/SSIM for (/root/media/quoc-huy/bsrgan-dataset/Urban100/, x4)---- : 14.9493dB / 0.1839
25-11-11 17:19:17.152 : --57 --> BSRGAN_regiondependent --> x4--> img_057.png
25-11-11 17:19:17.990 : ----PSNR/SSIM for (/root/media/quoc-huy/bsrgan-dataset/Urban100/, x4)---- : 17.8605dB / 0.2460
25-11-11 17:19:17.990 : --58 --> BSRGAN_regiondependent --> x4--> img_058.png
25-11-11 17:19:18.866 : ----PSNR/SSIM for (/root/media/quoc-huy/bsrgan-dataset/Urban100/, x4)---- : 18.5065dB / 0.5208
25-11-11 17:19:18.867 : --59 --> BSRGAN_regiondependent --> x4--> img_059.png
25-11-11 17:19:19.720 : ----PSNR/SSIM for (/root/media/quoc-huy/bsrgan-dataset/Urban100/, x4)---- : 16.3466dB / 0.4961
25-11-11 17:19:19.721 : --60 --> BSRGAN_regiondependent --> x4--> img_060.png
25-11-11 17:19:20.584 : ----PSNR/SSIM for (/root/media/quoc-huy/bsrgan-dataset/Urban100/, x4)---- : 15.4258dB / 0.1956
25-11-11 17:19:20.584 : --61 --> BSRGAN_regiondependent --> x4--> img_061.png
25-11-11 17:19:21.503 : ----PSNR/SSIM for (/root/media/quoc-huy/bsrgan-dataset/Urban100/, x4)---- : 16.1991dB / 0.3400
25-11-11 17:19:21.504 : --62 --> BSRGAN_regiondependent --> x4--> img_062.png
25-11-11 17:19:22.366 : ----PSNR/SSIM for (/root/media/quoc-huy/bsrgan-dataset/Urban100/, x4)---- : 14.4328dB / 0.3262
25-11-11 17:19:22.367 : --63 --> BSRGAN_regiondependent --> x4--> img_063.png
25-11-11 17:19:23.362 : ----PSNR/SSIM for (/root/media/quoc-huy/bsrgan-dataset/Urban100/, x4)---- : 15.7946dB / 0.3246
25-11-11 17:19:23.362 : --64 --> BSRGAN_regiondependent --> x4--> img_064.png
25-11-11 17:19:24.126 : ----PSNR/SSIM for (/root/media/quoc-huy/bsrgan-dataset/Urban100/, x4)---- : 16.8486dB / 0.3398
25-11-11 17:19:24.127 : --65 --> BSRGAN_regiondependent --> x4--> img_065.png
25-11-11 17:19:24.831 : ----PSNR/SSIM for (/root/media/quoc-huy/bsrgan-dataset/Urban100/, x4)---- : 16.9145dB / 0.2607
25-11-11 17:19:24.832 : --66 --> BSRGAN_regiondependent --> x4--> img_066.png
25-11-11 17:19:25.828 : ----PSNR/SSIM for (/root/media/quoc-huy/bsrgan-dataset/Urban100/, x4)---- : 16.1015dB / 0.2994
25-11-11 17:19:25.828 : --67 --> BSRGAN_regiondependent --> x4--> img_067.png
25-11-11 17:19:26.591 : ----PSNR/SSIM for (/root/media/quoc-huy/bsrgan-dataset/Urban100/, x4)---- : 12.5546dB / 0.3470
25-11-11 17:19:26.592 : --68 --> BSRGAN_regiondependent --> x4--> img_068.png
25-11-11 17:19:27.736 : ----PSNR/SSIM for (/root/media/quoc-huy/bsrgan-dataset/Urban100/, x4)---- : 14.8429dB / 0.1286
25-11-11 17:19:27.737 : --69 --> BSRGAN_regiondependent --> x4--> img_069.png
25-11-11 17:19:28.758 : ----PSNR/SSIM for (/root/media/quoc-huy/bsrgan-dataset/Urban100/, x4)---- : 16.4514dB / 0.3670
25-11-11 17:19:28.758 : --70 --> BSRGAN_regiondependent --> x4--> img_070.png
25-11-11 17:19:29.596 : ----PSNR/SSIM for (/root/media/quoc-huy/bsrgan-dataset/Urban100/, x4)---- : 16.3096dB / 0.3472
25-11-11 17:19:29.596 : --71 --> BSRGAN_regiondependent --> x4--> img_071.png
25-11-11 17:19:30.803 : ----PSNR/SSIM for (/root/media/quoc-huy/bsrgan-dataset/Urban100/, x4)---- : 15.0435dB / 0.0606
25-11-11 17:19:30.803 : --72 --> BSRGAN_regiondependent --> x4--> img_072.png
25-11-11 17:19:31.932 : ----PSNR/SSIM for (/root/media/quoc-huy/bsrgan-dataset/Urban100/, x4)---- : 10.5149dB / 0.1929
25-11-11 17:19:31.932 : --73 --> BSRGAN_regiondependent --> x4--> img_073.png
25-11-11 17:19:33.051 : ----PSNR/SSIM for (/root/media/quoc-huy/bsrgan-dataset/Urban100/, x4)---- : 14.7339dB / 0.1162
25-11-11 17:19:33.051 : --74 --> BSRGAN_regiondependent --> x4--> img_074.png
25-11-11 17:19:33.990 : ----PSNR/SSIM for (/root/media/quoc-huy/bsrgan-dataset/Urban100/, x4)---- : 17.4068dB / 0.3837
25-11-11 17:19:33.990 : --75 --> BSRGAN_regiondependent --> x4--> img_075.png
25-11-11 17:19:34.743 : ----PSNR/SSIM for (/root/media/quoc-huy/bsrgan-dataset/Urban100/, x4)---- : 19.6003dB / 0.6357
25-11-11 17:19:34.744 : --76 --> BSRGAN_regiondependent --> x4--> img_076.png
25-11-11 17:19:35.627 : ----PSNR/SSIM for (/root/media/quoc-huy/bsrgan-dataset/Urban100/, x4)---- : 15.2964dB / 0.1138
25-11-11 17:19:35.628 : --77 --> BSRGAN_regiondependent --> x4--> img_077.png
25-11-11 17:19:36.514 : ----PSNR/SSIM for (/root/media/quoc-huy/bsrgan-dataset/Urban100/, x4)---- : 16.7545dB / 0.3615
25-11-11 17:19:36.514 : --78 --> BSRGAN_regiondependent --> x4--> img_078.png
25-11-11 17:19:37.352 : ----PSNR/SSIM for (/root/media/quoc-huy/bsrgan-dataset/Urban100/, x4)---- : 17.4898dB / 0.3860
25-11-11 17:19:37.352 : --79 --> BSRGAN_regiondependent --> x4--> img_079.png
25-11-11 17:19:38.215 : ----PSNR/SSIM for (/root/media/quoc-huy/bsrgan-dataset/Urban100/, x4)---- : 18.4008dB / 0.3318
25-11-11 17:19:38.215 : --80 --> BSRGAN_regiondependent --> x4--> img_080.png
25-11-11 17:19:39.044 : ----PSNR/SSIM for (/root/media/quoc-huy/bsrgan-dataset/Urban100/, x4)---- : 21.1672dB / 0.6805
25-11-11 17:19:39.044 : --81 --> BSRGAN_regiondependent --> x4--> img_081.png
25-11-11 17:19:40.154 : ----PSNR/SSIM for (/root/media/quoc-huy/bsrgan-dataset/Urban100/, x4)---- : 20.3605dB / 0.5484
25-11-11 17:19:40.154 : --82 --> BSRGAN_regiondependent --> x4--> img_082.png
25-11-11 17:19:41.255 : ----PSNR/SSIM for (/root/media/quoc-huy/bsrgan-dataset/Urban100/, x4)---- : 15.6544dB / 0.1307
25-11-11 17:19:41.255 : --83 --> BSRGAN_regiondependent --> x4--> img_083.png
25-11-11 17:19:42.728 : ----PSNR/SSIM for (/root/media/quoc-huy/bsrgan-dataset/Urban100/, x4)---- : 16.0617dB / 0.2766
25-11-11 17:19:42.728 : --84 --> BSRGAN_regiondependent --> x4--> img_084.png
25-11-11 17:19:43.943 : ----PSNR/SSIM for (/root/media/quoc-huy/bsrgan-dataset/Urban100/, x4)---- : 18.5264dB / 0.3952
25-11-11 17:19:43.944 : --85 --> BSRGAN_regiondependent --> x4--> img_085.png
25-11-11 17:19:44.773 : ----PSNR/SSIM for (/root/media/quoc-huy/bsrgan-dataset/Urban100/, x4)---- : 16.9872dB / 0.5465
25-11-11 17:19:44.773 : --86 --> BSRGAN_regiondependent --> x4--> img_086.png
25-11-11 17:19:46.029 : ----PSNR/SSIM for (/root/media/quoc-huy/bsrgan-dataset/Urban100/, x4)---- : 16.3189dB / 0.1172
25-11-11 17:19:46.029 : --87 --> BSRGAN_regiondependent --> x4--> img_087.png
25-11-11 17:19:47.071 : ----PSNR/SSIM for (/root/media/quoc-huy/bsrgan-dataset/Urban100/, x4)---- : 16.1499dB / 0.4876
25-11-11 17:19:47.072 : --88 --> BSRGAN_regiondependent --> x4--> img_088.png
25-11-11 17:19:47.776 : ----PSNR/SSIM for (/root/media/quoc-huy/bsrgan-dataset/Urban100/, x4)---- : 14.0566dB / 0.1482
25-11-11 17:19:47.777 : --89 --> BSRGAN_regiondependent --> x4--> img_089.png
25-11-11 17:19:48.670 : ----PSNR/SSIM for (/root/media/quoc-huy/bsrgan-dataset/Urban100/, x4)---- : 18.2404dB / 0.3486
25-11-11 17:19:48.671 : --90 --> BSRGAN_regiondependent --> x4--> img_090.png
25-11-11 17:19:49.379 : ----PSNR/SSIM for (/root/media/quoc-huy/bsrgan-dataset/Urban100/, x4)---- : 20.6980dB / 0.6542
25-11-11 17:19:49.380 : --91 --> BSRGAN_regiondependent --> x4--> img_091.png
25-11-11 17:19:50.115 : ----PSNR/SSIM for (/root/media/quoc-huy/bsrgan-dataset/Urban100/, x4)---- : 15.8516dB / 0.2246
25-11-11 17:19:50.115 : --92 --> BSRGAN_regiondependent --> x4--> img_092.png
25-11-11 17:19:50.908 : ----PSNR/SSIM for (/root/media/quoc-huy/bsrgan-dataset/Urban100/, x4)---- : 12.6042dB / 0.1597
25-11-11 17:19:50.909 : --93 --> BSRGAN_regiondependent --> x4--> img_093.png
25-11-11 17:19:51.784 : ----PSNR/SSIM for (/root/media/quoc-huy/bsrgan-dataset/Urban100/, x4)---- : 13.1995dB / 0.4228
25-11-11 17:19:51.785 : --94 --> BSRGAN_regiondependent --> x4--> img_094.png
25-11-11 17:19:52.596 : ----PSNR/SSIM for (/root/media/quoc-huy/bsrgan-dataset/Urban100/, x4)---- : 18.7520dB / 0.4638
25-11-11 17:19:52.596 : --95 --> BSRGAN_regiondependent --> x4--> img_095.png
25-11-11 17:19:53.532 : ----PSNR/SSIM for (/root/media/quoc-huy/bsrgan-dataset/Urban100/, x4)---- : 14.5920dB / 0.0993
25-11-11 17:19:53.532 : --96 --> BSRGAN_regiondependent --> x4--> img_096.png
25-11-11 17:19:54.651 : ----PSNR/SSIM for (/root/media/quoc-huy/bsrgan-dataset/Urban100/, x4)---- : 16.2304dB / 0.4588
25-11-11 17:19:54.652 : --97 --> BSRGAN_regiondependent --> x4--> img_097.png
25-11-11 17:19:55.513 : ----PSNR/SSIM for (/root/media/quoc-huy/bsrgan-dataset/Urban100/, x4)---- : 16.7891dB / 0.3784
25-11-11 17:19:55.513 : --98 --> BSRGAN_regiondependent --> x4--> img_098.png
25-11-11 17:19:56.376 : ----PSNR/SSIM for (/root/media/quoc-huy/bsrgan-dataset/Urban100/, x4)---- : 14.8770dB / 0.1755
25-11-11 17:19:56.376 : --99 --> BSRGAN_regiondependent --> x4--> img_099.png
25-11-11 17:19:57.628 : ----PSNR/SSIM for (/root/media/quoc-huy/bsrgan-dataset/Urban100/, x4)---- : 17.7237dB / 0.3580
25-11-11 17:19:57.629 : -100 --> BSRGAN_regiondependent --> x4--> img_100.png
25-11-11 17:19:58.701 : ----PSNR/SSIM for (/root/media/quoc-huy/bsrgan-dataset/Urban100/, x4)---- : 13.9609dB / 0.3125
25-11-11 17:19:58.701 : ----Average PSNR/SSIM for (/root/media/quoc-huy/bsrgan-dataset/Urban100/, x4)---- : 16.1087dB / 0.3363
25-11-11 17:19:58.701 :  
25-11-11 17:20:55.039 :       Model Name : BSRGAN_regiondependent
25-11-11 17:21:13.738 :       Input Path : /root/media/quoc-huy/bsrgan-dataset/BSD100/
25-11-11 17:21:13.738 :      Output Path : /root/quoc-huy/BSRGAN/testsets/experimental-results/BSD100
25-11-11 17:21:13.739 : ---1 --> BSRGAN_regiondependent --> x4--> 101085.png
25-11-11 17:21:14.514 : ----PSNR/SSIM for (/root/media/quoc-huy/bsrgan-dataset/BSD100/, x4)---- : 17.1236dB / 0.2190
25-11-11 17:21:14.514 : ---2 --> BSRGAN_regiondependent --> x4--> 101087.png
25-11-11 17:21:14.693 : ----PSNR/SSIM for (/root/media/quoc-huy/bsrgan-dataset/BSD100/, x4)---- : 18.3659dB / 0.5676
25-11-11 17:21:14.693 : ---3 --> BSRGAN_regiondependent --> x4--> 102061.png
25-11-11 17:21:14.848 : ----PSNR/SSIM for (/root/media/quoc-huy/bsrgan-dataset/BSD100/, x4)---- : 18.2821dB / 0.4239
25-11-11 17:21:14.848 : ---4 --> BSRGAN_regiondependent --> x4--> 103070.png
25-11-11 17:21:14.995 : ----PSNR/SSIM for (/root/media/quoc-huy/bsrgan-dataset/BSD100/, x4)---- : 20.4966dB / 0.4344
25-11-11 17:21:14.995 : ---5 --> BSRGAN_regiondependent --> x4--> 105025.png
25-11-11 17:21:15.162 : ----PSNR/SSIM for (/root/media/quoc-huy/bsrgan-dataset/BSD100/, x4)---- : 17.1925dB / 0.4037
25-11-11 17:21:15.164 : ---6 --> BSRGAN_regiondependent --> x4--> 106024.png
25-11-11 17:21:15.334 : ----PSNR/SSIM for (/root/media/quoc-huy/bsrgan-dataset/BSD100/, x4)---- : 18.9224dB / 0.7042
25-11-11 17:21:15.335 : ---7 --> BSRGAN_regiondependent --> x4--> 108005.png
25-11-11 17:21:15.472 : ----PSNR/SSIM for (/root/media/quoc-huy/bsrgan-dataset/BSD100/, x4)---- : 19.9280dB / 0.3532
25-11-11 17:21:15.472 : ---8 --> BSRGAN_regiondependent --> x4--> 108070.png
25-11-11 17:21:15.640 : ----PSNR/SSIM for (/root/media/quoc-huy/bsrgan-dataset/BSD100/, x4)---- : 19.1450dB / 0.3482
25-11-11 17:21:15.641 : ---9 --> BSRGAN_regiondependent --> x4--> 108082.png
25-11-11 17:21:15.795 : ----PSNR/SSIM for (/root/media/quoc-huy/bsrgan-dataset/BSD100/, x4)---- : 16.1053dB / 0.1230
25-11-11 17:21:15.795 : --10 --> BSRGAN_regiondependent --> x4--> 109053.png
25-11-11 17:21:15.928 : ----PSNR/SSIM for (/root/media/quoc-huy/bsrgan-dataset/BSD100/, x4)---- : 22.1861dB / 0.5432
25-11-11 17:21:15.928 : --11 --> BSRGAN_regiondependent --> x4--> 119082.png
25-11-11 17:21:16.152 : ----PSNR/SSIM for (/root/media/quoc-huy/bsrgan-dataset/BSD100/, x4)---- : 13.5479dB / 0.2313
25-11-11 17:21:16.153 : --12 --> BSRGAN_regiondependent --> x4--> 12084.png
25-11-11 17:21:16.306 : ----PSNR/SSIM for (/root/media/quoc-huy/bsrgan-dataset/BSD100/, x4)---- : 21.4228dB / 0.3774
25-11-11 17:21:16.306 : --13 --> BSRGAN_regiondependent --> x4--> 123074.png
25-11-11 17:21:16.440 : ----PSNR/SSIM for (/root/media/quoc-huy/bsrgan-dataset/BSD100/, x4)---- : 21.1192dB / 0.4897
25-11-11 17:21:16.440 : --14 --> BSRGAN_regiondependent --> x4--> 126007.png
25-11-11 17:21:16.628 : ----PSNR/SSIM for (/root/media/quoc-huy/bsrgan-dataset/BSD100/, x4)---- : 21.5049dB / 0.5946
25-11-11 17:21:16.628 : --15 --> BSRGAN_regiondependent --> x4--> 130026.png
25-11-11 17:21:16.768 : ----PSNR/SSIM for (/root/media/quoc-huy/bsrgan-dataset/BSD100/, x4)---- : 19.6156dB / 0.3512
25-11-11 17:21:16.768 : --16 --> BSRGAN_regiondependent --> x4--> 134035.png
25-11-11 17:21:16.873 : ----PSNR/SSIM for (/root/media/quoc-huy/bsrgan-dataset/BSD100/, x4)---- : 15.9262dB / 0.2720
25-11-11 17:21:16.873 : --17 --> BSRGAN_regiondependent --> x4--> 14037.png
25-11-11 17:21:16.993 : ----PSNR/SSIM for (/root/media/quoc-huy/bsrgan-dataset/BSD100/, x4)---- : 18.1919dB / 0.5996
25-11-11 17:21:16.994 : --18 --> BSRGAN_regiondependent --> x4--> 143090.png
25-11-11 17:21:17.090 : ----PSNR/SSIM for (/root/media/quoc-huy/bsrgan-dataset/BSD100/, x4)---- : 21.5720dB / 0.6846
25-11-11 17:21:17.090 : --19 --> BSRGAN_regiondependent --> x4--> 145086.png
25-11-11 17:21:17.200 : ----PSNR/SSIM for (/root/media/quoc-huy/bsrgan-dataset/BSD100/, x4)---- : 17.7314dB / 0.4489
25-11-11 17:21:17.201 : --20 --> BSRGAN_regiondependent --> x4--> 147091.png
25-11-11 17:21:17.327 : ----PSNR/SSIM for (/root/media/quoc-huy/bsrgan-dataset/BSD100/, x4)---- : 18.3407dB / 0.5716
25-11-11 17:21:17.328 : --21 --> BSRGAN_regiondependent --> x4--> 148026.png
25-11-11 17:21:17.502 : ----PSNR/SSIM for (/root/media/quoc-huy/bsrgan-dataset/BSD100/, x4)---- : 15.6996dB / 0.2687
25-11-11 17:21:17.502 : --22 --> BSRGAN_regiondependent --> x4--> 148089.png
25-11-11 17:21:17.630 : ----PSNR/SSIM for (/root/media/quoc-huy/bsrgan-dataset/BSD100/, x4)---- : 17.2466dB / 0.2271
25-11-11 17:21:17.630 : --23 --> BSRGAN_regiondependent --> x4--> 156065.png
25-11-11 17:21:17.814 : ----PSNR/SSIM for (/root/media/quoc-huy/bsrgan-dataset/BSD100/, x4)---- : 16.9498dB / 0.2392
25-11-11 17:21:17.814 : --24 --> BSRGAN_regiondependent --> x4--> 157055.png
25-11-11 17:21:17.967 : ----PSNR/SSIM for (/root/media/quoc-huy/bsrgan-dataset/BSD100/, x4)---- : 20.2435dB / 0.4848
25-11-11 17:21:17.967 : --25 --> BSRGAN_regiondependent --> x4--> 159008.png
25-11-11 17:21:18.104 : ----PSNR/SSIM for (/root/media/quoc-huy/bsrgan-dataset/BSD100/, x4)---- : 16.2621dB / 0.3118
25-11-11 17:21:18.104 : --26 --> BSRGAN_regiondependent --> x4--> 160068.png
25-11-11 17:21:18.298 : ----PSNR/SSIM for (/root/media/quoc-huy/bsrgan-dataset/BSD100/, x4)---- : 19.6330dB / 0.5966
25-11-11 17:21:18.316 : --27 --> BSRGAN_regiondependent --> x4--> 16077.png
25-11-11 17:21:18.461 : ----PSNR/SSIM for (/root/media/quoc-huy/bsrgan-dataset/BSD100/, x4)---- : 18.1053dB / 0.2204
25-11-11 17:21:18.461 : --28 --> BSRGAN_regiondependent --> x4--> 163085.png
25-11-11 17:21:18.604 : ----PSNR/SSIM for (/root/media/quoc-huy/bsrgan-dataset/BSD100/, x4)---- : 14.3480dB / 0.2222
25-11-11 17:21:18.604 : --29 --> BSRGAN_regiondependent --> x4--> 167062.png
25-11-11 17:21:18.784 : ----PSNR/SSIM for (/root/media/quoc-huy/bsrgan-dataset/BSD100/, x4)---- : 18.5139dB / 0.6428
25-11-11 17:21:18.784 : --30 --> BSRGAN_regiondependent --> x4--> 167083.png
25-11-11 17:21:18.969 : ----PSNR/SSIM for (/root/media/quoc-huy/bsrgan-dataset/BSD100/, x4)---- : 16.1573dB / 0.2856
25-11-11 17:21:18.970 : --31 --> BSRGAN_regiondependent --> x4--> 170057.png
25-11-11 17:21:19.164 : ----PSNR/SSIM for (/root/media/quoc-huy/bsrgan-dataset/BSD100/, x4)---- : 19.3695dB / 0.5557
25-11-11 17:21:19.165 : --32 --> BSRGAN_regiondependent --> x4--> 175032.png
25-11-11 17:21:19.383 : ----PSNR/SSIM for (/root/media/quoc-huy/bsrgan-dataset/BSD100/, x4)---- : 16.5041dB / 0.1068
25-11-11 17:21:19.383 : --33 --> BSRGAN_regiondependent --> x4--> 175043.png
25-11-11 17:21:19.530 : ----PSNR/SSIM for (/root/media/quoc-huy/bsrgan-dataset/BSD100/, x4)---- : 15.8766dB / 0.2453
25-11-11 17:21:19.530 : --34 --> BSRGAN_regiondependent --> x4--> 182053.png
25-11-11 17:21:19.694 : ----PSNR/SSIM for (/root/media/quoc-huy/bsrgan-dataset/BSD100/, x4)---- : 18.1440dB / 0.4728
25-11-11 17:21:19.694 : --35 --> BSRGAN_regiondependent --> x4--> 189080.png
25-11-11 17:21:19.851 : ----PSNR/SSIM for (/root/media/quoc-huy/bsrgan-dataset/BSD100/, x4)---- : 16.4254dB / 0.1039
25-11-11 17:21:19.851 : --36 --> BSRGAN_regiondependent --> x4--> 19021.png
25-11-11 17:21:19.987 : ----PSNR/SSIM for (/root/media/quoc-huy/bsrgan-dataset/BSD100/, x4)---- : 16.6010dB / 0.2525
25-11-11 17:21:19.987 : --37 --> BSRGAN_regiondependent --> x4--> 196073.png
25-11-11 17:21:20.158 : ----PSNR/SSIM for (/root/media/quoc-huy/bsrgan-dataset/BSD100/, x4)---- : 23.5325dB / 0.3544
25-11-11 17:21:20.158 : --38 --> BSRGAN_regiondependent --> x4--> 197017.png
25-11-11 17:21:20.349 : ----PSNR/SSIM for (/root/media/quoc-huy/bsrgan-dataset/BSD100/, x4)---- : 17.5798dB / 0.3628
25-11-11 17:21:20.350 : --39 --> BSRGAN_regiondependent --> x4--> 208001.png
25-11-11 17:21:20.501 : ----PSNR/SSIM for (/root/media/quoc-huy/bsrgan-dataset/BSD100/, x4)---- : 19.6376dB / 0.3974
25-11-11 17:21:20.501 : --40 --> BSRGAN_regiondependent --> x4--> 210088.png
25-11-11 17:21:20.645 : ----PSNR/SSIM for (/root/media/quoc-huy/bsrgan-dataset/BSD100/, x4)---- : 17.5714dB / 0.5844
25-11-11 17:21:20.645 : --41 --> BSRGAN_regiondependent --> x4--> 21077.png
25-11-11 17:21:20.820 : ----PSNR/SSIM for (/root/media/quoc-huy/bsrgan-dataset/BSD100/, x4)---- : 15.9501dB / 0.3082
25-11-11 17:21:20.820 : --42 --> BSRGAN_regiondependent --> x4--> 216081.png
25-11-11 17:21:20.981 : ----PSNR/SSIM for (/root/media/quoc-huy/bsrgan-dataset/BSD100/, x4)---- : 16.9724dB / 0.3451
25-11-11 17:21:20.982 : --43 --> BSRGAN_regiondependent --> x4--> 219090.png
25-11-11 17:21:21.179 : ----PSNR/SSIM for (/root/media/quoc-huy/bsrgan-dataset/BSD100/, x4)---- : 17.1553dB / 0.3227
25-11-11 17:21:21.180 : --44 --> BSRGAN_regiondependent --> x4--> 220075.png
25-11-11 17:21:21.344 : ----PSNR/SSIM for (/root/media/quoc-huy/bsrgan-dataset/BSD100/, x4)---- : 16.5908dB / 0.4406
25-11-11 17:21:21.344 : --45 --> BSRGAN_regiondependent --> x4--> 223061.png
25-11-11 17:21:21.462 : ----PSNR/SSIM for (/root/media/quoc-huy/bsrgan-dataset/BSD100/, x4)---- : 18.2141dB / 0.3955
25-11-11 17:21:21.462 : --46 --> BSRGAN_regiondependent --> x4--> 227092.png
25-11-11 17:21:21.643 : ----PSNR/SSIM for (/root/media/quoc-huy/bsrgan-dataset/BSD100/, x4)---- : 23.3220dB / 0.7095
25-11-11 17:21:21.643 : --47 --> BSRGAN_regiondependent --> x4--> 229036.png
25-11-11 17:21:21.803 : ----PSNR/SSIM for (/root/media/quoc-huy/bsrgan-dataset/BSD100/, x4)---- : 14.4376dB / 0.1586
25-11-11 17:21:21.803 : --48 --> BSRGAN_regiondependent --> x4--> 236037.png
25-11-11 17:21:21.958 : ----PSNR/SSIM for (/root/media/quoc-huy/bsrgan-dataset/BSD100/, x4)---- : 16.9652dB / 0.2347
25-11-11 17:21:21.958 : --49 --> BSRGAN_regiondependent --> x4--> 24077.png
25-11-11 17:21:22.155 : ----PSNR/SSIM for (/root/media/quoc-huy/bsrgan-dataset/BSD100/, x4)---- : 15.3732dB / 0.3934
25-11-11 17:21:22.156 : --50 --> BSRGAN_regiondependent --> x4--> 241004.png
25-11-11 17:21:22.299 : ----PSNR/SSIM for (/root/media/quoc-huy/bsrgan-dataset/BSD100/, x4)---- : 22.6051dB / 0.6357
25-11-11 17:21:22.299 : --51 --> BSRGAN_regiondependent --> x4--> 241048.png
25-11-11 17:21:22.472 : ----PSNR/SSIM for (/root/media/quoc-huy/bsrgan-dataset/BSD100/, x4)---- : 17.4305dB / 0.3192
25-11-11 17:21:22.472 : --52 --> BSRGAN_regiondependent --> x4--> 253027.png
25-11-11 17:21:22.642 : ----PSNR/SSIM for (/root/media/quoc-huy/bsrgan-dataset/BSD100/, x4)---- : 16.1567dB / 0.3900
25-11-11 17:21:22.643 : --53 --> BSRGAN_regiondependent --> x4--> 253055.png
25-11-11 17:21:22.859 : ----PSNR/SSIM for (/root/media/quoc-huy/bsrgan-dataset/BSD100/, x4)---- : 19.8015dB / 0.6694
25-11-11 17:21:22.860 : --54 --> BSRGAN_regiondependent --> x4--> 260058.png
25-11-11 17:21:23.019 : ----PSNR/SSIM for (/root/media/quoc-huy/bsrgan-dataset/BSD100/, x4)---- : 19.8853dB / 0.6069
25-11-11 17:21:23.019 : --55 --> BSRGAN_regiondependent --> x4--> 271035.png
25-11-11 17:21:23.219 : ----PSNR/SSIM for (/root/media/quoc-huy/bsrgan-dataset/BSD100/, x4)---- : 17.6794dB / 0.3106
25-11-11 17:21:23.219 : --56 --> BSRGAN_regiondependent --> x4--> 285079.png
25-11-11 17:21:23.335 : ----PSNR/SSIM for (/root/media/quoc-huy/bsrgan-dataset/BSD100/, x4)---- : 16.4837dB / 0.3124
25-11-11 17:21:23.335 : --57 --> BSRGAN_regiondependent --> x4--> 291000.png
25-11-11 17:21:23.513 : ----PSNR/SSIM for (/root/media/quoc-huy/bsrgan-dataset/BSD100/, x4)---- : 16.6651dB / 0.1349
25-11-11 17:21:23.514 : --58 --> BSRGAN_regiondependent --> x4--> 295087.png
25-11-11 17:21:23.732 : ----PSNR/SSIM for (/root/media/quoc-huy/bsrgan-dataset/BSD100/, x4)---- : 20.6369dB / 0.5062
25-11-11 17:21:23.732 : --59 --> BSRGAN_regiondependent --> x4--> 296007.png
25-11-11 17:21:23.864 : ----PSNR/SSIM for (/root/media/quoc-huy/bsrgan-dataset/BSD100/, x4)---- : 14.8642dB / 0.0521
25-11-11 17:21:23.864 : --60 --> BSRGAN_regiondependent --> x4--> 296059.png
25-11-11 17:21:24.044 : ----PSNR/SSIM for (/root/media/quoc-huy/bsrgan-dataset/BSD100/, x4)---- : 20.8767dB / 0.4810
25-11-11 17:21:24.045 : --61 --> BSRGAN_regiondependent --> x4--> 299086.png
25-11-11 17:21:24.212 : ----PSNR/SSIM for (/root/media/quoc-huy/bsrgan-dataset/BSD100/, x4)---- : 23.8171dB / 0.6301
25-11-11 17:21:24.213 : --62 --> BSRGAN_regiondependent --> x4--> 300091.png
25-11-11 17:21:24.362 : ----PSNR/SSIM for (/root/media/quoc-huy/bsrgan-dataset/BSD100/, x4)---- : 19.8539dB / 0.4980
25-11-11 17:21:24.362 : --63 --> BSRGAN_regiondependent --> x4--> 302008.png
25-11-11 17:21:24.535 : ----PSNR/SSIM for (/root/media/quoc-huy/bsrgan-dataset/BSD100/, x4)---- : 17.6486dB / 0.4741
25-11-11 17:21:24.536 : --64 --> BSRGAN_regiondependent --> x4--> 304034.png
25-11-11 17:21:24.713 : ----PSNR/SSIM for (/root/media/quoc-huy/bsrgan-dataset/BSD100/, x4)---- : 15.3255dB / 0.1242
25-11-11 17:21:24.713 : --65 --> BSRGAN_regiondependent --> x4--> 304074.png
25-11-11 17:21:24.905 : ----PSNR/SSIM for (/root/media/quoc-huy/bsrgan-dataset/BSD100/, x4)---- : 20.2187dB / 0.3170
25-11-11 17:21:24.905 : --66 --> BSRGAN_regiondependent --> x4--> 306005.png
25-11-11 17:21:25.068 : ----PSNR/SSIM for (/root/media/quoc-huy/bsrgan-dataset/BSD100/, x4)---- : 22.0777dB / 0.5415
25-11-11 17:21:25.068 : --67 --> BSRGAN_regiondependent --> x4--> 3096.png
25-11-11 17:21:25.233 : ----PSNR/SSIM for (/root/media/quoc-huy/bsrgan-dataset/BSD100/, x4)---- : 16.0507dB / 0.0884
25-11-11 17:21:25.233 : --68 --> BSRGAN_regiondependent --> x4--> 33039.png
25-11-11 17:21:25.390 : ----PSNR/SSIM for (/root/media/quoc-huy/bsrgan-dataset/BSD100/, x4)---- : 13.1764dB / 0.1049
25-11-11 17:21:25.390 : --69 --> BSRGAN_regiondependent --> x4--> 351093.png
25-11-11 17:21:25.551 : ----PSNR/SSIM for (/root/media/quoc-huy/bsrgan-dataset/BSD100/, x4)---- : 16.4094dB / 0.3138
25-11-11 17:21:25.551 : --70 --> BSRGAN_regiondependent --> x4--> 361010.png
25-11-11 17:21:25.697 : ----PSNR/SSIM for (/root/media/quoc-huy/bsrgan-dataset/BSD100/, x4)---- : 17.7949dB / 0.4664
25-11-11 17:21:25.697 : --71 --> BSRGAN_regiondependent --> x4--> 37073.png
25-11-11 17:21:25.864 : ----PSNR/SSIM for (/root/media/quoc-huy/bsrgan-dataset/BSD100/, x4)---- : 21.2536dB / 0.5708
25-11-11 17:21:25.865 : --72 --> BSRGAN_regiondependent --> x4--> 376043.png
25-11-11 17:21:26.027 : ----PSNR/SSIM for (/root/media/quoc-huy/bsrgan-dataset/BSD100/, x4)---- : 19.6468dB / 0.2636
25-11-11 17:21:26.027 : --73 --> BSRGAN_regiondependent --> x4--> 38082.png
25-11-11 17:21:26.192 : ----PSNR/SSIM for (/root/media/quoc-huy/bsrgan-dataset/BSD100/, x4)---- : 18.3324dB / 0.3696
25-11-11 17:21:26.192 : --74 --> BSRGAN_regiondependent --> x4--> 38092.png
25-11-11 17:21:26.359 : ----PSNR/SSIM for (/root/media/quoc-huy/bsrgan-dataset/BSD100/, x4)---- : 19.3607dB / 0.3921
25-11-11 17:21:26.360 : --75 --> BSRGAN_regiondependent --> x4--> 385039.png
25-11-11 17:21:26.517 : ----PSNR/SSIM for (/root/media/quoc-huy/bsrgan-dataset/BSD100/, x4)---- : 17.1467dB / 0.3926
25-11-11 17:21:26.518 : --76 --> BSRGAN_regiondependent --> x4--> 41033.png
25-11-11 17:21:26.692 : ----PSNR/SSIM for (/root/media/quoc-huy/bsrgan-dataset/BSD100/, x4)---- : 20.1653dB / 0.4999
25-11-11 17:21:26.692 : --77 --> BSRGAN_regiondependent --> x4--> 41069.png
25-11-11 17:21:26.860 : ----PSNR/SSIM for (/root/media/quoc-huy/bsrgan-dataset/BSD100/, x4)---- : 18.9644dB / 0.1964
25-11-11 17:21:26.860 : --78 --> BSRGAN_regiondependent --> x4--> 42012.png
25-11-11 17:21:27.015 : ----PSNR/SSIM for (/root/media/quoc-huy/bsrgan-dataset/BSD100/, x4)---- : 19.7422dB / 0.4673
25-11-11 17:21:27.015 : --79 --> BSRGAN_regiondependent --> x4--> 42049.png
25-11-11 17:21:27.202 : ----PSNR/SSIM for (/root/media/quoc-huy/bsrgan-dataset/BSD100/, x4)---- : 17.5168dB / 0.7212
25-11-11 17:21:27.203 : --80 --> BSRGAN_regiondependent --> x4--> 43074.png
25-11-11 17:21:27.378 : ----PSNR/SSIM for (/root/media/quoc-huy/bsrgan-dataset/BSD100/, x4)---- : 16.9862dB / 0.5618
25-11-11 17:21:27.379 : --81 --> BSRGAN_regiondependent --> x4--> 45096.png
25-11-11 17:21:27.526 : ----PSNR/SSIM for (/root/media/quoc-huy/bsrgan-dataset/BSD100/, x4)---- : 19.7262dB / 0.6063
25-11-11 17:21:27.527 : --82 --> BSRGAN_regiondependent --> x4--> 54082.png
25-11-11 17:21:27.655 : ----PSNR/SSIM for (/root/media/quoc-huy/bsrgan-dataset/BSD100/, x4)---- : 15.9958dB / 0.0606
25-11-11 17:21:27.656 : --83 --> BSRGAN_regiondependent --> x4--> 55073.png
25-11-11 17:21:27.833 : ----PSNR/SSIM for (/root/media/quoc-huy/bsrgan-dataset/BSD100/, x4)---- : 15.8521dB / 0.1967
25-11-11 17:21:27.833 : --84 --> BSRGAN_regiondependent --> x4--> 58060.png
25-11-11 17:21:27.977 : ----PSNR/SSIM for (/root/media/quoc-huy/bsrgan-dataset/BSD100/, x4)---- : 14.2411dB / 0.0697
25-11-11 17:21:27.977 : --85 --> BSRGAN_regiondependent --> x4--> 62096.png
25-11-11 17:21:28.175 : ----PSNR/SSIM for (/root/media/quoc-huy/bsrgan-dataset/BSD100/, x4)---- : 17.5419dB / 0.4135
25-11-11 17:21:28.175 : --86 --> BSRGAN_regiondependent --> x4--> 65033.png
25-11-11 17:21:28.327 : ----PSNR/SSIM for (/root/media/quoc-huy/bsrgan-dataset/BSD100/, x4)---- : 17.7062dB / 0.2357
25-11-11 17:21:28.327 : --87 --> BSRGAN_regiondependent --> x4--> 66053.png
25-11-11 17:21:28.473 : ----PSNR/SSIM for (/root/media/quoc-huy/bsrgan-dataset/BSD100/, x4)---- : 18.8694dB / 0.3606
25-11-11 17:21:28.474 : --88 --> BSRGAN_regiondependent --> x4--> 69015.png
25-11-11 17:21:28.665 : ----PSNR/SSIM for (/root/media/quoc-huy/bsrgan-dataset/BSD100/, x4)---- : 18.1921dB / 0.4137
25-11-11 17:21:28.665 : --89 --> BSRGAN_regiondependent --> x4--> 69020.png
25-11-11 17:21:28.802 : ----PSNR/SSIM for (/root/media/quoc-huy/bsrgan-dataset/BSD100/, x4)---- : 21.2264dB / 0.2758
25-11-11 17:21:28.802 : --90 --> BSRGAN_regiondependent --> x4--> 69040.png
25-11-11 17:21:28.982 : ----PSNR/SSIM for (/root/media/quoc-huy/bsrgan-dataset/BSD100/, x4)---- : 15.8537dB / 0.2001
25-11-11 17:21:28.982 : --91 --> BSRGAN_regiondependent --> x4--> 76053.png
25-11-11 17:21:29.139 : ----PSNR/SSIM for (/root/media/quoc-huy/bsrgan-dataset/BSD100/, x4)---- : 18.5679dB / 0.2783
25-11-11 17:21:29.139 : --92 --> BSRGAN_regiondependent --> x4--> 78004.png
25-11-11 17:21:29.275 : ----PSNR/SSIM for (/root/media/quoc-huy/bsrgan-dataset/BSD100/, x4)---- : 19.7687dB / 0.4602
25-11-11 17:21:29.275 : --93 --> BSRGAN_regiondependent --> x4--> 8023.png
25-11-11 17:21:29.484 : ----PSNR/SSIM for (/root/media/quoc-huy/bsrgan-dataset/BSD100/, x4)---- : 22.1730dB / 0.5717
25-11-11 17:21:29.484 : --94 --> BSRGAN_regiondependent --> x4--> 85048.png
25-11-11 17:21:29.653 : ----PSNR/SSIM for (/root/media/quoc-huy/bsrgan-dataset/BSD100/, x4)---- : 18.1625dB / 0.3488
25-11-11 17:21:29.653 : --95 --> BSRGAN_regiondependent --> x4--> 86000.png
25-11-11 17:21:29.814 : ----PSNR/SSIM for (/root/media/quoc-huy/bsrgan-dataset/BSD100/, x4)---- : 18.4263dB / 0.4673
25-11-11 17:21:29.814 : --96 --> BSRGAN_regiondependent --> x4--> 86016.png
25-11-11 17:21:29.976 : ----PSNR/SSIM for (/root/media/quoc-huy/bsrgan-dataset/BSD100/, x4)---- : 19.1309dB / 0.1359
25-11-11 17:21:29.976 : --97 --> BSRGAN_regiondependent --> x4--> 86068.png
25-11-11 17:21:30.139 : ----PSNR/SSIM for (/root/media/quoc-huy/bsrgan-dataset/BSD100/, x4)---- : 21.5790dB / 0.3229
25-11-11 17:21:30.139 : --98 --> BSRGAN_regiondependent --> x4--> 87046.png
25-11-11 17:21:30.320 : ----PSNR/SSIM for (/root/media/quoc-huy/bsrgan-dataset/BSD100/, x4)---- : 16.7121dB / 0.3627
25-11-11 17:21:30.320 : --99 --> BSRGAN_regiondependent --> x4--> 89072.png
25-11-11 17:21:30.509 : ----PSNR/SSIM for (/root/media/quoc-huy/bsrgan-dataset/BSD100/, x4)---- : 18.7034dB / 0.2346
25-11-11 17:21:30.509 : -100 --> BSRGAN_regiondependent --> x4--> 97033.png
25-11-11 17:21:30.670 : ----PSNR/SSIM for (/root/media/quoc-huy/bsrgan-dataset/BSD100/, x4)---- : 16.6713dB / 0.3383
25-11-11 17:21:30.671 : ----Average PSNR/SSIM for (/root/media/quoc-huy/bsrgan-dataset/BSD100/, x4)---- : 18.2577dB / 0.3775
25-11-11 17:21:30.671 :  
25-11-11 17:22:20.064 :       Model Name : BSRGAN_regiondependent
25-11-11 17:22:34.408 :       Input Path : /root/media/quoc-huy/bsrgan-dataset/Set14/
25-11-11 17:22:34.408 :      Output Path : /root/quoc-huy/BSRGAN/testsets/experimental-results/Set14
25-11-11 17:22:34.409 : ---1 --> BSRGAN_regiondependent --> x4--> baboon.png
25-11-11 17:22:35.221 : ----PSNR/SSIM for (/root/media/quoc-huy/bsrgan-dataset/Set14/, x4)---- : 18.0050dB / 0.2199
25-11-11 17:22:35.221 : ---2 --> BSRGAN_regiondependent --> x4--> barbara.png
25-11-11 17:22:35.714 : ----PSNR/SSIM for (/root/media/quoc-huy/bsrgan-dataset/Set14/, x4)---- : 19.1021dB / 0.4409
25-11-11 17:22:35.714 : ---3 --> BSRGAN_regiondependent --> x4--> bridge.png
25-11-11 17:22:36.029 : ----PSNR/SSIM for (/root/media/quoc-huy/bsrgan-dataset/Set14/, x4)---- : 17.6657dB / 0.2191
25-11-11 17:22:36.029 : ---4 --> BSRGAN_regiondependent --> x4--> coastguard.png
25-11-11 17:22:36.149 : ----PSNR/SSIM for (/root/media/quoc-huy/bsrgan-dataset/Set14/, x4)---- : 16.4611dB / 0.0864
25-11-11 17:22:36.149 : ---5 --> BSRGAN_regiondependent --> x4--> comic.png
25-11-11 17:22:36.278 : ----PSNR/SSIM for (/root/media/quoc-huy/bsrgan-dataset/Set14/, x4)---- : 16.4916dB / 0.2413
25-11-11 17:22:36.278 : ---6 --> BSRGAN_regiondependent --> x4--> face.png
25-11-11 17:22:36.384 : ----PSNR/SSIM for (/root/media/quoc-huy/bsrgan-dataset/Set14/, x4)---- : 21.7313dB / 0.4533
25-11-11 17:22:36.385 : ---7 --> BSRGAN_regiondependent --> x4--> flowers.png
25-11-11 17:22:36.599 : ----PSNR/SSIM for (/root/media/quoc-huy/bsrgan-dataset/Set14/, x4)---- : 16.3255dB / 0.2827
25-11-11 17:22:36.599 : ---8 --> BSRGAN_regiondependent --> x4--> foreman.png
25-11-11 17:22:36.740 : ----PSNR/SSIM for (/root/media/quoc-huy/bsrgan-dataset/Set14/, x4)---- : 18.0233dB / 0.4695
25-11-11 17:22:36.740 : ---9 --> BSRGAN_regiondependent --> x4--> lenna.png
25-11-11 17:22:37.044 : ----PSNR/SSIM for (/root/media/quoc-huy/bsrgan-dataset/Set14/, x4)---- : 24.1110dB / 0.6353
25-11-11 17:22:37.044 : --10 --> BSRGAN_regiondependent --> x4--> man.png
25-11-11 17:22:37.365 : ----PSNR/SSIM for (/root/media/quoc-huy/bsrgan-dataset/Set14/, x4)---- : 16.0682dB / 0.2918
25-11-11 17:22:37.365 : --11 --> BSRGAN_regiondependent --> x4--> monarch.png
25-11-11 17:22:37.815 : ----PSNR/SSIM for (/root/media/quoc-huy/bsrgan-dataset/Set14/, x4)---- : 18.2754dB / 0.6259
25-11-11 17:22:37.815 : --12 --> BSRGAN_regiondependent --> x4--> pepper.png
25-11-11 17:22:38.075 : ----PSNR/SSIM for (/root/media/quoc-huy/bsrgan-dataset/Set14/, x4)---- : 18.8343dB / 0.5831
25-11-11 17:22:38.076 : --13 --> BSRGAN_regiondependent --> x4--> ppt3.png
25-11-11 17:22:38.434 : ----PSNR/SSIM for (/root/media/quoc-huy/bsrgan-dataset/Set14/, x4)---- : 13.6644dB / 0.5708
25-11-11 17:22:38.434 : --14 --> BSRGAN_regiondependent --> x4--> zebra.png
25-11-11 17:22:38.696 : ----PSNR/SSIM for (/root/media/quoc-huy/bsrgan-dataset/Set14/, x4)---- : 15.3719dB / 0.2719
25-11-11 17:22:38.696 : ----Average PSNR/SSIM for (/root/media/quoc-huy/bsrgan-dataset/Set14/, x4)---- : 17.8665dB / 0.3851
25-11-11 17:22:38.696 :  
25-11-11 17:23:13.761 :       Model Name : BSRGAN_regiondependent
25-11-11 17:23:30.591 :       Input Path : /root/media/quoc-huy/bsrgan-dataset/Set5/
25-11-11 17:23:30.592 :      Output Path : /root/quoc-huy/BSRGAN/testsets/experimental-results/Set5
25-11-11 17:23:30.593 : ---1 --> BSRGAN_regiondependent --> x4--> baby.png
25-11-11 17:23:31.554 : ----PSNR/SSIM for (/root/media/quoc-huy/bsrgan-dataset/Set5/, x4)---- : 17.7201dB / 0.5768
25-11-11 17:23:31.555 : ---2 --> BSRGAN_regiondependent --> x4--> bird.png
25-11-11 17:23:31.643 : ----PSNR/SSIM for (/root/media/quoc-huy/bsrgan-dataset/Set5/, x4)---- : 16.0183dB / 0.3453
25-11-11 17:23:31.643 : ---3 --> BSRGAN_regiondependent --> x4--> butterfly.png
25-11-11 17:23:31.730 : ----PSNR/SSIM for (/root/media/quoc-huy/bsrgan-dataset/Set5/, x4)---- : 13.4237dB / 0.3306
25-11-11 17:23:31.731 : ---4 --> BSRGAN_regiondependent --> x4--> head.png
25-11-11 17:23:31.795 : ----PSNR/SSIM for (/root/media/quoc-huy/bsrgan-dataset/Set5/, x4)---- : 19.2734dB / 0.1636
25-11-11 17:23:31.795 : ---5 --> BSRGAN_regiondependent --> x4--> woman.png
25-11-11 17:23:31.882 : ----PSNR/SSIM for (/root/media/quoc-huy/bsrgan-dataset/Set5/, x4)---- : 19.1662dB / 0.5480
25-11-11 17:23:31.882 : ----Average PSNR/SSIM for (/root/media/quoc-huy/bsrgan-dataset/Set5/, x4)---- : 17.1204dB / 0.3929
25-11-11 17:23:31.882 :  
25-11-11 17:24:53.046 :       Model Name : BSRGAN_regiondependent
25-11-11 17:25:10.011 :       Input Path : /root/media/quoc-huy/eval-wir/srbenchmarks/Set5/LR/
25-11-11 17:25:10.012 :      Output Path : /root/quoc-huy/BSRGAN/testsets/experimental-results/Set5
25-11-11 17:25:10.012 : ---1 --> BSRGAN_regiondependent --> x4--> baby.png
25-11-11 17:25:11.038 : ----PSNR/SSIM for (/root/media/quoc-huy/eval-wir/srbenchmarks/Set5/LR/, x4)---- : 26.1584dB / 0.7430
25-11-11 17:25:11.038 : ---2 --> BSRGAN_regiondependent --> x4--> bird.png
25-11-11 17:25:11.135 : ----PSNR/SSIM for (/root/media/quoc-huy/eval-wir/srbenchmarks/Set5/LR/, x4)---- : 28.8234dB / 0.8605
25-11-11 17:25:11.135 : ---3 --> BSRGAN_regiondependent --> x4--> butterfly.png
25-11-11 17:25:11.209 : ----PSNR/SSIM for (/root/media/quoc-huy/eval-wir/srbenchmarks/Set5/LR/, x4)---- : 20.8107dB / 0.8338
25-11-11 17:25:11.209 : ---4 --> BSRGAN_regiondependent --> x4--> head.png
25-11-11 17:25:11.321 : ----PSNR/SSIM for (/root/media/quoc-huy/eval-wir/srbenchmarks/Set5/LR/, x4)---- : 23.3852dB / 0.5689
25-11-11 17:25:11.321 : ---5 --> BSRGAN_regiondependent --> x4--> woman.png
25-11-11 17:25:11.432 : ----PSNR/SSIM for (/root/media/quoc-huy/eval-wir/srbenchmarks/Set5/LR/, x4)---- : 22.2836dB / 0.7073
25-11-11 17:25:11.434 : ----Average PSNR/SSIM for (/root/media/quoc-huy/eval-wir/srbenchmarks/Set5/LR/, x4)---- : 24.2922dB / 0.7427
25-11-11 17:25:11.435 :  
25-11-11 17:25:39.007 :       Model Name : BSRGAN_regiondependent
25-11-11 17:25:55.001 :       Input Path : /root/media/quoc-huy/eval-wir/srbenchmarks/Set14/LR/
25-11-11 17:25:55.001 :      Output Path : /root/quoc-huy/BSRGAN/testsets/experimental-results/Set14
25-11-11 17:25:55.002 : ---1 --> BSRGAN_regiondependent --> x4--> baboon.png
25-11-11 17:25:55.883 : ----PSNR/SSIM for (/root/media/quoc-huy/eval-wir/srbenchmarks/Set14/LR/, x4)---- : 17.9508dB / 0.3727
25-11-11 17:25:55.884 : ---2 --> BSRGAN_regiondependent --> x4--> barbara.png
25-11-11 17:25:56.317 : ----PSNR/SSIM for (/root/media/quoc-huy/eval-wir/srbenchmarks/Set14/LR/, x4)---- : 22.3890dB / 0.6056
25-11-11 17:25:56.318 : ---3 --> BSRGAN_regiondependent --> x4--> bridge.png
25-11-11 17:25:56.595 : ----PSNR/SSIM for (/root/media/quoc-huy/eval-wir/srbenchmarks/Set14/LR/, x4)---- : 19.7872dB / 0.3951
25-11-11 17:25:56.595 : ---4 --> BSRGAN_regiondependent --> x4--> coastguard.png
25-11-11 17:25:56.717 : ----PSNR/SSIM for (/root/media/quoc-huy/eval-wir/srbenchmarks/Set14/LR/, x4)---- : 18.3398dB / 0.4084
25-11-11 17:25:56.717 : ---5 --> BSRGAN_regiondependent --> x4--> comic.png
25-11-11 17:25:56.853 : ----PSNR/SSIM for (/root/media/quoc-huy/eval-wir/srbenchmarks/Set14/LR/, x4)---- : 18.5913dB / 0.5357
25-11-11 17:25:56.853 : ---6 --> BSRGAN_regiondependent --> x4--> face.png
25-11-11 17:25:56.968 : ----PSNR/SSIM for (/root/media/quoc-huy/eval-wir/srbenchmarks/Set14/LR/, x4)---- : 28.7490dB / 0.6627
25-11-11 17:25:56.969 : ---7 --> BSRGAN_regiondependent --> x4--> flowers.png
25-11-11 17:25:57.192 : ----PSNR/SSIM for (/root/media/quoc-huy/eval-wir/srbenchmarks/Set14/LR/, x4)---- : 21.0884dB / 0.6873
25-11-11 17:25:57.193 : ---8 --> BSRGAN_regiondependent --> x4--> foreman.png
25-11-11 17:25:57.321 : ----PSNR/SSIM for (/root/media/quoc-huy/eval-wir/srbenchmarks/Set14/LR/, x4)---- : 22.3586dB / 0.8491
25-11-11 17:25:57.322 : ---9 --> BSRGAN_regiondependent --> x4--> lenna.png
25-11-11 17:25:57.644 : ----PSNR/SSIM for (/root/media/quoc-huy/eval-wir/srbenchmarks/Set14/LR/, x4)---- : 26.6582dB / 0.7328
25-11-11 17:25:57.645 : --10 --> BSRGAN_regiondependent --> x4--> man.png
25-11-11 17:25:57.956 : ----PSNR/SSIM for (/root/media/quoc-huy/eval-wir/srbenchmarks/Set14/LR/, x4)---- : 23.6237dB / 0.6273
25-11-11 17:25:57.956 : --11 --> BSRGAN_regiondependent --> x4--> monarch.png
25-11-11 17:25:58.414 : ----PSNR/SSIM for (/root/media/quoc-huy/eval-wir/srbenchmarks/Set14/LR/, x4)---- : 26.0259dB / 0.8733
25-11-11 17:25:58.414 : --12 --> BSRGAN_regiondependent --> x4--> pepper.png
25-11-11 17:25:58.796 : ----PSNR/SSIM for (/root/media/quoc-huy/eval-wir/srbenchmarks/Set14/LR/, x4)---- : 23.6982dB / 0.7647
25-11-11 17:25:58.796 : --13 --> BSRGAN_regiondependent --> x4--> ppt3.png
25-11-11 17:25:59.150 : ----PSNR/SSIM for (/root/media/quoc-huy/eval-wir/srbenchmarks/Set14/LR/, x4)---- : 22.2551dB / 0.8815
25-11-11 17:25:59.150 : --14 --> BSRGAN_regiondependent --> x4--> zebra.png
25-11-11 17:25:59.413 : ----PSNR/SSIM for (/root/media/quoc-huy/eval-wir/srbenchmarks/Set14/LR/, x4)---- : 20.1121dB / 0.6155
25-11-11 17:25:59.413 : ----Average PSNR/SSIM for (/root/media/quoc-huy/eval-wir/srbenchmarks/Set14/LR/, x4)---- : 22.2591dB / 0.6437
25-11-11 17:25:59.413 :  
25-11-11 17:26:25.140 :       Model Name : BSRGAN_regiondependent
25-11-11 17:26:41.528 :       Input Path : /root/media/quoc-huy/eval-wir/srbenchmarks/BSD100/LR/
25-11-11 17:26:41.529 :      Output Path : /root/quoc-huy/BSRGAN/testsets/experimental-results/BSD100
25-11-11 17:26:41.531 : ---1 --> BSRGAN_regiondependent --> x4--> 101085.png
25-11-11 17:26:42.261 : ----PSNR/SSIM for (/root/media/quoc-huy/eval-wir/srbenchmarks/BSD100/LR/, x4)---- : 21.0770dB / 0.4692
25-11-11 17:26:42.261 : ---2 --> BSRGAN_regiondependent --> x4--> 101087.png
25-11-11 17:26:42.417 : ----PSNR/SSIM for (/root/media/quoc-huy/eval-wir/srbenchmarks/BSD100/LR/, x4)---- : 23.2156dB / 0.7270
25-11-11 17:26:42.418 : ---3 --> BSRGAN_regiondependent --> x4--> 102061.png
25-11-11 17:26:42.565 : ----PSNR/SSIM for (/root/media/quoc-huy/eval-wir/srbenchmarks/BSD100/LR/, x4)---- : 22.8752dB / 0.6853
25-11-11 17:26:42.566 : ---4 --> BSRGAN_regiondependent --> x4--> 103070.png
25-11-11 17:26:42.724 : ----PSNR/SSIM for (/root/media/quoc-huy/eval-wir/srbenchmarks/BSD100/LR/, x4)---- : 24.3898dB / 0.6979
25-11-11 17:26:42.724 : ---5 --> BSRGAN_regiondependent --> x4--> 105025.png
25-11-11 17:26:42.926 : ----PSNR/SSIM for (/root/media/quoc-huy/eval-wir/srbenchmarks/BSD100/LR/, x4)---- : 18.1138dB / 0.5264
25-11-11 17:26:42.926 : ---6 --> BSRGAN_regiondependent --> x4--> 106024.png
25-11-11 17:26:43.056 : ----PSNR/SSIM for (/root/media/quoc-huy/eval-wir/srbenchmarks/BSD100/LR/, x4)---- : 21.7028dB / 0.7425
25-11-11 17:26:43.056 : ---7 --> BSRGAN_regiondependent --> x4--> 108005.png
25-11-11 17:26:43.239 : ----PSNR/SSIM for (/root/media/quoc-huy/eval-wir/srbenchmarks/BSD100/LR/, x4)---- : 17.6214dB / 0.4339
25-11-11 17:26:43.239 : ---8 --> BSRGAN_regiondependent --> x4--> 108070.png
25-11-11 17:26:43.407 : ----PSNR/SSIM for (/root/media/quoc-huy/eval-wir/srbenchmarks/BSD100/LR/, x4)---- : 18.2991dB / 0.3521
25-11-11 17:26:43.407 : ---9 --> BSRGAN_regiondependent --> x4--> 108082.png
25-11-11 17:26:43.566 : ----PSNR/SSIM for (/root/media/quoc-huy/eval-wir/srbenchmarks/BSD100/LR/, x4)---- : 18.4395dB / 0.4679
25-11-11 17:26:43.566 : --10 --> BSRGAN_regiondependent --> x4--> 109053.png
25-11-11 17:26:43.753 : ----PSNR/SSIM for (/root/media/quoc-huy/eval-wir/srbenchmarks/BSD100/LR/, x4)---- : 25.7604dB / 0.6984
25-11-11 17:26:43.753 : --11 --> BSRGAN_regiondependent --> x4--> 119082.png
25-11-11 17:26:43.895 : ----PSNR/SSIM for (/root/media/quoc-huy/eval-wir/srbenchmarks/BSD100/LR/, x4)---- : 20.6791dB / 0.5763
25-11-11 17:26:43.896 : --12 --> BSRGAN_regiondependent --> x4--> 12084.png
25-11-11 17:26:44.073 : ----PSNR/SSIM for (/root/media/quoc-huy/eval-wir/srbenchmarks/BSD100/LR/, x4)---- : 21.2912dB / 0.5812
25-11-11 17:26:44.073 : --13 --> BSRGAN_regiondependent --> x4--> 123074.png
25-11-11 17:26:44.251 : ----PSNR/SSIM for (/root/media/quoc-huy/eval-wir/srbenchmarks/BSD100/LR/, x4)---- : 19.9327dB / 0.6370
25-11-11 17:26:44.251 : --14 --> BSRGAN_regiondependent --> x4--> 126007.png
25-11-11 17:26:44.421 : ----PSNR/SSIM for (/root/media/quoc-huy/eval-wir/srbenchmarks/BSD100/LR/, x4)---- : 21.5937dB / 0.6751
25-11-11 17:26:44.421 : --15 --> BSRGAN_regiondependent --> x4--> 130026.png
25-11-11 17:26:44.594 : ----PSNR/SSIM for (/root/media/quoc-huy/eval-wir/srbenchmarks/BSD100/LR/, x4)---- : 18.5271dB / 0.4715
25-11-11 17:26:44.594 : --16 --> BSRGAN_regiondependent --> x4--> 134035.png
25-11-11 17:26:44.734 : ----PSNR/SSIM for (/root/media/quoc-huy/eval-wir/srbenchmarks/BSD100/LR/, x4)---- : 19.9358dB / 0.5320
25-11-11 17:26:44.735 : --17 --> BSRGAN_regiondependent --> x4--> 14037.png
25-11-11 17:26:44.894 : ----PSNR/SSIM for (/root/media/quoc-huy/eval-wir/srbenchmarks/BSD100/LR/, x4)---- : 24.9354dB / 0.7298
25-11-11 17:26:44.895 : --18 --> BSRGAN_regiondependent --> x4--> 143090.png
25-11-11 17:26:45.067 : ----PSNR/SSIM for (/root/media/quoc-huy/eval-wir/srbenchmarks/BSD100/LR/, x4)---- : 24.3596dB / 0.7952
25-11-11 17:26:45.067 : --19 --> BSRGAN_regiondependent --> x4--> 145086.png
25-11-11 17:26:45.263 : ----PSNR/SSIM for (/root/media/quoc-huy/eval-wir/srbenchmarks/BSD100/LR/, x4)---- : 21.7900dB / 0.6007
25-11-11 17:26:45.264 : --20 --> BSRGAN_regiondependent --> x4--> 147091.png
25-11-11 17:26:45.423 : ----PSNR/SSIM for (/root/media/quoc-huy/eval-wir/srbenchmarks/BSD100/LR/, x4)---- : 22.6047dB / 0.7123
25-11-11 17:26:45.424 : --21 --> BSRGAN_regiondependent --> x4--> 148026.png
25-11-11 17:26:45.574 : ----PSNR/SSIM for (/root/media/quoc-huy/eval-wir/srbenchmarks/BSD100/LR/, x4)---- : 17.8585dB / 0.4903
25-11-11 17:26:45.575 : --22 --> BSRGAN_regiondependent --> x4--> 148089.png
25-11-11 17:26:45.745 : ----PSNR/SSIM for (/root/media/quoc-huy/eval-wir/srbenchmarks/BSD100/LR/, x4)---- : 20.4882dB / 0.4964
25-11-11 17:26:45.746 : --23 --> BSRGAN_regiondependent --> x4--> 156065.png
25-11-11 17:26:45.902 : ----PSNR/SSIM for (/root/media/quoc-huy/eval-wir/srbenchmarks/BSD100/LR/, x4)---- : 20.1871dB / 0.4075
25-11-11 17:26:45.902 : --24 --> BSRGAN_regiondependent --> x4--> 157055.png
25-11-11 17:26:46.114 : ----PSNR/SSIM for (/root/media/quoc-huy/eval-wir/srbenchmarks/BSD100/LR/, x4)---- : 17.0056dB / 0.5825
25-11-11 17:26:46.115 : --25 --> BSRGAN_regiondependent --> x4--> 159008.png
25-11-11 17:26:46.270 : ----PSNR/SSIM for (/root/media/quoc-huy/eval-wir/srbenchmarks/BSD100/LR/, x4)---- : 21.9944dB / 0.6147
25-11-11 17:26:46.270 : --26 --> BSRGAN_regiondependent --> x4--> 160068.png
25-11-11 17:26:46.443 : ----PSNR/SSIM for (/root/media/quoc-huy/eval-wir/srbenchmarks/BSD100/LR/, x4)---- : 22.9527dB / 0.7133
25-11-11 17:26:46.444 : --27 --> BSRGAN_regiondependent --> x4--> 16077.png
25-11-11 17:26:46.593 : ----PSNR/SSIM for (/root/media/quoc-huy/eval-wir/srbenchmarks/BSD100/LR/, x4)---- : 23.0111dB / 0.5702
25-11-11 17:26:46.593 : --28 --> BSRGAN_regiondependent --> x4--> 163085.png
25-11-11 17:26:46.771 : ----PSNR/SSIM for (/root/media/quoc-huy/eval-wir/srbenchmarks/BSD100/LR/, x4)---- : 24.5231dB / 0.6602
25-11-11 17:26:46.772 : --29 --> BSRGAN_regiondependent --> x4--> 167062.png
25-11-11 17:26:46.932 : ----PSNR/SSIM for (/root/media/quoc-huy/eval-wir/srbenchmarks/BSD100/LR/, x4)---- : 26.5713dB / 0.7419
25-11-11 17:26:46.933 : --30 --> BSRGAN_regiondependent --> x4--> 167083.png
25-11-11 17:26:47.101 : ----PSNR/SSIM for (/root/media/quoc-huy/eval-wir/srbenchmarks/BSD100/LR/, x4)---- : 17.0012dB / 0.3405
25-11-11 17:26:47.101 : --31 --> BSRGAN_regiondependent --> x4--> 170057.png
25-11-11 17:26:47.251 : ----PSNR/SSIM for (/root/media/quoc-huy/eval-wir/srbenchmarks/BSD100/LR/, x4)---- : 24.5365dB / 0.5881
25-11-11 17:26:47.251 : --32 --> BSRGAN_regiondependent --> x4--> 175032.png
25-11-11 17:26:47.411 : ----PSNR/SSIM for (/root/media/quoc-huy/eval-wir/srbenchmarks/BSD100/LR/, x4)---- : 17.0147dB / 0.2293
25-11-11 17:26:47.412 : --33 --> BSRGAN_regiondependent --> x4--> 175043.png
25-11-11 17:26:47.576 : ----PSNR/SSIM for (/root/media/quoc-huy/eval-wir/srbenchmarks/BSD100/LR/, x4)---- : 18.0494dB / 0.4522
25-11-11 17:26:47.576 : --34 --> BSRGAN_regiondependent --> x4--> 182053.png
25-11-11 17:26:47.745 : ----PSNR/SSIM for (/root/media/quoc-huy/eval-wir/srbenchmarks/BSD100/LR/, x4)---- : 18.4565dB / 0.5664
25-11-11 17:26:47.746 : --35 --> BSRGAN_regiondependent --> x4--> 189080.png
25-11-11 17:26:47.915 : ----PSNR/SSIM for (/root/media/quoc-huy/eval-wir/srbenchmarks/BSD100/LR/, x4)---- : 25.7081dB / 0.8083
25-11-11 17:26:47.915 : --36 --> BSRGAN_regiondependent --> x4--> 19021.png
25-11-11 17:26:48.065 : ----PSNR/SSIM for (/root/media/quoc-huy/eval-wir/srbenchmarks/BSD100/LR/, x4)---- : 20.6671dB / 0.5180
25-11-11 17:26:48.065 : --37 --> BSRGAN_regiondependent --> x4--> 196073.png
25-11-11 17:26:48.224 : ----PSNR/SSIM for (/root/media/quoc-huy/eval-wir/srbenchmarks/BSD100/LR/, x4)---- : 16.9285dB / 0.3551
25-11-11 17:26:48.224 : --38 --> BSRGAN_regiondependent --> x4--> 197017.png
25-11-11 17:26:48.390 : ----PSNR/SSIM for (/root/media/quoc-huy/eval-wir/srbenchmarks/BSD100/LR/, x4)---- : 23.9909dB / 0.5881
25-11-11 17:26:48.390 : --39 --> BSRGAN_regiondependent --> x4--> 208001.png
25-11-11 17:26:48.560 : ----PSNR/SSIM for (/root/media/quoc-huy/eval-wir/srbenchmarks/BSD100/LR/, x4)---- : 19.8040dB / 0.4755
25-11-11 17:26:48.561 : --40 --> BSRGAN_regiondependent --> x4--> 210088.png
25-11-11 17:26:48.704 : ----PSNR/SSIM for (/root/media/quoc-huy/eval-wir/srbenchmarks/BSD100/LR/, x4)---- : 26.4588dB / 0.8135
25-11-11 17:26:48.704 : --41 --> BSRGAN_regiondependent --> x4--> 21077.png
25-11-11 17:26:48.874 : ----PSNR/SSIM for (/root/media/quoc-huy/eval-wir/srbenchmarks/BSD100/LR/, x4)---- : 20.0736dB / 0.6054
25-11-11 17:26:48.874 : --42 --> BSRGAN_regiondependent --> x4--> 216081.png
25-11-11 17:26:49.034 : ----PSNR/SSIM for (/root/media/quoc-huy/eval-wir/srbenchmarks/BSD100/LR/, x4)---- : 19.7486dB / 0.4807
25-11-11 17:26:49.034 : --43 --> BSRGAN_regiondependent --> x4--> 219090.png
25-11-11 17:26:49.212 : ----PSNR/SSIM for (/root/media/quoc-huy/eval-wir/srbenchmarks/BSD100/LR/, x4)---- : 21.6629dB / 0.6415
25-11-11 17:26:49.212 : --44 --> BSRGAN_regiondependent --> x4--> 220075.png
25-11-11 17:26:49.404 : ----PSNR/SSIM for (/root/media/quoc-huy/eval-wir/srbenchmarks/BSD100/LR/, x4)---- : 21.0416dB / 0.6187
25-11-11 17:26:49.404 : --45 --> BSRGAN_regiondependent --> x4--> 223061.png
25-11-11 17:26:49.582 : ----PSNR/SSIM for (/root/media/quoc-huy/eval-wir/srbenchmarks/BSD100/LR/, x4)---- : 20.8157dB / 0.5720
25-11-11 17:26:49.582 : --46 --> BSRGAN_regiondependent --> x4--> 227092.png
25-11-11 17:26:49.757 : ----PSNR/SSIM for (/root/media/quoc-huy/eval-wir/srbenchmarks/BSD100/LR/, x4)---- : 22.4831dB / 0.8044
25-11-11 17:26:49.757 : --47 --> BSRGAN_regiondependent --> x4--> 229036.png
25-11-11 17:26:49.918 : ----PSNR/SSIM for (/root/media/quoc-huy/eval-wir/srbenchmarks/BSD100/LR/, x4)---- : 19.4568dB / 0.4475
25-11-11 17:26:49.918 : --48 --> BSRGAN_regiondependent --> x4--> 236037.png
25-11-11 17:26:50.061 : ----PSNR/SSIM for (/root/media/quoc-huy/eval-wir/srbenchmarks/BSD100/LR/, x4)---- : 19.0532dB / 0.3757
25-11-11 17:26:50.062 : --49 --> BSRGAN_regiondependent --> x4--> 24077.png
25-11-11 17:26:50.292 : ----PSNR/SSIM for (/root/media/quoc-huy/eval-wir/srbenchmarks/BSD100/LR/, x4)---- : 23.3331dB / 0.7945
25-11-11 17:26:50.293 : --50 --> BSRGAN_regiondependent --> x4--> 241004.png
25-11-11 17:26:50.441 : ----PSNR/SSIM for (/root/media/quoc-huy/eval-wir/srbenchmarks/BSD100/LR/, x4)---- : 25.1040dB / 0.6952
25-11-11 17:26:50.441 : --51 --> BSRGAN_regiondependent --> x4--> 241048.png
25-11-11 17:26:50.568 : ----PSNR/SSIM for (/root/media/quoc-huy/eval-wir/srbenchmarks/BSD100/LR/, x4)---- : 19.9464dB / 0.4677
25-11-11 17:26:50.568 : --52 --> BSRGAN_regiondependent --> x4--> 253027.png
25-11-11 17:26:50.756 : ----PSNR/SSIM for (/root/media/quoc-huy/eval-wir/srbenchmarks/BSD100/LR/, x4)---- : 18.2243dB / 0.5569
25-11-11 17:26:50.756 : --53 --> BSRGAN_regiondependent --> x4--> 253055.png
25-11-11 17:26:50.901 : ----PSNR/SSIM for (/root/media/quoc-huy/eval-wir/srbenchmarks/BSD100/LR/, x4)---- : 19.9216dB / 0.7398
25-11-11 17:26:50.901 : --54 --> BSRGAN_regiondependent --> x4--> 260058.png
25-11-11 17:26:51.077 : ----PSNR/SSIM for (/root/media/quoc-huy/eval-wir/srbenchmarks/BSD100/LR/, x4)---- : 16.6194dB / 0.6467
25-11-11 17:26:51.077 : --55 --> BSRGAN_regiondependent --> x4--> 271035.png
25-11-11 17:26:51.241 : ----PSNR/SSIM for (/root/media/quoc-huy/eval-wir/srbenchmarks/BSD100/LR/, x4)---- : 20.3105dB / 0.5381
25-11-11 17:26:51.241 : --56 --> BSRGAN_regiondependent --> x4--> 285079.png
25-11-11 17:26:51.384 : ----PSNR/SSIM for (/root/media/quoc-huy/eval-wir/srbenchmarks/BSD100/LR/, x4)---- : 14.9745dB / 0.3448
25-11-11 17:26:51.384 : --57 --> BSRGAN_regiondependent --> x4--> 291000.png
25-11-11 17:26:51.567 : ----PSNR/SSIM for (/root/media/quoc-huy/eval-wir/srbenchmarks/BSD100/LR/, x4)---- : 17.4192dB / 0.2185
25-11-11 17:26:51.567 : --58 --> BSRGAN_regiondependent --> x4--> 295087.png
25-11-11 17:26:51.726 : ----PSNR/SSIM for (/root/media/quoc-huy/eval-wir/srbenchmarks/BSD100/LR/, x4)---- : 22.3478dB / 0.6226
25-11-11 17:26:51.726 : --59 --> BSRGAN_regiondependent --> x4--> 296007.png
25-11-11 17:26:51.911 : ----PSNR/SSIM for (/root/media/quoc-huy/eval-wir/srbenchmarks/BSD100/LR/, x4)---- : 19.5387dB / 0.6386
25-11-11 17:26:51.911 : --60 --> BSRGAN_regiondependent --> x4--> 296059.png
25-11-11 17:26:52.045 : ----PSNR/SSIM for (/root/media/quoc-huy/eval-wir/srbenchmarks/BSD100/LR/, x4)---- : 21.5699dB / 0.6555
25-11-11 17:26:52.045 : --61 --> BSRGAN_regiondependent --> x4--> 299086.png
25-11-11 17:26:52.202 : ----PSNR/SSIM for (/root/media/quoc-huy/eval-wir/srbenchmarks/BSD100/LR/, x4)---- : 25.0757dB / 0.6344
25-11-11 17:26:52.202 : --62 --> BSRGAN_regiondependent --> x4--> 300091.png
25-11-11 17:26:52.361 : ----PSNR/SSIM for (/root/media/quoc-huy/eval-wir/srbenchmarks/BSD100/LR/, x4)---- : 24.5767dB / 0.6860
25-11-11 17:26:52.362 : --63 --> BSRGAN_regiondependent --> x4--> 302008.png
25-11-11 17:26:52.525 : ----PSNR/SSIM for (/root/media/quoc-huy/eval-wir/srbenchmarks/BSD100/LR/, x4)---- : 20.1087dB / 0.7986
25-11-11 17:26:52.525 : --64 --> BSRGAN_regiondependent --> x4--> 304034.png
25-11-11 17:26:52.689 : ----PSNR/SSIM for (/root/media/quoc-huy/eval-wir/srbenchmarks/BSD100/LR/, x4)---- : 18.8709dB / 0.4702
25-11-11 17:26:52.689 : --65 --> BSRGAN_regiondependent --> x4--> 304074.png
25-11-11 17:26:52.869 : ----PSNR/SSIM for (/root/media/quoc-huy/eval-wir/srbenchmarks/BSD100/LR/, x4)---- : 19.4625dB / 0.4088
25-11-11 17:26:52.869 : --66 --> BSRGAN_regiondependent --> x4--> 306005.png
25-11-11 17:26:53.028 : ----PSNR/SSIM for (/root/media/quoc-huy/eval-wir/srbenchmarks/BSD100/LR/, x4)---- : 24.9863dB / 0.6926
25-11-11 17:26:53.029 : --67 --> BSRGAN_regiondependent --> x4--> 3096.png
25-11-11 17:26:53.223 : ----PSNR/SSIM for (/root/media/quoc-huy/eval-wir/srbenchmarks/BSD100/LR/, x4)---- : 14.3591dB / 0.8968
25-11-11 17:26:53.225 : --68 --> BSRGAN_regiondependent --> x4--> 33039.png
25-11-11 17:26:53.395 : ----PSNR/SSIM for (/root/media/quoc-huy/eval-wir/srbenchmarks/BSD100/LR/, x4)---- : 17.8221dB / 0.4276
25-11-11 17:26:53.396 : --69 --> BSRGAN_regiondependent --> x4--> 351093.png
25-11-11 17:26:53.558 : ----PSNR/SSIM for (/root/media/quoc-huy/eval-wir/srbenchmarks/BSD100/LR/, x4)---- : 19.3725dB / 0.5248
25-11-11 17:26:53.558 : --70 --> BSRGAN_regiondependent --> x4--> 361010.png
25-11-11 17:26:53.733 : ----PSNR/SSIM for (/root/media/quoc-huy/eval-wir/srbenchmarks/BSD100/LR/, x4)---- : 21.5794dB / 0.5948
25-11-11 17:26:53.733 : --71 --> BSRGAN_regiondependent --> x4--> 37073.png
25-11-11 17:26:53.896 : ----PSNR/SSIM for (/root/media/quoc-huy/eval-wir/srbenchmarks/BSD100/LR/, x4)---- : 23.5426dB / 0.6467
25-11-11 17:26:53.896 : --72 --> BSRGAN_regiondependent --> x4--> 376043.png
25-11-11 17:26:54.053 : ----PSNR/SSIM for (/root/media/quoc-huy/eval-wir/srbenchmarks/BSD100/LR/, x4)---- : 22.4572dB / 0.4546
25-11-11 17:26:54.053 : --73 --> BSRGAN_regiondependent --> x4--> 38082.png
25-11-11 17:26:54.216 : ----PSNR/SSIM for (/root/media/quoc-huy/eval-wir/srbenchmarks/BSD100/LR/, x4)---- : 22.9930dB / 0.4704
25-11-11 17:26:54.216 : --74 --> BSRGAN_regiondependent --> x4--> 38092.png
25-11-11 17:26:54.440 : ----PSNR/SSIM for (/root/media/quoc-huy/eval-wir/srbenchmarks/BSD100/LR/, x4)---- : 21.8406dB / 0.5409
25-11-11 17:26:54.441 : --75 --> BSRGAN_regiondependent --> x4--> 385039.png
25-11-11 17:26:54.624 : ----PSNR/SSIM for (/root/media/quoc-huy/eval-wir/srbenchmarks/BSD100/LR/, x4)---- : 20.5181dB / 0.5815
25-11-11 17:26:54.625 : --76 --> BSRGAN_regiondependent --> x4--> 41033.png
25-11-11 17:26:54.827 : ----PSNR/SSIM for (/root/media/quoc-huy/eval-wir/srbenchmarks/BSD100/LR/, x4)---- : 26.0526dB / 0.6300
25-11-11 17:26:54.828 : --77 --> BSRGAN_regiondependent --> x4--> 41069.png
25-11-11 17:26:54.957 : ----PSNR/SSIM for (/root/media/quoc-huy/eval-wir/srbenchmarks/BSD100/LR/, x4)---- : 19.1363dB / 0.3196
25-11-11 17:26:54.957 : --78 --> BSRGAN_regiondependent --> x4--> 42012.png
25-11-11 17:26:55.132 : ----PSNR/SSIM for (/root/media/quoc-huy/eval-wir/srbenchmarks/BSD100/LR/, x4)---- : 22.4609dB / 0.6133
25-11-11 17:26:55.133 : --79 --> BSRGAN_regiondependent --> x4--> 42049.png
25-11-11 17:26:55.361 : ----PSNR/SSIM for (/root/media/quoc-huy/eval-wir/srbenchmarks/BSD100/LR/, x4)---- : 25.5778dB / 0.8838
25-11-11 17:26:55.361 : --80 --> BSRGAN_regiondependent --> x4--> 43074.png
25-11-11 17:26:55.488 : ----PSNR/SSIM for (/root/media/quoc-huy/eval-wir/srbenchmarks/BSD100/LR/, x4)---- : 24.5702dB / 0.7115
25-11-11 17:26:55.488 : --81 --> BSRGAN_regiondependent --> x4--> 45096.png
25-11-11 17:26:55.673 : ----PSNR/SSIM for (/root/media/quoc-huy/eval-wir/srbenchmarks/BSD100/LR/, x4)---- : 27.4833dB / 0.6821
25-11-11 17:26:55.674 : --82 --> BSRGAN_regiondependent --> x4--> 54082.png
25-11-11 17:26:55.849 : ----PSNR/SSIM for (/root/media/quoc-huy/eval-wir/srbenchmarks/BSD100/LR/, x4)---- : 23.3230dB / 0.5692
25-11-11 17:26:55.849 : --83 --> BSRGAN_regiondependent --> x4--> 55073.png
25-11-11 17:26:56.026 : ----PSNR/SSIM for (/root/media/quoc-huy/eval-wir/srbenchmarks/BSD100/LR/, x4)---- : 19.3061dB / 0.3418
25-11-11 17:26:56.027 : --84 --> BSRGAN_regiondependent --> x4--> 58060.png
25-11-11 17:26:56.216 : ----PSNR/SSIM for (/root/media/quoc-huy/eval-wir/srbenchmarks/BSD100/LR/, x4)---- : 18.0097dB / 0.3831
25-11-11 17:26:56.216 : --85 --> BSRGAN_regiondependent --> x4--> 62096.png
25-11-11 17:26:56.343 : ----PSNR/SSIM for (/root/media/quoc-huy/eval-wir/srbenchmarks/BSD100/LR/, x4)---- : 19.4256dB / 0.5732
25-11-11 17:26:56.343 : --86 --> BSRGAN_regiondependent --> x4--> 65033.png
25-11-11 17:26:56.545 : ----PSNR/SSIM for (/root/media/quoc-huy/eval-wir/srbenchmarks/BSD100/LR/, x4)---- : 17.6044dB / 0.3199
25-11-11 17:26:56.546 : --87 --> BSRGAN_regiondependent --> x4--> 66053.png
25-11-11 17:26:56.713 : ----PSNR/SSIM for (/root/media/quoc-huy/eval-wir/srbenchmarks/BSD100/LR/, x4)---- : 23.7397dB / 0.5080
25-11-11 17:26:56.714 : --88 --> BSRGAN_regiondependent --> x4--> 69015.png
25-11-11 17:26:56.895 : ----PSNR/SSIM for (/root/media/quoc-huy/eval-wir/srbenchmarks/BSD100/LR/, x4)---- : 23.7905dB / 0.6754
25-11-11 17:26:56.896 : --89 --> BSRGAN_regiondependent --> x4--> 69020.png
25-11-11 17:26:57.073 : ----PSNR/SSIM for (/root/media/quoc-huy/eval-wir/srbenchmarks/BSD100/LR/, x4)---- : 21.8849dB / 0.3668
25-11-11 17:26:57.073 : --90 --> BSRGAN_regiondependent --> x4--> 69040.png
25-11-11 17:26:57.216 : ----PSNR/SSIM for (/root/media/quoc-huy/eval-wir/srbenchmarks/BSD100/LR/, x4)---- : 19.0686dB / 0.4633
25-11-11 17:26:57.217 : --91 --> BSRGAN_regiondependent --> x4--> 76053.png
25-11-11 17:26:57.399 : ----PSNR/SSIM for (/root/media/quoc-huy/eval-wir/srbenchmarks/BSD100/LR/, x4)---- : 19.9919dB / 0.4637
25-11-11 17:26:57.399 : --92 --> BSRGAN_regiondependent --> x4--> 78004.png
25-11-11 17:26:57.575 : ----PSNR/SSIM for (/root/media/quoc-huy/eval-wir/srbenchmarks/BSD100/LR/, x4)---- : 23.1374dB / 0.6430
25-11-11 17:26:57.575 : --93 --> BSRGAN_regiondependent --> x4--> 8023.png
25-11-11 17:26:57.776 : ----PSNR/SSIM for (/root/media/quoc-huy/eval-wir/srbenchmarks/BSD100/LR/, x4)---- : 20.4654dB / 0.5943
25-11-11 17:26:57.777 : --94 --> BSRGAN_regiondependent --> x4--> 85048.png
25-11-11 17:26:57.943 : ----PSNR/SSIM for (/root/media/quoc-huy/eval-wir/srbenchmarks/BSD100/LR/, x4)---- : 17.6818dB / 0.5222
25-11-11 17:26:57.944 : --95 --> BSRGAN_regiondependent --> x4--> 86000.png
25-11-11 17:26:58.084 : ----PSNR/SSIM for (/root/media/quoc-huy/eval-wir/srbenchmarks/BSD100/LR/, x4)---- : 16.7046dB / 0.5992
25-11-11 17:26:58.084 : --96 --> BSRGAN_regiondependent --> x4--> 86016.png
25-11-11 17:26:58.246 : ----PSNR/SSIM for (/root/media/quoc-huy/eval-wir/srbenchmarks/BSD100/LR/, x4)---- : 15.4713dB / 0.1510
25-11-11 17:26:58.246 : --97 --> BSRGAN_regiondependent --> x4--> 86068.png
25-11-11 17:26:58.419 : ----PSNR/SSIM for (/root/media/quoc-huy/eval-wir/srbenchmarks/BSD100/LR/, x4)---- : 23.0415dB / 0.4566
25-11-11 17:26:58.419 : --98 --> BSRGAN_regiondependent --> x4--> 87046.png
25-11-11 17:26:58.585 : ----PSNR/SSIM for (/root/media/quoc-huy/eval-wir/srbenchmarks/BSD100/LR/, x4)---- : 19.9765dB / 0.6226
25-11-11 17:26:58.586 : --99 --> BSRGAN_regiondependent --> x4--> 89072.png
25-11-11 17:26:58.733 : ----PSNR/SSIM for (/root/media/quoc-huy/eval-wir/srbenchmarks/BSD100/LR/, x4)---- : 18.9168dB / 0.4844
25-11-11 17:26:58.733 : -100 --> BSRGAN_regiondependent --> x4--> 97033.png
25-11-11 17:26:58.903 : ----PSNR/SSIM for (/root/media/quoc-huy/eval-wir/srbenchmarks/BSD100/LR/, x4)---- : 21.0690dB / 0.5963
25-11-11 17:26:58.904 : ----Average PSNR/SSIM for (/root/media/quoc-huy/eval-wir/srbenchmarks/BSD100/LR/, x4)---- : 20.9945dB / 0.5659
25-11-11 17:26:58.904 :  
25-11-11 17:27:27.807 :       Model Name : BSRGAN_regiondependent
25-11-11 17:27:43.536 :       Input Path : /root/media/quoc-huy/eval-wir/srbenchmarks/Urban100/LR/
25-11-11 17:27:43.537 :      Output Path : /root/quoc-huy/BSRGAN/testsets/experimental-results/Urban100
25-11-11 17:27:43.538 : ---1 --> BSRGAN_regiondependent --> x4--> img_001.png
25-11-11 17:27:44.886 : ----PSNR/SSIM for (/root/media/quoc-huy/eval-wir/srbenchmarks/Urban100/LR/, x4)---- : 22.1356dB / 0.6177
25-11-11 17:27:44.886 : ---2 --> BSRGAN_regiondependent --> x4--> img_002.png
25-11-11 17:27:45.843 : ----PSNR/SSIM for (/root/media/quoc-huy/eval-wir/srbenchmarks/Urban100/LR/, x4)---- : 19.7880dB / 0.5488
25-11-11 17:27:45.844 : ---3 --> BSRGAN_regiondependent --> x4--> img_003.png
25-11-11 17:27:46.555 : ----PSNR/SSIM for (/root/media/quoc-huy/eval-wir/srbenchmarks/Urban100/LR/, x4)---- : 19.8693dB / 0.5511
25-11-11 17:27:46.555 : ---4 --> BSRGAN_regiondependent --> x4--> img_004.png
25-11-11 17:27:47.335 : ----PSNR/SSIM for (/root/media/quoc-huy/eval-wir/srbenchmarks/Urban100/LR/, x4)---- : 18.6029dB / 0.7098
25-11-11 17:27:47.335 : ---5 --> BSRGAN_regiondependent --> x4--> img_005.png
25-11-11 17:27:48.355 : ----PSNR/SSIM for (/root/media/quoc-huy/eval-wir/srbenchmarks/Urban100/LR/, x4)---- : 20.5161dB / 0.8139
25-11-11 17:27:48.355 : ---6 --> BSRGAN_regiondependent --> x4--> img_006.png
25-11-11 17:27:49.739 : ----PSNR/SSIM for (/root/media/quoc-huy/eval-wir/srbenchmarks/Urban100/LR/, x4)---- : 18.9645dB / 0.4711
25-11-11 17:27:49.740 : ---7 --> BSRGAN_regiondependent --> x4--> img_007.png
25-11-11 17:27:50.651 : ----PSNR/SSIM for (/root/media/quoc-huy/eval-wir/srbenchmarks/Urban100/LR/, x4)---- : 21.2278dB / 0.6269
25-11-11 17:27:50.651 : ---8 --> BSRGAN_regiondependent --> x4--> img_008.png
25-11-11 17:27:51.428 : ----PSNR/SSIM for (/root/media/quoc-huy/eval-wir/srbenchmarks/Urban100/LR/, x4)---- : 16.5110dB / 0.4387
25-11-11 17:27:51.428 : ---9 --> BSRGAN_regiondependent --> x4--> img_009.png
25-11-11 17:27:52.260 : ----PSNR/SSIM for (/root/media/quoc-huy/eval-wir/srbenchmarks/Urban100/LR/, x4)---- : 21.6673dB / 0.8496
25-11-11 17:27:52.261 : --10 --> BSRGAN_regiondependent --> x4--> img_010.png
25-11-11 17:27:53.289 : ----PSNR/SSIM for (/root/media/quoc-huy/eval-wir/srbenchmarks/Urban100/LR/, x4)---- : 19.9352dB / 0.7585
25-11-11 17:27:53.289 : --11 --> BSRGAN_regiondependent --> x4--> img_011.png
25-11-11 17:27:54.109 : ----PSNR/SSIM for (/root/media/quoc-huy/eval-wir/srbenchmarks/Urban100/LR/, x4)---- : 14.8292dB / 0.6522
25-11-11 17:27:54.110 : --12 --> BSRGAN_regiondependent --> x4--> img_012.png
25-11-11 17:27:54.989 : ----PSNR/SSIM for (/root/media/quoc-huy/eval-wir/srbenchmarks/Urban100/LR/, x4)---- : 19.9253dB / 0.5971
25-11-11 17:27:54.989 : --13 --> BSRGAN_regiondependent --> x4--> img_013.png
25-11-11 17:27:55.845 : ----PSNR/SSIM for (/root/media/quoc-huy/eval-wir/srbenchmarks/Urban100/LR/, x4)---- : 23.5729dB / 0.6609
25-11-11 17:27:55.845 : --14 --> BSRGAN_regiondependent --> x4--> img_014.png
25-11-11 17:27:56.937 : ----PSNR/SSIM for (/root/media/quoc-huy/eval-wir/srbenchmarks/Urban100/LR/, x4)---- : 17.7588dB / 0.4943
25-11-11 17:27:56.937 : --15 --> BSRGAN_regiondependent --> x4--> img_015.png
25-11-11 17:27:57.782 : ----PSNR/SSIM for (/root/media/quoc-huy/eval-wir/srbenchmarks/Urban100/LR/, x4)---- : 21.1591dB / 0.5612
25-11-11 17:27:57.783 : --16 --> BSRGAN_regiondependent --> x4--> img_016.png
25-11-11 17:27:58.854 : ----PSNR/SSIM for (/root/media/quoc-huy/eval-wir/srbenchmarks/Urban100/LR/, x4)---- : 22.8090dB / 0.6117
25-11-11 17:27:58.854 : --17 --> BSRGAN_regiondependent --> x4--> img_017.png
25-11-11 17:27:59.838 : ----PSNR/SSIM for (/root/media/quoc-huy/eval-wir/srbenchmarks/Urban100/LR/, x4)---- : 20.0764dB / 0.6211
25-11-11 17:27:59.839 : --18 --> BSRGAN_regiondependent --> x4--> img_018.png
25-11-11 17:28:01.259 : ----PSNR/SSIM for (/root/media/quoc-huy/eval-wir/srbenchmarks/Urban100/LR/, x4)---- : 21.5986dB / 0.4954
25-11-11 17:28:01.259 : --19 --> BSRGAN_regiondependent --> x4--> img_019.png
25-11-11 17:28:02.158 : ----PSNR/SSIM for (/root/media/quoc-huy/eval-wir/srbenchmarks/Urban100/LR/, x4)---- : 16.0858dB / 0.5442
25-11-11 17:28:02.159 : --20 --> BSRGAN_regiondependent --> x4--> img_020.png
25-11-11 17:28:03.628 : ----PSNR/SSIM for (/root/media/quoc-huy/eval-wir/srbenchmarks/Urban100/LR/, x4)---- : 17.7452dB / 0.5363
25-11-11 17:28:03.629 : --21 --> BSRGAN_regiondependent --> x4--> img_021.png
25-11-11 17:28:04.671 : ----PSNR/SSIM for (/root/media/quoc-huy/eval-wir/srbenchmarks/Urban100/LR/, x4)---- : 17.9262dB / 0.6092
25-11-11 17:28:04.671 : --22 --> BSRGAN_regiondependent --> x4--> img_022.png
25-11-11 17:28:05.402 : ----PSNR/SSIM for (/root/media/quoc-huy/eval-wir/srbenchmarks/Urban100/LR/, x4)---- : 22.0977dB / 0.6550
25-11-11 17:28:05.402 : --23 --> BSRGAN_regiondependent --> x4--> img_023.png
25-11-11 17:28:06.647 : ----PSNR/SSIM for (/root/media/quoc-huy/eval-wir/srbenchmarks/Urban100/LR/, x4)---- : 22.2822dB / 0.5638
25-11-11 17:28:06.647 : --24 --> BSRGAN_regiondependent --> x4--> img_024.png
25-11-11 17:28:07.546 : ----PSNR/SSIM for (/root/media/quoc-huy/eval-wir/srbenchmarks/Urban100/LR/, x4)---- : 16.6890dB / 0.4723
25-11-11 17:28:07.546 : --25 --> BSRGAN_regiondependent --> x4--> img_025.png
25-11-11 17:28:08.389 : ----PSNR/SSIM for (/root/media/quoc-huy/eval-wir/srbenchmarks/Urban100/LR/, x4)---- : 22.8059dB / 0.7934
25-11-11 17:28:08.389 : --26 --> BSRGAN_regiondependent --> x4--> img_026.png
25-11-11 17:28:09.225 : ----PSNR/SSIM for (/root/media/quoc-huy/eval-wir/srbenchmarks/Urban100/LR/, x4)---- : 21.3681dB / 0.5333
25-11-11 17:28:09.225 : --27 --> BSRGAN_regiondependent --> x4--> img_027.png
25-11-11 17:28:10.082 : ----PSNR/SSIM for (/root/media/quoc-huy/eval-wir/srbenchmarks/Urban100/LR/, x4)---- : 24.5782dB / 0.7004
25-11-11 17:28:10.082 : --28 --> BSRGAN_regiondependent --> x4--> img_028.png
25-11-11 17:28:10.942 : ----PSNR/SSIM for (/root/media/quoc-huy/eval-wir/srbenchmarks/Urban100/LR/, x4)---- : 23.5113dB / 0.6973
25-11-11 17:28:10.942 : --29 --> BSRGAN_regiondependent --> x4--> img_029.png
25-11-11 17:28:11.785 : ----PSNR/SSIM for (/root/media/quoc-huy/eval-wir/srbenchmarks/Urban100/LR/, x4)---- : 21.8473dB / 0.7430
25-11-11 17:28:11.786 : --30 --> BSRGAN_regiondependent --> x4--> img_030.png
25-11-11 17:28:12.670 : ----PSNR/SSIM for (/root/media/quoc-huy/eval-wir/srbenchmarks/Urban100/LR/, x4)---- : 18.9058dB / 0.6204
25-11-11 17:28:12.670 : --31 --> BSRGAN_regiondependent --> x4--> img_031.png
25-11-11 17:28:13.543 : ----PSNR/SSIM for (/root/media/quoc-huy/eval-wir/srbenchmarks/Urban100/LR/, x4)---- : 20.0785dB / 0.6221
25-11-11 17:28:13.543 : --32 --> BSRGAN_regiondependent --> x4--> img_032.png
25-11-11 17:28:14.490 : ----PSNR/SSIM for (/root/media/quoc-huy/eval-wir/srbenchmarks/Urban100/LR/, x4)---- : 22.7085dB / 0.7364
25-11-11 17:28:14.490 : --33 --> BSRGAN_regiondependent --> x4--> img_033.png
25-11-11 17:28:15.329 : ----PSNR/SSIM for (/root/media/quoc-huy/eval-wir/srbenchmarks/Urban100/LR/, x4)---- : 18.5622dB / 0.5645
25-11-11 17:28:15.330 : --34 --> BSRGAN_regiondependent --> x4--> img_034.png
25-11-11 17:28:16.122 : ----PSNR/SSIM for (/root/media/quoc-huy/eval-wir/srbenchmarks/Urban100/LR/, x4)---- : 18.9964dB / 0.4431
25-11-11 17:28:16.122 : --35 --> BSRGAN_regiondependent --> x4--> img_035.png
25-11-11 17:28:16.965 : ----PSNR/SSIM for (/root/media/quoc-huy/eval-wir/srbenchmarks/Urban100/LR/, x4)---- : 19.1592dB / 0.7128
25-11-11 17:28:16.965 : --36 --> BSRGAN_regiondependent --> x4--> img_036.png
25-11-11 17:28:17.830 : ----PSNR/SSIM for (/root/media/quoc-huy/eval-wir/srbenchmarks/Urban100/LR/, x4)---- : 16.5945dB / 0.6352
25-11-11 17:28:17.830 : --37 --> BSRGAN_regiondependent --> x4--> img_037.png
25-11-11 17:28:18.666 : ----PSNR/SSIM for (/root/media/quoc-huy/eval-wir/srbenchmarks/Urban100/LR/, x4)---- : 21.0774dB / 0.6305
25-11-11 17:28:18.666 : --38 --> BSRGAN_regiondependent --> x4--> img_038.png
25-11-11 17:28:19.482 : ----PSNR/SSIM for (/root/media/quoc-huy/eval-wir/srbenchmarks/Urban100/LR/, x4)---- : 22.7756dB / 0.4910
25-11-11 17:28:19.482 : --39 --> BSRGAN_regiondependent --> x4--> img_039.png
25-11-11 17:28:20.305 : ----PSNR/SSIM for (/root/media/quoc-huy/eval-wir/srbenchmarks/Urban100/LR/, x4)---- : 19.0635dB / 0.6255
25-11-11 17:28:20.306 : --40 --> BSRGAN_regiondependent --> x4--> img_040.png
25-11-11 17:28:21.007 : ----PSNR/SSIM for (/root/media/quoc-huy/eval-wir/srbenchmarks/Urban100/LR/, x4)---- : 19.8499dB / 0.7823
25-11-11 17:28:21.011 : --41 --> BSRGAN_regiondependent --> x4--> img_041.png
25-11-11 17:28:21.762 : ----PSNR/SSIM for (/root/media/quoc-huy/eval-wir/srbenchmarks/Urban100/LR/, x4)---- : 19.7315dB / 0.7234
25-11-11 17:28:21.763 : --42 --> BSRGAN_regiondependent --> x4--> img_042.png
25-11-11 17:28:22.509 : ----PSNR/SSIM for (/root/media/quoc-huy/eval-wir/srbenchmarks/Urban100/LR/, x4)---- : 21.1728dB / 0.7129
25-11-11 17:28:22.510 : --43 --> BSRGAN_regiondependent --> x4--> img_043.png
25-11-11 17:28:23.520 : ----PSNR/SSIM for (/root/media/quoc-huy/eval-wir/srbenchmarks/Urban100/LR/, x4)---- : 25.2566dB / 0.8586
25-11-11 17:28:23.521 : --44 --> BSRGAN_regiondependent --> x4--> img_044.png
25-11-11 17:28:24.967 : ----PSNR/SSIM for (/root/media/quoc-huy/eval-wir/srbenchmarks/Urban100/LR/, x4)---- : 23.1723dB / 0.6758
25-11-11 17:28:24.968 : --45 --> BSRGAN_regiondependent --> x4--> img_045.png
25-11-11 17:28:25.914 : ----PSNR/SSIM for (/root/media/quoc-huy/eval-wir/srbenchmarks/Urban100/LR/, x4)---- : 18.6364dB / 0.5006
25-11-11 17:28:25.915 : --46 --> BSRGAN_regiondependent --> x4--> img_046.png
25-11-11 17:28:26.920 : ----PSNR/SSIM for (/root/media/quoc-huy/eval-wir/srbenchmarks/Urban100/LR/, x4)---- : 20.5002dB / 0.6864
25-11-11 17:28:26.920 : --47 --> BSRGAN_regiondependent --> x4--> img_047.png
25-11-11 17:28:27.635 : ----PSNR/SSIM for (/root/media/quoc-huy/eval-wir/srbenchmarks/Urban100/LR/, x4)---- : 15.2909dB / 0.5228
25-11-11 17:28:27.635 : --48 --> BSRGAN_regiondependent --> x4--> img_048.png
25-11-11 17:28:28.396 : ----PSNR/SSIM for (/root/media/quoc-huy/eval-wir/srbenchmarks/Urban100/LR/, x4)---- : 16.1761dB / 0.6388
25-11-11 17:28:28.396 : --49 --> BSRGAN_regiondependent --> x4--> img_049.png
25-11-11 17:28:29.226 : ----PSNR/SSIM for (/root/media/quoc-huy/eval-wir/srbenchmarks/Urban100/LR/, x4)---- : 18.8433dB / 0.6100
25-11-11 17:28:29.226 : --50 --> BSRGAN_regiondependent --> x4--> img_050.png
25-11-11 17:28:30.060 : ----PSNR/SSIM for (/root/media/quoc-huy/eval-wir/srbenchmarks/Urban100/LR/, x4)---- : 20.8981dB / 0.6523
25-11-11 17:28:30.060 : --51 --> BSRGAN_regiondependent --> x4--> img_051.png
25-11-11 17:28:30.744 : ----PSNR/SSIM for (/root/media/quoc-huy/eval-wir/srbenchmarks/Urban100/LR/, x4)---- : 19.6840dB / 0.6025
25-11-11 17:28:30.744 : --52 --> BSRGAN_regiondependent --> x4--> img_052.png
25-11-11 17:28:31.567 : ----PSNR/SSIM for (/root/media/quoc-huy/eval-wir/srbenchmarks/Urban100/LR/, x4)---- : 22.0458dB / 0.7539
25-11-11 17:28:31.567 : --53 --> BSRGAN_regiondependent --> x4--> img_053.png
25-11-11 17:28:32.373 : ----PSNR/SSIM for (/root/media/quoc-huy/eval-wir/srbenchmarks/Urban100/LR/, x4)---- : 18.0534dB / 0.5634
25-11-11 17:28:32.373 : --54 --> BSRGAN_regiondependent --> x4--> img_054.png
25-11-11 17:28:33.174 : ----PSNR/SSIM for (/root/media/quoc-huy/eval-wir/srbenchmarks/Urban100/LR/, x4)---- : 18.6262dB / 0.5533
25-11-11 17:28:33.174 : --55 --> BSRGAN_regiondependent --> x4--> img_055.png
25-11-11 17:28:34.008 : ----PSNR/SSIM for (/root/media/quoc-huy/eval-wir/srbenchmarks/Urban100/LR/, x4)---- : 20.8098dB / 0.8242
25-11-11 17:28:34.008 : --56 --> BSRGAN_regiondependent --> x4--> img_056.png
25-11-11 17:28:34.839 : ----PSNR/SSIM for (/root/media/quoc-huy/eval-wir/srbenchmarks/Urban100/LR/, x4)---- : 17.7215dB / 0.5168
25-11-11 17:28:34.839 : --57 --> BSRGAN_regiondependent --> x4--> img_057.png
25-11-11 17:28:36.296 : ----PSNR/SSIM for (/root/media/quoc-huy/eval-wir/srbenchmarks/Urban100/LR/, x4)---- : 25.2028dB / 0.7838
25-11-11 17:28:36.296 : --58 --> BSRGAN_regiondependent --> x4--> img_058.png
25-11-11 17:28:37.421 : ----PSNR/SSIM for (/root/media/quoc-huy/eval-wir/srbenchmarks/Urban100/LR/, x4)---- : 21.0887dB / 0.7231
25-11-11 17:28:37.421 : --59 --> BSRGAN_regiondependent --> x4--> img_059.png
25-11-11 17:28:38.281 : ----PSNR/SSIM for (/root/media/quoc-huy/eval-wir/srbenchmarks/Urban100/LR/, x4)---- : 18.6728dB / 0.6340
25-11-11 17:28:38.281 : --60 --> BSRGAN_regiondependent --> x4--> img_060.png
25-11-11 17:28:39.156 : ----PSNR/SSIM for (/root/media/quoc-huy/eval-wir/srbenchmarks/Urban100/LR/, x4)---- : 19.2575dB / 0.4279
25-11-11 17:28:39.157 : --61 --> BSRGAN_regiondependent --> x4--> img_061.png
25-11-11 17:28:39.890 : ----PSNR/SSIM for (/root/media/quoc-huy/eval-wir/srbenchmarks/Urban100/LR/, x4)---- : 20.7404dB / 0.6465
25-11-11 17:28:39.890 : --62 --> BSRGAN_regiondependent --> x4--> img_062.png
25-11-11 17:28:40.754 : ----PSNR/SSIM for (/root/media/quoc-huy/eval-wir/srbenchmarks/Urban100/LR/, x4)---- : 17.6570dB / 0.6142
25-11-11 17:28:40.754 : --63 --> BSRGAN_regiondependent --> x4--> img_063.png
25-11-11 17:28:41.857 : ----PSNR/SSIM for (/root/media/quoc-huy/eval-wir/srbenchmarks/Urban100/LR/, x4)---- : 17.9931dB / 0.4636
25-11-11 17:28:41.858 : --64 --> BSRGAN_regiondependent --> x4--> img_064.png
25-11-11 17:28:42.556 : ----PSNR/SSIM for (/root/media/quoc-huy/eval-wir/srbenchmarks/Urban100/LR/, x4)---- : 21.9289dB / 0.6411
25-11-11 17:28:42.556 : --65 --> BSRGAN_regiondependent --> x4--> img_065.png
25-11-11 17:28:43.284 : ----PSNR/SSIM for (/root/media/quoc-huy/eval-wir/srbenchmarks/Urban100/LR/, x4)---- : 18.0797dB / 0.4591
25-11-11 17:28:43.284 : --66 --> BSRGAN_regiondependent --> x4--> img_066.png
25-11-11 17:28:44.127 : ----PSNR/SSIM for (/root/media/quoc-huy/eval-wir/srbenchmarks/Urban100/LR/, x4)---- : 17.9014dB / 0.4750
25-11-11 17:28:44.128 : --67 --> BSRGAN_regiondependent --> x4--> img_067.png
25-11-11 17:28:44.902 : ----PSNR/SSIM for (/root/media/quoc-huy/eval-wir/srbenchmarks/Urban100/LR/, x4)---- : 16.0464dB / 0.7387
25-11-11 17:28:44.902 : --68 --> BSRGAN_regiondependent --> x4--> img_068.png
25-11-11 17:28:45.928 : ----PSNR/SSIM for (/root/media/quoc-huy/eval-wir/srbenchmarks/Urban100/LR/, x4)---- : 19.2866dB / 0.5025
25-11-11 17:28:45.928 : --69 --> BSRGAN_regiondependent --> x4--> img_069.png
25-11-11 17:28:46.961 : ----PSNR/SSIM for (/root/media/quoc-huy/eval-wir/srbenchmarks/Urban100/LR/, x4)---- : 21.1065dB / 0.6452
25-11-11 17:28:46.961 : --70 --> BSRGAN_regiondependent --> x4--> img_070.png
25-11-11 17:28:48.494 : ----PSNR/SSIM for (/root/media/quoc-huy/eval-wir/srbenchmarks/Urban100/LR/, x4)---- : 18.9472dB / 0.4544
25-11-11 17:28:48.496 : --71 --> BSRGAN_regiondependent --> x4--> img_071.png
25-11-11 17:28:49.562 : ----PSNR/SSIM for (/root/media/quoc-huy/eval-wir/srbenchmarks/Urban100/LR/, x4)---- : 24.8109dB / 0.5328
25-11-11 17:28:49.563 : --72 --> BSRGAN_regiondependent --> x4--> img_072.png
25-11-11 17:28:50.416 : ----PSNR/SSIM for (/root/media/quoc-huy/eval-wir/srbenchmarks/Urban100/LR/, x4)---- : 15.8858dB / 0.6791
25-11-11 17:28:50.416 : --73 --> BSRGAN_regiondependent --> x4--> img_073.png
25-11-11 17:28:51.290 : ----PSNR/SSIM for (/root/media/quoc-huy/eval-wir/srbenchmarks/Urban100/LR/, x4)---- : 16.9675dB / 0.3901
25-11-11 17:28:51.290 : --74 --> BSRGAN_regiondependent --> x4--> img_074.png
25-11-11 17:28:52.041 : ----PSNR/SSIM for (/root/media/quoc-huy/eval-wir/srbenchmarks/Urban100/LR/, x4)---- : 20.4434dB / 0.5703
25-11-11 17:28:52.041 : --75 --> BSRGAN_regiondependent --> x4--> img_075.png
25-11-11 17:28:52.789 : ----PSNR/SSIM for (/root/media/quoc-huy/eval-wir/srbenchmarks/Urban100/LR/, x4)---- : 23.4404dB / 0.8057
25-11-11 17:28:52.789 : --76 --> BSRGAN_regiondependent --> x4--> img_076.png
25-11-11 17:28:53.620 : ----PSNR/SSIM for (/root/media/quoc-huy/eval-wir/srbenchmarks/Urban100/LR/, x4)---- : 18.4411dB / 0.4902
25-11-11 17:28:53.621 : --77 --> BSRGAN_regiondependent --> x4--> img_077.png
25-11-11 17:28:54.361 : ----PSNR/SSIM for (/root/media/quoc-huy/eval-wir/srbenchmarks/Urban100/LR/, x4)---- : 19.0322dB / 0.5525
25-11-11 17:28:54.362 : --78 --> BSRGAN_regiondependent --> x4--> img_078.png
25-11-11 17:28:55.090 : ----PSNR/SSIM for (/root/media/quoc-huy/eval-wir/srbenchmarks/Urban100/LR/, x4)---- : 21.6061dB / 0.5722
25-11-11 17:28:55.091 : --79 --> BSRGAN_regiondependent --> x4--> img_079.png
25-11-11 17:28:55.920 : ----PSNR/SSIM for (/root/media/quoc-huy/eval-wir/srbenchmarks/Urban100/LR/, x4)---- : 19.0429dB / 0.4838
25-11-11 17:28:55.920 : --80 --> BSRGAN_regiondependent --> x4--> img_080.png
25-11-11 17:28:56.814 : ----PSNR/SSIM for (/root/media/quoc-huy/eval-wir/srbenchmarks/Urban100/LR/, x4)---- : 20.8474dB / 0.8682
25-11-11 17:28:56.814 : --81 --> BSRGAN_regiondependent --> x4--> img_081.png
25-11-11 17:28:57.879 : ----PSNR/SSIM for (/root/media/quoc-huy/eval-wir/srbenchmarks/Urban100/LR/, x4)---- : 21.4081dB / 0.6702
25-11-11 17:28:57.879 : --82 --> BSRGAN_regiondependent --> x4--> img_082.png
25-11-11 17:28:59.690 : ----PSNR/SSIM for (/root/media/quoc-huy/eval-wir/srbenchmarks/Urban100/LR/, x4)---- : 23.4603dB / 0.8015
25-11-11 17:28:59.690 : --83 --> BSRGAN_regiondependent --> x4--> img_083.png
25-11-11 17:29:01.471 : ----PSNR/SSIM for (/root/media/quoc-huy/eval-wir/srbenchmarks/Urban100/LR/, x4)---- : 18.9404dB / 0.5267
25-11-11 17:29:01.471 : --84 --> BSRGAN_regiondependent --> x4--> img_084.png
25-11-11 17:29:02.863 : ----PSNR/SSIM for (/root/media/quoc-huy/eval-wir/srbenchmarks/Urban100/LR/, x4)---- : 21.7134dB / 0.6371
25-11-11 17:29:02.863 : --85 --> BSRGAN_regiondependent --> x4--> img_085.png
25-11-11 17:29:03.592 : ----PSNR/SSIM for (/root/media/quoc-huy/eval-wir/srbenchmarks/Urban100/LR/, x4)---- : 21.2205dB / 0.6201
25-11-11 17:29:03.592 : --86 --> BSRGAN_regiondependent --> x4--> img_086.png
25-11-11 17:29:04.466 : ----PSNR/SSIM for (/root/media/quoc-huy/eval-wir/srbenchmarks/Urban100/LR/, x4)---- : 21.4840dB / 0.7489
25-11-11 17:29:04.466 : --87 --> BSRGAN_regiondependent --> x4--> img_087.png
25-11-11 17:29:05.516 : ----PSNR/SSIM for (/root/media/quoc-huy/eval-wir/srbenchmarks/Urban100/LR/, x4)---- : 21.9530dB / 0.7598
25-11-11 17:29:05.516 : --88 --> BSRGAN_regiondependent --> x4--> img_088.png
25-11-11 17:29:06.313 : ----PSNR/SSIM for (/root/media/quoc-huy/eval-wir/srbenchmarks/Urban100/LR/, x4)---- : 17.2172dB / 0.4521
25-11-11 17:29:06.314 : --89 --> BSRGAN_regiondependent --> x4--> img_089.png
25-11-11 17:29:07.167 : ----PSNR/SSIM for (/root/media/quoc-huy/eval-wir/srbenchmarks/Urban100/LR/, x4)---- : 21.7672dB / 0.5585
25-11-11 17:29:07.167 : --90 --> BSRGAN_regiondependent --> x4--> img_090.png
25-11-11 17:29:07.799 : ----PSNR/SSIM for (/root/media/quoc-huy/eval-wir/srbenchmarks/Urban100/LR/, x4)---- : 25.3825dB / 0.8556
25-11-11 17:29:07.799 : --91 --> BSRGAN_regiondependent --> x4--> img_091.png
25-11-11 17:29:08.537 : ----PSNR/SSIM for (/root/media/quoc-huy/eval-wir/srbenchmarks/Urban100/LR/, x4)---- : 19.4762dB / 0.4297
25-11-11 17:29:08.537 : --92 --> BSRGAN_regiondependent --> x4--> img_092.png
25-11-11 17:29:09.293 : ----PSNR/SSIM for (/root/media/quoc-huy/eval-wir/srbenchmarks/Urban100/LR/, x4)---- : 15.2616dB / 0.4781
25-11-11 17:29:09.294 : --93 --> BSRGAN_regiondependent --> x4--> img_093.png
25-11-11 17:29:10.168 : ----PSNR/SSIM for (/root/media/quoc-huy/eval-wir/srbenchmarks/Urban100/LR/, x4)---- : 16.6099dB / 0.6513
25-11-11 17:29:10.168 : --94 --> BSRGAN_regiondependent --> x4--> img_094.png
25-11-11 17:29:11.134 : ----PSNR/SSIM for (/root/media/quoc-huy/eval-wir/srbenchmarks/Urban100/LR/, x4)---- : 21.3950dB / 0.5887
25-11-11 17:29:11.134 : --95 --> BSRGAN_regiondependent --> x4--> img_095.png
25-11-11 17:29:12.920 : ----PSNR/SSIM for (/root/media/quoc-huy/eval-wir/srbenchmarks/Urban100/LR/, x4)---- : 14.0892dB / 0.2110
25-11-11 17:29:12.921 : --96 --> BSRGAN_regiondependent --> x4--> img_096.png
25-11-11 17:29:14.117 : ----PSNR/SSIM for (/root/media/quoc-huy/eval-wir/srbenchmarks/Urban100/LR/, x4)---- : 18.0217dB / 0.6187
25-11-11 17:29:14.117 : --97 --> BSRGAN_regiondependent --> x4--> img_097.png
25-11-11 17:29:14.994 : ----PSNR/SSIM for (/root/media/quoc-huy/eval-wir/srbenchmarks/Urban100/LR/, x4)---- : 20.8604dB / 0.6398
25-11-11 17:29:14.995 : --98 --> BSRGAN_regiondependent --> x4--> img_098.png
25-11-11 17:29:15.748 : ----PSNR/SSIM for (/root/media/quoc-huy/eval-wir/srbenchmarks/Urban100/LR/, x4)---- : 15.6065dB / 0.2490
25-11-11 17:29:15.748 : --99 --> BSRGAN_regiondependent --> x4--> img_099.png
25-11-11 17:29:16.553 : ----PSNR/SSIM for (/root/media/quoc-huy/eval-wir/srbenchmarks/Urban100/LR/, x4)---- : 20.5747dB / 0.5941
25-11-11 17:29:16.553 : -100 --> BSRGAN_regiondependent --> x4--> img_100.png
25-11-11 17:29:17.643 : ----PSNR/SSIM for (/root/media/quoc-huy/eval-wir/srbenchmarks/Urban100/LR/, x4)---- : 22.5462dB / 0.6355
25-11-11 17:29:17.644 : ----Average PSNR/SSIM for (/root/media/quoc-huy/eval-wir/srbenchmarks/Urban100/LR/, x4)---- : 19.9569dB / 0.6107
25-11-11 17:29:17.644 :  
25-11-11 17:30:29.049 :       Model Name : 275000_E
25-11-11 17:30:41.674 :       Input Path : /root/media/quoc-huy/eval-wir/srbenchmarks/Urban100/LR/
25-11-11 17:30:41.674 :      Output Path : /root/quoc-huy/BSRGAN/testsets/experimental-results/Urban100
25-11-11 17:30:41.675 : ---1 --> 275000_E --> x4--> img_001.png
25-11-11 17:30:43.102 : ----PSNR/SSIM for (/root/media/quoc-huy/eval-wir/srbenchmarks/Urban100/LR/, x4)---- : 22.7678dB / 0.6432
25-11-11 17:30:43.102 : ---2 --> 275000_E --> x4--> img_002.png
25-11-11 17:30:44.003 : ----PSNR/SSIM for (/root/media/quoc-huy/eval-wir/srbenchmarks/Urban100/LR/, x4)---- : 21.4352dB / 0.5794
25-11-11 17:30:44.004 : ---3 --> 275000_E --> x4--> img_003.png
25-11-11 17:30:44.776 : ----PSNR/SSIM for (/root/media/quoc-huy/eval-wir/srbenchmarks/Urban100/LR/, x4)---- : 19.7502dB / 0.5654
25-11-11 17:30:44.776 : ---4 --> 275000_E --> x4--> img_004.png
25-11-11 17:30:45.674 : ----PSNR/SSIM for (/root/media/quoc-huy/eval-wir/srbenchmarks/Urban100/LR/, x4)---- : 18.6056dB / 0.7152
25-11-11 17:30:45.674 : ---5 --> 275000_E --> x4--> img_005.png
25-11-11 17:30:46.851 : ----PSNR/SSIM for (/root/media/quoc-huy/eval-wir/srbenchmarks/Urban100/LR/, x4)---- : 20.8126dB / 0.8186
25-11-11 17:30:46.851 : ---6 --> 275000_E --> x4--> img_006.png
25-11-11 17:30:47.979 : ----PSNR/SSIM for (/root/media/quoc-huy/eval-wir/srbenchmarks/Urban100/LR/, x4)---- : 19.2730dB / 0.4750
25-11-11 17:30:47.979 : ---7 --> 275000_E --> x4--> img_007.png
25-11-11 17:30:48.727 : ----PSNR/SSIM for (/root/media/quoc-huy/eval-wir/srbenchmarks/Urban100/LR/, x4)---- : 22.1506dB / 0.6668
25-11-11 17:30:48.727 : ---8 --> 275000_E --> x4--> img_008.png
25-11-11 17:30:49.380 : ----PSNR/SSIM for (/root/media/quoc-huy/eval-wir/srbenchmarks/Urban100/LR/, x4)---- : 17.6960dB / 0.4502
25-11-11 17:30:49.380 : ---9 --> 275000_E --> x4--> img_009.png
25-11-11 17:30:50.209 : ----PSNR/SSIM for (/root/media/quoc-huy/eval-wir/srbenchmarks/Urban100/LR/, x4)---- : 21.1147dB / 0.8332
25-11-11 17:30:50.209 : --10 --> 275000_E --> x4--> img_010.png
25-11-11 17:30:51.077 : ----PSNR/SSIM for (/root/media/quoc-huy/eval-wir/srbenchmarks/Urban100/LR/, x4)---- : 20.7946dB / 0.7747
25-11-11 17:30:51.077 : --11 --> 275000_E --> x4--> img_011.png
25-11-11 17:30:51.740 : ----PSNR/SSIM for (/root/media/quoc-huy/eval-wir/srbenchmarks/Urban100/LR/, x4)---- : 14.9695dB / 0.6712
25-11-11 17:30:51.740 : --12 --> 275000_E --> x4--> img_012.png
25-11-11 17:30:52.558 : ----PSNR/SSIM for (/root/media/quoc-huy/eval-wir/srbenchmarks/Urban100/LR/, x4)---- : 20.4358dB / 0.5989
25-11-11 17:30:52.558 : --13 --> 275000_E --> x4--> img_013.png
25-11-11 17:30:53.526 : ----PSNR/SSIM for (/root/media/quoc-huy/eval-wir/srbenchmarks/Urban100/LR/, x4)---- : 22.8779dB / 0.6489
25-11-11 17:30:53.527 : --14 --> 275000_E --> x4--> img_014.png
25-11-11 17:30:55.760 : ----PSNR/SSIM for (/root/media/quoc-huy/eval-wir/srbenchmarks/Urban100/LR/, x4)---- : 18.7742dB / 0.4999
25-11-11 17:30:55.760 : --15 --> 275000_E --> x4--> img_015.png
25-11-11 17:30:56.891 : ----PSNR/SSIM for (/root/media/quoc-huy/eval-wir/srbenchmarks/Urban100/LR/, x4)---- : 21.2211dB / 0.5521
25-11-11 17:30:56.891 : --16 --> 275000_E --> x4--> img_016.png
25-11-11 17:30:58.237 : ----PSNR/SSIM for (/root/media/quoc-huy/eval-wir/srbenchmarks/Urban100/LR/, x4)---- : 23.6127dB / 0.5841
25-11-11 17:30:58.238 : --17 --> 275000_E --> x4--> img_017.png
25-11-11 17:30:59.018 : ----PSNR/SSIM for (/root/media/quoc-huy/eval-wir/srbenchmarks/Urban100/LR/, x4)---- : 20.7009dB / 0.6412
25-11-11 17:30:59.019 : --18 --> 275000_E --> x4--> img_018.png
25-11-11 17:30:59.842 : ----PSNR/SSIM for (/root/media/quoc-huy/eval-wir/srbenchmarks/Urban100/LR/, x4)---- : 22.0943dB / 0.5216
25-11-11 17:30:59.842 : --19 --> 275000_E --> x4--> img_019.png
25-11-11 17:31:00.593 : ----PSNR/SSIM for (/root/media/quoc-huy/eval-wir/srbenchmarks/Urban100/LR/, x4)---- : 15.9551dB / 0.5356
25-11-11 17:31:00.593 : --20 --> 275000_E --> x4--> img_020.png
25-11-11 17:31:02.548 : ----PSNR/SSIM for (/root/media/quoc-huy/eval-wir/srbenchmarks/Urban100/LR/, x4)---- : 18.1502dB / 0.5548
25-11-11 17:31:02.548 : --21 --> 275000_E --> x4--> img_021.png
25-11-11 17:31:03.637 : ----PSNR/SSIM for (/root/media/quoc-huy/eval-wir/srbenchmarks/Urban100/LR/, x4)---- : 17.8960dB / 0.6138
25-11-11 17:31:03.637 : --22 --> 275000_E --> x4--> img_022.png
25-11-11 17:31:04.326 : ----PSNR/SSIM for (/root/media/quoc-huy/eval-wir/srbenchmarks/Urban100/LR/, x4)---- : 23.0685dB / 0.6728
25-11-11 17:31:04.327 : --23 --> 275000_E --> x4--> img_023.png
25-11-11 17:31:05.723 : ----PSNR/SSIM for (/root/media/quoc-huy/eval-wir/srbenchmarks/Urban100/LR/, x4)---- : 21.7403dB / 0.6222
25-11-11 17:31:05.724 : --24 --> 275000_E --> x4--> img_024.png
25-11-11 17:31:07.013 : ----PSNR/SSIM for (/root/media/quoc-huy/eval-wir/srbenchmarks/Urban100/LR/, x4)---- : 16.6976dB / 0.4624
25-11-11 17:31:07.013 : --25 --> 275000_E --> x4--> img_025.png
25-11-11 17:31:08.811 : ----PSNR/SSIM for (/root/media/quoc-huy/eval-wir/srbenchmarks/Urban100/LR/, x4)---- : 26.1757dB / 0.7952
25-11-11 17:31:08.811 : --26 --> 275000_E --> x4--> img_026.png
25-11-11 17:31:09.826 : ----PSNR/SSIM for (/root/media/quoc-huy/eval-wir/srbenchmarks/Urban100/LR/, x4)---- : 22.1735dB / 0.5488
25-11-11 17:31:09.827 : --27 --> 275000_E --> x4--> img_027.png
25-11-11 17:31:10.726 : ----PSNR/SSIM for (/root/media/quoc-huy/eval-wir/srbenchmarks/Urban100/LR/, x4)---- : 25.0688dB / 0.7037
25-11-11 17:31:10.726 : --28 --> 275000_E --> x4--> img_028.png
25-11-11 17:31:11.641 : ----PSNR/SSIM for (/root/media/quoc-huy/eval-wir/srbenchmarks/Urban100/LR/, x4)---- : 23.3924dB / 0.7195
25-11-11 17:31:11.642 : --29 --> 275000_E --> x4--> img_029.png
25-11-11 17:31:12.512 : ----PSNR/SSIM for (/root/media/quoc-huy/eval-wir/srbenchmarks/Urban100/LR/, x4)---- : 22.8162dB / 0.7518
25-11-11 17:31:12.512 : --30 --> 275000_E --> x4--> img_030.png
25-11-11 17:31:13.398 : ----PSNR/SSIM for (/root/media/quoc-huy/eval-wir/srbenchmarks/Urban100/LR/, x4)---- : 19.0352dB / 0.6004
25-11-11 17:31:13.398 : --31 --> 275000_E --> x4--> img_031.png
25-11-11 17:31:14.217 : ----PSNR/SSIM for (/root/media/quoc-huy/eval-wir/srbenchmarks/Urban100/LR/, x4)---- : 20.5022dB / 0.6028
25-11-11 17:31:14.218 : --32 --> 275000_E --> x4--> img_032.png
25-11-11 17:31:15.036 : ----PSNR/SSIM for (/root/media/quoc-huy/eval-wir/srbenchmarks/Urban100/LR/, x4)---- : 23.7188dB / 0.7355
25-11-11 17:31:15.036 : --33 --> 275000_E --> x4--> img_033.png
25-11-11 17:31:15.803 : ----PSNR/SSIM for (/root/media/quoc-huy/eval-wir/srbenchmarks/Urban100/LR/, x4)---- : 19.3539dB / 0.5778
25-11-11 17:31:15.803 : --34 --> 275000_E --> x4--> img_034.png
25-11-11 17:31:16.545 : ----PSNR/SSIM for (/root/media/quoc-huy/eval-wir/srbenchmarks/Urban100/LR/, x4)---- : 19.4137dB / 0.4580
25-11-11 17:31:16.545 : --35 --> 275000_E --> x4--> img_035.png
25-11-11 17:31:17.311 : ----PSNR/SSIM for (/root/media/quoc-huy/eval-wir/srbenchmarks/Urban100/LR/, x4)---- : 21.1251dB / 0.7059
25-11-11 17:31:17.312 : --36 --> 275000_E --> x4--> img_036.png
25-11-11 17:31:19.195 : ----PSNR/SSIM for (/root/media/quoc-huy/eval-wir/srbenchmarks/Urban100/LR/, x4)---- : 18.9009dB / 0.6879
25-11-11 17:31:19.196 : --37 --> 275000_E --> x4--> img_037.png
25-11-11 17:31:20.617 : ----PSNR/SSIM for (/root/media/quoc-huy/eval-wir/srbenchmarks/Urban100/LR/, x4)---- : 22.1082dB / 0.6596
25-11-11 17:31:20.617 : --38 --> 275000_E --> x4--> img_038.png
25-11-11 17:31:21.705 : ----PSNR/SSIM for (/root/media/quoc-huy/eval-wir/srbenchmarks/Urban100/LR/, x4)---- : 22.4835dB / 0.4775
25-11-11 17:31:21.705 : --39 --> 275000_E --> x4--> img_039.png
25-11-11 17:31:22.581 : ----PSNR/SSIM for (/root/media/quoc-huy/eval-wir/srbenchmarks/Urban100/LR/, x4)---- : 19.6341dB / 0.6163
25-11-11 17:31:22.582 : --40 --> 275000_E --> x4--> img_040.png
25-11-11 17:31:23.251 : ----PSNR/SSIM for (/root/media/quoc-huy/eval-wir/srbenchmarks/Urban100/LR/, x4)---- : 18.2307dB / 0.6586
25-11-11 17:31:23.252 : --41 --> 275000_E --> x4--> img_041.png
25-11-11 17:31:23.937 : ----PSNR/SSIM for (/root/media/quoc-huy/eval-wir/srbenchmarks/Urban100/LR/, x4)---- : 19.5650dB / 0.7084
25-11-11 17:31:23.937 : --42 --> 275000_E --> x4--> img_042.png
25-11-11 17:31:24.681 : ----PSNR/SSIM for (/root/media/quoc-huy/eval-wir/srbenchmarks/Urban100/LR/, x4)---- : 21.1437dB / 0.7036
25-11-11 17:31:24.682 : --43 --> 275000_E --> x4--> img_043.png
25-11-11 17:31:25.346 : ----PSNR/SSIM for (/root/media/quoc-huy/eval-wir/srbenchmarks/Urban100/LR/, x4)---- : 25.1558dB / 0.8484
25-11-11 17:31:25.346 : --44 --> 275000_E --> x4--> img_044.png
25-11-11 17:31:26.154 : ----PSNR/SSIM for (/root/media/quoc-huy/eval-wir/srbenchmarks/Urban100/LR/, x4)---- : 22.6119dB / 0.6643
25-11-11 17:31:26.154 : --45 --> 275000_E --> x4--> img_045.png
25-11-11 17:31:26.971 : ----PSNR/SSIM for (/root/media/quoc-huy/eval-wir/srbenchmarks/Urban100/LR/, x4)---- : 19.2922dB / 0.4944
25-11-11 17:31:26.971 : --46 --> 275000_E --> x4--> img_046.png
25-11-11 17:31:27.733 : ----PSNR/SSIM for (/root/media/quoc-huy/eval-wir/srbenchmarks/Urban100/LR/, x4)---- : 20.6557dB / 0.6915
25-11-11 17:31:27.733 : --47 --> 275000_E --> x4--> img_047.png
25-11-11 17:31:28.405 : ----PSNR/SSIM for (/root/media/quoc-huy/eval-wir/srbenchmarks/Urban100/LR/, x4)---- : 16.0539dB / 0.5168
25-11-11 17:31:28.405 : --48 --> 275000_E --> x4--> img_048.png
25-11-11 17:31:29.115 : ----PSNR/SSIM for (/root/media/quoc-huy/eval-wir/srbenchmarks/Urban100/LR/, x4)---- : 16.2481dB / 0.6359
25-11-11 17:31:29.116 : --49 --> 275000_E --> x4--> img_049.png
25-11-11 17:31:30.377 : ----PSNR/SSIM for (/root/media/quoc-huy/eval-wir/srbenchmarks/Urban100/LR/, x4)---- : 20.1453dB / 0.6378
25-11-11 17:31:30.377 : --50 --> 275000_E --> x4--> img_050.png
25-11-11 17:31:31.872 : ----PSNR/SSIM for (/root/media/quoc-huy/eval-wir/srbenchmarks/Urban100/LR/, x4)---- : 21.2385dB / 0.6603
25-11-11 17:31:31.873 : --51 --> 275000_E --> x4--> img_051.png
25-11-11 17:31:32.775 : ----PSNR/SSIM for (/root/media/quoc-huy/eval-wir/srbenchmarks/Urban100/LR/, x4)---- : 20.3524dB / 0.6102
25-11-11 17:31:32.775 : --52 --> 275000_E --> x4--> img_052.png
25-11-11 17:31:33.747 : ----PSNR/SSIM for (/root/media/quoc-huy/eval-wir/srbenchmarks/Urban100/LR/, x4)---- : 22.7283dB / 0.7485
25-11-11 17:31:33.748 : --53 --> 275000_E --> x4--> img_053.png
25-11-11 17:31:34.452 : ----PSNR/SSIM for (/root/media/quoc-huy/eval-wir/srbenchmarks/Urban100/LR/, x4)---- : 18.4409dB / 0.5753
25-11-11 17:31:34.452 : --54 --> 275000_E --> x4--> img_054.png
25-11-11 17:31:35.352 : ----PSNR/SSIM for (/root/media/quoc-huy/eval-wir/srbenchmarks/Urban100/LR/, x4)---- : 18.6879dB / 0.5663
25-11-11 17:31:35.352 : --55 --> 275000_E --> x4--> img_055.png
25-11-11 17:31:36.331 : ----PSNR/SSIM for (/root/media/quoc-huy/eval-wir/srbenchmarks/Urban100/LR/, x4)---- : 24.6034dB / 0.8708
25-11-11 17:31:36.331 : --56 --> 275000_E --> x4--> img_056.png
25-11-11 17:31:37.130 : ----PSNR/SSIM for (/root/media/quoc-huy/eval-wir/srbenchmarks/Urban100/LR/, x4)---- : 19.1047dB / 0.5267
25-11-11 17:31:37.131 : --57 --> 275000_E --> x4--> img_057.png
25-11-11 17:31:37.960 : ----PSNR/SSIM for (/root/media/quoc-huy/eval-wir/srbenchmarks/Urban100/LR/, x4)---- : 25.0983dB / 0.7682
25-11-11 17:31:37.960 : --58 --> 275000_E --> x4--> img_058.png
25-11-11 17:31:38.753 : ----PSNR/SSIM for (/root/media/quoc-huy/eval-wir/srbenchmarks/Urban100/LR/, x4)---- : 20.6418dB / 0.7028
25-11-11 17:31:38.753 : --59 --> 275000_E --> x4--> img_059.png
25-11-11 17:31:39.478 : ----PSNR/SSIM for (/root/media/quoc-huy/eval-wir/srbenchmarks/Urban100/LR/, x4)---- : 18.9486dB / 0.6348
25-11-11 17:31:39.478 : --60 --> 275000_E --> x4--> img_060.png
25-11-11 17:31:40.226 : ----PSNR/SSIM for (/root/media/quoc-huy/eval-wir/srbenchmarks/Urban100/LR/, x4)---- : 19.5303dB / 0.4325
25-11-11 17:31:40.226 : --61 --> 275000_E --> x4--> img_061.png
25-11-11 17:31:40.962 : ----PSNR/SSIM for (/root/media/quoc-huy/eval-wir/srbenchmarks/Urban100/LR/, x4)---- : 21.1516dB / 0.6333
25-11-11 17:31:40.962 : --62 --> 275000_E --> x4--> img_062.png
25-11-11 17:31:42.978 : ----PSNR/SSIM for (/root/media/quoc-huy/eval-wir/srbenchmarks/Urban100/LR/, x4)---- : 18.1577dB / 0.6121
25-11-11 17:31:42.978 : --63 --> 275000_E --> x4--> img_063.png
25-11-11 17:31:44.310 : ----PSNR/SSIM for (/root/media/quoc-huy/eval-wir/srbenchmarks/Urban100/LR/, x4)---- : 18.1043dB / 0.4704
25-11-11 17:31:44.310 : --64 --> 275000_E --> x4--> img_064.png
25-11-11 17:31:45.176 : ----PSNR/SSIM for (/root/media/quoc-huy/eval-wir/srbenchmarks/Urban100/LR/, x4)---- : 23.0324dB / 0.6652
25-11-11 17:31:45.176 : --65 --> 275000_E --> x4--> img_065.png
25-11-11 17:31:45.968 : ----PSNR/SSIM for (/root/media/quoc-huy/eval-wir/srbenchmarks/Urban100/LR/, x4)---- : 18.3638dB / 0.4581
25-11-11 17:31:45.968 : --66 --> 275000_E --> x4--> img_066.png
25-11-11 17:31:46.894 : ----PSNR/SSIM for (/root/media/quoc-huy/eval-wir/srbenchmarks/Urban100/LR/, x4)---- : 17.6547dB / 0.4964
25-11-11 17:31:46.895 : --67 --> 275000_E --> x4--> img_067.png
25-11-11 17:31:47.600 : ----PSNR/SSIM for (/root/media/quoc-huy/eval-wir/srbenchmarks/Urban100/LR/, x4)---- : 15.8175dB / 0.7315
25-11-11 17:31:47.600 : --68 --> 275000_E --> x4--> img_068.png
25-11-11 17:31:48.866 : ----PSNR/SSIM for (/root/media/quoc-huy/eval-wir/srbenchmarks/Urban100/LR/, x4)---- : 18.4471dB / 0.5014
25-11-11 17:31:48.866 : --69 --> 275000_E --> x4--> img_069.png
25-11-11 17:31:49.839 : ----PSNR/SSIM for (/root/media/quoc-huy/eval-wir/srbenchmarks/Urban100/LR/, x4)---- : 21.5553dB / 0.6535
25-11-11 17:31:49.840 : --70 --> 275000_E --> x4--> img_070.png
25-11-11 17:31:50.641 : ----PSNR/SSIM for (/root/media/quoc-huy/eval-wir/srbenchmarks/Urban100/LR/, x4)---- : 19.6974dB / 0.4724
25-11-11 17:31:50.641 : --71 --> 275000_E --> x4--> img_071.png
25-11-11 17:31:51.550 : ----PSNR/SSIM for (/root/media/quoc-huy/eval-wir/srbenchmarks/Urban100/LR/, x4)---- : 24.1041dB / 0.5373
25-11-11 17:31:51.551 : --72 --> 275000_E --> x4--> img_072.png
25-11-11 17:31:52.242 : ----PSNR/SSIM for (/root/media/quoc-huy/eval-wir/srbenchmarks/Urban100/LR/, x4)---- : 16.2821dB / 0.6629
25-11-11 17:31:52.242 : --73 --> 275000_E --> x4--> img_073.png
25-11-11 17:31:53.159 : ----PSNR/SSIM for (/root/media/quoc-huy/eval-wir/srbenchmarks/Urban100/LR/, x4)---- : 17.5589dB / 0.4053
25-11-11 17:31:53.159 : --74 --> 275000_E --> x4--> img_074.png
25-11-11 17:31:55.146 : ----PSNR/SSIM for (/root/media/quoc-huy/eval-wir/srbenchmarks/Urban100/LR/, x4)---- : 20.6336dB / 0.5687
25-11-11 17:31:55.147 : --75 --> 275000_E --> x4--> img_075.png
25-11-11 17:31:56.280 : ----PSNR/SSIM for (/root/media/quoc-huy/eval-wir/srbenchmarks/Urban100/LR/, x4)---- : 25.5162dB / 0.8129
25-11-11 17:31:56.280 : --76 --> 275000_E --> x4--> img_076.png
25-11-11 17:31:57.149 : ----PSNR/SSIM for (/root/media/quoc-huy/eval-wir/srbenchmarks/Urban100/LR/, x4)---- : 18.6381dB / 0.4970
25-11-11 17:31:57.149 : --77 --> 275000_E --> x4--> img_077.png
25-11-11 17:31:57.985 : ----PSNR/SSIM for (/root/media/quoc-huy/eval-wir/srbenchmarks/Urban100/LR/, x4)---- : 19.5576dB / 0.5712
25-11-11 17:31:57.985 : --78 --> 275000_E --> x4--> img_078.png
25-11-11 17:31:58.798 : ----PSNR/SSIM for (/root/media/quoc-huy/eval-wir/srbenchmarks/Urban100/LR/, x4)---- : 22.3730dB / 0.5754
25-11-11 17:31:58.798 : --79 --> 275000_E --> x4--> img_079.png
25-11-11 17:31:59.692 : ----PSNR/SSIM for (/root/media/quoc-huy/eval-wir/srbenchmarks/Urban100/LR/, x4)---- : 20.4604dB / 0.4996
25-11-11 17:31:59.692 : --80 --> 275000_E --> x4--> img_080.png
25-11-11 17:32:00.579 : ----PSNR/SSIM for (/root/media/quoc-huy/eval-wir/srbenchmarks/Urban100/LR/, x4)---- : 21.9209dB / 0.8809
25-11-11 17:32:00.579 : --81 --> 275000_E --> x4--> img_081.png
25-11-11 17:32:01.721 : ----PSNR/SSIM for (/root/media/quoc-huy/eval-wir/srbenchmarks/Urban100/LR/, x4)---- : 19.7614dB / 0.6593
25-11-11 17:32:01.721 : --82 --> 275000_E --> x4--> img_082.png
25-11-11 17:32:02.806 : ----PSNR/SSIM for (/root/media/quoc-huy/eval-wir/srbenchmarks/Urban100/LR/, x4)---- : 23.6585dB / 0.8071
25-11-11 17:32:02.806 : --83 --> 275000_E --> x4--> img_083.png
25-11-11 17:32:03.865 : ----PSNR/SSIM for (/root/media/quoc-huy/eval-wir/srbenchmarks/Urban100/LR/, x4)---- : 19.1973dB / 0.5361
25-11-11 17:32:03.865 : --84 --> 275000_E --> x4--> img_084.png
25-11-11 17:32:05.010 : ----PSNR/SSIM for (/root/media/quoc-huy/eval-wir/srbenchmarks/Urban100/LR/, x4)---- : 23.0517dB / 0.6631
25-11-11 17:32:05.010 : --85 --> 275000_E --> x4--> img_085.png
25-11-11 17:32:05.852 : ----PSNR/SSIM for (/root/media/quoc-huy/eval-wir/srbenchmarks/Urban100/LR/, x4)---- : 22.0197dB / 0.6004
25-11-11 17:32:05.853 : --86 --> 275000_E --> x4--> img_086.png
25-11-11 17:32:06.901 : ----PSNR/SSIM for (/root/media/quoc-huy/eval-wir/srbenchmarks/Urban100/LR/, x4)---- : 21.1627dB / 0.7669
25-11-11 17:32:06.901 : --87 --> 275000_E --> x4--> img_087.png
25-11-11 17:32:08.282 : ----PSNR/SSIM for (/root/media/quoc-huy/eval-wir/srbenchmarks/Urban100/LR/, x4)---- : 22.7268dB / 0.7595
25-11-11 17:32:08.282 : --88 --> 275000_E --> x4--> img_088.png
25-11-11 17:32:09.130 : ----PSNR/SSIM for (/root/media/quoc-huy/eval-wir/srbenchmarks/Urban100/LR/, x4)---- : 17.6624dB / 0.4691
25-11-11 17:32:09.130 : --89 --> 275000_E --> x4--> img_089.png
25-11-11 17:32:10.025 : ----PSNR/SSIM for (/root/media/quoc-huy/eval-wir/srbenchmarks/Urban100/LR/, x4)---- : 22.7542dB / 0.5857
25-11-11 17:32:10.025 : --90 --> 275000_E --> x4--> img_090.png
25-11-11 17:32:10.866 : ----PSNR/SSIM for (/root/media/quoc-huy/eval-wir/srbenchmarks/Urban100/LR/, x4)---- : 27.1088dB / 0.8708
25-11-11 17:32:10.866 : --91 --> 275000_E --> x4--> img_091.png
25-11-11 17:32:11.674 : ----PSNR/SSIM for (/root/media/quoc-huy/eval-wir/srbenchmarks/Urban100/LR/, x4)---- : 19.9194dB / 0.4539
25-11-11 17:32:11.674 : --92 --> 275000_E --> x4--> img_092.png
25-11-11 17:32:12.462 : ----PSNR/SSIM for (/root/media/quoc-huy/eval-wir/srbenchmarks/Urban100/LR/, x4)---- : 15.5101dB / 0.5019
25-11-11 17:32:12.462 : --93 --> 275000_E --> x4--> img_093.png
25-11-11 17:32:13.336 : ----PSNR/SSIM for (/root/media/quoc-huy/eval-wir/srbenchmarks/Urban100/LR/, x4)---- : 16.7830dB / 0.6371
25-11-11 17:32:13.337 : --94 --> 275000_E --> x4--> img_094.png
25-11-11 17:32:14.145 : ----PSNR/SSIM for (/root/media/quoc-huy/eval-wir/srbenchmarks/Urban100/LR/, x4)---- : 22.0810dB / 0.6019
25-11-11 17:32:14.145 : --95 --> 275000_E --> x4--> img_095.png
25-11-11 17:32:14.979 : ----PSNR/SSIM for (/root/media/quoc-huy/eval-wir/srbenchmarks/Urban100/LR/, x4)---- : 14.5373dB / 0.2236
25-11-11 17:32:14.980 : --96 --> 275000_E --> x4--> img_096.png
25-11-11 17:32:15.783 : ----PSNR/SSIM for (/root/media/quoc-huy/eval-wir/srbenchmarks/Urban100/LR/, x4)---- : 17.8032dB / 0.5866
25-11-11 17:32:15.783 : --97 --> 275000_E --> x4--> img_097.png
25-11-11 17:32:16.671 : ----PSNR/SSIM for (/root/media/quoc-huy/eval-wir/srbenchmarks/Urban100/LR/, x4)---- : 21.0061dB / 0.6589
25-11-11 17:32:16.672 : --98 --> 275000_E --> x4--> img_098.png
25-11-11 17:32:18.293 : ----PSNR/SSIM for (/root/media/quoc-huy/eval-wir/srbenchmarks/Urban100/LR/, x4)---- : 16.2464dB / 0.2603
25-11-11 17:32:18.293 : --99 --> 275000_E --> x4--> img_099.png
25-11-11 17:32:19.629 : ----PSNR/SSIM for (/root/media/quoc-huy/eval-wir/srbenchmarks/Urban100/LR/, x4)---- : 21.0273dB / 0.5477
25-11-11 17:32:19.629 : -100 --> 275000_E --> x4--> img_100.png
25-11-11 17:32:20.924 : ----PSNR/SSIM for (/root/media/quoc-huy/eval-wir/srbenchmarks/Urban100/LR/, x4)---- : 22.4866dB / 0.6278
25-11-11 17:32:20.924 : ----Average PSNR/SSIM for (/root/media/quoc-huy/eval-wir/srbenchmarks/Urban100/LR/, x4)---- : 20.4250dB / 0.6152
25-11-11 17:32:20.924 :  
25-11-11 17:33:00.453 :       Model Name : 275000_E
25-11-11 17:33:17.403 :       Input Path : /root/media/quoc-huy/eval-wir/srbenchmarks/BSD100/LR/
25-11-11 17:33:17.404 :      Output Path : /root/quoc-huy/BSRGAN/testsets/experimental-results/BSD100
25-11-11 17:33:17.405 : ---1 --> 275000_E --> x4--> 101085.png
25-11-11 17:33:18.141 : ----PSNR/SSIM for (/root/media/quoc-huy/eval-wir/srbenchmarks/BSD100/LR/, x4)---- : 21.2494dB / 0.4833
25-11-11 17:33:18.141 : ---2 --> 275000_E --> x4--> 101087.png
25-11-11 17:33:18.312 : ----PSNR/SSIM for (/root/media/quoc-huy/eval-wir/srbenchmarks/BSD100/LR/, x4)---- : 23.9674dB / 0.7538
25-11-11 17:33:18.313 : ---3 --> 275000_E --> x4--> 102061.png
25-11-11 17:33:18.456 : ----PSNR/SSIM for (/root/media/quoc-huy/eval-wir/srbenchmarks/BSD100/LR/, x4)---- : 23.1589dB / 0.7010
25-11-11 17:33:18.456 : ---4 --> 275000_E --> x4--> 103070.png
25-11-11 17:33:18.610 : ----PSNR/SSIM for (/root/media/quoc-huy/eval-wir/srbenchmarks/BSD100/LR/, x4)---- : 22.8572dB / 0.6690
25-11-11 17:33:18.610 : ---5 --> 275000_E --> x4--> 105025.png
25-11-11 17:33:18.762 : ----PSNR/SSIM for (/root/media/quoc-huy/eval-wir/srbenchmarks/BSD100/LR/, x4)---- : 18.1571dB / 0.5251
25-11-11 17:33:18.762 : ---6 --> 275000_E --> x4--> 106024.png
25-11-11 17:33:18.903 : ----PSNR/SSIM for (/root/media/quoc-huy/eval-wir/srbenchmarks/BSD100/LR/, x4)---- : 22.1410dB / 0.7631
25-11-11 17:33:18.904 : ---7 --> 275000_E --> x4--> 108005.png
25-11-11 17:33:19.065 : ----PSNR/SSIM for (/root/media/quoc-huy/eval-wir/srbenchmarks/BSD100/LR/, x4)---- : 19.0692dB / 0.4722
25-11-11 17:33:19.065 : ---8 --> 275000_E --> x4--> 108070.png
25-11-11 17:33:19.220 : ----PSNR/SSIM for (/root/media/quoc-huy/eval-wir/srbenchmarks/BSD100/LR/, x4)---- : 18.3701dB / 0.3592
25-11-11 17:33:19.220 : ---9 --> 275000_E --> x4--> 108082.png
25-11-11 17:33:19.382 : ----PSNR/SSIM for (/root/media/quoc-huy/eval-wir/srbenchmarks/BSD100/LR/, x4)---- : 18.0359dB / 0.4117
25-11-11 17:33:19.382 : --10 --> 275000_E --> x4--> 109053.png
25-11-11 17:33:19.554 : ----PSNR/SSIM for (/root/media/quoc-huy/eval-wir/srbenchmarks/BSD100/LR/, x4)---- : 25.8364dB / 0.6832
25-11-11 17:33:19.555 : --11 --> 275000_E --> x4--> 119082.png
25-11-11 17:33:19.708 : ----PSNR/SSIM for (/root/media/quoc-huy/eval-wir/srbenchmarks/BSD100/LR/, x4)---- : 21.1200dB / 0.5812
25-11-11 17:33:19.709 : --12 --> 275000_E --> x4--> 12084.png
25-11-11 17:33:19.854 : ----PSNR/SSIM for (/root/media/quoc-huy/eval-wir/srbenchmarks/BSD100/LR/, x4)---- : 21.4434dB / 0.5791
25-11-11 17:33:19.854 : --13 --> 275000_E --> x4--> 123074.png
25-11-11 17:33:20.012 : ----PSNR/SSIM for (/root/media/quoc-huy/eval-wir/srbenchmarks/BSD100/LR/, x4)---- : 20.9886dB / 0.6560
25-11-11 17:33:20.012 : --14 --> 275000_E --> x4--> 126007.png
25-11-11 17:33:20.176 : ----PSNR/SSIM for (/root/media/quoc-huy/eval-wir/srbenchmarks/BSD100/LR/, x4)---- : 21.9621dB / 0.6906
25-11-11 17:33:20.176 : --15 --> 275000_E --> x4--> 130026.png
25-11-11 17:33:20.317 : ----PSNR/SSIM for (/root/media/quoc-huy/eval-wir/srbenchmarks/BSD100/LR/, x4)---- : 18.5450dB / 0.4483
25-11-11 17:33:20.317 : --16 --> 275000_E --> x4--> 134035.png
25-11-11 17:33:20.489 : ----PSNR/SSIM for (/root/media/quoc-huy/eval-wir/srbenchmarks/BSD100/LR/, x4)---- : 19.8869dB / 0.5395
25-11-11 17:33:20.489 : --17 --> 275000_E --> x4--> 14037.png
25-11-11 17:33:20.651 : ----PSNR/SSIM for (/root/media/quoc-huy/eval-wir/srbenchmarks/BSD100/LR/, x4)---- : 28.5370dB / 0.7755
25-11-11 17:33:20.651 : --18 --> 275000_E --> x4--> 143090.png
25-11-11 17:33:20.794 : ----PSNR/SSIM for (/root/media/quoc-huy/eval-wir/srbenchmarks/BSD100/LR/, x4)---- : 22.6349dB / 0.7920
25-11-11 17:33:20.794 : --19 --> 275000_E --> x4--> 145086.png
25-11-11 17:33:20.996 : ----PSNR/SSIM for (/root/media/quoc-huy/eval-wir/srbenchmarks/BSD100/LR/, x4)---- : 22.3012dB / 0.5967
25-11-11 17:33:20.997 : --20 --> 275000_E --> x4--> 147091.png
25-11-11 17:33:21.135 : ----PSNR/SSIM for (/root/media/quoc-huy/eval-wir/srbenchmarks/BSD100/LR/, x4)---- : 22.8017dB / 0.7064
25-11-11 17:33:21.135 : --21 --> 275000_E --> x4--> 148026.png
25-11-11 17:33:21.298 : ----PSNR/SSIM for (/root/media/quoc-huy/eval-wir/srbenchmarks/BSD100/LR/, x4)---- : 18.9031dB / 0.5543
25-11-11 17:33:21.298 : --22 --> 275000_E --> x4--> 148089.png
25-11-11 17:33:21.434 : ----PSNR/SSIM for (/root/media/quoc-huy/eval-wir/srbenchmarks/BSD100/LR/, x4)---- : 21.3057dB / 0.5298
25-11-11 17:33:21.434 : --23 --> 275000_E --> x4--> 156065.png
25-11-11 17:33:21.600 : ----PSNR/SSIM for (/root/media/quoc-huy/eval-wir/srbenchmarks/BSD100/LR/, x4)---- : 20.2981dB / 0.4214
25-11-11 17:33:21.601 : --24 --> 275000_E --> x4--> 157055.png
25-11-11 17:33:21.797 : ----PSNR/SSIM for (/root/media/quoc-huy/eval-wir/srbenchmarks/BSD100/LR/, x4)---- : 18.4622dB / 0.6229
25-11-11 17:33:21.797 : --25 --> 275000_E --> x4--> 159008.png
25-11-11 17:33:21.951 : ----PSNR/SSIM for (/root/media/quoc-huy/eval-wir/srbenchmarks/BSD100/LR/, x4)---- : 22.1403dB / 0.6216
25-11-11 17:33:21.951 : --26 --> 275000_E --> x4--> 160068.png
25-11-11 17:33:22.130 : ----PSNR/SSIM for (/root/media/quoc-huy/eval-wir/srbenchmarks/BSD100/LR/, x4)---- : 23.1916dB / 0.7294
25-11-11 17:33:22.131 : --27 --> 275000_E --> x4--> 16077.png
25-11-11 17:33:22.230 : ----PSNR/SSIM for (/root/media/quoc-huy/eval-wir/srbenchmarks/BSD100/LR/, x4)---- : 22.7131dB / 0.5574
25-11-11 17:33:22.230 : --28 --> 275000_E --> x4--> 163085.png
25-11-11 17:33:22.405 : ----PSNR/SSIM for (/root/media/quoc-huy/eval-wir/srbenchmarks/BSD100/LR/, x4)---- : 23.5770dB / 0.6558
25-11-11 17:33:22.406 : --29 --> 275000_E --> x4--> 167062.png
25-11-11 17:33:22.613 : ----PSNR/SSIM for (/root/media/quoc-huy/eval-wir/srbenchmarks/BSD100/LR/, x4)---- : 26.1964dB / 0.7369
25-11-11 17:33:22.614 : --30 --> 275000_E --> x4--> 167083.png
25-11-11 17:33:22.752 : ----PSNR/SSIM for (/root/media/quoc-huy/eval-wir/srbenchmarks/BSD100/LR/, x4)---- : 17.3020dB / 0.3586
25-11-11 17:33:22.753 : --31 --> 275000_E --> x4--> 170057.png
25-11-11 17:33:22.924 : ----PSNR/SSIM for (/root/media/quoc-huy/eval-wir/srbenchmarks/BSD100/LR/, x4)---- : 25.5168dB / 0.6295
25-11-11 17:33:22.924 : --32 --> 275000_E --> x4--> 175032.png
25-11-11 17:33:23.063 : ----PSNR/SSIM for (/root/media/quoc-huy/eval-wir/srbenchmarks/BSD100/LR/, x4)---- : 17.0884dB / 0.2266
25-11-11 17:33:23.063 : --33 --> 275000_E --> x4--> 175043.png
25-11-11 17:33:23.214 : ----PSNR/SSIM for (/root/media/quoc-huy/eval-wir/srbenchmarks/BSD100/LR/, x4)---- : 18.9357dB / 0.4644
25-11-11 17:33:23.214 : --34 --> 275000_E --> x4--> 182053.png
25-11-11 17:33:23.430 : ----PSNR/SSIM for (/root/media/quoc-huy/eval-wir/srbenchmarks/BSD100/LR/, x4)---- : 19.9207dB / 0.6021
25-11-11 17:33:23.430 : --35 --> 275000_E --> x4--> 189080.png
25-11-11 17:33:23.578 : ----PSNR/SSIM for (/root/media/quoc-huy/eval-wir/srbenchmarks/BSD100/LR/, x4)---- : 27.3730dB / 0.8182
25-11-11 17:33:23.578 : --36 --> 275000_E --> x4--> 19021.png
25-11-11 17:33:23.761 : ----PSNR/SSIM for (/root/media/quoc-huy/eval-wir/srbenchmarks/BSD100/LR/, x4)---- : 20.4625dB / 0.5046
25-11-11 17:33:23.761 : --37 --> 275000_E --> x4--> 196073.png
25-11-11 17:33:23.930 : ----PSNR/SSIM for (/root/media/quoc-huy/eval-wir/srbenchmarks/BSD100/LR/, x4)---- : 16.6115dB / 0.3669
25-11-11 17:33:23.931 : --38 --> 275000_E --> x4--> 197017.png
25-11-11 17:33:24.103 : ----PSNR/SSIM for (/root/media/quoc-huy/eval-wir/srbenchmarks/BSD100/LR/, x4)---- : 23.9415dB / 0.6047
25-11-11 17:33:24.103 : --39 --> 275000_E --> x4--> 208001.png
25-11-11 17:33:24.295 : ----PSNR/SSIM for (/root/media/quoc-huy/eval-wir/srbenchmarks/BSD100/LR/, x4)---- : 19.8159dB / 0.5022
25-11-11 17:33:24.295 : --40 --> 275000_E --> x4--> 210088.png
25-11-11 17:33:24.440 : ----PSNR/SSIM for (/root/media/quoc-huy/eval-wir/srbenchmarks/BSD100/LR/, x4)---- : 25.4005dB / 0.8026
25-11-11 17:33:24.440 : --41 --> 275000_E --> x4--> 21077.png
25-11-11 17:33:24.602 : ----PSNR/SSIM for (/root/media/quoc-huy/eval-wir/srbenchmarks/BSD100/LR/, x4)---- : 20.2173dB / 0.6234
25-11-11 17:33:24.603 : --42 --> 275000_E --> x4--> 216081.png
25-11-11 17:33:24.778 : ----PSNR/SSIM for (/root/media/quoc-huy/eval-wir/srbenchmarks/BSD100/LR/, x4)---- : 20.1352dB / 0.5041
25-11-11 17:33:24.779 : --43 --> 275000_E --> x4--> 219090.png
25-11-11 17:33:24.950 : ----PSNR/SSIM for (/root/media/quoc-huy/eval-wir/srbenchmarks/BSD100/LR/, x4)---- : 21.7904dB / 0.6597
25-11-11 17:33:24.951 : --44 --> 275000_E --> x4--> 220075.png
25-11-11 17:33:25.116 : ----PSNR/SSIM for (/root/media/quoc-huy/eval-wir/srbenchmarks/BSD100/LR/, x4)---- : 21.3748dB / 0.6184
25-11-11 17:33:25.117 : --45 --> 275000_E --> x4--> 223061.png
25-11-11 17:33:25.288 : ----PSNR/SSIM for (/root/media/quoc-huy/eval-wir/srbenchmarks/BSD100/LR/, x4)---- : 21.2894dB / 0.5665
25-11-11 17:33:25.288 : --46 --> 275000_E --> x4--> 227092.png
25-11-11 17:33:25.459 : ----PSNR/SSIM for (/root/media/quoc-huy/eval-wir/srbenchmarks/BSD100/LR/, x4)---- : 22.9864dB / 0.8066
25-11-11 17:33:25.459 : --47 --> 275000_E --> x4--> 229036.png
25-11-11 17:33:25.621 : ----PSNR/SSIM for (/root/media/quoc-huy/eval-wir/srbenchmarks/BSD100/LR/, x4)---- : 19.8093dB / 0.4803
25-11-11 17:33:25.621 : --48 --> 275000_E --> x4--> 236037.png
25-11-11 17:33:25.783 : ----PSNR/SSIM for (/root/media/quoc-huy/eval-wir/srbenchmarks/BSD100/LR/, x4)---- : 18.0908dB / 0.3630
25-11-11 17:33:25.784 : --49 --> 275000_E --> x4--> 24077.png
25-11-11 17:33:25.939 : ----PSNR/SSIM for (/root/media/quoc-huy/eval-wir/srbenchmarks/BSD100/LR/, x4)---- : 23.6789dB / 0.7946
25-11-11 17:33:25.940 : --50 --> 275000_E --> x4--> 241004.png
25-11-11 17:33:26.086 : ----PSNR/SSIM for (/root/media/quoc-huy/eval-wir/srbenchmarks/BSD100/LR/, x4)---- : 25.5729dB / 0.7217
25-11-11 17:33:26.086 : --51 --> 275000_E --> x4--> 241048.png
25-11-11 17:33:26.247 : ----PSNR/SSIM for (/root/media/quoc-huy/eval-wir/srbenchmarks/BSD100/LR/, x4)---- : 19.7702dB / 0.4828
25-11-11 17:33:26.247 : --52 --> 275000_E --> x4--> 253027.png
25-11-11 17:33:26.410 : ----PSNR/SSIM for (/root/media/quoc-huy/eval-wir/srbenchmarks/BSD100/LR/, x4)---- : 19.0953dB / 0.5791
25-11-11 17:33:26.411 : --53 --> 275000_E --> x4--> 253055.png
25-11-11 17:33:26.560 : ----PSNR/SSIM for (/root/media/quoc-huy/eval-wir/srbenchmarks/BSD100/LR/, x4)---- : 22.7301dB / 0.7559
25-11-11 17:33:26.560 : --54 --> 275000_E --> x4--> 260058.png
25-11-11 17:33:26.732 : ----PSNR/SSIM for (/root/media/quoc-huy/eval-wir/srbenchmarks/BSD100/LR/, x4)---- : 19.8704dB / 0.6752
25-11-11 17:33:26.732 : --55 --> 275000_E --> x4--> 271035.png
25-11-11 17:33:26.894 : ----PSNR/SSIM for (/root/media/quoc-huy/eval-wir/srbenchmarks/BSD100/LR/, x4)---- : 19.7540dB / 0.5493
25-11-11 17:33:26.894 : --56 --> 275000_E --> x4--> 285079.png
25-11-11 17:33:27.048 : ----PSNR/SSIM for (/root/media/quoc-huy/eval-wir/srbenchmarks/BSD100/LR/, x4)---- : 15.0281dB / 0.3486
25-11-11 17:33:27.048 : --57 --> 275000_E --> x4--> 291000.png
25-11-11 17:33:27.202 : ----PSNR/SSIM for (/root/media/quoc-huy/eval-wir/srbenchmarks/BSD100/LR/, x4)---- : 17.5017dB / 0.2470
25-11-11 17:33:27.202 : --58 --> 275000_E --> x4--> 295087.png
25-11-11 17:33:27.378 : ----PSNR/SSIM for (/root/media/quoc-huy/eval-wir/srbenchmarks/BSD100/LR/, x4)---- : 23.6038dB / 0.6380
25-11-11 17:33:27.379 : --59 --> 275000_E --> x4--> 296007.png
25-11-11 17:33:27.512 : ----PSNR/SSIM for (/root/media/quoc-huy/eval-wir/srbenchmarks/BSD100/LR/, x4)---- : 22.4140dB / 0.6638
25-11-11 17:33:27.513 : --60 --> 275000_E --> x4--> 296059.png
25-11-11 17:33:27.695 : ----PSNR/SSIM for (/root/media/quoc-huy/eval-wir/srbenchmarks/BSD100/LR/, x4)---- : 24.9139dB / 0.6940
25-11-11 17:33:27.695 : --61 --> 275000_E --> x4--> 299086.png
25-11-11 17:33:27.869 : ----PSNR/SSIM for (/root/media/quoc-huy/eval-wir/srbenchmarks/BSD100/LR/, x4)---- : 25.8031dB / 0.6683
25-11-11 17:33:27.869 : --62 --> 275000_E --> x4--> 300091.png
25-11-11 17:33:28.021 : ----PSNR/SSIM for (/root/media/quoc-huy/eval-wir/srbenchmarks/BSD100/LR/, x4)---- : 25.5675dB / 0.6969
25-11-11 17:33:28.021 : --63 --> 275000_E --> x4--> 302008.png
25-11-11 17:33:28.179 : ----PSNR/SSIM for (/root/media/quoc-huy/eval-wir/srbenchmarks/BSD100/LR/, x4)---- : 20.4669dB / 0.8062
25-11-11 17:33:28.180 : --64 --> 275000_E --> x4--> 304034.png
25-11-11 17:33:28.340 : ----PSNR/SSIM for (/root/media/quoc-huy/eval-wir/srbenchmarks/BSD100/LR/, x4)---- : 20.0282dB / 0.5059
25-11-11 17:33:28.340 : --65 --> 275000_E --> x4--> 304074.png
25-11-11 17:33:28.464 : ----PSNR/SSIM for (/root/media/quoc-huy/eval-wir/srbenchmarks/BSD100/LR/, x4)---- : 19.2313dB / 0.4008
25-11-11 17:33:28.464 : --66 --> 275000_E --> x4--> 306005.png
25-11-11 17:33:28.683 : ----PSNR/SSIM for (/root/media/quoc-huy/eval-wir/srbenchmarks/BSD100/LR/, x4)---- : 25.4785dB / 0.7023
25-11-11 17:33:28.684 : --67 --> 275000_E --> x4--> 3096.png
25-11-11 17:33:28.848 : ----PSNR/SSIM for (/root/media/quoc-huy/eval-wir/srbenchmarks/BSD100/LR/, x4)---- : 14.5101dB / 0.8988
25-11-11 17:33:28.848 : --68 --> 275000_E --> x4--> 33039.png
25-11-11 17:33:28.987 : ----PSNR/SSIM for (/root/media/quoc-huy/eval-wir/srbenchmarks/BSD100/LR/, x4)---- : 17.9294dB / 0.4384
25-11-11 17:33:28.987 : --69 --> 275000_E --> x4--> 351093.png
25-11-11 17:33:29.171 : ----PSNR/SSIM for (/root/media/quoc-huy/eval-wir/srbenchmarks/BSD100/LR/, x4)---- : 19.4114dB / 0.5485
25-11-11 17:33:29.171 : --70 --> 275000_E --> x4--> 361010.png
25-11-11 17:33:29.311 : ----PSNR/SSIM for (/root/media/quoc-huy/eval-wir/srbenchmarks/BSD100/LR/, x4)---- : 22.7524dB / 0.6298
25-11-11 17:33:29.311 : --71 --> 275000_E --> x4--> 37073.png
25-11-11 17:33:29.477 : ----PSNR/SSIM for (/root/media/quoc-huy/eval-wir/srbenchmarks/BSD100/LR/, x4)---- : 25.5659dB / 0.6760
25-11-11 17:33:29.478 : --72 --> 275000_E --> x4--> 376043.png
25-11-11 17:33:29.635 : ----PSNR/SSIM for (/root/media/quoc-huy/eval-wir/srbenchmarks/BSD100/LR/, x4)---- : 22.4514dB / 0.4639
25-11-11 17:33:29.636 : --73 --> 275000_E --> x4--> 38082.png
25-11-11 17:33:29.772 : ----PSNR/SSIM for (/root/media/quoc-huy/eval-wir/srbenchmarks/BSD100/LR/, x4)---- : 24.0603dB / 0.4702
25-11-11 17:33:29.772 : --74 --> 275000_E --> x4--> 38092.png
25-11-11 17:33:29.969 : ----PSNR/SSIM for (/root/media/quoc-huy/eval-wir/srbenchmarks/BSD100/LR/, x4)---- : 22.4501dB / 0.5602
25-11-11 17:33:29.970 : --75 --> 275000_E --> x4--> 385039.png
25-11-11 17:33:30.138 : ----PSNR/SSIM for (/root/media/quoc-huy/eval-wir/srbenchmarks/BSD100/LR/, x4)---- : 21.1798dB / 0.6000
25-11-11 17:33:30.139 : --76 --> 275000_E --> x4--> 41033.png
25-11-11 17:33:30.294 : ----PSNR/SSIM for (/root/media/quoc-huy/eval-wir/srbenchmarks/BSD100/LR/, x4)---- : 25.9309dB / 0.6252
25-11-11 17:33:30.294 : --77 --> 275000_E --> x4--> 41069.png
25-11-11 17:33:30.442 : ----PSNR/SSIM for (/root/media/quoc-huy/eval-wir/srbenchmarks/BSD100/LR/, x4)---- : 20.2969dB / 0.3565
25-11-11 17:33:30.442 : --78 --> 275000_E --> x4--> 42012.png
25-11-11 17:33:30.600 : ----PSNR/SSIM for (/root/media/quoc-huy/eval-wir/srbenchmarks/BSD100/LR/, x4)---- : 24.6577dB / 0.6316
25-11-11 17:33:30.601 : --79 --> 275000_E --> x4--> 42049.png
25-11-11 17:33:30.768 : ----PSNR/SSIM for (/root/media/quoc-huy/eval-wir/srbenchmarks/BSD100/LR/, x4)---- : 25.2671dB / 0.8886
25-11-11 17:33:30.769 : --80 --> 275000_E --> x4--> 43074.png
25-11-11 17:33:30.938 : ----PSNR/SSIM for (/root/media/quoc-huy/eval-wir/srbenchmarks/BSD100/LR/, x4)---- : 25.3429dB / 0.7117
25-11-11 17:33:30.938 : --81 --> 275000_E --> x4--> 45096.png
25-11-11 17:33:31.114 : ----PSNR/SSIM for (/root/media/quoc-huy/eval-wir/srbenchmarks/BSD100/LR/, x4)---- : 28.8800dB / 0.7830
25-11-11 17:33:31.114 : --82 --> 275000_E --> x4--> 54082.png
25-11-11 17:33:31.292 : ----PSNR/SSIM for (/root/media/quoc-huy/eval-wir/srbenchmarks/BSD100/LR/, x4)---- : 24.0659dB / 0.5807
25-11-11 17:33:31.293 : --83 --> 275000_E --> x4--> 55073.png
25-11-11 17:33:31.454 : ----PSNR/SSIM for (/root/media/quoc-huy/eval-wir/srbenchmarks/BSD100/LR/, x4)---- : 19.5495dB / 0.3484
25-11-11 17:33:31.454 : --84 --> 275000_E --> x4--> 58060.png
25-11-11 17:33:31.620 : ----PSNR/SSIM for (/root/media/quoc-huy/eval-wir/srbenchmarks/BSD100/LR/, x4)---- : 18.5281dB / 0.4097
25-11-11 17:33:31.620 : --85 --> 275000_E --> x4--> 62096.png
25-11-11 17:33:31.786 : ----PSNR/SSIM for (/root/media/quoc-huy/eval-wir/srbenchmarks/BSD100/LR/, x4)---- : 19.8351dB / 0.5938
25-11-11 17:33:31.786 : --86 --> 275000_E --> x4--> 65033.png
25-11-11 17:33:31.943 : ----PSNR/SSIM for (/root/media/quoc-huy/eval-wir/srbenchmarks/BSD100/LR/, x4)---- : 18.2021dB / 0.3639
25-11-11 17:33:31.943 : --87 --> 275000_E --> x4--> 66053.png
25-11-11 17:33:32.117 : ----PSNR/SSIM for (/root/media/quoc-huy/eval-wir/srbenchmarks/BSD100/LR/, x4)---- : 23.8843dB / 0.5318
25-11-11 17:33:32.117 : --88 --> 275000_E --> x4--> 69015.png
25-11-11 17:33:32.286 : ----PSNR/SSIM for (/root/media/quoc-huy/eval-wir/srbenchmarks/BSD100/LR/, x4)---- : 24.6142dB / 0.6918
25-11-11 17:33:32.287 : --89 --> 275000_E --> x4--> 69020.png
25-11-11 17:33:32.487 : ----PSNR/SSIM for (/root/media/quoc-huy/eval-wir/srbenchmarks/BSD100/LR/, x4)---- : 23.3486dB / 0.3734
25-11-11 17:33:32.488 : --90 --> 275000_E --> x4--> 69040.png
25-11-11 17:33:32.657 : ----PSNR/SSIM for (/root/media/quoc-huy/eval-wir/srbenchmarks/BSD100/LR/, x4)---- : 19.5952dB / 0.4424
25-11-11 17:33:32.657 : --91 --> 275000_E --> x4--> 76053.png
25-11-11 17:33:32.797 : ----PSNR/SSIM for (/root/media/quoc-huy/eval-wir/srbenchmarks/BSD100/LR/, x4)---- : 19.4617dB / 0.4723
25-11-11 17:33:32.798 : --92 --> 275000_E --> x4--> 78004.png
25-11-11 17:33:32.947 : ----PSNR/SSIM for (/root/media/quoc-huy/eval-wir/srbenchmarks/BSD100/LR/, x4)---- : 23.7728dB / 0.6493
25-11-11 17:33:32.947 : --93 --> 275000_E --> x4--> 8023.png
25-11-11 17:33:33.119 : ----PSNR/SSIM for (/root/media/quoc-huy/eval-wir/srbenchmarks/BSD100/LR/, x4)---- : 21.1494dB / 0.5764
25-11-11 17:33:33.120 : --94 --> 275000_E --> x4--> 85048.png
25-11-11 17:33:33.330 : ----PSNR/SSIM for (/root/media/quoc-huy/eval-wir/srbenchmarks/BSD100/LR/, x4)---- : 17.3525dB / 0.5448
25-11-11 17:33:33.331 : --95 --> 275000_E --> x4--> 86000.png
25-11-11 17:33:33.488 : ----PSNR/SSIM for (/root/media/quoc-huy/eval-wir/srbenchmarks/BSD100/LR/, x4)---- : 16.9712dB / 0.6013
25-11-11 17:33:33.488 : --96 --> 275000_E --> x4--> 86016.png
25-11-11 17:33:33.679 : ----PSNR/SSIM for (/root/media/quoc-huy/eval-wir/srbenchmarks/BSD100/LR/, x4)---- : 18.3722dB / 0.1669
25-11-11 17:33:33.679 : --97 --> 275000_E --> x4--> 86068.png
25-11-11 17:33:33.789 : ----PSNR/SSIM for (/root/media/quoc-huy/eval-wir/srbenchmarks/BSD100/LR/, x4)---- : 22.5189dB / 0.4578
25-11-11 17:33:33.790 : --98 --> 275000_E --> x4--> 87046.png
25-11-11 17:33:33.968 : ----PSNR/SSIM for (/root/media/quoc-huy/eval-wir/srbenchmarks/BSD100/LR/, x4)---- : 20.6493dB / 0.6162
25-11-11 17:33:33.968 : --99 --> 275000_E --> x4--> 89072.png
25-11-11 17:33:34.181 : ----PSNR/SSIM for (/root/media/quoc-huy/eval-wir/srbenchmarks/BSD100/LR/, x4)---- : 20.0650dB / 0.5159
25-11-11 17:33:34.181 : -100 --> 275000_E --> x4--> 97033.png
25-11-11 17:33:34.312 : ----PSNR/SSIM for (/root/media/quoc-huy/eval-wir/srbenchmarks/BSD100/LR/, x4)---- : 21.4395dB / 0.6185
25-11-11 17:33:34.313 : ----Average PSNR/SSIM for (/root/media/quoc-huy/eval-wir/srbenchmarks/BSD100/LR/, x4)---- : 21.5248dB / 0.5789
25-11-11 17:33:34.313 :  
25-11-11 17:35:58.864 :       Model Name : 275000_E
25-11-11 17:36:15.450 :       Input Path : /root/media/quoc-huy/eval-wir/srbenchmarks/Set14/LR/
25-11-11 17:36:15.451 :      Output Path : /root/quoc-huy/BSRGAN/testsets/experimental-results/Set14
25-11-11 17:36:15.452 : ---1 --> 275000_E --> x4--> baboon.png
25-11-11 17:36:16.405 : ----PSNR/SSIM for (/root/media/quoc-huy/eval-wir/srbenchmarks/Set14/LR/, x4)---- : 18.8825dB / 0.3882
25-11-11 17:36:16.406 : ---2 --> 275000_E --> x4--> barbara.png
25-11-11 17:36:16.864 : ----PSNR/SSIM for (/root/media/quoc-huy/eval-wir/srbenchmarks/Set14/LR/, x4)---- : 22.8433dB / 0.6118
25-11-11 17:36:16.864 : ---3 --> 275000_E --> x4--> bridge.png
25-11-11 17:36:17.145 : ----PSNR/SSIM for (/root/media/quoc-huy/eval-wir/srbenchmarks/Set14/LR/, x4)---- : 20.2202dB / 0.4319
25-11-11 17:36:17.145 : ---4 --> 275000_E --> x4--> coastguard.png
25-11-11 17:36:17.289 : ----PSNR/SSIM for (/root/media/quoc-huy/eval-wir/srbenchmarks/Set14/LR/, x4)---- : 19.2979dB / 0.4350
25-11-11 17:36:17.289 : ---5 --> 275000_E --> x4--> comic.png
25-11-11 17:36:17.381 : ----PSNR/SSIM for (/root/media/quoc-huy/eval-wir/srbenchmarks/Set14/LR/, x4)---- : 18.3671dB / 0.5292
25-11-11 17:36:17.381 : ---6 --> 275000_E --> x4--> face.png
25-11-11 17:36:17.469 : ----PSNR/SSIM for (/root/media/quoc-huy/eval-wir/srbenchmarks/Set14/LR/, x4)---- : 29.4033dB / 0.6894
25-11-11 17:36:17.469 : ---7 --> 275000_E --> x4--> flowers.png
25-11-11 17:36:17.745 : ----PSNR/SSIM for (/root/media/quoc-huy/eval-wir/srbenchmarks/Set14/LR/, x4)---- : 22.0551dB / 0.6957
25-11-11 17:36:17.746 : ---8 --> 275000_E --> x4--> foreman.png
25-11-11 17:36:17.855 : ----PSNR/SSIM for (/root/media/quoc-huy/eval-wir/srbenchmarks/Set14/LR/, x4)---- : 25.1085dB / 0.8631
25-11-11 17:36:17.855 : ---9 --> 275000_E --> x4--> lenna.png
25-11-11 17:36:18.259 : ----PSNR/SSIM for (/root/media/quoc-huy/eval-wir/srbenchmarks/Set14/LR/, x4)---- : 26.1855dB / 0.7315
25-11-11 17:36:18.259 : --10 --> 275000_E --> x4--> man.png
25-11-11 17:36:18.523 : ----PSNR/SSIM for (/root/media/quoc-huy/eval-wir/srbenchmarks/Set14/LR/, x4)---- : 24.0058dB / 0.6291
25-11-11 17:36:18.523 : --11 --> 275000_E --> x4--> monarch.png
25-11-11 17:36:18.944 : ----PSNR/SSIM for (/root/media/quoc-huy/eval-wir/srbenchmarks/Set14/LR/, x4)---- : 25.5188dB / 0.8622
25-11-11 17:36:18.944 : --12 --> 275000_E --> x4--> pepper.png
25-11-11 17:36:19.325 : ----PSNR/SSIM for (/root/media/quoc-huy/eval-wir/srbenchmarks/Set14/LR/, x4)---- : 24.8516dB / 0.7736
25-11-11 17:36:19.326 : --13 --> 275000_E --> x4--> ppt3.png
25-11-11 17:36:19.724 : ----PSNR/SSIM for (/root/media/quoc-huy/eval-wir/srbenchmarks/Set14/LR/, x4)---- : 22.6445dB / 0.8749
25-11-11 17:36:19.724 : --14 --> 275000_E --> x4--> zebra.png
25-11-11 17:36:20.010 : ----PSNR/SSIM for (/root/media/quoc-huy/eval-wir/srbenchmarks/Set14/LR/, x4)---- : 21.8438dB / 0.6392
25-11-11 17:36:20.010 : ----Average PSNR/SSIM for (/root/media/quoc-huy/eval-wir/srbenchmarks/Set14/LR/, x4)---- : 22.9449dB / 0.6539
25-11-11 17:36:20.011 :  
25-11-11 17:36:44.395 :       Model Name : 275000_E
25-11-11 17:37:00.632 :       Input Path : /root/media/quoc-huy/eval-wir/srbenchmarks/Set5/LR/
25-11-11 17:37:00.633 :      Output Path : /root/quoc-huy/BSRGAN/testsets/experimental-results/Set5
25-11-11 17:37:00.633 : ---1 --> 275000_E --> x4--> baby.png
25-11-11 17:37:01.589 : ----PSNR/SSIM for (/root/media/quoc-huy/eval-wir/srbenchmarks/Set5/LR/, x4)---- : 26.5708dB / 0.7606
25-11-11 17:37:01.589 : ---2 --> 275000_E --> x4--> bird.png
25-11-11 17:37:01.682 : ----PSNR/SSIM for (/root/media/quoc-huy/eval-wir/srbenchmarks/Set5/LR/, x4)---- : 27.9357dB / 0.8330
25-11-11 17:37:01.682 : ---3 --> 275000_E --> x4--> butterfly.png
25-11-11 17:37:01.764 : ----PSNR/SSIM for (/root/media/quoc-huy/eval-wir/srbenchmarks/Set5/LR/, x4)---- : 19.6601dB / 0.8150
25-11-11 17:37:01.764 : ---4 --> 275000_E --> x4--> head.png
25-11-11 17:37:01.850 : ----PSNR/SSIM for (/root/media/quoc-huy/eval-wir/srbenchmarks/Set5/LR/, x4)---- : 22.8957dB / 0.5854
25-11-11 17:37:01.850 : ---5 --> 275000_E --> x4--> woman.png
25-11-11 17:37:01.937 : ----PSNR/SSIM for (/root/media/quoc-huy/eval-wir/srbenchmarks/Set5/LR/, x4)---- : 22.8446dB / 0.7302
25-11-11 17:37:01.937 : ----Average PSNR/SSIM for (/root/media/quoc-huy/eval-wir/srbenchmarks/Set5/LR/, x4)---- : 23.9814dB / 0.7448
25-11-11 17:37:01.937 :  
25-11-11 17:39:46.295 :       Model Name : 275000_E
25-11-11 17:40:03.294 :       Input Path : /root/media/quoc-huy/bsrgan-dataset/Set5/
25-11-11 17:40:03.295 :      Output Path : /root/quoc-huy/BSRGAN/testsets/experimental-results/Set5
25-11-11 17:40:03.295 : ---1 --> 275000_E --> x4--> baby.png
25-11-11 17:40:04.269 : ----PSNR/SSIM for (/root/media/quoc-huy/bsrgan-dataset/Set5/, x4)---- : 22.9308dB / 0.6365
25-11-11 17:40:04.270 : ---2 --> 275000_E --> x4--> bird.png
25-11-11 17:40:04.354 : ----PSNR/SSIM for (/root/media/quoc-huy/bsrgan-dataset/Set5/, x4)---- : 15.8995dB / 0.4113
25-11-11 17:40:04.354 : ---3 --> 275000_E --> x4--> butterfly.png
25-11-11 17:40:04.428 : ----PSNR/SSIM for (/root/media/quoc-huy/bsrgan-dataset/Set5/, x4)---- : 13.4637dB / 0.2834
25-11-11 17:40:04.428 : ---4 --> 275000_E --> x4--> head.png
25-11-11 17:40:04.536 : ----PSNR/SSIM for (/root/media/quoc-huy/bsrgan-dataset/Set5/, x4)---- : 23.3021dB / 0.4754
25-11-11 17:40:04.536 : ---5 --> 275000_E --> x4--> woman.png
25-11-11 17:40:04.632 : ----PSNR/SSIM for (/root/media/quoc-huy/bsrgan-dataset/Set5/, x4)---- : 16.6011dB / 0.2952
25-11-11 17:40:04.632 : ----Average PSNR/SSIM for (/root/media/quoc-huy/bsrgan-dataset/Set5/, x4)---- : 18.4394dB / 0.4204
25-11-11 17:40:04.632 :  
25-11-11 17:40:36.943 :       Model Name : 275000_E
25-11-11 17:40:50.199 :       Input Path : /root/media/quoc-huy/bsrgan-dataset/Set14/
25-11-11 17:40:50.200 :      Output Path : /root/quoc-huy/BSRGAN/testsets/experimental-results/Set14
25-11-11 17:40:50.200 : ---1 --> 275000_E --> x4--> baboon.png
25-11-11 17:40:51.052 : ----PSNR/SSIM for (/root/media/quoc-huy/bsrgan-dataset/Set14/, x4)---- : 17.4871dB / 0.2185
25-11-11 17:40:51.052 : ---2 --> 275000_E --> x4--> barbara.png
25-11-11 17:40:51.517 : ----PSNR/SSIM for (/root/media/quoc-huy/bsrgan-dataset/Set14/, x4)---- : 18.9975dB / 0.4421
25-11-11 17:40:51.518 : ---3 --> 275000_E --> x4--> bridge.png
25-11-11 17:40:51.886 : ----PSNR/SSIM for (/root/media/quoc-huy/bsrgan-dataset/Set14/, x4)---- : 18.3409dB / 0.2299
25-11-11 17:40:51.886 : ---4 --> 275000_E --> x4--> coastguard.png
25-11-11 17:40:51.995 : ----PSNR/SSIM for (/root/media/quoc-huy/bsrgan-dataset/Set14/, x4)---- : 17.1396dB / 0.3047
25-11-11 17:40:51.995 : ---5 --> 275000_E --> x4--> comic.png
25-11-11 17:40:52.098 : ----PSNR/SSIM for (/root/media/quoc-huy/bsrgan-dataset/Set14/, x4)---- : 16.5810dB / 0.2324
25-11-11 17:40:52.099 : ---6 --> 275000_E --> x4--> face.png
25-11-11 17:40:52.202 : ----PSNR/SSIM for (/root/media/quoc-huy/bsrgan-dataset/Set14/, x4)---- : 22.3654dB / 0.4771
25-11-11 17:40:52.202 : ---7 --> 275000_E --> x4--> flowers.png
25-11-11 17:40:52.397 : ----PSNR/SSIM for (/root/media/quoc-huy/bsrgan-dataset/Set14/, x4)---- : 17.2671dB / 0.2857
25-11-11 17:40:52.397 : ---8 --> 275000_E --> x4--> foreman.png
25-11-11 17:40:52.511 : ----PSNR/SSIM for (/root/media/quoc-huy/bsrgan-dataset/Set14/, x4)---- : 17.7796dB / 0.4628
25-11-11 17:40:52.511 : ---9 --> 275000_E --> x4--> lenna.png
25-11-11 17:40:52.828 : ----PSNR/SSIM for (/root/media/quoc-huy/bsrgan-dataset/Set14/, x4)---- : 24.3771dB / 0.6457
25-11-11 17:40:52.829 : --10 --> 275000_E --> x4--> man.png
25-11-11 17:40:53.174 : ----PSNR/SSIM for (/root/media/quoc-huy/bsrgan-dataset/Set14/, x4)---- : 16.4954dB / 0.3045
25-11-11 17:40:53.175 : --11 --> 275000_E --> x4--> monarch.png
25-11-11 17:40:53.690 : ----PSNR/SSIM for (/root/media/quoc-huy/bsrgan-dataset/Set14/, x4)---- : 18.3616dB / 0.6301
25-11-11 17:40:53.690 : --12 --> 275000_E --> x4--> pepper.png
25-11-11 17:40:54.010 : ----PSNR/SSIM for (/root/media/quoc-huy/bsrgan-dataset/Set14/, x4)---- : 18.4137dB / 0.5831
25-11-11 17:40:54.011 : --13 --> 275000_E --> x4--> ppt3.png
25-11-11 17:40:54.377 : ----PSNR/SSIM for (/root/media/quoc-huy/bsrgan-dataset/Set14/, x4)---- : 13.7873dB / 0.5788
25-11-11 17:40:54.377 : --14 --> 275000_E --> x4--> zebra.png
25-11-11 17:40:54.630 : ----PSNR/SSIM for (/root/media/quoc-huy/bsrgan-dataset/Set14/, x4)---- : 15.2446dB / 0.2742
25-11-11 17:40:54.630 : ----Average PSNR/SSIM for (/root/media/quoc-huy/bsrgan-dataset/Set14/, x4)---- : 18.0456dB / 0.4050
25-11-11 17:40:54.630 :  
25-11-11 17:41:32.486 :       Model Name : 275000_E
25-11-11 17:41:46.893 :       Input Path : /root/media/quoc-huy/bsrgan-dataset/BSD100/
25-11-11 17:41:46.893 :      Output Path : /root/quoc-huy/BSRGAN/testsets/experimental-results/BSD100
25-11-11 17:41:46.894 : ---1 --> 275000_E --> x4--> 101085.png
25-11-11 17:41:47.671 : ----PSNR/SSIM for (/root/media/quoc-huy/bsrgan-dataset/BSD100/, x4)---- : 17.7219dB / 0.2204
25-11-11 17:41:47.671 : ---2 --> 275000_E --> x4--> 101087.png
25-11-11 17:41:47.795 : ----PSNR/SSIM for (/root/media/quoc-huy/bsrgan-dataset/BSD100/, x4)---- : 18.3584dB / 0.5866
25-11-11 17:41:47.795 : ---3 --> 275000_E --> x4--> 102061.png
25-11-11 17:41:47.987 : ----PSNR/SSIM for (/root/media/quoc-huy/bsrgan-dataset/BSD100/, x4)---- : 19.1199dB / 0.4010
25-11-11 17:41:47.988 : ---4 --> 275000_E --> x4--> 103070.png
25-11-11 17:41:48.150 : ----PSNR/SSIM for (/root/media/quoc-huy/bsrgan-dataset/BSD100/, x4)---- : 20.9962dB / 0.4253
25-11-11 17:41:48.151 : ---5 --> 275000_E --> x4--> 105025.png
25-11-11 17:41:48.313 : ----PSNR/SSIM for (/root/media/quoc-huy/bsrgan-dataset/BSD100/, x4)---- : 16.6830dB / 0.4031
25-11-11 17:41:48.313 : ---6 --> 275000_E --> x4--> 106024.png
25-11-11 17:41:48.482 : ----PSNR/SSIM for (/root/media/quoc-huy/bsrgan-dataset/BSD100/, x4)---- : 18.7579dB / 0.7070
25-11-11 17:41:48.482 : ---7 --> 275000_E --> x4--> 108005.png
25-11-11 17:41:48.620 : ----PSNR/SSIM for (/root/media/quoc-huy/bsrgan-dataset/BSD100/, x4)---- : 20.2094dB / 0.3716
25-11-11 17:41:48.621 : ---8 --> 275000_E --> x4--> 108070.png
25-11-11 17:41:48.791 : ----PSNR/SSIM for (/root/media/quoc-huy/bsrgan-dataset/BSD100/, x4)---- : 19.9142dB / 0.3542
25-11-11 17:41:48.792 : ---9 --> 275000_E --> x4--> 108082.png
25-11-11 17:41:48.953 : ----PSNR/SSIM for (/root/media/quoc-huy/bsrgan-dataset/BSD100/, x4)---- : 17.8131dB / 0.2866
25-11-11 17:41:48.953 : --10 --> 275000_E --> x4--> 109053.png
25-11-11 17:41:49.091 : ----PSNR/SSIM for (/root/media/quoc-huy/bsrgan-dataset/BSD100/, x4)---- : 21.9003dB / 0.5402
25-11-11 17:41:49.091 : --11 --> 275000_E --> x4--> 119082.png
25-11-11 17:41:49.246 : ----PSNR/SSIM for (/root/media/quoc-huy/bsrgan-dataset/BSD100/, x4)---- : 13.4492dB / 0.2354
25-11-11 17:41:49.247 : --12 --> 275000_E --> x4--> 12084.png
25-11-11 17:41:49.401 : ----PSNR/SSIM for (/root/media/quoc-huy/bsrgan-dataset/BSD100/, x4)---- : 21.2805dB / 0.3729
25-11-11 17:41:49.401 : --13 --> 275000_E --> x4--> 123074.png
25-11-11 17:41:49.560 : ----PSNR/SSIM for (/root/media/quoc-huy/bsrgan-dataset/BSD100/, x4)---- : 22.9110dB / 0.4959
25-11-11 17:41:49.561 : --14 --> 275000_E --> x4--> 126007.png
25-11-11 17:41:49.715 : ----PSNR/SSIM for (/root/media/quoc-huy/bsrgan-dataset/BSD100/, x4)---- : 21.9189dB / 0.6107
25-11-11 17:41:49.716 : --15 --> 275000_E --> x4--> 130026.png
25-11-11 17:41:49.865 : ----PSNR/SSIM for (/root/media/quoc-huy/bsrgan-dataset/BSD100/, x4)---- : 20.2518dB / 0.3669
25-11-11 17:41:49.865 : --16 --> 275000_E --> x4--> 134035.png
25-11-11 17:41:50.051 : ----PSNR/SSIM for (/root/media/quoc-huy/bsrgan-dataset/BSD100/, x4)---- : 16.1825dB / 0.2727
25-11-11 17:41:50.051 : --17 --> 275000_E --> x4--> 14037.png
25-11-11 17:41:50.172 : ----PSNR/SSIM for (/root/media/quoc-huy/bsrgan-dataset/BSD100/, x4)---- : 21.4650dB / 0.6738
25-11-11 17:41:50.172 : --18 --> 275000_E --> x4--> 143090.png
25-11-11 17:41:50.320 : ----PSNR/SSIM for (/root/media/quoc-huy/bsrgan-dataset/BSD100/, x4)---- : 19.8515dB / 0.6897
25-11-11 17:41:50.320 : --19 --> 275000_E --> x4--> 145086.png
25-11-11 17:41:50.520 : ----PSNR/SSIM for (/root/media/quoc-huy/bsrgan-dataset/BSD100/, x4)---- : 18.7065dB / 0.4673
25-11-11 17:41:50.520 : --20 --> 275000_E --> x4--> 147091.png
25-11-11 17:41:50.653 : ----PSNR/SSIM for (/root/media/quoc-huy/bsrgan-dataset/BSD100/, x4)---- : 18.4287dB / 0.5822
25-11-11 17:41:50.653 : --21 --> 275000_E --> x4--> 148026.png
25-11-11 17:41:50.813 : ----PSNR/SSIM for (/root/media/quoc-huy/bsrgan-dataset/BSD100/, x4)---- : 15.7519dB / 0.2762
25-11-11 17:41:50.813 : --22 --> 275000_E --> x4--> 148089.png
25-11-11 17:41:50.981 : ----PSNR/SSIM for (/root/media/quoc-huy/bsrgan-dataset/BSD100/, x4)---- : 17.3494dB / 0.2320
25-11-11 17:41:50.981 : --23 --> 275000_E --> x4--> 156065.png
25-11-11 17:41:51.110 : ----PSNR/SSIM for (/root/media/quoc-huy/bsrgan-dataset/BSD100/, x4)---- : 18.3902dB / 0.3103
25-11-11 17:41:51.110 : --24 --> 275000_E --> x4--> 157055.png
25-11-11 17:41:51.294 : ----PSNR/SSIM for (/root/media/quoc-huy/bsrgan-dataset/BSD100/, x4)---- : 20.0146dB / 0.5180
25-11-11 17:41:51.294 : --25 --> 275000_E --> x4--> 159008.png
25-11-11 17:41:51.470 : ----PSNR/SSIM for (/root/media/quoc-huy/bsrgan-dataset/BSD100/, x4)---- : 16.4350dB / 0.3271
25-11-11 17:41:51.470 : --26 --> 275000_E --> x4--> 160068.png
25-11-11 17:41:51.624 : ----PSNR/SSIM for (/root/media/quoc-huy/bsrgan-dataset/BSD100/, x4)---- : 19.9761dB / 0.6093
25-11-11 17:41:51.625 : --27 --> 275000_E --> x4--> 16077.png
25-11-11 17:41:51.802 : ----PSNR/SSIM for (/root/media/quoc-huy/bsrgan-dataset/BSD100/, x4)---- : 19.0644dB / 0.2495
25-11-11 17:41:51.802 : --28 --> 275000_E --> x4--> 163085.png
25-11-11 17:41:51.962 : ----PSNR/SSIM for (/root/media/quoc-huy/bsrgan-dataset/BSD100/, x4)---- : 14.9943dB / 0.1895
25-11-11 17:41:51.962 : --29 --> 275000_E --> x4--> 167062.png
25-11-11 17:41:52.112 : ----PSNR/SSIM for (/root/media/quoc-huy/bsrgan-dataset/BSD100/, x4)---- : 18.8219dB / 0.7020
25-11-11 17:41:52.113 : --30 --> 275000_E --> x4--> 167083.png
25-11-11 17:41:52.265 : ----PSNR/SSIM for (/root/media/quoc-huy/bsrgan-dataset/BSD100/, x4)---- : 16.5390dB / 0.2884
25-11-11 17:41:52.266 : --31 --> 275000_E --> x4--> 170057.png
25-11-11 17:41:52.430 : ----PSNR/SSIM for (/root/media/quoc-huy/bsrgan-dataset/BSD100/, x4)---- : 20.8347dB / 0.5574
25-11-11 17:41:52.431 : --32 --> 275000_E --> x4--> 175032.png
25-11-11 17:41:52.580 : ----PSNR/SSIM for (/root/media/quoc-huy/bsrgan-dataset/BSD100/, x4)---- : 16.4205dB / 0.1067
25-11-11 17:41:52.580 : --33 --> 275000_E --> x4--> 175043.png
25-11-11 17:41:52.738 : ----PSNR/SSIM for (/root/media/quoc-huy/bsrgan-dataset/BSD100/, x4)---- : 16.5861dB / 0.2417
25-11-11 17:41:52.739 : --34 --> 275000_E --> x4--> 182053.png
25-11-11 17:41:52.911 : ----PSNR/SSIM for (/root/media/quoc-huy/bsrgan-dataset/BSD100/, x4)---- : 17.7626dB / 0.4838
25-11-11 17:41:52.912 : --35 --> 275000_E --> x4--> 189080.png
25-11-11 17:41:53.102 : ----PSNR/SSIM for (/root/media/quoc-huy/bsrgan-dataset/BSD100/, x4)---- : 19.8860dB / 0.6093
25-11-11 17:41:53.102 : --36 --> 275000_E --> x4--> 19021.png
25-11-11 17:41:53.250 : ----PSNR/SSIM for (/root/media/quoc-huy/bsrgan-dataset/BSD100/, x4)---- : 17.7525dB / 0.2471
25-11-11 17:41:53.250 : --37 --> 275000_E --> x4--> 196073.png
25-11-11 17:41:53.426 : ----PSNR/SSIM for (/root/media/quoc-huy/bsrgan-dataset/BSD100/, x4)---- : 22.8276dB / 0.3592
25-11-11 17:41:53.426 : --38 --> 275000_E --> x4--> 197017.png
25-11-11 17:41:53.592 : ----PSNR/SSIM for (/root/media/quoc-huy/bsrgan-dataset/BSD100/, x4)---- : 18.2936dB / 0.3698
25-11-11 17:41:53.593 : --39 --> 275000_E --> x4--> 208001.png
25-11-11 17:41:53.799 : ----PSNR/SSIM for (/root/media/quoc-huy/bsrgan-dataset/BSD100/, x4)---- : 19.4893dB / 0.4102
25-11-11 17:41:53.800 : --40 --> 275000_E --> x4--> 210088.png
25-11-11 17:41:53.956 : ----PSNR/SSIM for (/root/media/quoc-huy/bsrgan-dataset/BSD100/, x4)---- : 17.3543dB / 0.5853
25-11-11 17:41:53.957 : --41 --> 275000_E --> x4--> 21077.png
25-11-11 17:41:54.102 : ----PSNR/SSIM for (/root/media/quoc-huy/bsrgan-dataset/BSD100/, x4)---- : 15.6749dB / 0.3108
25-11-11 17:41:54.102 : --42 --> 275000_E --> x4--> 216081.png
25-11-11 17:41:54.262 : ----PSNR/SSIM for (/root/media/quoc-huy/bsrgan-dataset/BSD100/, x4)---- : 17.6296dB / 0.3682
25-11-11 17:41:54.262 : --43 --> 275000_E --> x4--> 219090.png
25-11-11 17:41:54.424 : ----PSNR/SSIM for (/root/media/quoc-huy/bsrgan-dataset/BSD100/, x4)---- : 17.2073dB / 0.3042
25-11-11 17:41:54.424 : --44 --> 275000_E --> x4--> 220075.png
25-11-11 17:41:54.629 : ----PSNR/SSIM for (/root/media/quoc-huy/bsrgan-dataset/BSD100/, x4)---- : 16.0815dB / 0.4440
25-11-11 17:41:54.629 : --45 --> 275000_E --> x4--> 223061.png
25-11-11 17:41:54.794 : ----PSNR/SSIM for (/root/media/quoc-huy/bsrgan-dataset/BSD100/, x4)---- : 20.0284dB / 0.4007
25-11-11 17:41:54.795 : --46 --> 275000_E --> x4--> 227092.png
25-11-11 17:41:54.919 : ----PSNR/SSIM for (/root/media/quoc-huy/bsrgan-dataset/BSD100/, x4)---- : 26.9161dB / 0.7249
25-11-11 17:41:54.919 : --47 --> 275000_E --> x4--> 229036.png
25-11-11 17:41:55.083 : ----PSNR/SSIM for (/root/media/quoc-huy/bsrgan-dataset/BSD100/, x4)---- : 14.8933dB / 0.1552
25-11-11 17:41:55.083 : --48 --> 275000_E --> x4--> 236037.png
25-11-11 17:41:55.252 : ----PSNR/SSIM for (/root/media/quoc-huy/bsrgan-dataset/BSD100/, x4)---- : 18.2557dB / 0.2405
25-11-11 17:41:55.252 : --49 --> 275000_E --> x4--> 24077.png
25-11-11 17:41:55.430 : ----PSNR/SSIM for (/root/media/quoc-huy/bsrgan-dataset/BSD100/, x4)---- : 15.4325dB / 0.4054
25-11-11 17:41:55.431 : --50 --> 275000_E --> x4--> 241004.png
25-11-11 17:41:55.597 : ----PSNR/SSIM for (/root/media/quoc-huy/bsrgan-dataset/BSD100/, x4)---- : 23.1681dB / 0.6577
25-11-11 17:41:55.597 : --51 --> 275000_E --> x4--> 241048.png
25-11-11 17:41:55.735 : ----PSNR/SSIM for (/root/media/quoc-huy/bsrgan-dataset/BSD100/, x4)---- : 17.8271dB / 0.3254
25-11-11 17:41:55.735 : --52 --> 275000_E --> x4--> 253027.png
25-11-11 17:41:55.893 : ----PSNR/SSIM for (/root/media/quoc-huy/bsrgan-dataset/BSD100/, x4)---- : 17.2363dB / 0.3960
25-11-11 17:41:55.894 : --53 --> 275000_E --> x4--> 253055.png
25-11-11 17:41:56.058 : ----PSNR/SSIM for (/root/media/quoc-huy/bsrgan-dataset/BSD100/, x4)---- : 18.6969dB / 0.6724
25-11-11 17:41:56.058 : --54 --> 275000_E --> x4--> 260058.png
25-11-11 17:41:56.253 : ----PSNR/SSIM for (/root/media/quoc-huy/bsrgan-dataset/BSD100/, x4)---- : 19.3533dB / 0.6044
25-11-11 17:41:56.254 : --55 --> 275000_E --> x4--> 271035.png
25-11-11 17:41:56.403 : ----PSNR/SSIM for (/root/media/quoc-huy/bsrgan-dataset/BSD100/, x4)---- : 17.7991dB / 0.3111
25-11-11 17:41:56.403 : --56 --> 275000_E --> x4--> 285079.png
25-11-11 17:41:56.563 : ----PSNR/SSIM for (/root/media/quoc-huy/bsrgan-dataset/BSD100/, x4)---- : 17.1600dB / 0.3222
25-11-11 17:41:56.564 : --57 --> 275000_E --> x4--> 291000.png
25-11-11 17:41:56.706 : ----PSNR/SSIM for (/root/media/quoc-huy/bsrgan-dataset/BSD100/, x4)---- : 16.9953dB / 0.1377
25-11-11 17:41:56.706 : --58 --> 275000_E --> x4--> 295087.png
25-11-11 17:41:56.866 : ----PSNR/SSIM for (/root/media/quoc-huy/bsrgan-dataset/BSD100/, x4)---- : 22.2781dB / 0.5359
25-11-11 17:41:56.866 : --59 --> 275000_E --> x4--> 296007.png
25-11-11 17:41:57.039 : ----PSNR/SSIM for (/root/media/quoc-huy/bsrgan-dataset/BSD100/, x4)---- : 19.6178dB / 0.6313
25-11-11 17:41:57.039 : --60 --> 275000_E --> x4--> 296059.png
25-11-11 17:41:57.212 : ----PSNR/SSIM for (/root/media/quoc-huy/bsrgan-dataset/BSD100/, x4)---- : 22.2771dB / 0.4921
25-11-11 17:41:57.213 : --61 --> 275000_E --> x4--> 299086.png
25-11-11 17:41:57.366 : ----PSNR/SSIM for (/root/media/quoc-huy/bsrgan-dataset/BSD100/, x4)---- : 23.0984dB / 0.6467
25-11-11 17:41:57.366 : --62 --> 275000_E --> x4--> 300091.png
25-11-11 17:41:57.514 : ----PSNR/SSIM for (/root/media/quoc-huy/bsrgan-dataset/BSD100/, x4)---- : 21.3340dB / 0.4549
25-11-11 17:41:57.514 : --63 --> 275000_E --> x4--> 302008.png
25-11-11 17:41:57.678 : ----PSNR/SSIM for (/root/media/quoc-huy/bsrgan-dataset/BSD100/, x4)---- : 18.0037dB / 0.4837
25-11-11 17:41:57.678 : --64 --> 275000_E --> x4--> 304034.png
25-11-11 17:41:57.824 : ----PSNR/SSIM for (/root/media/quoc-huy/bsrgan-dataset/BSD100/, x4)---- : 16.7164dB / 0.1810
25-11-11 17:41:57.824 : --65 --> 275000_E --> x4--> 304074.png
25-11-11 17:41:57.987 : ----PSNR/SSIM for (/root/media/quoc-huy/bsrgan-dataset/BSD100/, x4)---- : 19.9668dB / 0.3147
25-11-11 17:41:57.987 : --66 --> 275000_E --> x4--> 306005.png
25-11-11 17:41:58.143 : ----PSNR/SSIM for (/root/media/quoc-huy/bsrgan-dataset/BSD100/, x4)---- : 22.6327dB / 0.5846
25-11-11 17:41:58.143 : --67 --> 275000_E --> x4--> 3096.png
25-11-11 17:41:58.286 : ----PSNR/SSIM for (/root/media/quoc-huy/bsrgan-dataset/BSD100/, x4)---- : 14.0178dB / 0.8390
25-11-11 17:41:58.287 : --68 --> 275000_E --> x4--> 33039.png
25-11-11 17:41:58.452 : ----PSNR/SSIM for (/root/media/quoc-huy/bsrgan-dataset/BSD100/, x4)---- : 13.6780dB / 0.1058
25-11-11 17:41:58.452 : --69 --> 275000_E --> x4--> 351093.png
25-11-11 17:41:58.611 : ----PSNR/SSIM for (/root/media/quoc-huy/bsrgan-dataset/BSD100/, x4)---- : 16.8438dB / 0.2950
25-11-11 17:41:58.611 : --70 --> 275000_E --> x4--> 361010.png
25-11-11 17:41:58.775 : ----PSNR/SSIM for (/root/media/quoc-huy/bsrgan-dataset/BSD100/, x4)---- : 17.8971dB / 0.4796
25-11-11 17:41:58.776 : --71 --> 275000_E --> x4--> 37073.png
25-11-11 17:41:58.948 : ----PSNR/SSIM for (/root/media/quoc-huy/bsrgan-dataset/BSD100/, x4)---- : 18.7590dB / 0.5700
25-11-11 17:41:58.948 : --72 --> 275000_E --> x4--> 376043.png
25-11-11 17:41:59.107 : ----PSNR/SSIM for (/root/media/quoc-huy/bsrgan-dataset/BSD100/, x4)---- : 19.8044dB / 0.2646
25-11-11 17:41:59.107 : --73 --> 275000_E --> x4--> 38082.png
25-11-11 17:41:59.254 : ----PSNR/SSIM for (/root/media/quoc-huy/bsrgan-dataset/BSD100/, x4)---- : 19.4225dB / 0.3685
25-11-11 17:41:59.254 : --74 --> 275000_E --> x4--> 38092.png
25-11-11 17:41:59.434 : ----PSNR/SSIM for (/root/media/quoc-huy/bsrgan-dataset/BSD100/, x4)---- : 19.9747dB / 0.3697
25-11-11 17:41:59.434 : --75 --> 275000_E --> x4--> 385039.png
25-11-11 17:41:59.610 : ----PSNR/SSIM for (/root/media/quoc-huy/bsrgan-dataset/BSD100/, x4)---- : 17.1956dB / 0.3985
25-11-11 17:41:59.610 : --76 --> 275000_E --> x4--> 41033.png
25-11-11 17:41:59.766 : ----PSNR/SSIM for (/root/media/quoc-huy/bsrgan-dataset/BSD100/, x4)---- : 19.0211dB / 0.4989
25-11-11 17:41:59.767 : --77 --> 275000_E --> x4--> 41069.png
25-11-11 17:41:59.950 : ----PSNR/SSIM for (/root/media/quoc-huy/bsrgan-dataset/BSD100/, x4)---- : 18.9222dB / 0.1982
25-11-11 17:41:59.951 : --78 --> 275000_E --> x4--> 42012.png
25-11-11 17:42:00.095 : ----PSNR/SSIM for (/root/media/quoc-huy/bsrgan-dataset/BSD100/, x4)---- : 20.0172dB / 0.4776
25-11-11 17:42:00.096 : --79 --> 275000_E --> x4--> 42049.png
25-11-11 17:42:00.216 : ----PSNR/SSIM for (/root/media/quoc-huy/bsrgan-dataset/BSD100/, x4)---- : 17.3483dB / 0.7271
25-11-11 17:42:00.217 : --80 --> 275000_E --> x4--> 43074.png
25-11-11 17:42:00.394 : ----PSNR/SSIM for (/root/media/quoc-huy/bsrgan-dataset/BSD100/, x4)---- : 16.7093dB / 0.5678
25-11-11 17:42:00.394 : --81 --> 275000_E --> x4--> 45096.png
25-11-11 17:42:00.537 : ----PSNR/SSIM for (/root/media/quoc-huy/bsrgan-dataset/BSD100/, x4)---- : 23.3103dB / 0.7113
25-11-11 17:42:00.537 : --82 --> 275000_E --> x4--> 54082.png
25-11-11 17:42:00.724 : ----PSNR/SSIM for (/root/media/quoc-huy/bsrgan-dataset/BSD100/, x4)---- : 16.0240dB / 0.2547
25-11-11 17:42:00.724 : --83 --> 275000_E --> x4--> 55073.png
25-11-11 17:42:00.880 : ----PSNR/SSIM for (/root/media/quoc-huy/bsrgan-dataset/BSD100/, x4)---- : 17.1959dB / 0.2100
25-11-11 17:42:00.880 : --84 --> 275000_E --> x4--> 58060.png
25-11-11 17:42:01.026 : ----PSNR/SSIM for (/root/media/quoc-huy/bsrgan-dataset/BSD100/, x4)---- : 14.9729dB / 0.1611
25-11-11 17:42:01.027 : --85 --> 275000_E --> x4--> 62096.png
25-11-11 17:42:01.224 : ----PSNR/SSIM for (/root/media/quoc-huy/bsrgan-dataset/BSD100/, x4)---- : 17.8116dB / 0.4205
25-11-11 17:42:01.225 : --86 --> 275000_E --> x4--> 65033.png
25-11-11 17:42:01.358 : ----PSNR/SSIM for (/root/media/quoc-huy/bsrgan-dataset/BSD100/, x4)---- : 17.6673dB / 0.2384
25-11-11 17:42:01.359 : --87 --> 275000_E --> x4--> 66053.png
25-11-11 17:42:01.541 : ----PSNR/SSIM for (/root/media/quoc-huy/bsrgan-dataset/BSD100/, x4)---- : 19.7954dB / 0.3742
25-11-11 17:42:01.541 : --88 --> 275000_E --> x4--> 69015.png
25-11-11 17:42:01.697 : ----PSNR/SSIM for (/root/media/quoc-huy/bsrgan-dataset/BSD100/, x4)---- : 19.3328dB / 0.4662
25-11-11 17:42:01.697 : --89 --> 275000_E --> x4--> 69020.png
25-11-11 17:42:01.836 : ----PSNR/SSIM for (/root/media/quoc-huy/bsrgan-dataset/BSD100/, x4)---- : 20.7829dB / 0.2760
25-11-11 17:42:01.836 : --90 --> 275000_E --> x4--> 69040.png
25-11-11 17:42:02.035 : ----PSNR/SSIM for (/root/media/quoc-huy/bsrgan-dataset/BSD100/, x4)---- : 15.5560dB / 0.1967
25-11-11 17:42:02.036 : --91 --> 275000_E --> x4--> 76053.png
25-11-11 17:42:02.194 : ----PSNR/SSIM for (/root/media/quoc-huy/bsrgan-dataset/BSD100/, x4)---- : 19.6091dB / 0.2779
25-11-11 17:42:02.194 : --92 --> 275000_E --> x4--> 78004.png
25-11-11 17:42:02.347 : ----PSNR/SSIM for (/root/media/quoc-huy/bsrgan-dataset/BSD100/, x4)---- : 20.7931dB / 0.4648
25-11-11 17:42:02.348 : --93 --> 275000_E --> x4--> 8023.png
25-11-11 17:42:02.524 : ----PSNR/SSIM for (/root/media/quoc-huy/bsrgan-dataset/BSD100/, x4)---- : 21.6991dB / 0.5621
25-11-11 17:42:02.524 : --94 --> 275000_E --> x4--> 85048.png
25-11-11 17:42:02.687 : ----PSNR/SSIM for (/root/media/quoc-huy/bsrgan-dataset/BSD100/, x4)---- : 18.0310dB / 0.3477
25-11-11 17:42:02.687 : --95 --> 275000_E --> x4--> 86000.png
25-11-11 17:42:02.867 : ----PSNR/SSIM for (/root/media/quoc-huy/bsrgan-dataset/BSD100/, x4)---- : 18.6963dB / 0.4737
25-11-11 17:42:02.867 : --96 --> 275000_E --> x4--> 86016.png
25-11-11 17:42:03.040 : ----PSNR/SSIM for (/root/media/quoc-huy/bsrgan-dataset/BSD100/, x4)---- : 18.8143dB / 0.1361
25-11-11 17:42:03.040 : --97 --> 275000_E --> x4--> 86068.png
25-11-11 17:42:03.229 : ----PSNR/SSIM for (/root/media/quoc-huy/bsrgan-dataset/BSD100/, x4)---- : 22.4587dB / 0.3285
25-11-11 17:42:03.230 : --98 --> 275000_E --> x4--> 87046.png
25-11-11 17:42:03.410 : ----PSNR/SSIM for (/root/media/quoc-huy/bsrgan-dataset/BSD100/, x4)---- : 17.3932dB / 0.3660
25-11-11 17:42:03.410 : --99 --> 275000_E --> x4--> 89072.png
25-11-11 17:42:03.576 : ----PSNR/SSIM for (/root/media/quoc-huy/bsrgan-dataset/BSD100/, x4)---- : 19.2541dB / 0.3190
25-11-11 17:42:03.576 : -100 --> 275000_E --> x4--> 97033.png
25-11-11 17:42:03.748 : ----PSNR/SSIM for (/root/media/quoc-huy/bsrgan-dataset/BSD100/, x4)---- : 16.7867dB / 0.3465
25-11-11 17:42:03.748 : ----Average PSNR/SSIM for (/root/media/quoc-huy/bsrgan-dataset/BSD100/, x4)---- : 18.7234dB / 0.4093
25-11-11 17:42:03.748 :  
25-11-11 17:42:53.162 :       Model Name : 275000_E
25-11-11 17:43:08.603 :       Input Path : /root/media/quoc-huy/bsrgan-dataset/Urban100/
25-11-11 17:43:08.603 :      Output Path : /root/quoc-huy/BSRGAN/testsets/experimental-results/Urban100
25-11-11 17:43:08.604 : ---1 --> 275000_E --> x4--> img_001.png
25-11-11 17:43:11.196 : ----PSNR/SSIM for (/root/media/quoc-huy/bsrgan-dataset/Urban100/, x4)---- : 16.2573dB / 0.3680
25-11-11 17:43:11.197 : ---2 --> 275000_E --> x4--> img_002.png
25-11-11 17:43:12.250 : ----PSNR/SSIM for (/root/media/quoc-huy/bsrgan-dataset/Urban100/, x4)---- : 16.8256dB / 0.3682
25-11-11 17:43:12.250 : ---3 --> 275000_E --> x4--> img_003.png
25-11-11 17:43:13.139 : ----PSNR/SSIM for (/root/media/quoc-huy/bsrgan-dataset/Urban100/, x4)---- : 16.4290dB / 0.3704
25-11-11 17:43:13.139 : ---4 --> 275000_E --> x4--> img_004.png
25-11-11 17:43:13.963 : ----PSNR/SSIM for (/root/media/quoc-huy/bsrgan-dataset/Urban100/, x4)---- : 13.4304dB / 0.1785
25-11-11 17:43:13.963 : ---5 --> 275000_E --> x4--> img_005.png
25-11-11 17:43:15.030 : ----PSNR/SSIM for (/root/media/quoc-huy/bsrgan-dataset/Urban100/, x4)---- : 14.3645dB / 0.5042
25-11-11 17:43:15.030 : ---6 --> 275000_E --> x4--> img_006.png
25-11-11 17:43:16.076 : ----PSNR/SSIM for (/root/media/quoc-huy/bsrgan-dataset/Urban100/, x4)---- : 15.7567dB / 0.2058
25-11-11 17:43:16.076 : ---7 --> 275000_E --> x4--> img_007.png
25-11-11 17:43:16.818 : ----PSNR/SSIM for (/root/media/quoc-huy/bsrgan-dataset/Urban100/, x4)---- : 19.8331dB / 0.4991
25-11-11 17:43:16.818 : ---8 --> 275000_E --> x4--> img_008.png
25-11-11 17:43:17.468 : ----PSNR/SSIM for (/root/media/quoc-huy/bsrgan-dataset/Urban100/, x4)---- : 14.2548dB / 0.1476
25-11-11 17:43:17.468 : ---9 --> 275000_E --> x4--> img_009.png
25-11-11 17:43:18.296 : ----PSNR/SSIM for (/root/media/quoc-huy/bsrgan-dataset/Urban100/, x4)---- : 23.0461dB / 0.7530
25-11-11 17:43:18.297 : --10 --> 275000_E --> x4--> img_010.png
25-11-11 17:43:19.306 : ----PSNR/SSIM for (/root/media/quoc-huy/bsrgan-dataset/Urban100/, x4)---- : 17.0177dB / 0.6472
25-11-11 17:43:19.306 : --11 --> 275000_E --> x4--> img_011.png
25-11-11 17:43:19.902 : ----PSNR/SSIM for (/root/media/quoc-huy/bsrgan-dataset/Urban100/, x4)---- : 10.5645dB / 0.2187
25-11-11 17:43:19.902 : --12 --> 275000_E --> x4--> img_012.png
25-11-11 17:43:21.096 : ----PSNR/SSIM for (/root/media/quoc-huy/bsrgan-dataset/Urban100/, x4)---- : 16.6326dB / 0.3591
25-11-11 17:43:21.096 : --13 --> 275000_E --> x4--> img_013.png
25-11-11 17:43:23.129 : ----PSNR/SSIM for (/root/media/quoc-huy/bsrgan-dataset/Urban100/, x4)---- : 17.9040dB / 0.4253
25-11-11 17:43:23.129 : --14 --> 275000_E --> x4--> img_014.png
25-11-11 17:43:24.562 : ----PSNR/SSIM for (/root/media/quoc-huy/bsrgan-dataset/Urban100/, x4)---- : 16.6049dB / 0.3073
25-11-11 17:43:24.563 : --15 --> 275000_E --> x4--> img_015.png
25-11-11 17:43:25.546 : ----PSNR/SSIM for (/root/media/quoc-huy/bsrgan-dataset/Urban100/, x4)---- : 17.3952dB / 0.3674
25-11-11 17:43:25.546 : --16 --> 275000_E --> x4--> img_016.png
25-11-11 17:43:26.970 : ----PSNR/SSIM for (/root/media/quoc-huy/bsrgan-dataset/Urban100/, x4)---- : 18.6285dB / 0.3885
25-11-11 17:43:26.970 : --17 --> 275000_E --> x4--> img_017.png
25-11-11 17:43:27.806 : ----PSNR/SSIM for (/root/media/quoc-huy/bsrgan-dataset/Urban100/, x4)---- : 16.3643dB / 0.4515
25-11-11 17:43:27.806 : --18 --> 275000_E --> x4--> img_018.png
25-11-11 17:43:28.672 : ----PSNR/SSIM for (/root/media/quoc-huy/bsrgan-dataset/Urban100/, x4)---- : 15.6957dB / 0.1475
25-11-11 17:43:28.672 : --19 --> 275000_E --> x4--> img_019.png
25-11-11 17:43:29.495 : ----PSNR/SSIM for (/root/media/quoc-huy/bsrgan-dataset/Urban100/, x4)---- : 14.1345dB / 0.3949
25-11-11 17:43:29.495 : --20 --> 275000_E --> x4--> img_020.png
25-11-11 17:43:31.101 : ----PSNR/SSIM for (/root/media/quoc-huy/bsrgan-dataset/Urban100/, x4)---- : 16.3635dB / 0.3941
25-11-11 17:43:31.101 : --21 --> 275000_E --> x4--> img_021.png
25-11-11 17:43:32.070 : ----PSNR/SSIM for (/root/media/quoc-huy/bsrgan-dataset/Urban100/, x4)---- : 18.9608dB / 0.4973
25-11-11 17:43:32.070 : --22 --> 275000_E --> x4--> img_022.png
25-11-11 17:43:33.039 : ----PSNR/SSIM for (/root/media/quoc-huy/bsrgan-dataset/Urban100/, x4)---- : 15.8671dB / 0.4588
25-11-11 17:43:33.039 : --23 --> 275000_E --> x4--> img_023.png
25-11-11 17:43:35.845 : ----PSNR/SSIM for (/root/media/quoc-huy/bsrgan-dataset/Urban100/, x4)---- : 14.8443dB / 0.1654
25-11-11 17:43:35.845 : --24 --> 275000_E --> x4--> img_024.png
25-11-11 17:43:36.753 : ----PSNR/SSIM for (/root/media/quoc-huy/bsrgan-dataset/Urban100/, x4)---- : 13.9958dB / 0.2204
25-11-11 17:43:36.753 : --25 --> 275000_E --> x4--> img_025.png
25-11-11 17:43:37.913 : ----PSNR/SSIM for (/root/media/quoc-huy/bsrgan-dataset/Urban100/, x4)---- : 17.4742dB / 0.5272
25-11-11 17:43:37.915 : --26 --> 275000_E --> x4--> img_026.png
25-11-11 17:43:38.910 : ----PSNR/SSIM for (/root/media/quoc-huy/bsrgan-dataset/Urban100/, x4)---- : 20.2357dB / 0.4667
25-11-11 17:43:38.911 : --27 --> 275000_E --> x4--> img_027.png
25-11-11 17:43:39.848 : ----PSNR/SSIM for (/root/media/quoc-huy/bsrgan-dataset/Urban100/, x4)---- : 17.5727dB / 0.4178
25-11-11 17:43:39.848 : --28 --> 275000_E --> x4--> img_028.png
25-11-11 17:43:40.677 : ----PSNR/SSIM for (/root/media/quoc-huy/bsrgan-dataset/Urban100/, x4)---- : 17.9324dB / 0.2629
25-11-11 17:43:40.677 : --29 --> 275000_E --> x4--> img_029.png
25-11-11 17:43:41.512 : ----PSNR/SSIM for (/root/media/quoc-huy/bsrgan-dataset/Urban100/, x4)---- : 17.9785dB / 0.5103
25-11-11 17:43:41.512 : --30 --> 275000_E --> x4--> img_030.png
25-11-11 17:43:42.316 : ----PSNR/SSIM for (/root/media/quoc-huy/bsrgan-dataset/Urban100/, x4)---- : 16.0307dB / 0.3098
25-11-11 17:43:42.316 : --31 --> 275000_E --> x4--> img_031.png
25-11-11 17:43:43.075 : ----PSNR/SSIM for (/root/media/quoc-huy/bsrgan-dataset/Urban100/, x4)---- : 17.3018dB / 0.3288
25-11-11 17:43:43.076 : --32 --> 275000_E --> x4--> img_032.png
25-11-11 17:43:43.817 : ----PSNR/SSIM for (/root/media/quoc-huy/bsrgan-dataset/Urban100/, x4)---- : 18.7453dB / 0.5762
25-11-11 17:43:43.817 : --33 --> 275000_E --> x4--> img_033.png
25-11-11 17:43:44.871 : ----PSNR/SSIM for (/root/media/quoc-huy/bsrgan-dataset/Urban100/, x4)---- : 17.9904dB / 0.4887
25-11-11 17:43:44.871 : --34 --> 275000_E --> x4--> img_034.png
25-11-11 17:43:45.944 : ----PSNR/SSIM for (/root/media/quoc-huy/bsrgan-dataset/Urban100/, x4)---- : 14.5846dB / 0.2190
25-11-11 17:43:45.945 : --35 --> 275000_E --> x4--> img_035.png
25-11-11 17:43:47.523 : ----PSNR/SSIM for (/root/media/quoc-huy/bsrgan-dataset/Urban100/, x4)---- : 17.6232dB / 0.5217
25-11-11 17:43:47.523 : --36 --> 275000_E --> x4--> img_036.png
25-11-11 17:43:48.417 : ----PSNR/SSIM for (/root/media/quoc-huy/bsrgan-dataset/Urban100/, x4)---- : 20.1940dB / 0.6148
25-11-11 17:43:48.418 : --37 --> 275000_E --> x4--> img_037.png
25-11-11 17:43:49.439 : ----PSNR/SSIM for (/root/media/quoc-huy/bsrgan-dataset/Urban100/, x4)---- : 15.8851dB / 0.3565
25-11-11 17:43:49.439 : --38 --> 275000_E --> x4--> img_038.png
25-11-11 17:43:50.339 : ----PSNR/SSIM for (/root/media/quoc-huy/bsrgan-dataset/Urban100/, x4)---- : 20.3239dB / 0.3423
25-11-11 17:43:50.340 : --39 --> 275000_E --> x4--> img_039.png
25-11-11 17:43:51.224 : ----PSNR/SSIM for (/root/media/quoc-huy/bsrgan-dataset/Urban100/, x4)---- : 13.8108dB / 0.2731
25-11-11 17:43:51.224 : --40 --> 275000_E --> x4--> img_040.png
25-11-11 17:43:51.839 : ----PSNR/SSIM for (/root/media/quoc-huy/bsrgan-dataset/Urban100/, x4)---- : 9.7420dB / 0.2695
25-11-11 17:43:51.839 : --41 --> 275000_E --> x4--> img_041.png
25-11-11 17:43:52.619 : ----PSNR/SSIM for (/root/media/quoc-huy/bsrgan-dataset/Urban100/, x4)---- : 12.5298dB / 0.2928
25-11-11 17:43:52.620 : --42 --> 275000_E --> x4--> img_042.png
25-11-11 17:43:53.440 : ----PSNR/SSIM for (/root/media/quoc-huy/bsrgan-dataset/Urban100/, x4)---- : 15.5835dB / 0.4337
25-11-11 17:43:53.441 : --43 --> 275000_E --> x4--> img_043.png
25-11-11 17:43:54.261 : ----PSNR/SSIM for (/root/media/quoc-huy/bsrgan-dataset/Urban100/, x4)---- : 11.7918dB / 0.3336
25-11-11 17:43:54.261 : --44 --> 275000_E --> x4--> img_044.png
25-11-11 17:43:55.328 : ----PSNR/SSIM for (/root/media/quoc-huy/bsrgan-dataset/Urban100/, x4)---- : 19.2002dB / 0.3627
25-11-11 17:43:55.328 : --45 --> 275000_E --> x4--> img_045.png
25-11-11 17:43:56.127 : ----PSNR/SSIM for (/root/media/quoc-huy/bsrgan-dataset/Urban100/, x4)---- : 18.1482dB / 0.3973
25-11-11 17:43:56.127 : --46 --> 275000_E --> x4--> img_046.png
25-11-11 17:43:56.956 : ----PSNR/SSIM for (/root/media/quoc-huy/bsrgan-dataset/Urban100/, x4)---- : 17.6159dB / 0.5300
25-11-11 17:43:56.956 : --47 --> 275000_E --> x4--> img_047.png
25-11-11 17:43:57.769 : ----PSNR/SSIM for (/root/media/quoc-huy/bsrgan-dataset/Urban100/, x4)---- : 15.5876dB / 0.2944
25-11-11 17:43:57.770 : --48 --> 275000_E --> x4--> img_048.png
25-11-11 17:43:59.471 : ----PSNR/SSIM for (/root/media/quoc-huy/bsrgan-dataset/Urban100/, x4)---- : 14.6716dB / 0.5113
25-11-11 17:43:59.471 : --49 --> 275000_E --> x4--> img_049.png
25-11-11 17:44:00.524 : ----PSNR/SSIM for (/root/media/quoc-huy/bsrgan-dataset/Urban100/, x4)---- : 12.0415dB / 0.1777
25-11-11 17:44:00.524 : --50 --> 275000_E --> x4--> img_050.png
25-11-11 17:44:01.407 : ----PSNR/SSIM for (/root/media/quoc-huy/bsrgan-dataset/Urban100/, x4)---- : 17.4536dB / 0.3717
25-11-11 17:44:01.408 : --51 --> 275000_E --> x4--> img_051.png
25-11-11 17:44:02.123 : ----PSNR/SSIM for (/root/media/quoc-huy/bsrgan-dataset/Urban100/, x4)---- : 18.5683dB / 0.4841
25-11-11 17:44:02.123 : --52 --> 275000_E --> x4--> img_052.png
25-11-11 17:44:02.956 : ----PSNR/SSIM for (/root/media/quoc-huy/bsrgan-dataset/Urban100/, x4)---- : 13.7489dB / 0.3065
25-11-11 17:44:02.956 : --53 --> 275000_E --> x4--> img_053.png
25-11-11 17:44:03.765 : ----PSNR/SSIM for (/root/media/quoc-huy/bsrgan-dataset/Urban100/, x4)---- : 14.6920dB / 0.2633
25-11-11 17:44:03.765 : --54 --> 275000_E --> x4--> img_054.png
25-11-11 17:44:04.593 : ----PSNR/SSIM for (/root/media/quoc-huy/bsrgan-dataset/Urban100/, x4)---- : 14.5500dB / 0.2947
25-11-11 17:44:04.593 : --55 --> 275000_E --> x4--> img_055.png
25-11-11 17:44:05.483 : ----PSNR/SSIM for (/root/media/quoc-huy/bsrgan-dataset/Urban100/, x4)---- : 19.1656dB / 0.5339
25-11-11 17:44:05.483 : --56 --> 275000_E --> x4--> img_056.png
25-11-11 17:44:06.297 : ----PSNR/SSIM for (/root/media/quoc-huy/bsrgan-dataset/Urban100/, x4)---- : 15.4358dB / 0.2564
25-11-11 17:44:06.298 : --57 --> 275000_E --> x4--> img_057.png
25-11-11 17:44:07.067 : ----PSNR/SSIM for (/root/media/quoc-huy/bsrgan-dataset/Urban100/, x4)---- : 19.6765dB / 0.3971
25-11-11 17:44:07.067 : --58 --> 275000_E --> x4--> img_058.png
25-11-11 17:44:07.797 : ----PSNR/SSIM for (/root/media/quoc-huy/bsrgan-dataset/Urban100/, x4)---- : 18.8760dB / 0.5346
25-11-11 17:44:07.797 : --59 --> 275000_E --> x4--> img_059.png
25-11-11 17:44:08.763 : ----PSNR/SSIM for (/root/media/quoc-huy/bsrgan-dataset/Urban100/, x4)---- : 17.0068dB / 0.5139
25-11-11 17:44:08.764 : --60 --> 275000_E --> x4--> img_060.png
25-11-11 17:44:09.851 : ----PSNR/SSIM for (/root/media/quoc-huy/bsrgan-dataset/Urban100/, x4)---- : 15.6241dB / 0.1987
25-11-11 17:44:09.851 : --61 --> 275000_E --> x4--> img_061.png
25-11-11 17:44:10.735 : ----PSNR/SSIM for (/root/media/quoc-huy/bsrgan-dataset/Urban100/, x4)---- : 16.4480dB / 0.3422
25-11-11 17:44:10.736 : --62 --> 275000_E --> x4--> img_062.png
25-11-11 17:44:11.881 : ----PSNR/SSIM for (/root/media/quoc-huy/bsrgan-dataset/Urban100/, x4)---- : 15.1032dB / 0.3471
25-11-11 17:44:11.882 : --63 --> 275000_E --> x4--> img_063.png
25-11-11 17:44:13.102 : ----PSNR/SSIM for (/root/media/quoc-huy/bsrgan-dataset/Urban100/, x4)---- : 15.8586dB / 0.3362
25-11-11 17:44:13.103 : --64 --> 275000_E --> x4--> img_064.png
25-11-11 17:44:13.866 : ----PSNR/SSIM for (/root/media/quoc-huy/bsrgan-dataset/Urban100/, x4)---- : 17.2701dB / 0.3446
25-11-11 17:44:13.867 : --65 --> 275000_E --> x4--> img_065.png
25-11-11 17:44:14.778 : ----PSNR/SSIM for (/root/media/quoc-huy/bsrgan-dataset/Urban100/, x4)---- : 17.0628dB / 0.2681
25-11-11 17:44:14.778 : --66 --> 275000_E --> x4--> img_066.png
25-11-11 17:44:15.678 : ----PSNR/SSIM for (/root/media/quoc-huy/bsrgan-dataset/Urban100/, x4)---- : 16.1005dB / 0.3062
25-11-11 17:44:15.679 : --67 --> 275000_E --> x4--> img_067.png
25-11-11 17:44:16.441 : ----PSNR/SSIM for (/root/media/quoc-huy/bsrgan-dataset/Urban100/, x4)---- : 12.6959dB / 0.4015
25-11-11 17:44:16.441 : --68 --> 275000_E --> x4--> img_068.png
25-11-11 17:44:17.496 : ----PSNR/SSIM for (/root/media/quoc-huy/bsrgan-dataset/Urban100/, x4)---- : 16.2527dB / 0.1615
25-11-11 17:44:17.496 : --69 --> 275000_E --> x4--> img_069.png
25-11-11 17:44:18.528 : ----PSNR/SSIM for (/root/media/quoc-huy/bsrgan-dataset/Urban100/, x4)---- : 16.9321dB / 0.3778
25-11-11 17:44:18.528 : --70 --> 275000_E --> x4--> img_070.png
25-11-11 17:44:19.353 : ----PSNR/SSIM for (/root/media/quoc-huy/bsrgan-dataset/Urban100/, x4)---- : 16.4257dB / 0.3522
25-11-11 17:44:19.353 : --71 --> 275000_E --> x4--> img_071.png
25-11-11 17:44:20.245 : ----PSNR/SSIM for (/root/media/quoc-huy/bsrgan-dataset/Urban100/, x4)---- : 19.6076dB / 0.2676
25-11-11 17:44:20.246 : --72 --> 275000_E --> x4--> img_072.png
25-11-11 17:44:21.283 : ----PSNR/SSIM for (/root/media/quoc-huy/bsrgan-dataset/Urban100/, x4)---- : 10.5672dB / 0.1916
25-11-11 17:44:21.284 : --73 --> 275000_E --> x4--> img_073.png
25-11-11 17:44:22.164 : ----PSNR/SSIM for (/root/media/quoc-huy/bsrgan-dataset/Urban100/, x4)---- : 14.7273dB / 0.1169
25-11-11 17:44:22.164 : --74 --> 275000_E --> x4--> img_074.png
25-11-11 17:44:22.745 : ----PSNR/SSIM for (/root/media/quoc-huy/bsrgan-dataset/Urban100/, x4)---- : 17.8308dB / 0.3898
25-11-11 17:44:22.745 : --75 --> 275000_E --> x4--> img_075.png
25-11-11 17:44:23.227 : ----PSNR/SSIM for (/root/media/quoc-huy/bsrgan-dataset/Urban100/, x4)---- : 20.1913dB / 0.6501
25-11-11 17:44:23.227 : --76 --> 275000_E --> x4--> img_076.png
25-11-11 17:44:24.668 : ----PSNR/SSIM for (/root/media/quoc-huy/bsrgan-dataset/Urban100/, x4)---- : 16.3886dB / 0.3736
25-11-11 17:44:24.668 : --77 --> 275000_E --> x4--> img_077.png
25-11-11 17:44:25.244 : ----PSNR/SSIM for (/root/media/quoc-huy/bsrgan-dataset/Urban100/, x4)---- : 17.2462dB / 0.3739
25-11-11 17:44:25.245 : --78 --> 275000_E --> x4--> img_078.png
25-11-11 17:44:25.781 : ----PSNR/SSIM for (/root/media/quoc-huy/bsrgan-dataset/Urban100/, x4)---- : 17.1763dB / 0.3942
25-11-11 17:44:25.781 : --79 --> 275000_E --> x4--> img_079.png
25-11-11 17:44:26.363 : ----PSNR/SSIM for (/root/media/quoc-huy/bsrgan-dataset/Urban100/, x4)---- : 18.3502dB / 0.3319
25-11-11 17:44:26.363 : --80 --> 275000_E --> x4--> img_080.png
25-11-11 17:44:26.923 : ----PSNR/SSIM for (/root/media/quoc-huy/bsrgan-dataset/Urban100/, x4)---- : 22.7493dB / 0.7042
25-11-11 17:44:26.923 : --81 --> 275000_E --> x4--> img_081.png
25-11-11 17:44:27.817 : ----PSNR/SSIM for (/root/media/quoc-huy/bsrgan-dataset/Urban100/, x4)---- : 20.8712dB / 0.5671
25-11-11 17:44:27.818 : --82 --> 275000_E --> x4--> img_082.png
25-11-11 17:44:28.840 : ----PSNR/SSIM for (/root/media/quoc-huy/bsrgan-dataset/Urban100/, x4)---- : 17.4401dB / 0.5889
25-11-11 17:44:28.840 : --83 --> 275000_E --> x4--> img_083.png
25-11-11 17:44:29.861 : ----PSNR/SSIM for (/root/media/quoc-huy/bsrgan-dataset/Urban100/, x4)---- : 16.3450dB / 0.3033
25-11-11 17:44:29.861 : --84 --> 275000_E --> x4--> img_084.png
25-11-11 17:44:30.872 : ----PSNR/SSIM for (/root/media/quoc-huy/bsrgan-dataset/Urban100/, x4)---- : 19.3993dB / 0.4051
25-11-11 17:44:30.873 : --85 --> 275000_E --> x4--> img_085.png
25-11-11 17:44:31.556 : ----PSNR/SSIM for (/root/media/quoc-huy/bsrgan-dataset/Urban100/, x4)---- : 17.3517dB / 0.5786
25-11-11 17:44:31.556 : --86 --> 275000_E --> x4--> img_086.png
25-11-11 17:44:32.317 : ----PSNR/SSIM for (/root/media/quoc-huy/bsrgan-dataset/Urban100/, x4)---- : 19.2690dB / 0.6451
25-11-11 17:44:32.317 : --87 --> 275000_E --> x4--> img_087.png
25-11-11 17:44:33.616 : ----PSNR/SSIM for (/root/media/quoc-huy/bsrgan-dataset/Urban100/, x4)---- : 16.8103dB / 0.5223
25-11-11 17:44:33.616 : --88 --> 275000_E --> x4--> img_088.png
25-11-11 17:44:34.480 : ----PSNR/SSIM for (/root/media/quoc-huy/bsrgan-dataset/Urban100/, x4)---- : 14.0681dB / 0.1494
25-11-11 17:44:34.480 : --89 --> 275000_E --> x4--> img_089.png
25-11-11 17:44:35.561 : ----PSNR/SSIM for (/root/media/quoc-huy/bsrgan-dataset/Urban100/, x4)---- : 17.9002dB / 0.3496
25-11-11 17:44:35.562 : --90 --> 275000_E --> x4--> img_090.png
25-11-11 17:44:36.411 : ----PSNR/SSIM for (/root/media/quoc-huy/bsrgan-dataset/Urban100/, x4)---- : 22.7667dB / 0.6868
25-11-11 17:44:36.411 : --91 --> 275000_E --> x4--> img_091.png
25-11-11 17:44:37.280 : ----PSNR/SSIM for (/root/media/quoc-huy/bsrgan-dataset/Urban100/, x4)---- : 15.9071dB / 0.2267
25-11-11 17:44:37.280 : --92 --> 275000_E --> x4--> img_092.png
25-11-11 17:44:38.035 : ----PSNR/SSIM for (/root/media/quoc-huy/bsrgan-dataset/Urban100/, x4)---- : 12.5943dB / 0.1577
25-11-11 17:44:38.035 : --93 --> 275000_E --> x4--> img_093.png
25-11-11 17:44:38.820 : ----PSNR/SSIM for (/root/media/quoc-huy/bsrgan-dataset/Urban100/, x4)---- : 13.2371dB / 0.4235
25-11-11 17:44:38.820 : --94 --> 275000_E --> x4--> img_094.png
25-11-11 17:44:39.625 : ----PSNR/SSIM for (/root/media/quoc-huy/bsrgan-dataset/Urban100/, x4)---- : 18.5064dB / 0.4718
25-11-11 17:44:39.625 : --95 --> 275000_E --> x4--> img_095.png
25-11-11 17:44:40.426 : ----PSNR/SSIM for (/root/media/quoc-huy/bsrgan-dataset/Urban100/, x4)---- : 14.9026dB / 0.1024
25-11-11 17:44:40.426 : --96 --> 275000_E --> x4--> img_096.png
25-11-11 17:44:41.248 : ----PSNR/SSIM for (/root/media/quoc-huy/bsrgan-dataset/Urban100/, x4)---- : 16.6698dB / 0.4696
25-11-11 17:44:41.249 : --97 --> 275000_E --> x4--> img_097.png
25-11-11 17:44:42.016 : ----PSNR/SSIM for (/root/media/quoc-huy/bsrgan-dataset/Urban100/, x4)---- : 17.4144dB / 0.3821
25-11-11 17:44:42.017 : --98 --> 275000_E --> x4--> img_098.png
25-11-11 17:44:42.761 : ----PSNR/SSIM for (/root/media/quoc-huy/bsrgan-dataset/Urban100/, x4)---- : 15.3694dB / 0.1890
25-11-11 17:44:42.761 : --99 --> 275000_E --> x4--> img_099.png
25-11-11 17:44:43.623 : ----PSNR/SSIM for (/root/media/quoc-huy/bsrgan-dataset/Urban100/, x4)---- : 18.0342dB / 0.3706
25-11-11 17:44:43.623 : -100 --> 275000_E --> x4--> img_100.png
25-11-11 17:44:44.722 : ----PSNR/SSIM for (/root/media/quoc-huy/bsrgan-dataset/Urban100/, x4)---- : 14.3576dB / 0.3177
25-11-11 17:44:44.722 : ----Average PSNR/SSIM for (/root/media/quoc-huy/bsrgan-dataset/Urban100/, x4)---- : 16.6076dB / 0.3775
25-11-11 17:44:44.722 :  
25-11-11 17:45:13.137 :       Model Name : 110000_E
25-11-11 17:45:27.939 :       Input Path : /root/media/quoc-huy/bsrgan-dataset/Set5/
25-11-11 17:45:27.940 :      Output Path : /root/quoc-huy/BSRGAN/testsets/experimental-results/Set5
25-11-11 17:45:27.941 : ---1 --> 110000_E --> x4--> baby.png
25-11-11 17:45:29.051 : ----PSNR/SSIM for (/root/media/quoc-huy/bsrgan-dataset/Set5/, x4)---- : 22.6673dB / 0.6497
25-11-11 17:45:29.051 : ---2 --> 110000_E --> x4--> bird.png
25-11-11 17:45:29.167 : ----PSNR/SSIM for (/root/media/quoc-huy/bsrgan-dataset/Set5/, x4)---- : 17.1666dB / 0.4272
25-11-11 17:45:29.169 : ---3 --> 110000_E --> x4--> butterfly.png
25-11-11 17:45:29.290 : ----PSNR/SSIM for (/root/media/quoc-huy/bsrgan-dataset/Set5/, x4)---- : 13.4952dB / 0.2638
25-11-11 17:45:29.291 : ---4 --> 110000_E --> x4--> head.png
25-11-11 17:45:29.369 : ----PSNR/SSIM for (/root/media/quoc-huy/bsrgan-dataset/Set5/, x4)---- : 24.5081dB / 0.5077
25-11-11 17:45:29.369 : ---5 --> 110000_E --> x4--> woman.png
25-11-11 17:45:29.451 : ----PSNR/SSIM for (/root/media/quoc-huy/bsrgan-dataset/Set5/, x4)---- : 16.7996dB / 0.3207
25-11-11 17:45:29.452 : ----Average PSNR/SSIM for (/root/media/quoc-huy/bsrgan-dataset/Set5/, x4)---- : 18.9274dB / 0.4338
25-11-11 17:45:29.452 :  
25-11-11 17:45:56.894 :       Model Name : 110000_E
25-11-11 17:46:15.995 :       Input Path : /root/media/quoc-huy/bsrgan-dataset/Set14/
25-11-11 17:46:15.996 :      Output Path : /root/quoc-huy/BSRGAN/testsets/experimental-results/Set14
25-11-11 17:46:15.997 : ---1 --> 110000_E --> x4--> baboon.png
25-11-11 17:46:17.018 : ----PSNR/SSIM for (/root/media/quoc-huy/bsrgan-dataset/Set14/, x4)---- : 18.0476dB / 0.2208
25-11-11 17:46:17.019 : ---2 --> 110000_E --> x4--> barbara.png
25-11-11 17:46:17.544 : ----PSNR/SSIM for (/root/media/quoc-huy/bsrgan-dataset/Set14/, x4)---- : 19.5071dB / 0.4528
25-11-11 17:46:17.544 : ---3 --> 110000_E --> x4--> bridge.png
25-11-11 17:46:17.853 : ----PSNR/SSIM for (/root/media/quoc-huy/bsrgan-dataset/Set14/, x4)---- : 18.4867dB / 0.2332
25-11-11 17:46:17.853 : ---4 --> 110000_E --> x4--> coastguard.png
25-11-11 17:46:17.979 : ----PSNR/SSIM for (/root/media/quoc-huy/bsrgan-dataset/Set14/, x4)---- : 17.8606dB / 0.2999
25-11-11 17:46:17.980 : ---5 --> 110000_E --> x4--> comic.png
25-11-11 17:46:18.079 : ----PSNR/SSIM for (/root/media/quoc-huy/bsrgan-dataset/Set14/, x4)---- : 16.5829dB / 0.2411
25-11-11 17:46:18.079 : ---6 --> 110000_E --> x4--> face.png
25-11-11 17:46:18.172 : ----PSNR/SSIM for (/root/media/quoc-huy/bsrgan-dataset/Set14/, x4)---- : 23.2909dB / 0.5144
25-11-11 17:46:18.173 : ---7 --> 110000_E --> x4--> flowers.png
25-11-11 17:46:18.394 : ----PSNR/SSIM for (/root/media/quoc-huy/bsrgan-dataset/Set14/, x4)---- : 17.3572dB / 0.2819
25-11-11 17:46:18.394 : ---8 --> 110000_E --> x4--> foreman.png
25-11-11 17:46:18.507 : ----PSNR/SSIM for (/root/media/quoc-huy/bsrgan-dataset/Set14/, x4)---- : 17.5997dB / 0.4433
25-11-11 17:46:18.507 : ---9 --> 110000_E --> x4--> lenna.png
25-11-11 17:46:18.794 : ----PSNR/SSIM for (/root/media/quoc-huy/bsrgan-dataset/Set14/, x4)---- : 24.1849dB / 0.6618
25-11-11 17:46:18.794 : --10 --> 110000_E --> x4--> man.png
25-11-11 17:46:19.079 : ----PSNR/SSIM for (/root/media/quoc-huy/bsrgan-dataset/Set14/, x4)---- : 17.3549dB / 0.3142
25-11-11 17:46:19.079 : --11 --> 110000_E --> x4--> monarch.png
25-11-11 17:46:19.513 : ----PSNR/SSIM for (/root/media/quoc-huy/bsrgan-dataset/Set14/, x4)---- : 18.2936dB / 0.6364
25-11-11 17:46:19.514 : --12 --> 110000_E --> x4--> pepper.png
25-11-11 17:46:19.867 : ----PSNR/SSIM for (/root/media/quoc-huy/bsrgan-dataset/Set14/, x4)---- : 19.0582dB / 0.5922
25-11-11 17:46:19.868 : --13 --> 110000_E --> x4--> ppt3.png
25-11-11 17:46:20.339 : ----PSNR/SSIM for (/root/media/quoc-huy/bsrgan-dataset/Set14/, x4)---- : 13.5299dB / 0.5726
25-11-11 17:46:20.340 : --14 --> 110000_E --> x4--> zebra.png
25-11-11 17:46:20.666 : ----PSNR/SSIM for (/root/media/quoc-huy/bsrgan-dataset/Set14/, x4)---- : 15.0422dB / 0.2747
25-11-11 17:46:20.666 : ----Average PSNR/SSIM for (/root/media/quoc-huy/bsrgan-dataset/Set14/, x4)---- : 18.2997dB / 0.4099
25-11-11 17:46:20.666 :  
25-11-11 17:57:32.240 :       Model Name : BSNet
25-11-11 17:57:45.013 :       Model Name : BSRNet
25-11-11 17:57:59.221 :       Input Path : /root/media/quoc-huy/blur-DAN/Set14/LRbic/
25-11-11 17:57:59.221 :      Output Path : /root/quoc-huy/BSRGAN/testsets/experimental-results/Set14
25-11-11 17:58:25.422 :       Model Name : BSRNet
25-11-11 17:58:40.710 :       Input Path : /root/media/quoc-huy/blur-DAN/Set5/LRbic/
25-11-11 17:58:40.711 :      Output Path : /root/quoc-huy/BSRGAN/testsets/experimental-results/Set5
25-11-11 17:58:40.712 : ---1 --> BSRNet --> x4--> baby.png
25-11-11 18:06:11.911 :       Model Name : BSRNet
25-11-11 18:06:26.988 :       Input Path : /root/media/quoc-huy/blur-DAN/Set5/LRbic/
25-11-11 18:06:26.989 :      Output Path : /root/quoc-huy/BSRGAN/testsets/experimental-results/Set5
25-11-11 18:06:26.989 : ---1 --> BSRNet --> x4--> baby.png
25-11-11 18:06:27.905 : ----PSNR/SSIM for (/root/media/quoc-huy/blur-DAN/Set5/LRbic/, x4)---- : 29.8063dB / 0.8449
25-11-11 18:06:27.905 : ---2 --> BSRNet --> x4--> bird.png
25-11-11 18:06:28.000 : ----PSNR/SSIM for (/root/media/quoc-huy/blur-DAN/Set5/LRbic/, x4)---- : 28.4801dB / 0.8477
25-11-11 18:06:28.001 : ---3 --> BSRNet --> x4--> butterfly.png
25-11-11 18:06:28.085 : ----PSNR/SSIM for (/root/media/quoc-huy/blur-DAN/Set5/LRbic/, x4)---- : 21.5046dB / 0.8195
25-11-11 18:06:28.085 : ---4 --> BSRNet --> x4--> head.png
25-11-11 18:06:28.188 : ----PSNR/SSIM for (/root/media/quoc-huy/blur-DAN/Set5/LRbic/, x4)---- : 29.1734dB / 0.6345
25-11-11 18:06:28.188 : ---5 --> BSRNet --> x4--> woman.png
25-11-11 18:06:28.288 : ----PSNR/SSIM for (/root/media/quoc-huy/blur-DAN/Set5/LRbic/, x4)---- : 25.5709dB / 0.8504
25-11-11 18:06:28.289 : ----Average PSNR/SSIM for (/root/media/quoc-huy/blur-DAN/Set5/LRbic/, x4)---- : 26.9071dB / 0.7994
25-11-11 18:06:28.289 :  
25-11-11 18:06:49.127 :       Model Name : BSRNet_regiondependent
25-11-11 18:07:04.135 :       Input Path : /root/media/quoc-huy/blur-DAN/Set5/LRbic/
25-11-11 18:07:04.136 :      Output Path : /root/quoc-huy/BSRGAN/testsets/experimental-results/Set5
25-11-11 18:07:04.136 : ---1 --> BSRNet_regiondependent --> x4--> baby.png
25-11-11 18:07:05.049 : ----PSNR/SSIM for (/root/media/quoc-huy/blur-DAN/Set5/LRbic/, x4)---- : 28.3460dB / 0.8330
25-11-11 18:07:05.049 : ---2 --> BSRNet_regiondependent --> x4--> bird.png
25-11-11 18:07:05.129 : ----PSNR/SSIM for (/root/media/quoc-huy/blur-DAN/Set5/LRbic/, x4)---- : 26.4857dB / 0.8439
25-11-11 18:07:05.129 : ---3 --> BSRNet_regiondependent --> x4--> butterfly.png
25-11-11 18:07:05.229 : ----PSNR/SSIM for (/root/media/quoc-huy/blur-DAN/Set5/LRbic/, x4)---- : 20.4727dB / 0.8079
25-11-11 18:07:05.229 : ---4 --> BSRNet_regiondependent --> x4--> head.png
25-11-11 18:07:05.329 : ----PSNR/SSIM for (/root/media/quoc-huy/blur-DAN/Set5/LRbic/, x4)---- : 28.4805dB / 0.7017
25-11-11 18:07:05.329 : ---5 --> BSRNet_regiondependent --> x4--> woman.png
25-11-11 18:07:05.393 : ----PSNR/SSIM for (/root/media/quoc-huy/blur-DAN/Set5/LRbic/, x4)---- : 24.8841dB / 0.8464
25-11-11 18:07:05.394 : ----Average PSNR/SSIM for (/root/media/quoc-huy/blur-DAN/Set5/LRbic/, x4)---- : 25.7338dB / 0.8066
25-11-11 18:07:05.394 :  
25-11-11 18:11:43.150 :       Model Name : BSRNet_regiondependent
25-11-11 18:11:59.804 :       Input Path : /root/media/quoc-huy/blur-DAN/Set14/LRbic/
25-11-11 18:11:59.806 :      Output Path : /root/quoc-huy/BSRGAN/testsets/experimental-results/Set14
25-11-11 18:11:59.806 : ---1 --> BSRNet_regiondependent --> x4--> baboon.png
25-11-11 18:12:00.726 : ----PSNR/SSIM for (/root/media/quoc-huy/blur-DAN/Set14/LRbic/, x4)---- : 19.7477dB / 0.4201
25-11-11 18:12:00.727 : ---2 --> BSRNet_regiondependent --> x4--> barbara.png
25-11-11 18:12:01.211 : ----PSNR/SSIM for (/root/media/quoc-huy/blur-DAN/Set14/LRbic/, x4)---- : 20.9330dB / 0.6743
25-11-11 18:12:01.212 : ---3 --> BSRNet_regiondependent --> x4--> bridge.png
25-11-11 18:12:01.534 : ----PSNR/SSIM for (/root/media/quoc-huy/blur-DAN/Set14/LRbic/, x4)---- : 21.2197dB / 0.5337
25-11-11 18:12:01.534 : ---4 --> BSRNet_regiondependent --> x4--> coastguard.png
25-11-11 18:12:01.639 : ----PSNR/SSIM for (/root/media/quoc-huy/blur-DAN/Set14/LRbic/, x4)---- : 22.4664dB / 0.4938
25-11-11 18:12:01.640 : ---5 --> BSRNet_regiondependent --> x4--> comic.png
25-11-11 18:12:01.782 : ----PSNR/SSIM for (/root/media/quoc-huy/blur-DAN/Set14/LRbic/, x4)---- : 19.0656dB / 0.5992
25-11-11 18:12:01.782 : ---6 --> BSRNet_regiondependent --> x4--> face.png
25-11-11 18:12:01.863 : ----PSNR/SSIM for (/root/media/quoc-huy/blur-DAN/Set14/LRbic/, x4)---- : 28.5918dB / 0.7017
25-11-11 18:12:01.863 : ---7 --> BSRNet_regiondependent --> x4--> flowers.png
25-11-11 18:12:02.061 : ----PSNR/SSIM for (/root/media/quoc-huy/blur-DAN/Set14/LRbic/, x4)---- : 22.8343dB / 0.7046
25-11-11 18:12:02.061 : ---8 --> BSRNet_regiondependent --> x4--> foreman.png
25-11-11 18:12:02.189 : ----PSNR/SSIM for (/root/media/quoc-huy/blur-DAN/Set14/LRbic/, x4)---- : 23.4573dB / 0.8670
25-11-11 18:12:02.190 : ---9 --> BSRNet_regiondependent --> x4--> lenna.png
25-11-11 18:12:02.508 : ----PSNR/SSIM for (/root/media/quoc-huy/blur-DAN/Set14/LRbic/, x4)---- : 26.9789dB / 0.7984
25-11-11 18:12:02.508 : --10 --> BSRNet_regiondependent --> x4--> man.png
25-11-11 18:12:02.767 : ----PSNR/SSIM for (/root/media/quoc-huy/blur-DAN/Set14/LRbic/, x4)---- : 19.4944dB / 0.5957
25-11-11 18:12:02.768 : --11 --> BSRNet_regiondependent --> x4--> monarch.png
25-11-11 18:12:03.150 : ----PSNR/SSIM for (/root/media/quoc-huy/blur-DAN/Set14/LRbic/, x4)---- : 23.4372dB / 0.8752
25-11-11 18:12:03.150 : --12 --> BSRNet_regiondependent --> x4--> pepper.png
25-11-11 18:12:03.420 : ----PSNR/SSIM for (/root/media/quoc-huy/blur-DAN/Set14/LRbic/, x4)---- : 19.3290dB / 0.7877
25-11-11 18:12:03.420 : --13 --> BSRNet_regiondependent --> x4--> ppt3.png
25-11-11 18:12:03.824 : ----PSNR/SSIM for (/root/media/quoc-huy/blur-DAN/Set14/LRbic/, x4)---- : 20.0657dB / 0.8546
25-11-11 18:12:03.824 : --14 --> BSRNet_regiondependent --> x4--> zebra.png
25-11-11 18:12:04.073 : ----PSNR/SSIM for (/root/media/quoc-huy/blur-DAN/Set14/LRbic/, x4)---- : 22.3702dB / 0.6513
25-11-11 18:12:04.073 : ----Average PSNR/SSIM for (/root/media/quoc-huy/blur-DAN/Set14/LRbic/, x4)---- : 22.1422dB / 0.6827
25-11-11 18:12:04.073 :  
25-11-11 18:12:14.993 :       Model Name : BSRNet
25-11-11 18:12:30.220 :       Input Path : /root/media/quoc-huy/blur-DAN/Set14/LRbic/
25-11-11 18:12:30.220 :      Output Path : /root/quoc-huy/BSRGAN/testsets/experimental-results/Set14
25-11-11 18:12:30.220 : ---1 --> BSRNet --> x4--> baboon.png
25-11-11 18:12:31.072 : ----PSNR/SSIM for (/root/media/quoc-huy/blur-DAN/Set14/LRbic/, x4)---- : 19.9062dB / 0.4199
25-11-11 18:12:31.073 : ---2 --> BSRNet --> x4--> barbara.png
25-11-11 18:12:31.532 : ----PSNR/SSIM for (/root/media/quoc-huy/blur-DAN/Set14/LRbic/, x4)---- : 21.7210dB / 0.6849
25-11-11 18:12:31.532 : ---3 --> BSRNet --> x4--> bridge.png
25-11-11 18:12:31.781 : ----PSNR/SSIM for (/root/media/quoc-huy/blur-DAN/Set14/LRbic/, x4)---- : 22.1568dB / 0.5385
25-11-11 18:12:31.781 : ---4 --> BSRNet --> x4--> coastguard.png
25-11-11 18:12:31.881 : ----PSNR/SSIM for (/root/media/quoc-huy/blur-DAN/Set14/LRbic/, x4)---- : 22.6685dB / 0.5013
25-11-11 18:12:31.881 : ---5 --> BSRNet --> x4--> comic.png
25-11-11 18:12:31.988 : ----PSNR/SSIM for (/root/media/quoc-huy/blur-DAN/Set14/LRbic/, x4)---- : 19.5729dB / 0.5761
25-11-11 18:12:31.988 : ---6 --> BSRNet --> x4--> face.png
25-11-11 18:12:32.078 : ----PSNR/SSIM for (/root/media/quoc-huy/blur-DAN/Set14/LRbic/, x4)---- : 29.2142dB / 0.6355
25-11-11 18:12:32.079 : ---7 --> BSRNet --> x4--> flowers.png
25-11-11 18:12:32.265 : ----PSNR/SSIM for (/root/media/quoc-huy/blur-DAN/Set14/LRbic/, x4)---- : 23.6055dB / 0.6951
25-11-11 18:12:32.265 : ---8 --> BSRNet --> x4--> foreman.png
25-11-11 18:12:32.359 : ----PSNR/SSIM for (/root/media/quoc-huy/blur-DAN/Set14/LRbic/, x4)---- : 25.3874dB / 0.8692
25-11-11 18:12:32.359 : ---9 --> BSRNet --> x4--> lenna.png
25-11-11 18:12:32.612 : ----PSNR/SSIM for (/root/media/quoc-huy/blur-DAN/Set14/LRbic/, x4)---- : 28.6709dB / 0.8032
25-11-11 18:12:32.612 : --10 --> BSRNet --> x4--> man.png
25-11-11 18:12:32.871 : ----PSNR/SSIM for (/root/media/quoc-huy/blur-DAN/Set14/LRbic/, x4)---- : 23.9348dB / 0.6303
25-11-11 18:12:32.871 : --11 --> BSRNet --> x4--> monarch.png
25-11-11 18:12:33.334 : ----PSNR/SSIM for (/root/media/quoc-huy/blur-DAN/Set14/LRbic/, x4)---- : 26.1594dB / 0.8856
25-11-11 18:12:33.334 : --12 --> BSRNet --> x4--> pepper.png
25-11-11 18:12:33.686 : ----PSNR/SSIM for (/root/media/quoc-huy/blur-DAN/Set14/LRbic/, x4)---- : 27.1755dB / 0.8185
25-11-11 18:12:33.687 : --13 --> BSRNet --> x4--> ppt3.png
25-11-11 18:12:34.084 : ----PSNR/SSIM for (/root/media/quoc-huy/blur-DAN/Set14/LRbic/, x4)---- : 19.9115dB / 0.8497
25-11-11 18:12:34.084 : --14 --> BSRNet --> x4--> zebra.png
25-11-11 18:12:34.388 : ----PSNR/SSIM for (/root/media/quoc-huy/blur-DAN/Set14/LRbic/, x4)---- : 23.0482dB / 0.6443
25-11-11 18:12:34.388 : ----Average PSNR/SSIM for (/root/media/quoc-huy/blur-DAN/Set14/LRbic/, x4)---- : 23.7952dB / 0.6823
25-11-11 18:12:34.388 :  
25-11-12 05:02:39.070 :       Model Name : 165000_E
25-11-12 05:02:44.015 :       Input Path : /root/media/quoc-huy/blur-DAN/Set14/LRbic/
25-11-12 05:02:44.015 :      Output Path : /root/quoc-huy/BSRGAN/testsets/experimental-results/Set14
25-11-12 05:02:44.015 : ---1 --> 165000_E --> x4--> baboon.png
25-11-12 05:02:44.465 : ----PSNR/SSIM for (/root/media/quoc-huy/blur-DAN/Set14/LRbic/, x4)---- : 19.3785dB / 0.4139
25-11-12 05:02:44.465 : ---2 --> 165000_E --> x4--> barbara.png
25-11-12 05:02:44.699 : ----PSNR/SSIM for (/root/media/quoc-huy/blur-DAN/Set14/LRbic/, x4)---- : 21.1848dB / 0.6735
25-11-12 05:02:44.700 : ---3 --> 165000_E --> x4--> bridge.png
25-11-12 05:02:44.943 : ----PSNR/SSIM for (/root/media/quoc-huy/blur-DAN/Set14/LRbic/, x4)---- : 21.3132dB / 0.5391
25-11-12 05:02:44.944 : ---4 --> 165000_E --> x4--> coastguard.png
25-11-12 05:02:45.010 : ----PSNR/SSIM for (/root/media/quoc-huy/blur-DAN/Set14/LRbic/, x4)---- : 22.3225dB / 0.4926
25-11-12 05:02:45.010 : ---5 --> 165000_E --> x4--> comic.png
25-11-12 05:02:45.078 : ----PSNR/SSIM for (/root/media/quoc-huy/blur-DAN/Set14/LRbic/, x4)---- : 19.1317dB / 0.5959
25-11-12 05:02:45.078 : ---6 --> 165000_E --> x4--> face.png
25-11-12 05:02:45.132 : ----PSNR/SSIM for (/root/media/quoc-huy/blur-DAN/Set14/LRbic/, x4)---- : 27.2284dB / 0.6872
25-11-12 05:02:45.132 : ---7 --> 165000_E --> x4--> flowers.png
25-11-12 05:02:45.257 : ----PSNR/SSIM for (/root/media/quoc-huy/blur-DAN/Set14/LRbic/, x4)---- : 21.9917dB / 0.6873
25-11-12 05:02:45.257 : ---8 --> 165000_E --> x4--> foreman.png
25-11-12 05:02:45.325 : ----PSNR/SSIM for (/root/media/quoc-huy/blur-DAN/Set14/LRbic/, x4)---- : 23.4195dB / 0.8630
25-11-12 05:02:45.325 : ---9 --> 165000_E --> x4--> lenna.png
25-11-12 05:02:45.513 : ----PSNR/SSIM for (/root/media/quoc-huy/blur-DAN/Set14/LRbic/, x4)---- : 27.7439dB / 0.7987
25-11-12 05:02:45.514 : --10 --> 165000_E --> x4--> man.png
25-11-12 05:02:45.708 : ----PSNR/SSIM for (/root/media/quoc-huy/blur-DAN/Set14/LRbic/, x4)---- : 18.4704dB / 0.5825
25-11-12 05:02:45.708 : --11 --> 165000_E --> x4--> monarch.png
25-11-12 05:02:46.031 : ----PSNR/SSIM for (/root/media/quoc-huy/blur-DAN/Set14/LRbic/, x4)---- : 23.5337dB / 0.8737
25-11-12 05:02:46.031 : --12 --> 165000_E --> x4--> pepper.png
25-11-12 05:02:46.284 : ----PSNR/SSIM for (/root/media/quoc-huy/blur-DAN/Set14/LRbic/, x4)---- : 19.6212dB / 0.7896
25-11-12 05:02:46.284 : --13 --> 165000_E --> x4--> ppt3.png
25-11-12 05:02:46.524 : ----PSNR/SSIM for (/root/media/quoc-huy/blur-DAN/Set14/LRbic/, x4)---- : 20.0313dB / 0.8480
25-11-12 05:02:46.524 : --14 --> 165000_E --> x4--> zebra.png
25-11-12 05:02:46.725 : ----PSNR/SSIM for (/root/media/quoc-huy/blur-DAN/Set14/LRbic/, x4)---- : 21.7444dB / 0.6508
25-11-12 05:02:46.725 : ----Average PSNR/SSIM for (/root/media/quoc-huy/blur-DAN/Set14/LRbic/, x4)---- : 21.9368dB / 0.6783
25-11-12 05:02:46.725 :  
25-11-12 05:05:44.512 :       Model Name : 165000_E
25-11-12 05:05:54.124 :       Model Name : 255000_E
25-11-12 05:06:00.898 :       Input Path : /root/media/quoc-huy/blur-DAN/Set14/LRbic/
25-11-12 05:06:00.898 :      Output Path : /root/quoc-huy/BSRGAN/testsets/experimental-results/Set14
25-11-12 05:06:00.898 : ---1 --> 255000_E --> x4--> baboon.png
25-11-12 05:06:01.552 : ----PSNR/SSIM for (/root/media/quoc-huy/blur-DAN/Set14/LRbic/, x4)---- : 19.7177dB / 0.4220
25-11-12 05:06:01.553 : ---2 --> 255000_E --> x4--> barbara.png
25-11-12 05:06:01.860 : ----PSNR/SSIM for (/root/media/quoc-huy/blur-DAN/Set14/LRbic/, x4)---- : 20.8192dB / 0.6737
25-11-12 05:06:01.861 : ---3 --> 255000_E --> x4--> bridge.png
25-11-12 05:06:02.119 : ----PSNR/SSIM for (/root/media/quoc-huy/blur-DAN/Set14/LRbic/, x4)---- : 21.3198dB / 0.5343
25-11-12 05:06:02.120 : ---4 --> 255000_E --> x4--> coastguard.png
25-11-12 05:06:02.198 : ----PSNR/SSIM for (/root/media/quoc-huy/blur-DAN/Set14/LRbic/, x4)---- : 22.4636dB / 0.4953
25-11-12 05:06:02.198 : ---5 --> 255000_E --> x4--> comic.png
25-11-12 05:06:02.255 : ----PSNR/SSIM for (/root/media/quoc-huy/blur-DAN/Set14/LRbic/, x4)---- : 19.1853dB / 0.6001
25-11-12 05:06:02.255 : ---6 --> 255000_E --> x4--> face.png
25-11-12 05:06:02.299 : ----PSNR/SSIM for (/root/media/quoc-huy/blur-DAN/Set14/LRbic/, x4)---- : 28.3809dB / 0.7009
25-11-12 05:06:02.299 : ---7 --> 255000_E --> x4--> flowers.png
25-11-12 05:06:02.489 : ----PSNR/SSIM for (/root/media/quoc-huy/blur-DAN/Set14/LRbic/, x4)---- : 22.9453dB / 0.7048
25-11-12 05:06:02.490 : ---8 --> 255000_E --> x4--> foreman.png
25-11-12 05:06:02.559 : ----PSNR/SSIM for (/root/media/quoc-huy/blur-DAN/Set14/LRbic/, x4)---- : 23.5837dB / 0.8675
25-11-12 05:06:02.559 : ---9 --> 255000_E --> x4--> lenna.png
25-11-12 05:06:02.702 : ----PSNR/SSIM for (/root/media/quoc-huy/blur-DAN/Set14/LRbic/, x4)---- : 26.7007dB / 0.7988
25-11-12 05:06:02.702 : --10 --> 255000_E --> x4--> man.png
25-11-12 05:06:02.957 : ----PSNR/SSIM for (/root/media/quoc-huy/blur-DAN/Set14/LRbic/, x4)---- : 19.4695dB / 0.5928
25-11-12 05:06:02.957 : --11 --> 255000_E --> x4--> monarch.png
25-11-12 05:06:03.171 : ----PSNR/SSIM for (/root/media/quoc-huy/blur-DAN/Set14/LRbic/, x4)---- : 23.1286dB / 0.8733
25-11-12 05:06:03.171 : --12 --> 255000_E --> x4--> pepper.png
25-11-12 05:06:03.395 : ----PSNR/SSIM for (/root/media/quoc-huy/blur-DAN/Set14/LRbic/, x4)---- : 19.8589dB / 0.7908
25-11-12 05:06:03.395 : --13 --> 255000_E --> x4--> ppt3.png
25-11-12 05:06:03.574 : ----PSNR/SSIM for (/root/media/quoc-huy/blur-DAN/Set14/LRbic/, x4)---- : 20.1674dB / 0.8540
25-11-12 05:06:03.574 : --14 --> 255000_E --> x4--> zebra.png
25-11-12 05:06:03.786 : ----PSNR/SSIM for (/root/media/quoc-huy/blur-DAN/Set14/LRbic/, x4)---- : 22.2089dB / 0.6477
25-11-12 05:06:03.787 : ----Average PSNR/SSIM for (/root/media/quoc-huy/blur-DAN/Set14/LRbic/, x4)---- : 22.1392dB / 0.6826
25-11-12 05:06:03.787 :  
